line,component,kind,value,uncertainty,ref_line,ref_component,group,note
127I2 P(35) 7-3,,frequency,15911.060675,0.000985,,,kitt_peak_1993,depth 0.42; 1 window
127I2 P(37) 7-3,,frequency,15909.611295,0.001010,,,kitt_peak_1993,depth 0.43; 1 window
127I2 P(39) 7-3,,frequency,15908.088937,0.001012,,,kitt_peak_1993,depth 0.44; 1 window
127I2 P(41) 7-3,,frequency,15906.493775,0.000950,,,kitt_peak_1993,depth 0.45; 1 window
127I2 P(43) 7-3,,frequency,15904.824665,0.000709,,,kitt_peak_1993,depth 0.46; 2 windows
127I2 P(49) 7-3,,frequency,15899.374636,0.000928,,,kitt_peak_1993,depth 0.48; 1 window
127I2 P(51) 7-3,,frequency,15897.411455,0.000929,,,kitt_peak_1993,depth 0.47; 1 window
127I2 P(53) 7-3,,frequency,15895.373549,0.000629,,,kitt_peak_1993,depth 0.47; 2 windows
127I2 P(54) 7-3,,frequency,15894.328677,0.000971,,,kitt_peak_1993,depth 0.37; 1 window
127I2 P(55) 7-3,,frequency,15893.262406,0.000679,,,kitt_peak_1993,depth 0.48; 2 windows
127I2 P(57) 7-3,,frequency,15891.080532,0.000604,,,kitt_peak_1993,depth 0.48; 2 windows
127I2 P(59) 7-3,,frequency,15888.823985,0.000919,,,kitt_peak_1993,depth 0.47; 1 window
127I2 P(61) 7-3,,frequency,15886.490475,0.000833,,,kitt_peak_1993,depth 0.48; 1 window
127I2 P(62) 7-3,,frequency,15885.297652,0.001004,,,kitt_peak_1993,depth 0.36; 1 window
127I2 P(63) 7-3,,frequency,15884.086076,0.000781,,,kitt_peak_1993,depth 0.47; 1 window
127I2 P(66) 7-3,,frequency,15880.341240,0.000999,,,kitt_peak_1993,depth 0.36; 1 window
127I2 P(69) 7-3,,frequency,15876.428856,0.000938,,,kitt_peak_1993,depth 0.45; 1 window
127I2 R(37) 7-3,,frequency,15913.779410,0.000985,,,kitt_peak_1993,depth 0.44; 1 window
127I2 R(41) 7-3,,frequency,15911.105128,0.000924,,,kitt_peak_1993,depth 0.45; 1 window
127I2 R(43) 7-3,,frequency,15909.657417,0.000671,,,kitt_peak_1993,depth 0.46; 2 windows
127I2 R(47) 7-3,,frequency,15906.542501,0.000963,,,kitt_peak_1993,depth 0.47; 1 window
127I2 R(49) 7-3,,frequency,15904.874680,0.001018,,,kitt_peak_1993,depth 0.48; 1 window
127I2 R(55) 7-3,,frequency,15899.429146,0.000914,,,kitt_peak_1993,depth 0.49; 1 window
127I2 R(57) 7-3,,frequency,15897.465494,0.000875,,,kitt_peak_1993,depth 0.48; 1 window
127I2 R(59) 7-3,,frequency,15895.425821,0.000929,,,kitt_peak_1993,depth 0.47; 1 window
127I2 R(60) 7-3,,frequency,15894.381295,0.001021,,,kitt_peak_1993,depth 0.37; 1 window
127I2 R(61) 7-3,,frequency,15893.317009,0.000926,,,kitt_peak_1993,depth 0.47; 1 window
127I2 R(63) 7-3,,frequency,15891.134120,0.000648,,,kitt_peak_1993,depth 0.47; 2 windows
127I2 R(65) 7-3,,frequency,15888.877962,0.000823,,,kitt_peak_1993,depth 0.46; 1 window
127I2 R(67) 7-3,,frequency,15886.545083,0.000846,,,kitt_peak_1993,depth 0.47; 1 window
127I2 R(69) 7-3,,frequency,15884.140601,0.000908,,,kitt_peak_1993,depth 0.45; 1 window
127I2 R(71) 7-3,,frequency,15881.661027,0.000880,,,kitt_peak_1993,depth 0.45; 1 window
127I2 R(73) 7-3,,frequency,15879.107534,0.000969,,,kitt_peak_1993,depth 0.44; 1 window
127I2 R(75) 7-3,,frequency,15876.478572,0.000868,,,kitt_peak_1993,depth 0.43; 1 window
127I2 P(59) 8-2,,frequency,16211.664703,0.000888,,,kitt_peak_1993,depth 0.56; 1 window
127I2 P(69) 8-2,,frequency,16198.903298,0.000928,,,kitt_peak_1993,depth 0.54; 1 window
127I2 P(71) 8-2,,frequency,16196.119528,0.000938,,,kitt_peak_1993,depth 0.53; 1 window
127I2 P(75) 8-2,,frequency,16190.330735,0.000884,,,kitt_peak_1993,depth 0.52; 1 window
127I2 P(81) 8-2,,frequency,16181.074957,0.000664,,,kitt_peak_1993,depth 0.48; 2 windows
127I2 P(83) 8-2,,frequency,16177.835527,0.000832,,,kitt_peak_1993,depth 0.47; 1 window
127I2 P(87) 8-2,,frequency,16171.129353,0.000755,,,kitt_peak_1993,depth 0.45; 1 window
127I2 P(89) 8-2,,frequency,16167.662395,0.000879,,,kitt_peak_1993,depth 0.44; 1 window
127I2 P(91) 8-2,,frequency,16164.116768,0.000674,,,kitt_peak_1993,depth 0.43; 2 windows
127I2 P(93) 8-2,,frequency,16160.495618,0.000929,,,kitt_peak_1993,depth 0.42; 1 window
127I2 R(65) 8-2,,frequency,16211.460990,0.001005,,,kitt_peak_1993,depth 0.55; 1 window
127I2 R(67) 8-2,,frequency,16209.051908,0.001020,,,kitt_peak_1993,depth 0.54; 1 window
127I2 R(71) 8-2,,frequency,16204.004644,0.000970,,,kitt_peak_1993,depth 0.53; 1 window
127I2 R(75) 8-2,,frequency,16198.652237,0.000985,,,kitt_peak_1993,depth 0.51; 1 window
127I2 R(81) 8-2,,frequency,16190.053690,0.000918,,,kitt_peak_1993,depth 0.49; 1 window
127I2 R(89) 8-2,,frequency,16177.513903,0.001004,,,kitt_peak_1993,depth 0.44; 1 window
127I2 R(91) 8-2,,frequency,16174.188400,0.001010,,,kitt_peak_1993,depth 0.42; 1 window
127I2 R(93) 8-2,,frequency,16170.784630,0.000853,,,kitt_peak_1993,depth 0.41; 1 window
127I2 R(95) 8-2,,frequency,16167.304669,0.000913,,,kitt_peak_1993,depth 0.40; 1 window
127I2 P(100) 8-3,,frequency,15937.553260,0.000938,,,kitt_peak_1993,depth 0.32; 1 window
127I2 P(25) 8-3,,frequency,16030.102048,0.001011,,,kitt_peak_1993,depth 0.47; 1 window
127I2 P(45) 8-3,,frequency,16015.747253,0.001011,,,kitt_peak_1993,depth 0.59; 1 window
127I2 P(49) 8-3,,frequency,16011.977337,0.000859,,,kitt_peak_1993,depth 0.60; 1 window
127I2 P(50) 8-3,,frequency,16010.988051,0.000699,,,kitt_peak_1993,depth 0.49; 2 windows
127I2 P(53) 8-3,,frequency,16007.906300,0.000867,,,kitt_peak_1993,depth 0.61; 1 window
127I2 P(59) 8-3,,frequency,16001.237432,0.000618,,,kitt_peak_1993,depth 0.61; 2 windows
127I2 P(60) 8-3,,frequency,16000.061190,0.000894,,,kitt_peak_1993,depth 0.49; 1 window
127I2 P(61) 8-3,,frequency,15998.866595,0.000569,,,kitt_peak_1993,depth 0.61; 2 windows
127I2 P(63) 8-3,,frequency,15996.418539,0.000527,,,kitt_peak_1993,depth 0.61; 2 windows
127I2 P(64) 8-3,,frequency,15995.168467,0.000967,,,kitt_peak_1993,depth 0.49; 1 window
127I2 P(65) 8-3,,frequency,15993.897949,0.000547,,,kitt_peak_1993,depth 0.61; 2 windows
127I2 P(66) 8-3,,frequency,15992.607412,0.000864,,,kitt_peak_1993,depth 0.48; 1 window
127I2 P(67) 8-3,,frequency,15991.300214,0.000548,,,kitt_peak_1993,depth 0.60; 2 windows
127I2 P(68) 8-3,,frequency,15989.973054,0.000868,,,kitt_peak_1993,depth 0.48; 1 window
127I2 P(70) 8-3,,frequency,15987.263936,0.000808,,,kitt_peak_1993,depth 0.47; 1 window
127I2 P(72) 8-3,,frequency,15984.476453,0.000593,,,kitt_peak_1993,depth 0.47; 2 windows
127I2 P(73) 8-3,,frequency,15983.056004,0.000677,,,kitt_peak_1993,depth 0.57; 1 window
127I2 P(74) 8-3,,frequency,15981.615755,0.000631,,,kitt_peak_1993,depth 0.46; 2 windows
127I2 P(75) 8-3,,frequency,15980.156973,0.000723,,,kitt_peak_1993,depth 0.57; 1 window
127I2 P(77) 8-3,,frequency,15977.182657,0.000498,,,kitt_peak_1993,depth 0.56; 2 windows
127I2 P(79) 8-3,,frequency,15974.132105,0.000731,,,kitt_peak_1993,depth 0.55; 1 window
127I2 P(80) 8-3,,frequency,15972.580079,0.000622,,,kitt_peak_1993,depth 0.43; 2 windows
127I2 P(81) 8-3,,frequency,15971.007802,0.000617,,,kitt_peak_1993,depth 0.54; 1 window
127I2 P(82) 8-3,,frequency,15969.417658,0.000801,,,kitt_peak_1993,depth 0.42; 1 window
127I2 P(84) 8-3,,frequency,15966.179696,0.000813,,,kitt_peak_1993,depth 0.41; 1 window
127I2 P(85) 8-3,,frequency,15964.531720,0.000674,,,kitt_peak_1993,depth 0.52; 1 window
127I2 P(86) 8-3,,frequency,15962.866231,0.000567,,,kitt_peak_1993,depth 0.40; 2 windows
127I2 P(87) 8-3,,frequency,15961.181982,0.000651,,,kitt_peak_1993,depth 0.51; 1 window
127I2 P(88) 8-3,,frequency,15959.477010,0.000737,,,kitt_peak_1993,depth 0.39; 1 window
127I2 P(89) 8-3,,frequency,15957.754640,0.000460,,,kitt_peak_1993,depth 0.50; 2 windows
127I2 P(90) 8-3,,frequency,15956.012934,0.000788,,,kitt_peak_1993,depth 0.38; 1 window
127I2 P(91) 8-3,,frequency,15954.253141,0.000598,,,kitt_peak_1993,depth 0.48; 1 window
127I2 P(93) 8-3,,frequency,15950.674182,0.000442,,,kitt_peak_1993,depth 0.47; 2 windows
127I2 P(94) 8-3,,frequency,15948.855956,0.000776,,,kitt_peak_1993,depth 0.36; 1 window
127I2 P(95) 8-3,,frequency,15947.019341,0.000636,,,kitt_peak_1993,depth 0.46; 1 window
127I2 P(96) 8-3,,frequency,15945.165003,0.000723,,,kitt_peak_1993,depth 0.35; 1 window
127I2 P(97) 8-3,,frequency,15943.290405,0.000495,,,kitt_peak_1993,depth 0.44; 2 windows
127I2 P(98) 8-3,,frequency,15941.394660,0.000920,,,kitt_peak_1993,depth 0.34; 1 window
127I2 P(99) 8-3,,frequency,15939.486828,0.000824,,,kitt_peak_1993,depth 0.43; 1 window
127I2 R(101) 8-3,,frequency,15946.762274,0.000753,,,kitt_peak_1993,depth 0.41; 1 window
127I2 R(102) 8-3,,frequency,15944.902226,0.000791,,,kitt_peak_1993,depth 0.31; 1 window
127I2 R(103) 8-3,,frequency,15943.021945,0.000680,,,kitt_peak_1993,depth 0.40; 1 window
127I2 R(33) 8-3,,frequency,16028.960122,0.000844,,,kitt_peak_1993,depth 0.55; 1 window
127I2 R(35) 8-3,,frequency,16027.780807,0.000673,,,kitt_peak_1993,depth 0.56; 2 windows
127I2 R(43) 8-3,,frequency,16022.321266,0.000978,,,kitt_peak_1993,depth 0.60; 1 window
127I2 R(49) 8-3,,frequency,16017.441743,0.000883,,,kitt_peak_1993,depth 0.61; 1 window
127I2 R(54) 8-3,,frequency,16012.856853,0.000979,,,kitt_peak_1993,depth 0.49; 1 window
127I2 R(55) 8-3,,frequency,16011.885301,0.000850,,,kitt_peak_1993,depth 0.61; 1 window
127I2 R(56) 8-3,,frequency,16010.892269,0.001021,,,kitt_peak_1993,depth 0.49; 1 window
127I2 R(57) 8-3,,frequency,16009.882485,0.000824,,,kitt_peak_1993,depth 0.61; 1 window
127I2 R(58) 8-3,,frequency,16008.852911,0.000957,,,kitt_peak_1993,depth 0.49; 1 window
127I2 R(59) 8-3,,frequency,16007.804826,0.000823,,,kitt_peak_1993,depth 0.62; 1 window
127I2 R(61) 8-3,,frequency,16005.652080,0.000663,,,kitt_peak_1993,depth 0.61; 2 windows
127I2 R(63) 8-3,,frequency,16003.424360,0.000574,,,kitt_peak_1993,depth 0.60; 2 windows
127I2 R(64) 8-3,,frequency,16002.282811,0.001004,,,kitt_peak_1993,depth 0.48; 1 window
127I2 R(65) 8-3,,frequency,16001.121315,0.000652,,,kitt_peak_1993,depth 0.60; 2 windows
127I2 R(66) 8-3,,frequency,15999.941446,0.000946,,,kitt_peak_1993,depth 0.48; 1 window
127I2 R(67) 8-3,,frequency,15998.743777,0.000545,,,kitt_peak_1993,depth 0.60; 2 windows
127I2 R(69) 8-3,,frequency,15996.289644,0.000545,,,kitt_peak_1993,depth 0.60; 2 windows
127I2 R(70) 8-3,,frequency,15995.034565,0.000957,,,kitt_peak_1993,depth 0.47; 1 window
127I2 R(71) 8-3,,frequency,15993.761871,0.000563,,,kitt_peak_1993,depth 0.59; 2 windows
127I2 R(72) 8-3,,frequency,15992.468272,0.000886,,,kitt_peak_1993,depth 0.46; 1 window
127I2 R(73) 8-3,,frequency,15991.156749,0.000758,,,kitt_peak_1993,depth 0.58; 1 window
127I2 R(74) 8-3,,frequency,15989.826656,0.000901,,,kitt_peak_1993,depth 0.46; 1 window
127I2 R(75) 8-3,,frequency,15988.476477,0.000654,,,kitt_peak_1993,depth 0.57; 1 window
127I2 R(76) 8-3,,frequency,15987.109901,0.000904,,,kitt_peak_1993,depth 0.45; 1 window
127I2 R(77) 8-3,,frequency,15985.722714,0.000712,,,kitt_peak_1993,depth 0.57; 1 window
127I2 R(78) 8-3,,frequency,15984.316232,0.000624,,,kitt_peak_1993,depth 0.44; 2 windows
127I2 R(79) 8-3,,frequency,15982.892314,0.000727,,,kitt_peak_1993,depth 0.55; 1 window
127I2 R(81) 8-3,,frequency,15979.985864,0.000671,,,kitt_peak_1993,depth 0.55; 1 window
127I2 R(82) 8-3,,frequency,15978.505239,0.000970,,,kitt_peak_1993,depth 0.42; 1 window
127I2 R(84) 8-3,,frequency,15975.486286,0.000959,,,kitt_peak_1993,depth 0.41; 1 window
127I2 R(86) 8-3,,frequency,15972.391135,0.000622,,,kitt_peak_1993,depth 0.40; 2 windows
127I2 R(87) 8-3,,frequency,15970.813540,0.000888,,,kitt_peak_1993,depth 0.51; 1 window
127I2 R(89) 8-3,,frequency,15967.607327,0.000550,,,kitt_peak_1993,depth 0.49; 2 windows
127I2 R(91) 8-3,,frequency,15964.321926,0.000698,,,kitt_peak_1993,depth 0.48; 1 window
127I2 R(92) 8-3,,frequency,15962.651341,0.000622,,,kitt_peak_1993,depth 0.37; 2 windows
127I2 R(93) 8-3,,frequency,15960.961985,0.000661,,,kitt_peak_1993,depth 0.47; 1 window
127I2 R(94) 8-3,,frequency,15959.253318,0.000814,,,kitt_peak_1993,depth 0.36; 1 window
127I2 R(95) 8-3,,frequency,15957.524373,0.000686,,,kitt_peak_1993,depth 0.45; 1 window
127I2 R(98) 8-3,,frequency,15952.229151,0.000855,,,kitt_peak_1993,depth 0.33; 1 window
127I2 R(99) 8-3,,frequency,15950.426200,0.000487,,,kitt_peak_1993,depth 0.42; 2 windows
127I2 P(41) 9-2,,frequency,16340.893945,0.001020,,,kitt_peak_1993,depth 0.70; 1 window
127I2 P(49) 9-2,,frequency,16333.444285,0.000971,,,kitt_peak_1993,depth 0.63; 1 window
127I2 P(51) 9-2,,frequency,16331.389252,0.000916,,,kitt_peak_1993,depth 0.63; 1 window
127I2 P(53) 9-2,,frequency,16329.256325,0.000864,,,kitt_peak_1993,depth 0.66; 1 window
127I2 P(63) 9-2,,frequency,16317.433507,0.000819,,,kitt_peak_1993,depth 0.65; 1 window
127I2 P(65) 9-2,,frequency,16314.835301,0.000769,,,kitt_peak_1993,depth 0.70; 1 window
127I2 P(70) 9-2,,frequency,16308.004016,0.000856,,,kitt_peak_1993,depth 0.64; 1 window
127I2 P(71) 9-2,,frequency,16306.580376,0.000670,,,kitt_peak_1993,depth 0.76; 1 window
127I2 P(72) 9-2,,frequency,16305.135997,0.000908,,,kitt_peak_1993,depth 0.69; 1 window
127I2 P(73) 9-2,,frequency,16303.670990,0.000544,,,kitt_peak_1993,depth 0.80; 2 windows
127I2 P(74) 9-2,,frequency,16302.189554,0.000995,,,kitt_peak_1993,depth 0.55; 1 window
127I2 P(75) 9-2,,frequency,16300.687534,0.000774,,,kitt_peak_1993,depth 0.68; 1 window
127I2 P(77) 9-2,,frequency,16297.624889,0.001019,,,kitt_peak_1993,depth 0.67; 1 window
127I2 P(78) 9-2,,frequency,16296.065194,0.001018,,,kitt_peak_1993,depth 0.54; 1 window
127I2 P(79) 9-2,,frequency,16294.484643,0.000784,,,kitt_peak_1993,depth 0.65; 1 window
127I2 P(80) 9-2,,frequency,16292.884063,0.000892,,,kitt_peak_1993,depth 0.52; 1 window
127I2 P(81) 9-2,,frequency,16291.266924,0.000496,,,kitt_peak_1993,depth 0.64; 2 windows
127I2 P(82) 9-2,,frequency,16289.625435,0.000956,,,kitt_peak_1993,depth 0.51; 1 window
127I2 P(83) 9-2,,frequency,16287.971050,0.000682,,,kitt_peak_1993,depth 0.64; 1 window
127I2 P(84) 9-2,,frequency,16286.292381,0.000923,,,kitt_peak_1993,depth 0.51; 1 window
127I2 P(85) 9-2,,frequency,16284.595730,0.000524,,,kitt_peak_1993,depth 0.62; 2 windows
127I2 P(86) 9-2,,frequency,16282.880107,0.000862,,,kitt_peak_1993,depth 0.50; 1 window
127I2 P(88) 9-2,,frequency,16279.388629,0.000584,,,kitt_peak_1993,depth 0.48; 2 windows
127I2 P(90) 9-2,,frequency,16275.817970,0.000813,,,kitt_peak_1993,depth 0.47; 1 window
127I2 P(91) 9-2,,frequency,16274.007341,0.000731,,,kitt_peak_1993,depth 0.58; 1 window
127I2 P(93) 9-2,,frequency,16270.319077,0.000562,,,kitt_peak_1993,depth 0.57; 2 windows
127I2 P(95) 9-2,,frequency,16266.555697,0.000739,,,kitt_peak_1993,depth 0.55; 1 window
127I2 P(96) 9-2,,frequency,16264.644433,0.000865,,,kitt_peak_1993,depth 0.43; 1 window
127I2 P(97) 9-2,,frequency,16262.712749,0.000606,,,kitt_peak_1993,depth 0.54; 2 windows
127I2 P(98) 9-2,,frequency,16260.763839,0.000911,,,kitt_peak_1993,depth 0.41; 1 window
127I2 R(101) 9-2,,frequency,16265.881086,0.000776,,,kitt_peak_1993,depth 0.50; 1 window
127I2 R(102) 9-2,,frequency,16263.960424,0.000927,,,kitt_peak_1993,depth 0.38; 1 window
127I2 R(103) 9-2,,frequency,16262.017947,0.001003,,,kitt_peak_1993,depth 0.48; 1 window
127I2 R(55) 9-2,,frequency,16333.134754,0.000968,,,kitt_peak_1993,depth 0.64; 1 window
127I2 R(57) 9-2,,frequency,16331.064257,0.000887,,,kitt_peak_1993,depth 0.64; 1 window
127I2 R(61) 9-2,,frequency,16326.694839,0.000845,,,kitt_peak_1993,depth 0.71; 1 window
127I2 R(63) 9-2,,frequency,16324.393549,0.000929,,,kitt_peak_1993,depth 0.66; 1 window
127I2 R(65) 9-2,,frequency,16322.014860,0.000939,,,kitt_peak_1993,depth 0.73; 1 window
127I2 R(68) 9-2,,frequency,16318.300079,0.000992,,,kitt_peak_1993,depth 0.52; 1 window
127I2 R(69) 9-2,,frequency,16317.024916,0.000923,,,kitt_peak_1993,depth 0.64; 1 window
127I2 R(70) 9-2,,frequency,16315.730335,0.000991,,,kitt_peak_1993,depth 0.57; 1 window
127I2 R(71) 9-2,,frequency,16314.411657,0.000868,,,kitt_peak_1993,depth 0.69; 1 window
127I2 R(73) 9-2,,frequency,16311.722815,0.000867,,,kitt_peak_1993,depth 0.74; 1 window
127I2 R(75) 9-2,,frequency,16308.954184,0.000871,,,kitt_peak_1993,depth 0.68; 1 window
127I2 R(79) 9-2,,frequency,16303.186962,0.000613,,,kitt_peak_1993,depth 0.77; 2 windows
127I2 R(80) 9-2,,frequency,16301.696970,0.000968,,,kitt_peak_1993,depth 0.52; 1 window
127I2 R(81) 9-2,,frequency,16300.186984,0.000933,,,kitt_peak_1993,depth 0.65; 1 window
127I2 R(82) 9-2,,frequency,16298.656151,0.000967,,,kitt_peak_1993,depth 0.52; 1 window
127I2 R(83) 9-2,,frequency,16297.108659,0.000824,,,kitt_peak_1993,depth 0.63; 1 window
127I2 R(85) 9-2,,frequency,16293.952424,0.000695,,,kitt_peak_1993,depth 0.62; 2 windows
127I2 R(87) 9-2,,frequency,16290.715785,0.000636,,,kitt_peak_1993,depth 0.60; 1 window
127I2 R(89) 9-2,,frequency,16287.402283,0.000768,,,kitt_peak_1993,depth 0.59; 1 window
127I2 R(91) 9-2,,frequency,16284.011311,0.000577,,,kitt_peak_1993,depth 0.58; 2 windows
127I2 R(92) 9-2,,frequency,16282.286090,0.000688,,,kitt_peak_1993,depth 0.46; 2 windows
127I2 R(93) 9-2,,frequency,16280.542930,0.000807,,,kitt_peak_1993,depth 0.56; 1 window
127I2 R(95) 9-2,,frequency,16276.994227,0.000545,,,kitt_peak_1993,depth 0.55; 2 windows
127I2 R(96) 9-2,,frequency,16275.192964,0.000926,,,kitt_peak_1993,depth 0.42; 1 window
127I2 R(97) 9-2,,frequency,16273.368717,0.000782,,,kitt_peak_1993,depth 0.53; 1 window
127I2 R(98) 9-2,,frequency,16271.526209,0.000994,,,kitt_peak_1993,depth 0.41; 1 window
127I2 R(99) 9-2,,frequency,16269.663858,0.000555,,,kitt_peak_1993,depth 0.52; 2 windows
127I2 P(101) 9-3,,frequency,16045.153976,0.000956,,,kitt_peak_1993,depth 0.50; 1 window
127I2 P(103) 9-3,,frequency,16041.123136,0.000809,,,kitt_peak_1993,depth 0.49; 1 window
127I2 P(27) 9-3,,frequency,16140.210446,0.000709,,,kitt_peak_1993,depth 0.60; 2 windows
127I2 P(31) 9-3,,frequency,16137.748546,0.000974,,,kitt_peak_1993,depth 0.64; 1 window
127I2 P(33) 9-3,,frequency,16136.401078,0.000867,,,kitt_peak_1993,depth 0.65; 1 window
127I2 P(37) 9-3,,frequency,16133.481512,0.000659,,,kitt_peak_1993,depth 0.66; 2 windows
127I2 P(43) 9-3,,frequency,16128.528834,0.000662,,,kitt_peak_1993,depth 0.69; 2 windows
127I2 P(45) 9-3,,frequency,16126.726977,0.000857,,,kitt_peak_1993,depth 0.70; 1 window
127I2 P(46) 9-3,,frequency,16125.797816,0.000956,,,kitt_peak_1993,depth 0.57; 1 window
127I2 P(47) 9-3,,frequency,16124.848343,0.000801,,,kitt_peak_1993,depth 0.70; 1 window
127I2 P(49) 9-3,,frequency,16122.892312,0.000836,,,kitt_peak_1993,depth 0.71; 1 window
127I2 P(54) 9-3,,frequency,16117.668835,0.001019,,,kitt_peak_1993,depth 0.65; 1 window
127I2 P(55) 9-3,,frequency,16116.566473,0.000730,,,kitt_peak_1993,depth 0.78; 2 windows
127I2 P(57) 9-3,,frequency,16114.306016,0.000559,,,kitt_peak_1993,depth 0.78; 2 windows
127I2 P(58) 9-3,,frequency,16113.147834,0.001010,,,kitt_peak_1993,depth 0.58; 1 window
127I2 P(59) 9-3,,frequency,16111.967957,0.000638,,,kitt_peak_1993,depth 0.70; 2 windows
127I2 P(61) 9-3,,frequency,16109.555275,0.000563,,,kitt_peak_1993,depth 0.70; 2 windows
127I2 P(62) 9-3,,frequency,16108.320174,0.001013,,,kitt_peak_1993,depth 0.58; 1 window
127I2 P(63) 9-3,,frequency,16107.063922,0.000538,,,kitt_peak_1993,depth 0.70; 2 windows
127I2 P(65) 9-3,,frequency,16104.496197,0.000584,,,kitt_peak_1993,depth 0.69; 2 windows
127I2 P(66) 9-3,,frequency,16103.184617,0.000900,,,kitt_peak_1993,depth 0.56; 1 window
127I2 P(67) 9-3,,frequency,16101.853144,0.000548,,,kitt_peak_1993,depth 0.74; 2 windows
127I2 P(68) 9-3,,frequency,16100.502351,0.000861,,,kitt_peak_1993,depth 0.61; 1 window
127I2 P(69) 9-3,,frequency,16099.132055,0.000675,,,kitt_peak_1993,depth 0.68; 1 window
127I2 P(70) 9-3,,frequency,16097.743558,0.000810,,,kitt_peak_1993,depth 0.55; 1 window
127I2 P(72) 9-3,,frequency,16094.909143,0.000626,,,kitt_peak_1993,depth 0.55; 2 windows
127I2 P(74) 9-3,,frequency,16091.999241,0.000847,,,kitt_peak_1993,depth 0.54; 1 window
127I2 P(75) 9-3,,frequency,16090.512060,0.000532,,,kitt_peak_1993,depth 0.66; 1 window
127I2 P(77) 9-3,,frequency,16087.484547,0.000451,,,kitt_peak_1993,depth 0.65; 2 windows
127I2 P(79) 9-3,,frequency,16084.380319,0.000603,,,kitt_peak_1993,depth 0.64; 1 window
127I2 P(80) 9-3,,frequency,16082.799101,0.000551,,,kitt_peak_1993,depth 0.52; 2 windows
127I2 P(81) 9-3,,frequency,16081.199843,0.000577,,,kitt_peak_1993,depth 0.63; 1 window
127I2 P(82) 9-3,,frequency,16079.580662,0.000728,,,kitt_peak_1993,depth 0.51; 1 window
127I2 P(83) 9-3,,frequency,16077.942177,0.000440,,,kitt_peak_1993,depth 0.63; 2 windows
127I2 P(84) 9-3,,frequency,16076.284369,0.000808,,,kitt_peak_1993,depth 0.50; 1 window
127I2 P(85) 9-3,,frequency,16074.608300,0.000580,,,kitt_peak_1993,depth 0.62; 1 window
127I2 P(86) 9-3,,frequency,16072.909028,0.000544,,,kitt_peak_1993,depth 0.49; 2 windows
127I2 P(88) 9-3,,frequency,16069.460720,0.000695,,,kitt_peak_1993,depth 0.47; 1 window
127I2 P(89) 9-3,,frequency,16067.706806,0.000633,,,kitt_peak_1993,depth 0.58; 1 window
127I2 P(91) 9-3,,frequency,16064.141692,0.000669,,,kitt_peak_1993,depth 0.57; 1 window
127I2 P(92) 9-3,,frequency,16062.329634,0.000692,,,kitt_peak_1993,depth 0.45; 1 window
127I2 P(93) 9-3,,frequency,16060.498160,0.000572,,,kitt_peak_1993,depth 0.57; 1 window
127I2 P(95) 9-3,,frequency,16056.778393,0.000483,,,kitt_peak_1993,depth 0.55; 2 windows
127I2 P(96) 9-3,,frequency,16054.888711,0.000710,,,kitt_peak_1993,depth 0.42; 1 window
127I2 P(98) 9-3,,frequency,16051.052827,0.000723,,,kitt_peak_1993,depth 0.41; 1 window
127I2 P(99) 9-3,,frequency,16049.105693,0.000446,,,kitt_peak_1993,depth 0.52; 2 windows
127I2 R(100) 9-3,,frequency,16058.117388,0.000845,,,kitt_peak_1993,depth 0.40; 1 window
127I2 R(101) 9-3,,frequency,16056.240037,0.000529,,,kitt_peak_1993,depth 0.50; 2 windows
127I2 R(102) 9-3,,frequency,16054.346395,0.000937,,,kitt_peak_1993,depth 0.38; 1 window
127I2 R(104) 9-3,,frequency,16050.489552,0.000799,,,kitt_peak_1993,depth 0.37; 1 window
127I2 R(105) 9-3,,frequency,16048.534630,0.000896,,,kitt_peak_1993,depth 0.46; 1 window
127I2 R(107) 9-3,,frequency,16044.565804,0.000701,,,kitt_peak_1993,depth 0.45; 2 windows
127I2 R(31) 9-3,,frequency,16141.208045,0.001007,,,kitt_peak_1993,depth 0.64; 1 window
127I2 R(33) 9-3,,frequency,16140.080063,0.000622,,,kitt_peak_1993,depth 0.66; 2 windows
127I2 R(35) 9-3,,frequency,16138.876888,0.000863,,,kitt_peak_1993,depth 0.67; 1 window
127I2 R(39) 9-3,,frequency,16136.242795,0.000755,,,kitt_peak_1993,depth 0.69; 1 window
127I2 R(45) 9-3,,frequency,16131.718930,0.000930,,,kitt_peak_1993,depth 0.70; 1 window
127I2 R(47) 9-3,,frequency,16130.059113,0.000768,,,kitt_peak_1993,depth 0.71; 1 window
127I2 R(49) 9-3,,frequency,16128.322486,0.000678,,,kitt_peak_1993,depth 0.71; 2 windows
127I2 R(51) 9-3,,frequency,16126.509254,0.000832,,,kitt_peak_1993,depth 0.71; 1 window
127I2 R(52) 9-3,,frequency,16125.572524,0.000991,,,kitt_peak_1993,depth 0.59; 1 window
127I2 R(53) 9-3,,frequency,16124.619344,0.000744,,,kitt_peak_1993,depth 0.71; 1 window
127I2 R(54) 9-3,,frequency,16123.645682,0.000925,,,kitt_peak_1993,depth 0.59; 1 window
127I2 R(57) 9-3,,frequency,16120.611305,0.000797,,,kitt_peak_1993,depth 0.77; 1 window
127I2 R(59) 9-3,,frequency,16118.491820,0.000643,,,kitt_peak_1993,depth 0.77; 2 windows
127I2 R(62) 9-3,,frequency,16115.169815,0.000992,,,kitt_peak_1993,depth 0.66; 1 window
127I2 R(63) 9-3,,frequency,16114.023240,0.000621,,,kitt_peak_1993,depth 0.77; 2 windows
127I2 R(67) 9-3,,frequency,16109.249203,0.000598,,,kitt_peak_1993,depth 0.69; 2 windows
127I2 R(69) 9-3,,frequency,16106.745860,0.000563,,,kitt_peak_1993,depth 0.68; 2 windows
127I2 R(70) 9-3,,frequency,16105.467090,0.000906,,,kitt_peak_1993,depth 0.55; 1 window
127I2 R(72) 9-3,,frequency,16102.850156,0.000911,,,kitt_peak_1993,depth 0.55; 1 window
127I2 R(75) 9-3,,frequency,16098.779250,0.000702,,,kitt_peak_1993,depth 0.65; 1 window
127I2 R(76) 9-3,,frequency,16097.384448,0.000615,,,kitt_peak_1993,depth 0.54; 2 windows
127I2 R(79) 9-3,,frequency,16093.083135,0.000673,,,kitt_peak_1993,depth 0.64; 1 window
127I2 R(81) 9-3,,frequency,16090.119274,0.000484,,,kitt_peak_1993,depth 0.63; 2 windows
127I2 R(83) 9-3,,frequency,16087.079556,0.000749,,,kitt_peak_1993,depth 0.62; 1 window
127I2 R(84) 9-3,,frequency,16085.530426,0.000599,,,kitt_peak_1993,depth 0.49; 2 windows
127I2 R(86) 9-3,,frequency,16082.374451,0.000758,,,kitt_peak_1993,depth 0.48; 1 window
127I2 R(87) 9-3,,frequency,16080.767189,0.000599,,,kitt_peak_1993,depth 0.61; 2 windows
127I2 R(89) 9-3,,frequency,16077.495330,0.000721,,,kitt_peak_1993,depth 0.59; 1 window
127I2 R(90) 9-3,,frequency,16075.829771,0.000604,,,kitt_peak_1993,depth 0.47; 2 windows
127I2 R(91) 9-3,,frequency,16074.145578,0.000572,,,kitt_peak_1993,depth 0.58; 1 window
127I2 R(93) 9-3,,frequency,16070.719561,0.000491,,,kitt_peak_1993,depth 0.56; 2 windows
127I2 R(94) 9-3,,frequency,16068.978413,0.000737,,,kitt_peak_1993,depth 0.43; 1 window
127I2 R(95) 9-3,,frequency,16067.216331,0.000674,,,kitt_peak_1993,depth 0.54; 1 window
127I2 R(97) 9-3,,frequency,16063.633899,0.000474,,,kitt_peak_1993,depth 0.53; 2 windows
127I2 R(98) 9-3,,frequency,16061.815209,0.000912,,,kitt_peak_1993,depth 0.41; 1 window
127I2 R(99) 9-3,,frequency,16059.976026,0.000646,,,kitt_peak_1993,depth 0.52; 1 window
127I2 P(37) 9-4,,frequency,15924.052350,0.001006,,,kitt_peak_1993,depth 0.46; 1 window
127I2 P(45) 9-4,,frequency,15917.376077,0.000686,,,kitt_peak_1993,depth 0.55; 2 windows
127I2 P(47) 9-4,,frequency,15915.517145,0.000945,,,kitt_peak_1993,depth 0.48; 1 window
127I2 P(49) 9-4,,frequency,15913.585442,0.000816,,,kitt_peak_1993,depth 0.48; 1 window
127I2 P(51) 9-4,,frequency,15911.575837,0.000778,,,kitt_peak_1993,depth 0.48; 1 window
127I2 P(52) 9-4,,frequency,15910.542719,0.001007,,,kitt_peak_1993,depth 0.38; 1 window
127I2 P(53) 9-4,,frequency,15909.491279,0.000852,,,kitt_peak_1993,depth 0.49; 1 window
127I2 P(57) 9-4,,frequency,15905.097176,0.000586,,,kitt_peak_1993,depth 0.50; 2 windows
127I2 P(63) 9-4,,frequency,15897.940304,0.000582,,,kitt_peak_1993,depth 0.49; 2 windows
127I2 P(65) 9-4,,frequency,15895.404602,0.001006,,,kitt_peak_1993,depth 0.48; 1 window
127I2 P(66) 9-4,,frequency,15894.106576,0.000839,,,kitt_peak_1993,depth 0.37; 1 window
127I2 P(67) 9-4,,frequency,15892.791654,0.000622,,,kitt_peak_1993,depth 0.48; 2 windows
127I2 P(69) 9-4,,frequency,15890.102765,0.000721,,,kitt_peak_1993,depth 0.47; 1 window
127I2 P(70) 9-4,,frequency,15888.728921,0.000682,,,kitt_peak_1993,depth 0.37; 2 windows
127I2 P(71) 9-4,,frequency,15887.338317,0.000777,,,kitt_peak_1993,depth 0.47; 1 window
127I2 P(74) 9-4,,frequency,15883.050523,0.001018,,,kitt_peak_1993,depth 0.36; 1 window
127I2 P(76) 9-4,,frequency,15880.096672,0.000988,,,kitt_peak_1993,depth 0.35; 1 window
127I2 P(77) 9-4,,frequency,15878.591183,0.000643,,,kitt_peak_1993,depth 0.45; 2 windows
127I2 R(19) 9-4,,frequency,15936.816245,0.000989,,,kitt_peak_1993,depth 0.33; 1 window
127I2 R(27) 9-4,,frequency,15933.726751,0.000955,,,kitt_peak_1993,depth 0.41; 1 window
127I2 R(33) 9-4,,frequency,15930.617033,0.001000,,,kitt_peak_1993,depth 0.45; 1 window
127I2 R(37) 9-4,,frequency,15928.168497,0.000944,,,kitt_peak_1993,depth 0.47; 1 window
127I2 R(41) 9-4,,frequency,15925.419098,0.000782,,,kitt_peak_1993,depth 0.48; 1 window
127I2 R(47) 9-4,,frequency,15920.727757,0.000953,,,kitt_peak_1993,depth 0.48; 1 window
127I2 R(55) 9-4,,frequency,15913.418571,0.000781,,,kitt_peak_1993,depth 0.49; 1 window
127I2 R(57) 9-4,,frequency,15911.402745,0.000861,,,kitt_peak_1993,depth 0.49; 1 window
127I2 R(59) 9-4,,frequency,15909.311757,0.000829,,,kitt_peak_1993,depth 0.49; 1 window
127I2 R(61) 9-4,,frequency,15907.143437,0.000798,,,kitt_peak_1993,depth 0.49; 1 window
127I2 R(63) 9-4,,frequency,15904.901965,0.000953,,,kitt_peak_1993,depth 0.49; 1 window
127I2 R(65) 9-4,,frequency,15902.581069,0.000633,,,kitt_peak_1993,depth 0.49; 2 windows
127I2 R(67) 9-4,,frequency,15900.187061,0.000621,,,kitt_peak_1993,depth 0.49; 2 windows
127I2 R(72) 9-4,,frequency,15893.869715,0.000901,,,kitt_peak_1993,depth 0.36; 1 window
127I2 R(78) 9-4,,frequency,15885.661707,0.000949,,,kitt_peak_1993,depth 0.34; 1 window
127I2 R(81) 9-4,,frequency,15881.300669,0.001009,,,kitt_peak_1993,depth 0.44; 1 window
127I2 R(83) 9-4,,frequency,15878.299185,0.000831,,,kitt_peak_1993,depth 0.43; 1 window
127I2 P(95) 10-1,,frequency,16585.607322,0.000819,,,kitt_peak_1993,depth 0.59; 1 window
127I2 R(101) 10-1,,frequency,16584.509596,0.000924,,,kitt_peak_1993,depth 0.53; 1 window
127I2 P(29) 10-2,,frequency,16459.239146,0.001003,,,kitt_peak_1993,depth 0.84; 1 window
127I2 P(39) 10-2,,frequency,16451.930295,0.000884,,,kitt_peak_1993,depth 0.83; 1 window
127I2 P(49) 10-2,,frequency,16442.656936,0.000612,,,kitt_peak_1993,depth 0.88; 2 windows
127I2 P(53) 10-2,,frequency,16438.396350,0.000803,,,kitt_peak_1993,depth 0.81; 1 window
127I2 P(59) 10-2,,frequency,16431.415364,0.000747,,,kitt_peak_1993,depth 0.88; 1 window
127I2 P(61) 10-2,,frequency,16428.930259,0.000806,,,kitt_peak_1993,depth 0.91; 1 window
127I2 P(63) 10-2,,frequency,16426.367522,0.000933,,,kitt_peak_1993,depth 0.85; 1 window
127I2 P(64) 10-2,,frequency,16425.053456,0.000949,,,kitt_peak_1993,depth 0.74; 1 window
127I2 P(65) 10-2,,frequency,16423.725653,0.000675,,,kitt_peak_1993,depth 0.85; 2 windows
127I2 P(66) 10-2,,frequency,16422.374074,0.000878,,,kitt_peak_1993,depth 0.68; 1 window
127I2 P(67) 10-2,,frequency,16421.004113,0.000548,,,kitt_peak_1993,depth 0.84; 2 windows
127I2 P(68) 10-2,,frequency,16419.611489,0.000900,,,kitt_peak_1993,depth 0.72; 1 window
127I2 P(71) 10-2,,frequency,16415.323869,0.000948,,,kitt_peak_1993,depth 0.88; 1 window
127I2 P(72) 10-2,,frequency,16413.852865,0.000691,,,kitt_peak_1993,depth 0.78; 2 windows
127I2 P(73) 10-2,,frequency,16412.365190,0.000708,,,kitt_peak_1993,depth 0.83; 1 window
127I2 P(74) 10-2,,frequency,16410.854894,0.000972,,,kitt_peak_1993,depth 0.62; 1 window
127I2 P(75) 10-2,,frequency,16409.327212,0.000519,,,kitt_peak_1993,depth 0.80; 2 windows
127I2 P(76) 10-2,,frequency,16407.778442,0.000887,,,kitt_peak_1993,depth 0.67; 1 window
127I2 P(77) 10-2,,frequency,16406.210158,0.000728,,,kitt_peak_1993,depth 0.82; 1 window
127I2 P(79) 10-2,,frequency,16403.015003,0.000751,,,kitt_peak_1993,depth 0.78; 1 window
127I2 P(81) 10-2,,frequency,16399.739119,0.000515,,,kitt_peak_1993,depth 0.81; 2 windows
127I2 P(83) 10-2,,frequency,16396.383889,0.000664,,,kitt_peak_1993,depth 0.88; 1 window
127I2 P(84) 10-2,,frequency,16394.677631,0.000646,,,kitt_peak_1993,depth 0.77; 2 windows
127I2 P(85) 10-2,,frequency,16392.950202,0.000690,,,kitt_peak_1993,depth 0.76; 1 window
127I2 P(86) 10-2,,frequency,16391.204094,0.000735,,,kitt_peak_1993,depth 0.61; 1 window
127I2 P(88) 10-2,,frequency,16387.649910,0.000598,,,kitt_peak_1993,depth 0.61; 2 windows
127I2 P(90) 10-2,,frequency,16384.018607,0.000849,,,kitt_peak_1993,depth 0.59; 1 window
127I2 P(91) 10-2,,frequency,16382.171120,0.000619,,,kitt_peak_1993,depth 0.71; 1 window
127I2 P(92) 10-2,,frequency,16380.304914,0.000585,,,kitt_peak_1993,depth 0.58; 2 windows
127I2 P(93) 10-2,,frequency,16378.418610,0.000667,,,kitt_peak_1993,depth 0.70; 1 window
127I2 P(95) 10-2,,frequency,16374.587437,0.000578,,,kitt_peak_1993,depth 0.67; 1 window
127I2 P(96) 10-2,,frequency,16372.641909,0.000996,,,kitt_peak_1993,depth 0.54; 1 window
127I2 P(97) 10-2,,frequency,16370.675527,0.000476,,,kitt_peak_1993,depth 0.66; 2 windows
127I2 P(98) 10-2,,frequency,16368.690596,0.000654,,,kitt_peak_1993,depth 0.53; 2 windows
127I2 P(99) 10-2,,frequency,16366.685268,0.000834,,,kitt_peak_1993,depth 0.64; 1 window
127I2 R(100) 10-2,,frequency,16375.565393,0.000657,,,kitt_peak_1993,depth 0.51; 2 windows
127I2 R(101) 10-2,,frequency,16373.625671,0.000818,,,kitt_peak_1993,depth 0.62; 1 window
127I2 R(102) 10-2,,frequency,16371.670913,0.000839,,,kitt_peak_1993,depth 0.49; 1 window
127I2 R(31) 10-2,,frequency,16461.371076,0.000891,,,kitt_peak_1993,depth 0.86; 1 window
127I2 R(37) 10-2,,frequency,16457.639341,0.001006,,,kitt_peak_1993,depth 0.80; 1 window
127I2 R(39) 10-2,,frequency,16456.237080,0.000925,,,kitt_peak_1993,depth 0.84; 1 window
127I2 R(43) 10-2,,frequency,16453.199644,0.000946,,,kitt_peak_1993,depth 0.86; 1 window
127I2 R(49) 10-2,,frequency,16448.052680,0.000918,,,kitt_peak_1993,depth 0.84; 1 window
127I2 R(51) 10-2,,frequency,16446.178430,0.000925,,,kitt_peak_1993,depth 0.78; 1 window
127I2 R(53) 10-2,,frequency,16444.227231,0.000880,,,kitt_peak_1993,depth 0.86; 1 window
127I2 R(55) 10-2,,frequency,16442.195747,0.000892,,,kitt_peak_1993,depth 0.88; 1 window
127I2 R(61) 10-2,,frequency,16435.629282,0.000600,,,kitt_peak_1993,depth 0.85; 2 windows
127I2 R(65) 10-2,,frequency,16430.857130,0.000568,,,kitt_peak_1993,depth 0.90; 2 windows
127I2 R(66) 10-2,,frequency,16429.613739,0.000989,,,kitt_peak_1993,depth 0.81; 1 window
127I2 R(67) 10-2,,frequency,16428.351579,0.000662,,,kitt_peak_1993,depth 0.90; 2 windows
127I2 R(69) 10-2,,frequency,16425.768948,0.000558,,,kitt_peak_1993,depth 0.86; 2 windows
127I2 R(70) 10-2,,frequency,16424.446316,0.000937,,,kitt_peak_1993,depth 0.72; 1 window
127I2 R(71) 10-2,,frequency,16423.105412,0.000837,,,kitt_peak_1993,depth 0.78; 1 window
127I2 R(73) 10-2,,frequency,16420.363784,0.000775,,,kitt_peak_1993,depth 0.82; 1 window
127I2 R(74) 10-2,,frequency,16418.962587,0.000928,,,kitt_peak_1993,depth 0.70; 1 window
127I2 R(75) 10-2,,frequency,16417.540254,0.000797,,,kitt_peak_1993,depth 0.88; 1 window
127I2 R(77) 10-2,,frequency,16414.639933,0.000744,,,kitt_peak_1993,depth 0.86; 1 window
127I2 R(79) 10-2,,frequency,16411.660327,0.000535,,,kitt_peak_1993,depth 0.81; 2 windows
127I2 R(80) 10-2,,frequency,16410.138413,0.000985,,,kitt_peak_1993,depth 0.59; 1 window
127I2 R(81) 10-2,,frequency,16408.600887,0.000870,,,kitt_peak_1993,depth 0.77; 1 window
127I2 R(82) 10-2,,frequency,16407.041571,0.000658,,,kitt_peak_1993,depth 0.67; 2 windows
127I2 R(83) 10-2,,frequency,16405.461130,0.000759,,,kitt_peak_1993,depth 0.79; 1 window
127I2 R(84) 10-2,,frequency,16403.862100,0.000905,,,kitt_peak_1993,depth 0.63; 1 window
127I2 R(85) 10-2,,frequency,16402.242761,0.000549,,,kitt_peak_1993,depth 0.79; 2 windows
127I2 R(87) 10-2,,frequency,16398.945286,0.000685,,,kitt_peak_1993,depth 0.73; 1 window
127I2 R(88) 10-2,,frequency,16397.266087,0.000659,,,kitt_peak_1993,depth 0.75; 2 windows
127I2 R(90) 10-2,,frequency,16393.848515,0.000894,,,kitt_peak_1993,depth 0.60; 1 window
127I2 R(91) 10-2,,frequency,16392.108986,0.000494,,,kitt_peak_1993,depth 0.72; 2 windows
127I2 R(92) 10-2,,frequency,16390.351487,0.000647,,,kitt_peak_1993,depth 0.57; 2 windows
127I2 R(93) 10-2,,frequency,16388.573346,0.000728,,,kitt_peak_1993,depth 0.67; 1 window
127I2 R(95) 10-2,,frequency,16384.956149,0.000671,,,kitt_peak_1993,depth 0.68; 2 windows
127I2 R(97) 10-2,,frequency,16381.259751,0.000685,,,kitt_peak_1993,depth 0.66; 1 window
127I2 R(98) 10-2,,frequency,16379.380942,0.000963,,,kitt_peak_1993,depth 0.54; 1 window
127I2 R(99) 10-2,,frequency,16377.483211,0.000696,,,kitt_peak_1993,depth 0.64; 1 window
127I2 P(100) 10-3,,frequency,16154.995053,0.000666,,,kitt_peak_1993,depth 0.46; 2 windows
127I2 P(101) 10-3,,frequency,16152.970389,0.000826,,,kitt_peak_1993,depth 0.56; 1 window
127I2 P(102) 10-3,,frequency,16150.930629,0.000914,,,kitt_peak_1993,depth 0.44; 1 window
127I2 P(25) 10-3,,frequency,16250.851548,0.001011,,,kitt_peak_1993,depth 0.69; 1 window
127I2 P(27) 10-3,,frequency,16249.717189,0.001009,,,kitt_peak_1993,depth 0.74; 1 window
127I2 P(35) 10-3,,frequency,16244.398326,0.000923,,,kitt_peak_1993,depth 0.61; 1 window
127I2 P(39) 10-3,,frequency,16241.274551,0.000702,,,kitt_peak_1993,depth 0.63; 2 windows
127I2 P(47) 10-3,,frequency,16234.093402,0.000646,,,kitt_peak_1993,depth 0.69; 2 windows
127I2 P(51) 10-3,,frequency,16230.036386,0.000825,,,kitt_peak_1993,depth 0.68; 1 window
127I2 P(53) 10-3,,frequency,16227.891288,0.000741,,,kitt_peak_1993,depth 0.76; 1 window
127I2 P(54) 10-3,,frequency,16226.789446,0.000672,,,kitt_peak_1993,depth 0.64; 2 windows
127I2 P(55) 10-3,,frequency,16225.669417,0.000876,,,kitt_peak_1993,depth 0.74; 1 window
127I2 P(59) 10-3,,frequency,16220.988160,0.000762,,,kitt_peak_1993,depth 0.77; 1 window
127I2 P(60) 10-3,,frequency,16219.771108,0.000703,,,kitt_peak_1993,depth 0.65; 2 windows
127I2 P(62) 10-3,,frequency,16217.274266,0.000991,,,kitt_peak_1993,depth 0.57; 1 window
127I2 P(64) 10-3,,frequency,16214.701450,0.000687,,,kitt_peak_1993,depth 0.63; 2 windows
127I2 P(65) 10-3,,frequency,16213.385640,0.000705,,,kitt_peak_1993,depth 0.75; 1 window
127I2 P(66) 10-3,,frequency,16212.050882,0.000676,,,kitt_peak_1993,depth 0.63; 2 windows
127I2 P(67) 10-3,,frequency,16210.694906,0.000632,,,kitt_peak_1993,depth 0.75; 1 window
127I2 P(68) 10-3,,frequency,16209.319806,0.000934,,,kitt_peak_1993,depth 0.62; 1 window
127I2 P(69) 10-3,,frequency,16207.926719,0.000481,,,kitt_peak_1993,depth 0.74; 2 windows
127I2 P(71) 10-3,,frequency,16205.079339,0.000466,,,kitt_peak_1993,depth 0.74; 2 windows
127I2 P(72) 10-3,,frequency,16203.626512,0.000878,,,kitt_peak_1993,depth 0.61; 1 window
127I2 P(75) 10-3,,frequency,16199.151213,0.001015,,,kitt_peak_1993,depth 0.72; 1 window
127I2 P(76) 10-3,,frequency,16197.620794,0.000581,,,kitt_peak_1993,depth 0.59; 2 windows
127I2 P(77) 10-3,,frequency,16196.068242,0.000637,,,kitt_peak_1993,depth 0.71; 1 window
127I2 P(79) 10-3,,frequency,16192.910491,0.000516,,,kitt_peak_1993,depth 0.71; 2 windows
127I2 P(80) 10-3,,frequency,16191.301128,0.000844,,,kitt_peak_1993,depth 0.58; 1 window
127I2 P(81) 10-3,,frequency,16189.673572,0.000638,,,kitt_peak_1993,depth 0.70; 1 window
127I2 P(82) 10-3,,frequency,16188.024375,0.000597,,,kitt_peak_1993,depth 0.57; 2 windows
127I2 P(83) 10-3,,frequency,16186.355461,0.000537,,,kitt_peak_1993,depth 0.69; 2 windows
127I2 P(84) 10-3,,frequency,16184.668263,0.000796,,,kitt_peak_1993,depth 0.56; 1 window
127I2 P(85) 10-3,,frequency,16182.960998,0.000618,,,kitt_peak_1993,depth 0.67; 1 window
127I2 P(86) 10-3,,frequency,16181.234793,0.000574,,,kitt_peak_1993,depth 0.54; 2 windows
127I2 P(87) 10-3,,frequency,16179.488243,0.000771,,,kitt_peak_1993,depth 0.66; 1 window
127I2 P(88) 10-3,,frequency,16177.722032,0.000714,,,kitt_peak_1993,depth 0.53; 1 window
127I2 P(89) 10-3,,frequency,16175.936602,0.000554,,,kitt_peak_1993,depth 0.65; 1 window
127I2 P(90) 10-3,,frequency,16174.130181,0.000562,,,kitt_peak_1993,depth 0.52; 2 windows
127I2 P(91) 10-3,,frequency,16172.305699,0.000573,,,kitt_peak_1993,depth 0.63; 1 window
127I2 P(92) 10-3,,frequency,16170.461008,0.000688,,,kitt_peak_1993,depth 0.51; 1 window
127I2 P(93) 10-3,,frequency,16168.596962,0.000624,,,kitt_peak_1993,depth 0.63; 1 window
127I2 P(94) 10-3,,frequency,16166.712695,0.000538,,,kitt_peak_1993,depth 0.50; 2 windows
127I2 P(95) 10-3,,frequency,16164.808702,0.000595,,,kitt_peak_1993,depth 0.61; 1 window
127I2 P(96) 10-3,,frequency,16162.885249,0.000730,,,kitt_peak_1993,depth 0.48; 1 window
127I2 P(97) 10-3,,frequency,16160.941934,0.000577,,,kitt_peak_1993,depth 0.59; 1 window
127I2 P(98) 10-3,,frequency,16158.979532,0.000705,,,kitt_peak_1993,depth 0.47; 1 window
127I2 R(101) 10-3,,frequency,16163.985046,0.000723,,,kitt_peak_1993,depth 0.56; 2 windows
127I2 R(102) 10-3,,frequency,16162.050210,0.000563,,,kitt_peak_1993,depth 0.44; 2 windows
127I2 R(104) 10-3,,frequency,16158.122556,0.000792,,,kitt_peak_1993,depth 0.42; 1 window
127I2 R(105) 10-3,,frequency,16156.128486,0.000764,,,kitt_peak_1993,depth 0.53; 1 window
127I2 R(21) 10-3,,frequency,16255.236256,0.001022,,,kitt_peak_1993,depth 0.60; 1 window
127I2 R(29) 10-3,,frequency,16251.722351,0.000898,,,kitt_peak_1993,depth 0.74; 1 window
127I2 R(31) 10-3,,frequency,16250.644925,0.000720,,,kitt_peak_1993,depth 0.78; 2 windows
127I2 R(33) 10-3,,frequency,16249.499048,0.000789,,,kitt_peak_1993,depth 0.79; 1 window
127I2 R(35) 10-3,,frequency,16248.270462,0.000968,,,kitt_peak_1993,depth 0.65; 1 window
127I2 R(37) 10-3,,frequency,16246.965055,0.000834,,,kitt_peak_1993,depth 0.66; 1 window
127I2 R(42) 10-3,,frequency,16243.361004,0.000950,,,kitt_peak_1993,depth 0.53; 1 window
127I2 R(43) 10-3,,frequency,16242.581452,0.000899,,,kitt_peak_1993,depth 0.65; 1 window
127I2 R(47) 10-3,,frequency,16239.271667,0.000833,,,kitt_peak_1993,depth 0.59; 1 window
127I2 R(49) 10-3,,frequency,16237.498583,0.000855,,,kitt_peak_1993,depth 0.74; 1 window
127I2 R(51) 10-3,,frequency,16235.648563,0.000811,,,kitt_peak_1993,depth 0.70; 1 window
127I2 R(57) 10-3,,frequency,16229.631821,0.000818,,,kitt_peak_1993,depth 0.69; 1 window
127I2 R(58) 10-3,,frequency,16228.559497,0.000982,,,kitt_peak_1993,depth 0.64; 1 window
127I2 R(59) 10-3,,frequency,16227.471123,0.000740,,,kitt_peak_1993,depth 0.76; 1 window
127I2 R(61) 10-3,,frequency,16225.230799,0.000847,,,kitt_peak_1993,depth 0.74; 1 window
127I2 R(62) 10-3,,frequency,16224.080807,0.000683,,,kitt_peak_1993,depth 0.62; 2 windows
127I2 R(63) 10-3,,frequency,16222.912838,0.000745,,,kitt_peak_1993,depth 0.72; 1 window
127I2 R(64) 10-3,,frequency,16221.724681,0.000703,,,kitt_peak_1993,depth 0.65; 2 windows
127I2 R(67) 10-3,,frequency,16218.042951,0.000753,,,kitt_peak_1993,depth 0.71; 1 window
127I2 R(68) 10-3,,frequency,16216.777868,0.000987,,,kitt_peak_1993,depth 0.56; 1 window
127I2 R(70) 10-3,,frequency,16214.185829,0.000909,,,kitt_peak_1993,depth 0.62; 1 window
127I2 R(72) 10-3,,frequency,16211.516234,0.000897,,,kitt_peak_1993,depth 0.61; 1 window
127I2 R(73) 10-3,,frequency,16210.151858,0.000680,,,kitt_peak_1993,depth 0.73; 2 windows
127I2 R(74) 10-3,,frequency,16208.767817,0.000891,,,kitt_peak_1993,depth 0.60; 1 window
127I2 R(75) 10-3,,frequency,16207.364760,0.000562,,,kitt_peak_1993,depth 0.72; 2 windows
127I2 R(77) 10-3,,frequency,16204.500292,0.000851,,,kitt_peak_1993,depth 0.72; 1 window
127I2 R(78) 10-3,,frequency,16203.037904,0.000621,,,kitt_peak_1993,depth 0.59; 2 windows
127I2 R(79) 10-3,,frequency,16201.554882,0.000759,,,kitt_peak_1993,depth 0.70; 1 window
127I2 R(80) 10-3,,frequency,16200.054611,0.000647,,,kitt_peak_1993,depth 0.58; 2 windows
127I2 R(81) 10-3,,frequency,16198.533783,0.000697,,,kitt_peak_1993,depth 0.70; 1 window
127I2 R(82) 10-3,,frequency,16196.993738,0.000804,,,kitt_peak_1993,depth 0.57; 1 window
127I2 R(83) 10-3,,frequency,16195.433551,0.000501,,,kitt_peak_1993,depth 0.69; 2 windows
127I2 R(84) 10-3,,frequency,16193.853749,0.000901,,,kitt_peak_1993,depth 0.56; 1 window
127I2 R(85) 10-3,,frequency,16192.254080,0.000704,,,kitt_peak_1993,depth 0.68; 1 window
127I2 R(86) 10-3,,frequency,16190.635242,0.000626,,,kitt_peak_1993,depth 0.55; 2 windows
127I2 R(87) 10-3,,frequency,16188.996299,0.000636,,,kitt_peak_1993,depth 0.67; 1 window
127I2 R(90) 10-3,,frequency,16183.961918,0.000998,,,kitt_peak_1993,depth 0.52; 1 window
127I2 R(91) 10-3,,frequency,16182.244278,0.000650,,,kitt_peak_1993,depth 0.63; 1 window
127I2 R(92) 10-3,,frequency,16180.507017,0.000898,,,kitt_peak_1993,depth 0.50; 1 window
127I2 R(93) 10-3,,frequency,16178.750673,0.000483,,,kitt_peak_1993,depth 0.62; 2 windows
127I2 R(95) 10-3,,frequency,16175.178108,0.000627,,,kitt_peak_1993,depth 0.60; 1 window
127I2 R(96) 10-3,,frequency,16173.361709,0.000754,,,kitt_peak_1993,depth 0.48; 1 window
127I2 R(97) 10-3,,frequency,16171.526091,0.000661,,,kitt_peak_1993,depth 0.59; 2 windows
127I2 R(98) 10-3,,frequency,16169.668802,0.000780,,,kitt_peak_1993,depth 0.46; 1 window
127I2 R(99) 10-3,,frequency,16167.793501,0.000701,,,kitt_peak_1993,depth 0.58; 1 window
127I2 P(101) 10-4,,frequency,15944.583110,0.000869,,,kitt_peak_1993,depth 0.31; 1 window
127I2 P(71) 10-4,,frequency,15996.082875,0.000974,,,kitt_peak_1993,depth 0.45; 1 window
127I2 P(73) 10-4,,frequency,15993.191243,0.000983,,,kitt_peak_1993,depth 0.43; 1 window
127I2 P(77) 10-4,,frequency,15987.178558,0.001007,,,kitt_peak_1993,depth 0.42; 1 window
127I2 P(89) 10-4,,frequency,15967.278045,0.000672,,,kitt_peak_1993,depth 0.37; 2 windows
127I2 P(91) 10-4,,frequency,15963.688652,0.000962,,,kitt_peak_1993,depth 0.36; 1 window
127I2 P(93) 10-4,,frequency,15960.023030,0.000642,,,kitt_peak_1993,depth 0.36; 2 windows
127I2 P(95) 10-4,,frequency,15956.278931,0.000908,,,kitt_peak_1993,depth 0.34; 1 window
127I2 R(101) 10-4,,frequency,15955.594789,0.000945,,,kitt_peak_1993,depth 0.31; 1 window
127I2 R(103) 10-4,,frequency,15951.754623,0.000996,,,kitt_peak_1993,depth 0.29; 1 window
127I2 R(107) 10-4,,frequency,15943.836238,0.000680,,,kitt_peak_1993,depth 0.28; 2 windows
127I2 R(29) 10-4,,frequency,16042.229274,0.001011,,,kitt_peak_1993,depth 0.40; 1 window
127I2 R(31) 10-4,,frequency,16041.170202,0.000991,,,kitt_peak_1993,depth 0.41; 1 window
127I2 R(47) 10-4,,frequency,16029.940962,0.001006,,,kitt_peak_1993,depth 0.45; 1 window
127I2 R(85) 10-4,,frequency,15983.514309,0.000975,,,kitt_peak_1993,depth 0.39; 1 window
127I2 R(91) 10-4,,frequency,15973.627394,0.001017,,,kitt_peak_1993,depth 0.36; 1 window
127I2 R(97) 10-4,,frequency,15963.042391,0.000982,,,kitt_peak_1993,depth 0.33; 1 window
127I2 P(61) 11-1,,frequency,16747.815132,0.000954,,,kitt_peak_1993,depth 0.72; 1 window
127I2 P(65) 11-1,,frequency,16742.458350,0.000663,,,kitt_peak_1993,depth 0.83; 2 windows
127I2 P(69) 11-1,,frequency,16736.777148,0.000802,,,kitt_peak_1993,depth 0.82; 1 window
127I2 P(72) 11-1,,frequency,16732.302551,0.001004,,,kitt_peak_1993,depth 0.69; 1 window
127I2 P(75) 11-1,,frequency,16727.641596,0.000900,,,kitt_peak_1993,depth 0.79; 1 window
127I2 P(77) 11-1,,frequency,16724.436819,0.000887,,,kitt_peak_1993,depth 0.75; 1 window
127I2 P(79) 11-1,,frequency,16721.148318,0.000628,,,kitt_peak_1993,depth 0.81; 2 windows
127I2 P(85) 11-1,,frequency,16710.787850,0.000968,,,kitt_peak_1993,depth 0.72; 1 window
127I2 P(88) 11-1,,frequency,16705.333659,0.000998,,,kitt_peak_1993,depth 0.64; 1 window
127I2 P(91) 11-1,,frequency,16699.695229,0.000627,,,kitt_peak_1993,depth 0.73; 2 windows
127I2 P(97) 11-1,,frequency,16687.861076,0.001010,,,kitt_peak_1993,depth 0.63; 1 window
127I2 R(73) 11-1,,frequency,16738.710178,0.000936,,,kitt_peak_1993,depth 0.80; 1 window
127I2 R(75) 11-1,,frequency,16735.799137,0.000991,,,kitt_peak_1993,depth 0.79; 1 window
127I2 R(89) 11-1,,frequency,16713.132765,0.000996,,,kitt_peak_1993,depth 0.73; 1 window
127I2 R(93) 11-1,,frequency,16705.920100,0.000902,,,kitt_peak_1993,depth 0.72; 1 window
127I2 R(95) 11-1,,frequency,16702.186758,0.001012,,,kitt_peak_1993,depth 0.68; 1 window
127I2 R(97) 11-1,,frequency,16698.372155,0.000927,,,kitt_peak_1993,depth 0.68; 1 window
127I2 R(99) 11-1,,frequency,16694.478462,0.000787,,,kitt_peak_1993,depth 0.68; 1 window
127I2 P(29) 11-2,,frequency,16567.001412,0.000962,,,kitt_peak_1993,depth 0.86; 1 window
127I2 P(31) 11-2,,frequency,16565.678010,0.000992,,,kitt_peak_1993,depth 0.87; 1 window
127I2 P(35) 11-2,,frequency,16562.785609,0.000698,,,kitt_peak_1993,depth 0.86; 2 windows
127I2 P(37) 11-2,,frequency,16561.219388,0.000952,,,kitt_peak_1993,depth 0.87; 1 window
127I2 P(39) 11-2,,frequency,16559.573876,0.000849,,,kitt_peak_1993,depth 0.88; 1 window
127I2 P(42) 11-2,,frequency,16556.953845,0.000998,,,kitt_peak_1993,depth 0.83; 1 window
127I2 P(44) 11-2,,frequency,16555.107392,0.001012,,,kitt_peak_1993,depth 0.82; 1 window
127I2 P(47) 11-2,,frequency,16552.188492,0.000773,,,kitt_peak_1993,depth 0.90; 1 window
127I2 P(49) 11-2,,frequency,16550.141860,0.000845,,,kitt_peak_1993,depth 0.90; 1 window
127I2 P(51) 11-2,,frequency,16548.015230,0.000553,,,kitt_peak_1993,depth 0.94; 2 windows
127I2 P(52) 11-2,,frequency,16546.922330,0.000962,,,kitt_peak_1993,depth 0.87; 1 window
127I2 P(53) 11-2,,frequency,16545.809066,0.000639,,,kitt_peak_1993,depth 0.94; 2 windows
127I2 P(54) 11-2,,frequency,16544.674750,0.000949,,,kitt_peak_1993,depth 0.78; 1 window
127I2 P(58) 11-2,,frequency,16539.940090,0.000839,,,kitt_peak_1993,depth 0.82; 1 window
127I2 P(60) 11-2,,frequency,16537.451987,0.000819,,,kitt_peak_1993,depth 0.79; 1 window
127I2 P(61) 11-2,,frequency,16536.178539,0.000582,,,kitt_peak_1993,depth 0.92; 2 windows
127I2 P(62) 11-2,,frequency,16534.885195,0.000999,,,kitt_peak_1993,depth 0.84; 1 window
127I2 P(63) 11-2,,frequency,16533.569291,0.000933,,,kitt_peak_1993,depth 0.93; 1 window
127I2 P(64) 11-2,,frequency,16532.235072,0.000873,,,kitt_peak_1993,depth 0.86; 1 window
127I2 P(65) 11-2,,frequency,16530.881308,0.000684,,,kitt_peak_1993,depth 0.90; 1 window
127I2 P(66) 11-2,,frequency,16529.506340,0.000662,,,kitt_peak_1993,depth 0.81; 2 windows
127I2 P(67) 11-2,,frequency,16528.111722,0.000603,,,kitt_peak_1993,depth 0.89; 1 window
127I2 P(72) 11-2,,frequency,16520.834980,0.000931,,,kitt_peak_1993,depth 0.79; 1 window
127I2 P(73) 11-2,,frequency,16519.319679,0.000472,,,kitt_peak_1993,depth 0.90; 2 windows
127I2 P(74) 11-2,,frequency,16517.784689,0.000782,,,kitt_peak_1993,depth 0.81; 1 window
127I2 P(75) 11-2,,frequency,16516.230537,0.000719,,,kitt_peak_1993,depth 0.91; 1 window
127I2 P(76) 11-2,,frequency,16514.653111,0.000652,,,kitt_peak_1993,depth 0.82; 2 windows
127I2 P(77) 11-2,,frequency,16513.056608,0.000736,,,kitt_peak_1993,depth 0.89; 1 window
127I2 P(78) 11-2,,frequency,16511.438730,0.000955,,,kitt_peak_1993,depth 0.81; 1 window
127I2 P(79) 11-2,,frequency,16509.804126,0.000456,,,kitt_peak_1993,depth 0.90; 2 windows
127I2 P(80) 11-2,,frequency,16508.147394,0.000909,,,kitt_peak_1993,depth 0.78; 1 window
127I2 P(81) 11-2,,frequency,16506.470326,0.000646,,,kitt_peak_1993,depth 0.89; 1 window
127I2 P(82) 11-2,,frequency,16504.773705,0.000785,,,kitt_peak_1993,depth 0.79; 1 window
127I2 P(83) 11-2,,frequency,16503.056560,0.000534,,,kitt_peak_1993,depth 0.88; 2 windows
127I2 P(84) 11-2,,frequency,16501.318280,0.000816,,,kitt_peak_1993,depth 0.77; 1 window
127I2 P(87) 11-2,,frequency,16495.983211,0.000714,,,kitt_peak_1993,depth 0.85; 1 window
127I2 P(88) 11-2,,frequency,16494.164211,0.000791,,,kitt_peak_1993,depth 0.73; 1 window
127I2 P(90) 11-2,,frequency,16490.467843,0.000576,,,kitt_peak_1993,depth 0.78; 2 windows
127I2 P(91) 11-2,,frequency,16488.587150,0.000456,,,kitt_peak_1993,depth 0.81; 2 windows
127I2 P(92) 11-2,,frequency,16486.688706,0.000747,,,kitt_peak_1993,depth 0.69; 1 window
127I2 P(93) 11-2,,frequency,16484.768596,0.000559,,,kitt_peak_1993,depth 0.79; 1 window
127I2 P(94) 11-2,,frequency,16482.828892,0.000713,,,kitt_peak_1993,depth 0.66; 1 window
127I2 P(95) 11-2,,frequency,16480.868420,0.000607,,,kitt_peak_1993,depth 0.77; 2 windows
127I2 P(96) 11-2,,frequency,16478.887056,0.000674,,,kitt_peak_1993,depth 0.65; 2 windows
127I2 P(97) 11-2,,frequency,16476.886243,0.000614,,,kitt_peak_1993,depth 0.75; 1 window
127I2 P(98) 11-2,,frequency,16474.864124,0.000680,,,kitt_peak_1993,depth 0.62; 1 window
127I2 P(99) 11-2,,frequency,16472.822306,0.000720,,,kitt_peak_1993,depth 0.73; 1 window
127I2 R(100) 11-2,,frequency,16481.591905,0.000779,,,kitt_peak_1993,depth 0.61; 1 window
127I2 R(102) 11-2,,frequency,16477.619999,0.000748,,,kitt_peak_1993,depth 0.59; 1 window
127I2 R(103) 11-2,,frequency,16475.601954,0.000629,,,kitt_peak_1993,depth 0.70; 1 window
127I2 R(104) 11-2,,frequency,16473.565531,0.000911,,,kitt_peak_1993,depth 0.57; 1 window
127I2 R(19) 11-2,,frequency,16574.549555,0.000981,,,kitt_peak_1993,depth 0.62; 1 window
127I2 R(31) 11-2,,frequency,16569.092650,0.001012,,,kitt_peak_1993,depth 0.86; 1 window
127I2 R(35) 11-2,,frequency,16566.632823,0.001005,,,kitt_peak_1993,depth 0.90; 1 window
127I2 R(37) 11-2,,frequency,16565.283088,0.000622,,,kitt_peak_1993,depth 0.91; 2 windows
127I2 R(43) 11-2,,frequency,16560.751959,0.000628,,,kitt_peak_1993,depth 0.90; 2 windows
127I2 R(45) 11-2,,frequency,16559.082359,0.000932,,,kitt_peak_1993,depth 0.90; 1 window
127I2 R(46) 11-2,,frequency,16558.216565,0.001007,,,kitt_peak_1993,depth 0.81; 1 window
127I2 R(57) 11-2,,frequency,16547.374934,0.000788,,,kitt_peak_1993,depth 0.95; 1 window
127I2 R(58) 11-2,,frequency,16546.269127,0.000707,,,kitt_peak_1993,depth 0.87; 2 windows
127I2 R(59) 11-2,,frequency,16545.143341,0.000844,,,kitt_peak_1993,depth 0.88; 1 window
127I2 R(61) 11-2,,frequency,16542.832686,0.000817,,,kitt_peak_1993,depth 0.87; 1 window
127I2 R(63) 11-2,,frequency,16540.438485,0.000742,,,kitt_peak_1993,depth 0.90; 1 window
127I2 R(64) 11-2,,frequency,16539.209993,0.000905,,,kitt_peak_1993,depth 0.81; 1 window
127I2 R(65) 11-2,,frequency,16537.964198,0.000706,,,kitt_peak_1993,depth 0.88; 1 window
127I2 R(67) 11-2,,frequency,16535.410709,0.000742,,,kitt_peak_1993,depth 0.92; 1 window
127I2 R(68) 11-2,,frequency,16534.104014,0.000686,,,kitt_peak_1993,depth 0.85; 2 windows
127I2 R(70) 11-2,,frequency,16531.428135,0.000618,,,kitt_peak_1993,depth 0.84; 2 windows
127I2 R(71) 11-2,,frequency,16530.060334,0.000650,,,kitt_peak_1993,depth 0.89; 1 window
127I2 R(72) 11-2,,frequency,16528.672694,0.000832,,,kitt_peak_1993,depth 0.78; 1 window
127I2 R(73) 11-2,,frequency,16527.264779,0.000660,,,kitt_peak_1993,depth 0.87; 1 window
127I2 R(75) 11-2,,frequency,16524.387540,0.000526,,,kitt_peak_1993,depth 0.87; 2 windows
127I2 R(76) 11-2,,frequency,16522.918997,0.000915,,,kitt_peak_1993,depth 0.75; 1 window
127I2 R(77) 11-2,,frequency,16521.430381,0.000676,,,kitt_peak_1993,depth 0.88; 1 window
127I2 R(78) 11-2,,frequency,16519.921132,0.000639,,,kitt_peak_1993,depth 0.79; 2 windows
127I2 R(79) 11-2,,frequency,16518.391948,0.000708,,,kitt_peak_1993,depth 0.89; 1 window
127I2 R(80) 11-2,,frequency,16516.842001,0.000570,,,kitt_peak_1993,depth 0.81; 2 windows
127I2 R(81) 11-2,,frequency,16515.272220,0.000721,,,kitt_peak_1993,depth 0.90; 1 window
127I2 R(83) 11-2,,frequency,16512.072023,0.000577,,,kitt_peak_1993,depth 0.88; 2 windows
127I2 R(84) 11-2,,frequency,16510.441947,0.000879,,,kitt_peak_1993,depth 0.78; 1 window
127I2 R(85) 11-2,,frequency,16508.790737,0.000717,,,kitt_peak_1993,depth 0.86; 1 window
127I2 R(86) 11-2,,frequency,16507.118725,0.000867,,,kitt_peak_1993,depth 0.77; 1 window
127I2 R(87) 11-2,,frequency,16505.428024,0.000489,,,kitt_peak_1993,depth 0.86; 2 windows
127I2 R(88) 11-2,,frequency,16503.716440,0.000818,,,kitt_peak_1993,depth 0.75; 1 window
127I2 R(91) 11-2,,frequency,16498.460151,0.000732,,,kitt_peak_1993,depth 0.79; 1 window
127I2 R(92) 11-2,,frequency,16496.667982,0.000823,,,kitt_peak_1993,depth 0.70; 1 window
127I2 R(93) 11-2,,frequency,16494.854052,0.000851,,,kitt_peak_1993,depth 0.81; 1 window
127I2 R(94) 11-2,,frequency,16493.021381,0.000629,,,kitt_peak_1993,depth 0.75; 2 windows
127I2 R(96) 11-2,,frequency,16489.291820,0.000963,,,kitt_peak_1993,depth 0.65; 1 window
127I2 R(97) 11-2,,frequency,16487.397232,0.000642,,,kitt_peak_1993,depth 0.77; 1 window
127I2 R(99) 11-2,,frequency,16483.547248,0.000452,,,kitt_peak_1993,depth 0.74; 2 windows
127I2 P(41) 11-3,,frequency,16347.211128,0.000993,,,kitt_peak_1993,depth 0.75; 1 window
127I2 P(49) 11-3,,frequency,16339.589028,0.000999,,,kitt_peak_1993,depth 0.78; 1 window
127I2 P(51) 11-3,,frequency,16337.486426,0.000638,,,kitt_peak_1993,depth 0.76; 2 windows
127I2 P(55) 11-3,,frequency,16333.041162,0.000937,,,kitt_peak_1993,depth 0.70; 1 window
127I2 P(57) 11-3,,frequency,16330.699956,0.000850,,,kitt_peak_1993,depth 0.70; 1 window
127I2 P(61) 11-3,,frequency,16325.778133,0.000913,,,kitt_peak_1993,depth 0.78; 1 window
127I2 P(64) 11-3,,frequency,16321.880820,0.000952,,,kitt_peak_1993,depth 0.68; 1 window
127I2 P(65) 11-3,,frequency,16320.541807,0.000590,,,kitt_peak_1993,depth 0.80; 2 windows
127I2 P(67) 11-3,,frequency,16317.803215,0.000515,,,kitt_peak_1993,depth 0.75; 2 windows
127I2 P(68) 11-3,,frequency,16316.403677,0.000843,,,kitt_peak_1993,depth 0.59; 1 window
127I2 P(69) 11-3,,frequency,16314.984872,0.000656,,,kitt_peak_1993,depth 0.76; 1 window
127I2 P(72) 11-3,,frequency,16310.608833,0.000721,,,kitt_peak_1993,depth 0.70; 2 windows
127I2 P(73) 11-3,,frequency,16309.110062,0.000860,,,kitt_peak_1993,depth 0.76; 1 window
127I2 P(76) 11-3,,frequency,16304.495160,0.000770,,,kitt_peak_1993,depth 0.74; 1 window
127I2 P(77) 11-3,,frequency,16302.916716,0.000631,,,kitt_peak_1993,depth 0.74; 1 window
127I2 P(78) 11-3,,frequency,16301.318228,0.000599,,,kitt_peak_1993,depth 0.62; 2 windows
127I2 P(79) 11-3,,frequency,16299.700225,0.000678,,,kitt_peak_1993,depth 0.74; 1 window
127I2 P(81) 11-3,,frequency,16296.403703,0.000479,,,kitt_peak_1993,depth 0.72; 2 windows
127I2 P(82) 11-3,,frequency,16294.726195,0.000847,,,kitt_peak_1993,depth 0.59; 1 window
127I2 P(83) 11-3,,frequency,16293.027416,0.000622,,,kitt_peak_1993,depth 0.71; 1 window
127I2 P(84) 11-3,,frequency,16291.308860,0.000547,,,kitt_peak_1993,depth 0.58; 2 windows
127I2 P(85) 11-3,,frequency,16289.571247,0.000638,,,kitt_peak_1993,depth 0.70; 2 windows
127I2 P(86) 11-3,,frequency,16287.812177,0.000782,,,kitt_peak_1993,depth 0.57; 1 window
127I2 P(87) 11-3,,frequency,16286.035261,0.000687,,,kitt_peak_1993,depth 0.69; 1 window
127I2 P(88) 11-3,,frequency,16284.237575,0.000568,,,kitt_peak_1993,depth 0.56; 2 windows
127I2 P(89) 11-3,,frequency,16282.418815,0.000603,,,kitt_peak_1993,depth 0.68; 1 window
127I2 P(90) 11-3,,frequency,16280.580855,0.000748,,,kitt_peak_1993,depth 0.54; 1 window
127I2 P(91) 11-3,,frequency,16278.721969,0.000747,,,kitt_peak_1993,depth 0.67; 1 window
127I2 P(92) 11-3,,frequency,16276.843527,0.000887,,,kitt_peak_1993,depth 0.53; 1 window
127I2 P(93) 11-3,,frequency,16274.946099,0.000423,,,kitt_peak_1993,depth 0.65; 2 windows
127I2 P(94) 11-3,,frequency,16273.027672,0.000777,,,kitt_peak_1993,depth 0.52; 1 window
127I2 P(95) 11-3,,frequency,16271.089174,0.000619,,,kitt_peak_1993,depth 0.64; 1 window
127I2 P(96) 11-3,,frequency,16269.130960,0.000731,,,kitt_peak_1993,depth 0.51; 1 window
127I2 R(100) 11-3,,frequency,16271.927046,0.000920,,,kitt_peak_1993,depth 0.48; 1 window
127I2 R(101) 11-3,,frequency,16269.976393,0.000598,,,kitt_peak_1993,depth 0.59; 2 windows
127I2 R(102) 11-3,,frequency,16268.002453,0.000812,,,kitt_peak_1993,depth 0.46; 1 window
127I2 R(103) 11-3,,frequency,16266.009591,0.000722,,,kitt_peak_1993,depth 0.57; 1 window
127I2 R(104) 11-3,,frequency,16263.996075,0.000778,,,kitt_peak_1993,depth 0.45; 1 window
127I2 R(27) 11-3,,frequency,16360.482728,0.000976,,,kitt_peak_1993,depth 0.51; 1 window
127I2 R(35) 11-3,,frequency,16355.941212,0.000947,,,kitt_peak_1993,depth 0.68; 1 window
127I2 R(41) 11-3,,frequency,16351.704597,0.000651,,,kitt_peak_1993,depth 0.75; 2 windows
127I2 R(43) 11-3,,frequency,16350.133159,0.000971,,,kitt_peak_1993,depth 0.76; 1 window
127I2 R(53) 11-3,,frequency,16341.092817,0.000918,,,kitt_peak_1993,depth 0.79; 1 window
127I2 R(55) 11-3,,frequency,16339.048077,0.000855,,,kitt_peak_1993,depth 0.74; 1 window
127I2 R(57) 11-3,,frequency,16336.923128,0.000639,,,kitt_peak_1993,depth 0.77; 2 windows
127I2 R(59) 11-3,,frequency,16334.717372,0.000660,,,kitt_peak_1993,depth 0.77; 2 windows
127I2 R(63) 11-3,,frequency,16330.068731,0.000633,,,kitt_peak_1993,depth 0.73; 2 windows
127I2 R(67) 11-3,,frequency,16325.101690,0.000678,,,kitt_peak_1993,depth 0.77; 2 windows
127I2 R(69) 11-3,,frequency,16322.499505,0.001013,,,kitt_peak_1993,depth 0.79; 1 window
127I2 R(71) 11-3,,frequency,16319.816653,0.000778,,,kitt_peak_1993,depth 0.74; 1 window
127I2 R(74) 11-3,,frequency,16315.642349,0.000640,,,kitt_peak_1993,depth 0.63; 2 windows
127I2 R(75) 11-3,,frequency,16314.211410,0.000902,,,kitt_peak_1993,depth 0.75; 1 window
127I2 R(77) 11-3,,frequency,16311.289940,0.000940,,,kitt_peak_1993,depth 0.80; 1 window
127I2 R(78) 11-3,,frequency,16309.799059,0.000990,,,kitt_peak_1993,depth 0.62; 1 window
127I2 R(79) 11-3,,frequency,16308.287185,0.000497,,,kitt_peak_1993,depth 0.80; 2 windows
127I2 R(80) 11-3,,frequency,16306.757379,0.000837,,,kitt_peak_1993,depth 0.68; 1 window
127I2 R(81) 11-3,,frequency,16305.206495,0.000674,,,kitt_peak_1993,depth 0.84; 1 window
127I2 R(82) 11-3,,frequency,16303.633217,0.000728,,,kitt_peak_1993,depth 0.72; 2 windows
127I2 R(83) 11-3,,frequency,16302.042799,0.000673,,,kitt_peak_1993,depth 0.71; 1 window
127I2 R(84) 11-3,,frequency,16300.432609,0.000895,,,kitt_peak_1993,depth 0.59; 1 window
127I2 R(85) 11-3,,frequency,16298.801458,0.000522,,,kitt_peak_1993,depth 0.71; 2 windows
127I2 R(86) 11-3,,frequency,16297.150247,0.000994,,,kitt_peak_1993,depth 0.57; 1 window
127I2 R(87) 11-3,,frequency,16295.479473,0.000974,,,kitt_peak_1993,depth 0.69; 1 window
127I2 R(88) 11-3,,frequency,16293.788496,0.000623,,,kitt_peak_1993,depth 0.56; 2 windows
127I2 R(89) 11-3,,frequency,16292.077308,0.000874,,,kitt_peak_1993,depth 0.68; 1 window
127I2 R(90) 11-3,,frequency,16290.345765,0.000706,,,kitt_peak_1993,depth 0.54; 1 window
127I2 R(91) 11-3,,frequency,16288.594769,0.000732,,,kitt_peak_1993,depth 0.67; 1 window
127I2 R(92) 11-3,,frequency,16286.822728,0.000600,,,kitt_peak_1993,depth 0.54; 2 windows
127I2 R(93) 11-3,,frequency,16285.031304,0.000861,,,kitt_peak_1993,depth 0.65; 1 window
127I2 R(96) 11-3,,frequency,16279.535628,0.000666,,,kitt_peak_1993,depth 0.51; 2 windows
127I2 R(97) 11-3,,frequency,16277.663831,0.000653,,,kitt_peak_1993,depth 0.62; 1 window
127I2 R(98) 11-3,,frequency,16275.771025,0.000775,,,kitt_peak_1993,depth 0.49; 1 window
127I2 R(99) 11-3,,frequency,16273.859320,0.000684,,,kitt_peak_1993,depth 0.60; 1 window
127I2 P(53) 12-1,,frequency,16863.214281,0.000982,,,kitt_peak_1993,depth 0.91; 1 window
127I2 P(59) 12-1,,frequency,16855.907566,0.000620,,,kitt_peak_1993,depth 0.91; 2 windows
127I2 P(61) 12-1,,frequency,16853.309283,0.000698,,,kitt_peak_1993,depth 0.89; 2 windows
127I2 P(62) 12-1,,frequency,16851.976512,0.000934,,,kitt_peak_1993,depth 0.80; 1 window
127I2 P(63) 12-1,,frequency,16850.624624,0.000614,,,kitt_peak_1993,depth 0.89; 2 windows
127I2 P(67) 12-1,,frequency,16845.010558,0.000766,,,kitt_peak_1993,depth 0.90; 1 window
127I2 P(68) 12-1,,frequency,16843.555463,0.000712,,,kitt_peak_1993,depth 0.80; 2 windows
127I2 P(69) 12-1,,frequency,16842.077909,0.000916,,,kitt_peak_1993,depth 0.88; 1 window
127I2 P(73) 12-1,,frequency,16835.966137,0.000792,,,kitt_peak_1993,depth 0.85; 1 window
127I2 P(75) 12-1,,frequency,16832.787832,0.000926,,,kitt_peak_1993,depth 0.85; 1 window
127I2 P(79) 12-1,,frequency,16826.175613,0.000966,,,kitt_peak_1993,depth 0.85; 1 window
127I2 P(81) 12-1,,frequency,16822.745094,0.000830,,,kitt_peak_1993,depth 0.85; 1 window
127I2 P(82) 12-1,,frequency,16820.997619,0.000910,,,kitt_peak_1993,depth 0.73; 1 window
127I2 P(83) 12-1,,frequency,16819.231480,0.000949,,,kitt_peak_1993,depth 0.83; 1 window
127I2 P(84) 12-1,,frequency,16817.443250,0.000601,,,kitt_peak_1993,depth 0.75; 2 windows
127I2 P(85) 12-1,,frequency,16815.633837,0.000687,,,kitt_peak_1993,depth 0.85; 1 window
127I2 P(86) 12-1,,frequency,16813.803564,0.000852,,,kitt_peak_1993,depth 0.77; 1 window
127I2 P(89) 12-1,,frequency,16808.188307,0.000750,,,kitt_peak_1993,depth 0.86; 1 window
127I2 P(90) 12-1,,frequency,16806.275794,0.000816,,,kitt_peak_1993,depth 0.72; 1 window
127I2 P(91) 12-1,,frequency,16804.341495,0.000691,,,kitt_peak_1993,depth 0.86; 1 window
127I2 P(92) 12-1,,frequency,16802.386160,0.000926,,,kitt_peak_1993,depth 0.74; 1 window
127I2 P(94) 12-1,,frequency,16798.413926,0.000761,,,kitt_peak_1993,depth 0.73; 1 window
127I2 P(96) 12-1,,frequency,16794.357239,0.000802,,,kitt_peak_1993,depth 0.74; 1 window
127I2 P(97) 12-1,,frequency,16792.297804,0.000869,,,kitt_peak_1993,depth 0.82; 1 window
127I2 P(99) 12-1,,frequency,16788.114626,0.000906,,,kitt_peak_1993,depth 0.72; 1 window
127I2 R(100) 12-1,,frequency,16796.747277,0.000734,,,kitt_peak_1993,depth 0.70; 1 window
127I2 R(101) 12-1,,frequency,16794.709566,0.000689,,,kitt_peak_1993,depth 0.81; 1 window
127I2 R(102) 12-1,,frequency,16792.650350,0.001016,,,kitt_peak_1993,depth 0.66; 1 window
127I2 R(47) 12-1,,frequency,16874.880751,0.000883,,,kitt_peak_1993,depth 0.92; 1 window
127I2 R(59) 12-1,,frequency,16862.300183,0.000874,,,kitt_peak_1993,depth 0.92; 1 window
127I2 R(61) 12-1,,frequency,16859.914306,0.000790,,,kitt_peak_1993,depth 0.89; 1 window
127I2 R(65) 12-1,,frequency,16854.894044,0.000965,,,kitt_peak_1993,depth 0.89; 1 window
127I2 R(67) 12-1,,frequency,16852.259123,0.000817,,,kitt_peak_1993,depth 0.89; 1 window
127I2 R(68) 12-1,,frequency,16850.907467,0.001012,,,kitt_peak_1993,depth 0.78; 1 window
127I2 R(69) 12-1,,frequency,16849.540554,0.000921,,,kitt_peak_1993,depth 0.88; 1 window
127I2 R(75) 12-1,,frequency,16840.888910,0.000688,,,kitt_peak_1993,depth 0.86; 2 windows
127I2 R(77) 12-1,,frequency,16837.837695,0.001020,,,kitt_peak_1993,depth 0.86; 1 window
127I2 R(81) 12-1,,frequency,16831.484623,0.000597,,,kitt_peak_1993,depth 0.85; 2 windows
127I2 R(82) 12-1,,frequency,16829.845363,0.000988,,,kitt_peak_1993,depth 0.74; 1 window
127I2 R(83) 12-1,,frequency,16828.184618,0.000987,,,kitt_peak_1993,depth 0.84; 1 window
127I2 R(87) 12-1,,frequency,16821.331537,0.000787,,,kitt_peak_1993,depth 0.81; 1 window
127I2 R(92) 12-1,,frequency,16812.295696,0.000986,,,kitt_peak_1993,depth 0.73; 1 window
127I2 R(93) 12-1,,frequency,16810.425829,0.000820,,,kitt_peak_1993,depth 0.81; 1 window
127I2 R(95) 12-1,,frequency,16806.622520,0.000762,,,kitt_peak_1993,depth 0.80; 1 window
127I2 R(96) 12-1,,frequency,16804.689037,0.000907,,,kitt_peak_1993,depth 0.72; 1 window
127I2 R(98) 12-1,,frequency,16800.760732,0.000956,,,kitt_peak_1993,depth 0.69; 1 window
127I2 R(99) 12-1,,frequency,16798.763933,0.000788,,,kitt_peak_1993,depth 0.80; 1 window
127I2 P(36) 12-2,,frequency,16667.950289,0.000989,,,kitt_peak_1993,depth 0.83; 1 window
127I2 P(41) 12-2,,frequency,16663.715515,0.000644,,,kitt_peak_1993,depth 0.92; 2 windows
127I2 P(43) 12-2,,frequency,16661.879013,0.000859,,,kitt_peak_1993,depth 0.93; 1 window
127I2 P(44) 12-2,,frequency,16660.930304,0.000985,,,kitt_peak_1993,depth 0.84; 1 window
127I2 P(45) 12-2,,frequency,16659.958339,0.000974,,,kitt_peak_1993,depth 0.92; 1 window
127I2 P(48) 12-2,,frequency,16656.928163,0.000895,,,kitt_peak_1993,depth 0.85; 1 window
127I2 P(49) 12-2,,frequency,16655.878705,0.000839,,,kitt_peak_1993,depth 0.94; 1 window
127I2 P(50) 12-2,,frequency,16654.806874,0.001009,,,kitt_peak_1993,depth 0.87; 1 window
127I2 P(51) 12-2,,frequency,16653.713398,0.000591,,,kitt_peak_1993,depth 0.94; 2 windows
127I2 P(55) 12-2,,frequency,16649.143479,0.000656,,,kitt_peak_1993,depth 0.94; 2 windows
127I2 P(56) 12-2,,frequency,16647.948266,0.000978,,,kitt_peak_1993,depth 0.87; 1 window
127I2 P(57) 12-2,,frequency,16646.734354,0.000576,,,kitt_peak_1993,depth 0.94; 2 windows
127I2 P(59) 12-2,,frequency,16644.243511,0.000584,,,kitt_peak_1993,depth 0.93; 2 windows
127I2 P(60) 12-2,,frequency,16642.969150,0.001002,,,kitt_peak_1993,depth 0.82; 1 window
127I2 P(61) 12-2,,frequency,16641.671720,0.000605,,,kitt_peak_1993,depth 0.93; 2 windows
127I2 P(62) 12-2,,frequency,16640.354915,0.000979,,,kitt_peak_1993,depth 0.85; 1 window
127I2 P(63) 12-2,,frequency,16639.017489,0.000695,,,kitt_peak_1993,depth 0.94; 1 window
127I2 P(64) 12-2,,frequency,16637.659387,0.000789,,,kitt_peak_1993,depth 0.87; 1 window
127I2 P(65) 12-2,,frequency,16636.281267,0.000947,,,kitt_peak_1993,depth 0.93; 1 window
127I2 P(66) 12-2,,frequency,16634.882376,0.000587,,,kitt_peak_1993,depth 0.87; 2 windows
127I2 P(67) 12-2,,frequency,16633.463428,0.000828,,,kitt_peak_1993,depth 0.94; 1 window
127I2 P(68) 12-2,,frequency,16632.022602,0.000618,,,kitt_peak_1993,depth 0.87; 2 windows
127I2 P(71) 12-2,,frequency,16627.581783,0.000522,,,kitt_peak_1993,depth 0.92; 2 windows
127I2 P(72) 12-2,,frequency,16626.059676,0.000951,,,kitt_peak_1993,depth 0.83; 1 window
127I2 P(74) 12-2,,frequency,16622.952266,0.000603,,,kitt_peak_1993,depth 0.86; 2 windows
127I2 P(75) 12-2,,frequency,16621.370850,0.000688,,,kitt_peak_1993,depth 0.94; 1 window
127I2 P(76) 12-2,,frequency,16619.766324,0.000801,,,kitt_peak_1993,depth 0.82; 1 window
127I2 P(77) 12-2,,frequency,16618.142003,0.000484,,,kitt_peak_1993,depth 0.92; 2 windows
127I2 P(78) 12-2,,frequency,16616.496688,0.000860,,,kitt_peak_1993,depth 0.84; 1 window
127I2 P(79) 12-2,,frequency,16614.829800,0.000677,,,kitt_peak_1993,depth 0.91; 1 window
127I2 P(80) 12-2,,frequency,16613.144464,0.000629,,,kitt_peak_1993,depth 0.82; 2 windows
127I2 P(81) 12-2,,frequency,16611.437533,0.000604,,,kitt_peak_1993,depth 0.90; 1 window
127I2 P(82) 12-2,,frequency,16609.709956,0.000746,,,kitt_peak_1993,depth 0.81; 1 window
127I2 P(83) 12-2,,frequency,16607.962307,0.000636,,,kitt_peak_1993,depth 0.87; 1 window
127I2 P(84) 12-2,,frequency,16606.193646,0.000978,,,kitt_peak_1993,depth 0.81; 1 window
127I2 P(85) 12-2,,frequency,16604.404415,0.000578,,,kitt_peak_1993,depth 0.90; 1 window
127I2 P(86) 12-2,,frequency,16602.594360,0.000683,,,kitt_peak_1993,depth 0.78; 1 window
127I2 P(87) 12-2,,frequency,16600.763724,0.000753,,,kitt_peak_1993,depth 0.88; 1 window
127I2 P(88) 12-2,,frequency,16598.912672,0.000486,,,kitt_peak_1993,depth 0.83; 2 windows
127I2 P(89) 12-2,,frequency,16597.041877,0.000587,,,kitt_peak_1993,depth 0.91; 1 window
127I2 P(91) 12-2,,frequency,16593.234897,0.000587,,,kitt_peak_1993,depth 0.88; 1 window
127I2 P(92) 12-2,,frequency,16591.301471,0.000517,,,kitt_peak_1993,depth 0.80; 2 windows
127I2 P(93) 12-2,,frequency,16589.346476,0.000479,,,kitt_peak_1993,depth 0.90; 2 windows
127I2 P(94) 12-2,,frequency,16587.370745,0.000722,,,kitt_peak_1993,depth 0.80; 1 window
127I2 P(95) 12-2,,frequency,16585.375084,0.000509,,,kitt_peak_1993,depth 0.89; 1 window
127I2 P(96) 12-2,,frequency,16583.358926,0.000659,,,kitt_peak_1993,depth 0.72; 1 window
127I2 P(97) 12-2,,frequency,16581.321797,0.000694,,,kitt_peak_1993,depth 0.89; 1 window
127I2 R(100) 12-2,,frequency,16585.841557,0.000627,,,kitt_peak_1993,depth 0.75; 1 window
127I2 R(101) 12-2,,frequency,16583.826261,0.000625,,,kitt_peak_1993,depth 0.79; 1 window
127I2 R(102) 12-2,,frequency,16581.791323,0.000519,,,kitt_peak_1993,depth 0.75; 2 windows
127I2 R(103) 12-2,,frequency,16579.735655,0.000443,,,kitt_peak_1993,depth 0.85; 2 windows
127I2 R(11) 12-2,,frequency,16682.732294,0.000954,,,kitt_peak_1993,depth 0.51; 1 window
127I2 R(29) 12-2,,frequency,16676.198788,0.000954,,,kitt_peak_1993,depth 0.85; 1 window
127I2 R(31) 12-2,,frequency,16675.067077,0.000989,,,kitt_peak_1993,depth 0.86; 1 window
127I2 R(33) 12-2,,frequency,16673.853114,0.000927,,,kitt_peak_1993,depth 0.87; 1 window
127I2 R(35) 12-2,,frequency,16672.557181,0.000938,,,kitt_peak_1993,depth 0.90; 1 window
127I2 R(37) 12-2,,frequency,16671.178749,0.000964,,,kitt_peak_1993,depth 0.91; 1 window
127I2 R(41) 12-2,,frequency,16668.179908,0.000635,,,kitt_peak_1993,depth 0.93; 2 windows
127I2 R(43) 12-2,,frequency,16666.556852,0.001001,,,kitt_peak_1993,depth 0.93; 1 window
127I2 R(44) 12-2,,frequency,16665.715031,0.000723,,,kitt_peak_1993,depth 0.86; 2 windows
127I2 R(45) 12-2,,frequency,16664.853580,0.000815,,,kitt_peak_1993,depth 0.92; 1 window
127I2 R(46) 12-2,,frequency,16663.972760,0.000986,,,kitt_peak_1993,depth 0.84; 1 window
127I2 R(50) 12-2,,frequency,16660.236100,0.000983,,,kitt_peak_1993,depth 0.85; 1 window
127I2 R(51) 12-2,,frequency,16659.251474,0.000908,,,kitt_peak_1993,depth 0.93; 1 window
127I2 R(53) 12-2,,frequency,16657.220129,0.000718,,,kitt_peak_1993,depth 0.93; 1 window
127I2 R(54) 12-2,,frequency,16656.175178,0.000715,,,kitt_peak_1993,depth 0.87; 2 windows
127I2 R(55) 12-2,,frequency,16655.107551,0.000993,,,kitt_peak_1993,depth 0.94; 1 window
127I2 R(56) 12-2,,frequency,16654.021222,0.000658,,,kitt_peak_1993,depth 0.87; 2 windows
127I2 R(57) 12-2,,frequency,16652.913024,0.000885,,,kitt_peak_1993,depth 0.93; 1 window
127I2 R(59) 12-2,,frequency,16650.636061,0.000763,,,kitt_peak_1993,depth 0.91; 1 window
127I2 R(60) 12-2,,frequency,16649.468411,0.000655,,,kitt_peak_1993,depth 0.87; 2 windows
127I2 R(61) 12-2,,frequency,16648.279494,0.000967,,,kitt_peak_1993,depth 0.94; 1 window
127I2 R(62) 12-2,,frequency,16647.067941,0.000620,,,kitt_peak_1993,depth 0.87; 2 windows
127I2 R(65) 12-2,,frequency,16643.316690,0.000959,,,kitt_peak_1993,depth 0.90; 1 window
127I2 R(67) 12-2,,frequency,16640.711552,0.000935,,,kitt_peak_1993,depth 0.92; 1 window
127I2 R(68) 12-2,,frequency,16639.379485,0.000655,,,kitt_peak_1993,depth 0.86; 2 windows
127I2 R(71) 12-2,,frequency,16635.255187,0.000705,,,kitt_peak_1993,depth 0.92; 1 window
127I2 R(72) 12-2,,frequency,16633.841970,0.000946,,,kitt_peak_1993,depth 0.86; 1 window
127I2 R(73) 12-2,,frequency,16632.405303,0.000514,,,kitt_peak_1993,depth 0.93; 2 windows
127I2 R(74) 12-2,,frequency,16630.949547,0.000888,,,kitt_peak_1993,depth 0.80; 1 window
127I2 R(75) 12-2,,frequency,16629.472072,0.000864,,,kitt_peak_1993,depth 0.89; 1 window
127I2 R(77) 12-2,,frequency,16626.456872,0.000669,,,kitt_peak_1993,depth 0.90; 1 window
127I2 R(78) 12-2,,frequency,16624.917805,0.000593,,,kitt_peak_1993,depth 0.83; 2 windows
127I2 R(79) 12-2,,frequency,16623.358996,0.000683,,,kitt_peak_1993,depth 0.91; 1 window
127I2 R(80) 12-2,,frequency,16621.779282,0.000819,,,kitt_peak_1993,depth 0.84; 1 window
127I2 R(81) 12-2,,frequency,16620.179144,0.000678,,,kitt_peak_1993,depth 0.92; 2 windows
127I2 R(82) 12-2,,frequency,16618.557745,0.000841,,,kitt_peak_1993,depth 0.79; 1 window
127I2 R(83) 12-2,,frequency,16616.915585,0.000761,,,kitt_peak_1993,depth 0.91; 1 window
127I2 R(84) 12-2,,frequency,16615.253174,0.000681,,,kitt_peak_1993,depth 0.81; 2 windows
127I2 R(85) 12-2,,frequency,16613.570756,0.000529,,,kitt_peak_1993,depth 0.89; 2 windows
127I2 R(88) 12-2,,frequency,16608.396225,0.000558,,,kitt_peak_1993,depth 0.78; 2 windows
127I2 R(89) 12-2,,frequency,16606.631358,0.000660,,,kitt_peak_1993,depth 0.84; 1 window
127I2 R(90) 12-2,,frequency,16604.844768,0.000739,,,kitt_peak_1993,depth 0.77; 1 window
127I2 R(91) 12-2,,frequency,16603.037820,0.000535,,,kitt_peak_1993,depth 0.85; 1 window
127I2 R(92) 12-2,,frequency,16601.209945,0.000957,,,kitt_peak_1993,depth 0.74; 1 window
127I2 R(93) 12-2,,frequency,16599.361578,0.000657,,,kitt_peak_1993,depth 0.84; 1 window
127I2 R(94) 12-2,,frequency,16597.492317,0.000652,,,kitt_peak_1993,depth 0.80; 1 window
127I2 R(95) 12-2,,frequency,16595.601998,0.000582,,,kitt_peak_1993,depth 0.80; 1 window
127I2 R(96) 12-2,,frequency,16593.691099,0.000561,,,kitt_peak_1993,depth 0.74; 2 windows
127I2 R(97) 12-2,,frequency,16591.760089,0.000438,,,kitt_peak_1993,depth 0.87; 2 windows
127I2 R(98) 12-2,,frequency,16589.807582,0.000722,,,kitt_peak_1993,depth 0.75; 1 window
127I2 R(99) 12-2,,frequency,16587.834940,0.000594,,,kitt_peak_1993,depth 0.87; 1 window
127I2 P(49) 12-3,,frequency,16445.325570,0.000682,,,kitt_peak_1993,depth 0.80; 2 windows
127I2 P(55) 12-3,,frequency,16438.662799,0.000979,,,kitt_peak_1993,depth 0.74; 1 window
127I2 P(63) 12-3,,frequency,16428.647424,0.000611,,,kitt_peak_1993,depth 0.86; 2 windows
127I2 P(67) 12-3,,frequency,16423.154203,0.000850,,,kitt_peak_1993,depth 0.73; 1 window
127I2 P(69) 12-3,,frequency,16420.285608,0.000850,,,kitt_peak_1993,depth 0.78; 1 window
127I2 P(70) 12-3,,frequency,16418.821676,0.000687,,,kitt_peak_1993,depth 0.74; 2 windows
127I2 P(71) 12-3,,frequency,16417.337562,0.000936,,,kitt_peak_1993,depth 0.84; 1 window
127I2 P(73) 12-3,,frequency,16414.306768,0.000577,,,kitt_peak_1993,depth 0.83; 2 windows
127I2 P(76) 12-3,,frequency,16409.607434,0.000944,,,kitt_peak_1993,depth 0.55; 1 window
127I2 P(77) 12-3,,frequency,16408.001978,0.000991,,,kitt_peak_1993,depth 0.73; 1 window
127I2 P(78) 12-3,,frequency,16406.374907,0.001009,,,kitt_peak_1993,depth 0.64; 1 window
127I2 P(82) 12-3,,frequency,16399.660997,0.000960,,,kitt_peak_1993,depth 0.58; 1 window
127I2 P(83) 12-3,,frequency,16397.933811,0.000714,,,kitt_peak_1993,depth 0.70; 1 window
127I2 P(84) 12-3,,frequency,16396.185223,0.000940,,,kitt_peak_1993,depth 0.72; 1 window
127I2 P(85) 12-3,,frequency,16394.415277,0.000556,,,kitt_peak_1993,depth 0.83; 2 windows
127I2 P(87) 12-3,,frequency,16390.815567,0.000672,,,kitt_peak_1993,depth 0.68; 1 window
127I2 P(88) 12-3,,frequency,16388.984529,0.000872,,,kitt_peak_1993,depth 0.53; 1 window
127I2 P(89) 12-3,,frequency,16387.132935,0.000711,,,kitt_peak_1993,depth 0.68; 1 window
127I2 P(90) 12-3,,frequency,16385.261385,0.000668,,,kitt_peak_1993,depth 0.55; 2 windows
127I2 P(91) 12-3,,frequency,16383.369899,0.000711,,,kitt_peak_1993,depth 0.65; 1 window
127I2 P(92) 12-3,,frequency,16381.456807,0.000886,,,kitt_peak_1993,depth 0.53; 1 window
127I2 P(94) 12-3,,frequency,16377.572806,0.000989,,,kitt_peak_1993,depth 0.51; 1 window
127I2 P(95) 12-3,,frequency,16375.596782,0.000566,,,kitt_peak_1993,depth 0.63; 2 windows
127I2 P(97) 12-3,,frequency,16371.588075,0.000790,,,kitt_peak_1993,depth 0.61; 1 window
127I2 P(99) 12-3,,frequency,16367.497167,0.000866,,,kitt_peak_1993,depth 0.59; 1 window
127I2 R(100) 12-3,,frequency,16376.177032,0.000954,,,kitt_peak_1993,depth 0.47; 1 window
127I2 R(101) 12-3,,frequency,16374.185389,0.000695,,,kitt_peak_1993,depth 0.58; 1 window
127I2 R(102) 12-3,,frequency,16372.174038,0.000923,,,kitt_peak_1993,depth 0.46; 1 window
127I2 R(103) 12-3,,frequency,16370.141477,0.000719,,,kitt_peak_1993,depth 0.57; 1 window
127I2 R(104) 12-3,,frequency,16368.088724,0.001018,,,kitt_peak_1993,depth 0.44; 1 window
127I2 R(55) 12-3,,frequency,16444.627129,0.000973,,,kitt_peak_1993,depth 0.81; 1 window
127I2 R(57) 12-3,,frequency,16442.460552,0.000672,,,kitt_peak_1993,depth 0.83; 2 windows
127I2 R(59) 12-3,,frequency,16440.210493,0.001000,,,kitt_peak_1993,depth 0.75; 1 window
127I2 R(63) 12-3,,frequency,16435.468835,0.000688,,,kitt_peak_1993,depth 0.79; 2 windows
127I2 R(67) 12-3,,frequency,16430.401951,0.000897,,,kitt_peak_1993,depth 0.86; 1 window
127I2 R(71) 12-3,,frequency,16425.010887,0.000800,,,kitt_peak_1993,depth 0.78; 1 window
127I2 R(73) 12-3,,frequency,16422.195805,0.001016,,,kitt_peak_1993,depth 0.72; 1 window
127I2 R(75) 12-3,,frequency,16419.295037,0.000792,,,kitt_peak_1993,depth 0.76; 1 window
127I2 R(77) 12-3,,frequency,16416.316342,0.000616,,,kitt_peak_1993,depth 0.83; 2 windows
127I2 R(79) 12-3,,frequency,16413.256118,0.000805,,,kitt_peak_1993,depth 0.76; 1 window
127I2 R(80) 12-3,,frequency,16411.691626,0.000998,,,kitt_peak_1993,depth 0.54; 1 window
127I2 R(81) 12-3,,frequency,16410.112341,0.000917,,,kitt_peak_1993,depth 0.66; 1 window
127I2 R(83) 12-3,,frequency,16406.887337,0.000672,,,kitt_peak_1993,depth 0.74; 2 windows
127I2 R(85) 12-3,,frequency,16403.580891,0.000876,,,kitt_peak_1993,depth 0.70; 1 window
127I2 R(88) 12-3,,frequency,16398.469103,0.000960,,,kitt_peak_1993,depth 0.55; 1 window
127I2 R(91) 12-3,,frequency,16393.172573,0.000781,,,kitt_peak_1993,depth 0.67; 1 window
127I2 R(92) 12-3,,frequency,16391.365745,0.000829,,,kitt_peak_1993,depth 0.53; 1 window
127I2 R(93) 12-3,,frequency,16389.539489,0.000808,,,kitt_peak_1993,depth 0.63; 1 window
127I2 R(94) 12-3,,frequency,16387.690248,0.000722,,,kitt_peak_1993,depth 0.52; 2 windows
127I2 R(96) 12-3,,frequency,16383.934814,0.000879,,,kitt_peak_1993,depth 0.50; 1 window
127I2 R(97) 12-3,,frequency,16382.025865,0.000764,,,kitt_peak_1993,depth 0.62; 1 window
127I2 R(99) 12-3,,frequency,16378.147080,0.000606,,,kitt_peak_1993,depth 0.61; 2 windows
127I2 P(21) 13-1,,frequency,16993.950786,0.001019,,,kitt_peak_1993,depth 0.93; 1 window
127I2 P(37) 13-1,,frequency,16983.212306,0.000921,,,kitt_peak_1993,depth 0.95; 1 window
127I2 P(39) 13-1,,frequency,16981.492627,0.000927,,,kitt_peak_1993,depth 0.96; 1 window
127I2 P(51) 13-1,,frequency,16969.409012,0.000834,,,kitt_peak_1993,depth 0.97; 1 window
127I2 P(53) 13-1,,frequency,16967.100725,0.001020,,,kitt_peak_1993,depth 0.96; 1 window
127I2 P(58) 13-1,,frequency,16960.961423,0.000979,,,kitt_peak_1993,depth 0.90; 1 window
127I2 P(59) 13-1,,frequency,16959.670208,0.000869,,,kitt_peak_1993,depth 0.96; 1 window
127I2 P(63) 13-1,,frequency,16954.295129,0.000643,,,kitt_peak_1993,depth 0.97; 2 windows
127I2 P(65) 13-1,,frequency,16951.481021,0.000918,,,kitt_peak_1993,depth 0.98; 1 window
127I2 P(68) 13-1,,frequency,16947.100883,0.000729,,,kitt_peak_1993,depth 0.89; 2 windows
127I2 P(69) 13-1,,frequency,16945.599094,0.000989,,,kitt_peak_1993,depth 0.95; 1 window
127I2 P(70) 13-1,,frequency,16944.077333,0.000711,,,kitt_peak_1993,depth 0.90; 2 windows
127I2 P(71) 13-1,,frequency,16942.532593,0.000794,,,kitt_peak_1993,depth 0.96; 1 window
127I2 P(75) 13-1,,frequency,16936.144102,0.000951,,,kitt_peak_1993,depth 0.96; 1 window
127I2 P(76) 13-1,,frequency,16934.493271,0.000700,,,kitt_peak_1993,depth 0.89; 2 windows
127I2 P(77) 13-1,,frequency,16932.821531,0.000751,,,kitt_peak_1993,depth 0.92; 1 window
127I2 P(78) 13-1,,frequency,16931.129638,0.000876,,,kitt_peak_1993,depth 0.87; 1 window
127I2 P(79) 13-1,,frequency,16929.417720,0.000916,,,kitt_peak_1993,depth 0.95; 1 window
127I2 P(81) 13-1,,frequency,16925.926182,0.000915,,,kitt_peak_1993,depth 0.95; 1 window
127I2 P(82) 13-1,,frequency,16924.148663,0.000860,,,kitt_peak_1993,depth 0.84; 1 window
127I2 P(84) 13-1,,frequency,16920.529796,0.000648,,,kitt_peak_1993,depth 0.83; 2 windows
127I2 P(85) 13-1,,frequency,16918.688304,0.000833,,,kitt_peak_1993,depth 0.91; 1 window
127I2 P(86) 13-1,,frequency,16916.825780,0.000864,,,kitt_peak_1993,depth 0.86; 1 window
127I2 P(87) 13-1,,frequency,16914.942622,0.000867,,,kitt_peak_1993,depth 0.91; 1 window
127I2 P(89) 13-1,,frequency,16911.111138,0.000527,,,kitt_peak_1993,depth 0.93; 2 windows
127I2 P(90) 13-1,,frequency,16909.163263,0.000895,,,kitt_peak_1993,depth 0.85; 1 window
127I2 P(92) 13-1,,frequency,16905.205210,0.000923,,,kitt_peak_1993,depth 0.81; 1 window
127I2 P(93) 13-1,,frequency,16903.193408,0.000581,,,kitt_peak_1993,depth 0.93; 2 windows
127I2 P(94) 13-1,,frequency,16901.160460,0.000619,,,kitt_peak_1993,depth 0.84; 2 windows
127I2 P(95) 13-1,,frequency,16899.107252,0.000499,,,kitt_peak_1993,depth 0.90; 2 windows
127I2 R(100) 13-1,,frequency,16899.197525,0.000886,,,kitt_peak_1993,depth 0.76; 1 window
127I2 R(101) 13-1,,frequency,16897.119230,0.000880,,,kitt_peak_1993,depth 0.87; 1 window
127I2 R(23) 13-1,,frequency,16995.413372,0.000939,,,kitt_peak_1993,depth 0.89; 1 window
127I2 R(25) 13-1,,frequency,16994.494568,0.000639,,,kitt_peak_1993,depth 0.96; 2 windows
127I2 R(27) 13-1,,frequency,16993.491898,0.000931,,,kitt_peak_1993,depth 0.96; 1 window
127I2 R(29) 13-1,,frequency,16992.404755,0.000986,,,kitt_peak_1993,depth 0.97; 1 window
127I2 R(33) 13-1,,frequency,16989.981062,0.000949,,,kitt_peak_1993,depth 0.95; 1 window
127I2 R(37) 13-1,,frequency,16987.219935,0.000624,,,kitt_peak_1993,depth 0.96; 2 windows
127I2 R(40) 13-1,,frequency,16984.929784,0.000972,,,kitt_peak_1993,depth 0.90; 1 window
127I2 R(44) 13-1,,frequency,16981.579460,0.001014,,,kitt_peak_1993,depth 0.91; 1 window
127I2 R(45) 13-1,,frequency,16980.688672,0.000635,,,kitt_peak_1993,depth 0.97; 2 windows
127I2 R(66) 13-1,,frequency,16957.134553,0.000978,,,kitt_peak_1993,depth 0.88; 1 window
127I2 R(67) 13-1,,frequency,16955.780272,0.000933,,,kitt_peak_1993,depth 0.96; 1 window
127I2 R(69) 13-1,,frequency,16953.008800,0.000856,,,kitt_peak_1993,depth 0.97; 1 window
127I2 R(70) 13-1,,frequency,16951.592231,0.000855,,,kitt_peak_1993,depth 0.93; 1 window
127I2 R(71) 13-1,,frequency,16950.150913,0.000882,,,kitt_peak_1993,depth 0.97; 1 window
127I2 R(72) 13-1,,frequency,16948.695963,0.001000,,,kitt_peak_1993,depth 0.88; 1 window
127I2 R(73) 13-1,,frequency,16947.213641,0.000874,,,kitt_peak_1993,depth 0.95; 1 window
127I2 R(75) 13-1,,frequency,16944.188051,0.000652,,,kitt_peak_1993,depth 0.96; 2 windows
127I2 R(77) 13-1,,frequency,16941.077800,0.000729,,,kitt_peak_1993,depth 0.94; 1 window
127I2 R(78) 13-1,,frequency,16939.490739,0.000979,,,kitt_peak_1993,depth 0.87; 1 window
127I2 R(79) 13-1,,frequency,16937.883180,0.000809,,,kitt_peak_1993,depth 0.94; 1 window
127I2 R(81) 13-1,,frequency,16934.603245,0.000577,,,kitt_peak_1993,depth 0.94; 2 windows
127I2 R(82) 13-1,,frequency,16932.931697,0.000989,,,kitt_peak_1993,depth 0.82; 1 window
127I2 R(83) 13-1,,frequency,16931.238096,0.000748,,,kitt_peak_1993,depth 0.93; 1 window
127I2 R(85) 13-1,,frequency,16927.788331,0.000574,,,kitt_peak_1993,depth 0.93; 2 windows
127I2 R(87) 13-1,,frequency,16924.254977,0.000851,,,kitt_peak_1993,depth 0.90; 1 window
127I2 R(88) 13-1,,frequency,16922.453482,0.000877,,,kitt_peak_1993,depth 0.81; 1 window
127I2 R(91) 13-1,,frequency,16916.927695,0.000749,,,kitt_peak_1993,depth 0.92; 1 window
127I2 R(93) 13-1,,frequency,16913.136807,0.000690,,,kitt_peak_1993,depth 0.91; 2 windows
127I2 R(95) 13-1,,frequency,16909.261282,0.000742,,,kitt_peak_1993,depth 0.91; 1 window
127I2 R(98) 13-1,,frequency,16903.287058,0.000684,,,kitt_peak_1993,depth 0.81; 2 windows
127I2 R(99) 13-1,,frequency,16901.251904,0.000598,,,kitt_peak_1993,depth 0.90; 2 windows
127I2 P(35) 13-2,,frequency,16772.921144,0.000974,,,kitt_peak_1993,depth 0.91; 1 window
127I2 P(37) 13-2,,frequency,16771.302148,0.000621,,,kitt_peak_1993,depth 0.94; 2 windows
127I2 P(40) 13-2,,frequency,16768.718128,0.000936,,,kitt_peak_1993,depth 0.89; 1 window
127I2 P(41) 13-2,,frequency,16767.814845,0.000795,,,kitt_peak_1993,depth 0.96; 1 window
127I2 P(47) 13-2,,frequency,16761.959785,0.000666,,,kitt_peak_1993,depth 0.96; 2 windows
127I2 P(49) 13-2,,frequency,16759.844323,0.000977,,,kitt_peak_1993,depth 0.95; 1 window
127I2 P(50) 13-2,,frequency,16758.753985,0.000880,,,kitt_peak_1993,depth 0.88; 1 window
127I2 P(54) 13-2,,frequency,16754.184023,0.000910,,,kitt_peak_1993,depth 0.87; 1 window
127I2 P(55) 13-2,,frequency,16752.990042,0.000997,,,kitt_peak_1993,depth 0.94; 1 window
127I2 P(56) 13-2,,frequency,16751.777886,0.000998,,,kitt_peak_1993,depth 0.86; 1 window
127I2 P(57) 13-2,,frequency,16750.539930,0.000897,,,kitt_peak_1993,depth 0.94; 1 window
127I2 P(58) 13-2,,frequency,16749.283608,0.000770,,,kitt_peak_1993,depth 0.81; 1 window
127I2 P(59) 13-2,,frequency,16748.006004,0.000888,,,kitt_peak_1993,depth 0.90; 1 window
127I2 P(61) 13-2,,frequency,16745.389446,0.000635,,,kitt_peak_1993,depth 0.95; 2 windows
127I2 P(62) 13-2,,frequency,16744.048546,0.000850,,,kitt_peak_1993,depth 0.88; 1 window
127I2 P(63) 13-2,,frequency,16742.687909,0.000497,,,kitt_peak_1993,depth 0.96; 2 windows
127I2 P(64) 13-2,,frequency,16741.307736,0.000848,,,kitt_peak_1993,depth 0.90; 1 window
127I2 P(65) 13-2,,frequency,16739.903767,0.000703,,,kitt_peak_1993,depth 0.96; 1 window
127I2 P(66) 13-2,,frequency,16738.479467,0.000835,,,kitt_peak_1993,depth 0.89; 1 window
127I2 P(67) 13-2,,frequency,16737.034938,0.000698,,,kitt_peak_1993,depth 0.96; 1 window
127I2 P(68) 13-2,,frequency,16735.569427,0.000574,,,kitt_peak_1993,depth 0.89; 2 windows
127I2 P(69) 13-2,,frequency,16734.083707,0.000609,,,kitt_peak_1993,depth 0.95; 1 window
127I2 P(70) 13-2,,frequency,16732.577341,0.000722,,,kitt_peak_1993,depth 0.88; 1 window
127I2 P(71) 13-2,,frequency,16731.049307,0.000430,,,kitt_peak_1993,depth 0.96; 2 windows
127I2 P(72) 13-2,,frequency,16729.500355,0.000732,,,kitt_peak_1993,depth 0.91; 1 window
127I2 P(74) 13-2,,frequency,16726.340687,0.000552,,,kitt_peak_1993,depth 0.88; 2 windows
127I2 P(75) 13-2,,frequency,16724.728543,0.000722,,,kitt_peak_1993,depth 0.93; 1 window
127I2 P(76) 13-2,,frequency,16723.095628,0.000923,,,kitt_peak_1993,depth 0.88; 1 window
127I2 P(77) 13-2,,frequency,16721.442255,0.000462,,,kitt_peak_1993,depth 0.96; 2 windows
127I2 P(78) 13-2,,frequency,16719.767167,0.000710,,,kitt_peak_1993,depth 0.89; 1 window
127I2 P(79) 13-2,,frequency,16718.072405,0.000597,,,kitt_peak_1993,depth 0.93; 1 window
127I2 P(80) 13-2,,frequency,16716.356066,0.000540,,,kitt_peak_1993,depth 0.88; 2 windows
127I2 P(81) 13-2,,frequency,16714.618257,0.000584,,,kitt_peak_1993,depth 0.94; 1 window
127I2 P(83) 13-2,,frequency,16711.080962,0.000625,,,kitt_peak_1993,depth 0.91; 1 window
127I2 P(84) 13-2,,frequency,16709.279477,0.000556,,,kitt_peak_1993,depth 0.85; 2 windows
127I2 P(85) 13-2,,frequency,16707.458535,0.000780,,,kitt_peak_1993,depth 0.93; 1 window
127I2 P(86) 13-2,,frequency,16705.616362,0.000592,,,kitt_peak_1993,depth 0.86; 1 window
127I2 P(87) 13-2,,frequency,16703.752795,0.000631,,,kitt_peak_1993,depth 0.92; 1 window
127I2 P(88) 13-2,,frequency,16701.866986,0.000573,,,kitt_peak_1993,depth 0.83; 2 windows
127I2 P(89) 13-2,,frequency,16699.962236,0.000606,,,kitt_peak_1993,depth 0.92; 2 windows
127I2 P(90) 13-2,,frequency,16698.036860,0.000757,,,kitt_peak_1993,depth 0.83; 1 window
127I2 P(91) 13-2,,frequency,16696.087707,0.000503,,,kitt_peak_1993,depth 0.92; 1 window
127I2 P(93) 13-2,,frequency,16692.130070,0.000493,,,kitt_peak_1993,depth 0.89; 2 windows
127I2 P(94) 13-2,,frequency,16690.118948,0.000655,,,kitt_peak_1993,depth 0.78; 2 windows
127I2 P(95) 13-2,,frequency,16688.087396,0.000590,,,kitt_peak_1993,depth 0.87; 1 window
127I2 P(96) 13-2,,frequency,16686.033964,0.000676,,,kitt_peak_1993,depth 0.74; 1 window
127I2 P(97) 13-2,,frequency,16683.959156,0.000566,,,kitt_peak_1993,depth 0.74; 1 window
127I2 R(100) 13-2,,frequency,16688.286207,0.000871,,,kitt_peak_1993,depth 0.73; 1 window
127I2 R(102) 13-2,,frequency,16684.159382,0.000944,,,kitt_peak_1993,depth 0.57; 1 window
127I2 R(23) 13-2,,frequency,16783.406317,0.001018,,,kitt_peak_1993,depth 0.90; 1 window
127I2 R(27) 13-2,,frequency,16781.509027,0.001002,,,kitt_peak_1993,depth 0.87; 1 window
127I2 R(33) 13-2,,frequency,16778.037787,0.001016,,,kitt_peak_1993,depth 0.90; 1 window
127I2 R(47) 13-2,,frequency,16767.033724,0.000675,,,kitt_peak_1993,depth 0.96; 2 windows
127I2 R(48) 13-2,,frequency,16766.091229,0.000955,,,kitt_peak_1993,depth 0.88; 1 window
127I2 R(49) 13-2,,frequency,16765.127536,0.000849,,,kitt_peak_1993,depth 0.95; 1 window
127I2 R(51) 13-2,,frequency,16763.140253,0.000904,,,kitt_peak_1993,depth 0.97; 1 window
127I2 R(52) 13-2,,frequency,16762.115132,0.000667,,,kitt_peak_1993,depth 0.91; 2 windows
127I2 R(53) 13-2,,frequency,16761.068850,0.000791,,,kitt_peak_1993,depth 0.96; 1 window
127I2 R(55) 13-2,,frequency,16758.914884,0.000977,,,kitt_peak_1993,depth 0.95; 1 window
127I2 R(57) 13-2,,frequency,16756.675870,0.000752,,,kitt_peak_1993,depth 0.93; 1 window
127I2 R(58) 13-2,,frequency,16755.525920,0.000886,,,kitt_peak_1993,depth 0.85; 1 window
127I2 R(59) 13-2,,frequency,16754.355032,0.000764,,,kitt_peak_1993,depth 0.94; 1 window
127I2 R(60) 13-2,,frequency,16753.162503,0.000763,,,kitt_peak_1993,depth 0.87; 1 window
127I2 R(61) 13-2,,frequency,16751.949570,0.000800,,,kitt_peak_1993,depth 0.94; 1 window
127I2 R(63) 13-2,,frequency,16749.461437,0.000850,,,kitt_peak_1993,depth 0.90; 1 window
127I2 R(64) 13-2,,frequency,16748.185598,0.000995,,,kitt_peak_1993,depth 0.80; 1 window
127I2 R(65) 13-2,,frequency,16746.888493,0.000763,,,kitt_peak_1993,depth 0.92; 1 window
127I2 R(67) 13-2,,frequency,16744.231436,0.000790,,,kitt_peak_1993,depth 0.94; 1 window
127I2 R(68) 13-2,,frequency,16742.872355,0.000660,,,kitt_peak_1993,depth 0.89; 2 windows
127I2 R(69) 13-2,,frequency,16741.492092,0.000703,,,kitt_peak_1993,depth 0.96; 1 window
127I2 R(70) 13-2,,frequency,16740.090548,0.000579,,,kitt_peak_1993,depth 0.89; 2 windows
127I2 R(71) 13-2,,frequency,16738.668654,0.000701,,,kitt_peak_1993,depth 0.95; 1 window
127I2 R(72) 13-2,,frequency,16737.224696,0.000962,,,kitt_peak_1993,depth 0.89; 1 window
127I2 R(73) 13-2,,frequency,16735.761997,0.000468,,,kitt_peak_1993,depth 0.95; 2 windows
127I2 R(74) 13-2,,frequency,16734.276475,0.000775,,,kitt_peak_1993,depth 0.87; 1 window
127I2 R(75) 13-2,,frequency,16732.770388,0.000879,,,kitt_peak_1993,depth 0.94; 1 window
127I2 R(76) 13-2,,frequency,16731.245351,0.000749,,,kitt_peak_1993,depth 0.87; 1 window
127I2 R(77) 13-2,,frequency,16729.696348,0.000712,,,kitt_peak_1993,depth 0.96; 1 window
127I2 R(78) 13-2,,frequency,16728.127400,0.000551,,,kitt_peak_1993,depth 0.89; 2 windows
127I2 R(79) 13-2,,frequency,16726.538123,0.000639,,,kitt_peak_1993,depth 0.94; 1 window
127I2 R(80) 13-2,,frequency,16724.927029,0.000805,,,kitt_peak_1993,depth 0.83; 1 window
127I2 R(81) 13-2,,frequency,16723.295358,0.000468,,,kitt_peak_1993,depth 0.94; 2 windows
127I2 R(82) 13-2,,frequency,16721.641939,0.000923,,,kitt_peak_1993,depth 0.86; 1 window
127I2 R(83) 13-2,,frequency,16719.967972,0.000623,,,kitt_peak_1993,depth 0.94; 1 window
127I2 R(84) 13-2,,frequency,16718.272853,0.000833,,,kitt_peak_1993,depth 0.83; 1 window
127I2 R(85) 13-2,,frequency,16716.557388,0.000503,,,kitt_peak_1993,depth 0.93; 2 windows
127I2 R(86) 13-2,,frequency,16714.820292,0.000995,,,kitt_peak_1993,depth 0.85; 1 window
127I2 R(87) 13-2,,frequency,16713.063173,0.000710,,,kitt_peak_1993,depth 0.92; 1 window
127I2 R(88) 13-2,,frequency,16711.284266,0.000640,,,kitt_peak_1993,depth 0.83; 2 windows
127I2 R(89) 13-2,,frequency,16709.484453,0.000491,,,kitt_peak_1993,depth 0.91; 2 windows
127I2 R(90) 13-2,,frequency,16707.662104,0.000802,,,kitt_peak_1993,depth 0.82; 1 window
127I2 R(91) 13-2,,frequency,16705.819908,0.000572,,,kitt_peak_1993,depth 0.92; 1 window
127I2 R(92) 13-2,,frequency,16703.957244,0.000845,,,kitt_peak_1993,depth 0.81; 1 window
127I2 R(93) 13-2,,frequency,16702.072839,0.000553,,,kitt_peak_1993,depth 0.90; 2 windows
127I2 R(94) 13-2,,frequency,16700.167065,0.000851,,,kitt_peak_1993,depth 0.79; 1 window
127I2 R(95) 13-2,,frequency,16698.239612,0.000574,,,kitt_peak_1993,depth 0.89; 1 window
127I2 R(98) 13-2,,frequency,16692.331681,0.000619,,,kitt_peak_1993,depth 0.76; 2 windows
127I2 R(99) 13-2,,frequency,16690.321346,0.000532,,,kitt_peak_1993,depth 0.85; 2 windows
127I2 P(57) 13-3,,frequency,16540.086810,0.000957,,,kitt_peak_1993,depth 0.74; 1 window
127I2 P(73) 13-3,,frequency,16517.718666,0.000878,,,kitt_peak_1993,depth 0.74; 1 window
127I2 P(77) 13-3,,frequency,16511.301534,0.000867,,,kitt_peak_1993,depth 0.74; 1 window
127I2 P(79) 13-3,,frequency,16507.968217,0.000894,,,kitt_peak_1993,depth 0.71; 1 window
127I2 P(81) 13-3,,frequency,16504.551480,0.000882,,,kitt_peak_1993,depth 0.72; 1 window
127I2 P(83) 13-3,,frequency,16501.051905,0.000858,,,kitt_peak_1993,depth 0.70; 1 window
127I2 P(85) 13-3,,frequency,16497.469517,0.000894,,,kitt_peak_1993,depth 0.68; 1 window
127I2 P(87) 13-3,,frequency,16493.803433,0.000831,,,kitt_peak_1993,depth 0.67; 1 window
127I2 P(89) 13-3,,frequency,16490.054785,0.000873,,,kitt_peak_1993,depth 0.63; 1 window
127I2 P(91) 13-3,,frequency,16486.223210,0.000650,,,kitt_peak_1993,depth 0.63; 2 windows
127I2 P(93) 13-3,,frequency,16482.306941,0.000808,,,kitt_peak_1993,depth 0.60; 1 window
127I2 P(95) 13-3,,frequency,16478.308817,0.000753,,,kitt_peak_1993,depth 0.58; 1 window
127I2 P(96) 13-3,,frequency,16476.277866,0.000671,,,kitt_peak_1993,depth 0.46; 2 windows
127I2 P(97) 13-3,,frequency,16474.226067,0.000591,,,kitt_peak_1993,depth 0.57; 2 windows
127I2 R(101) 13-3,,frequency,16476.593384,0.000605,,,kitt_peak_1993,depth 0.54; 2 windows
127I2 R(73) 13-3,,frequency,16525.553039,0.000942,,,kitt_peak_1993,depth 0.70; 1 window
127I2 R(77) 13-3,,frequency,16519.558982,0.000905,,,kitt_peak_1993,depth 0.73; 1 window
127I2 R(85) 13-3,,frequency,16506.571037,0.000929,,,kitt_peak_1993,depth 0.70; 1 window
127I2 R(87) 13-3,,frequency,16503.116408,0.001000,,,kitt_peak_1993,depth 0.68; 1 window
127I2 R(91) 13-3,,frequency,16495.955003,0.000980,,,kitt_peak_1993,depth 0.65; 1 window
127I2 R(97) 13-3,,frequency,16484.589526,0.000846,,,kitt_peak_1993,depth 0.58; 1 window
127I2 R(99) 13-3,,frequency,16480.633482,0.000907,,,kitt_peak_1993,depth 0.56; 1 window
127I2 P(41) 14-1,,frequency,17081.995007,0.000921,,,kitt_peak_1993,depth 0.98; 1 window
127I2 P(45) 14-1,,frequency,17078.070089,0.000999,,,kitt_peak_1993,depth 0.99; 1 window
127I2 P(52) 14-1,,frequency,17070.376991,0.000964,,,kitt_peak_1993,depth 0.96; 1 window
127I2 P(53) 14-1,,frequency,17069.192957,0.000646,,,kitt_peak_1993,depth 0.99; 2 windows
127I2 P(54) 14-1,,frequency,17067.985864,0.000920,,,kitt_peak_1993,depth 0.95; 1 window
127I2 P(55) 14-1,,frequency,17066.758363,0.000544,,,kitt_peak_1993,depth 0.99; 2 windows
127I2 P(57) 14-1,,frequency,17064.238426,0.000620,,,kitt_peak_1993,depth 0.99; 2 windows
127I2 P(59) 14-1,,frequency,17061.634936,0.000547,,,kitt_peak_1993,depth 0.99; 2 windows
127I2 P(61) 14-1,,frequency,17058.944793,0.000905,,,kitt_peak_1993,depth 0.99; 1 window
127I2 P(66) 14-1,,frequency,17051.838380,0.000950,,,kitt_peak_1993,depth 0.96; 1 window
127I2 P(67) 14-1,,frequency,17050.355314,0.000594,,,kitt_peak_1993,depth 0.99; 2 windows
127I2 P(69) 14-1,,frequency,17047.318859,0.000612,,,kitt_peak_1993,depth 0.99; 2 windows
127I2 P(70) 14-1,,frequency,17045.769565,0.000886,,,kitt_peak_1993,depth 0.95; 1 window
127I2 P(71) 14-1,,frequency,17044.198174,0.000730,,,kitt_peak_1993,depth 0.97; 1 window
127I2 P(72) 14-1,,frequency,17042.606018,0.000619,,,kitt_peak_1993,depth 0.92; 2 windows
127I2 P(74) 14-1,,frequency,17039.353661,0.000872,,,kitt_peak_1993,depth 0.93; 1 window
127I2 P(75) 14-1,,frequency,17037.695072,0.000546,,,kitt_peak_1993,depth 0.98; 2 windows
127I2 P(76) 14-1,,frequency,17036.015952,0.000917,,,kitt_peak_1993,depth 0.94; 1 window
127I2 P(77) 14-1,,frequency,17034.314634,0.000958,,,kitt_peak_1993,depth 0.98; 1 window
127I2 P(78) 14-1,,frequency,17032.591888,0.000879,,,kitt_peak_1993,depth 0.94; 1 window
127I2 P(79) 14-1,,frequency,17030.846581,0.000643,,,kitt_peak_1993,depth 0.98; 2 windows
127I2 P(80) 14-1,,frequency,17029.082320,0.000809,,,kitt_peak_1993,depth 0.92; 1 window
127I2 P(81) 14-1,,frequency,17027.293552,0.000633,,,kitt_peak_1993,depth 0.98; 1 window
127I2 P(82) 14-1,,frequency,17025.484365,0.000895,,,kitt_peak_1993,depth 0.92; 1 window
127I2 P(83) 14-1,,frequency,17023.655265,0.000562,,,kitt_peak_1993,depth 0.97; 2 windows
127I2 P(84) 14-1,,frequency,17021.803168,0.000808,,,kitt_peak_1993,depth 0.91; 1 window
127I2 P(86) 14-1,,frequency,17018.033259,0.000776,,,kitt_peak_1993,depth 0.91; 1 window
127I2 P(87) 14-1,,frequency,17016.117073,0.000482,,,kitt_peak_1993,depth 0.97; 2 windows
127I2 P(88) 14-1,,frequency,17014.178518,0.000639,,,kitt_peak_1993,depth 0.94; 2 windows
127I2 P(89) 14-1,,frequency,17012.217578,0.000665,,,kitt_peak_1993,depth 0.98; 1 window
127I2 P(90) 14-1,,frequency,17010.235588,0.000739,,,kitt_peak_1993,depth 0.91; 1 window
127I2 P(91) 14-1,,frequency,17008.231437,0.000780,,,kitt_peak_1993,depth 0.93; 1 window
127I2 P(92) 14-1,,frequency,17006.205824,0.000799,,,kitt_peak_1993,depth 0.90; 1 window
127I2 P(93) 14-1,,frequency,17004.158498,0.000498,,,kitt_peak_1993,depth 0.96; 2 windows
127I2 R(37) 14-1,,frequency,17089.557395,0.001011,,,kitt_peak_1993,depth 0.98; 1 window
127I2 R(39) 14-1,,frequency,17088.020965,0.000874,,,kitt_peak_1993,depth 0.98; 1 window
127I2 R(47) 14-1,,frequency,17081.015475,0.000672,,,kitt_peak_1993,depth 0.99; 2 windows
127I2 R(53) 14-1,,frequency,17074.861747,0.000876,,,kitt_peak_1993,depth 0.98; 1 window
127I2 R(54) 14-1,,frequency,17073.762254,0.000959,,,kitt_peak_1993,depth 0.95; 1 window
127I2 R(55) 14-1,,frequency,17072.640066,0.000895,,,kitt_peak_1993,depth 0.98; 1 window
127I2 R(56) 14-1,,frequency,17071.496414,0.000678,,,kitt_peak_1993,depth 0.96; 2 windows
127I2 R(59) 14-1,,frequency,17067.935572,0.000755,,,kitt_peak_1993,depth 0.99; 1 window
127I2 R(60) 14-1,,frequency,17066.705857,0.000640,,,kitt_peak_1993,depth 0.95; 2 windows
127I2 R(61) 14-1,,frequency,17065.453960,0.000905,,,kitt_peak_1993,depth 0.99; 1 window
127I2 R(64) 14-1,,frequency,17061.573544,0.000963,,,kitt_peak_1993,depth 0.94; 1 window
127I2 R(67) 14-1,,frequency,17057.498153,0.000708,,,kitt_peak_1993,depth 0.99; 2 windows
127I2 R(69) 14-1,,frequency,17054.671646,0.000622,,,kitt_peak_1993,depth 0.99; 2 windows
127I2 R(70) 14-1,,frequency,17053.228054,0.000895,,,kitt_peak_1993,depth 0.96; 1 window
127I2 R(72) 14-1,,frequency,17050.275681,0.000701,,,kitt_peak_1993,depth 0.95; 2 windows
127I2 R(73) 14-1,,frequency,17048.763013,0.000975,,,kitt_peak_1993,depth 0.98; 1 window
127I2 R(77) 14-1,,frequency,17042.511224,0.000619,,,kitt_peak_1993,depth 0.97; 2 windows
127I2 R(78) 14-1,,frequency,17040.892331,0.000845,,,kitt_peak_1993,depth 0.91; 1 window
127I2 R(79) 14-1,,frequency,17039.253185,0.000733,,,kitt_peak_1993,depth 0.97; 1 window
127I2 R(82) 14-1,,frequency,17034.206233,0.000856,,,kitt_peak_1993,depth 0.91; 1 window
127I2 R(83) 14-1,,frequency,17032.479645,0.000957,,,kitt_peak_1993,depth 0.97; 1 window
127I2 R(85) 14-1,,frequency,17028.962767,0.000897,,,kitt_peak_1993,depth 0.96; 1 window
127I2 R(86) 14-1,,frequency,17027.172539,0.000760,,,kitt_peak_1993,depth 0.92; 1 window
127I2 R(87) 14-1,,frequency,17025.359592,0.000771,,,kitt_peak_1993,depth 0.96; 1 window
127I2 R(88) 14-1,,frequency,17023.526666,0.000634,,,kitt_peak_1993,depth 0.90; 2 windows
127I2 R(89) 14-1,,frequency,17021.669198,0.000926,,,kitt_peak_1993,depth 0.96; 1 window
127I2 R(90) 14-1,,frequency,17019.790985,0.000811,,,kitt_peak_1993,depth 0.88; 1 window
127I2 R(91) 14-1,,frequency,17017.891614,0.000688,,,kitt_peak_1993,depth 0.95; 1 window
127I2 R(92) 14-1,,frequency,17015.970660,0.000810,,,kitt_peak_1993,depth 0.90; 1 window
127I2 R(93) 14-1,,frequency,17014.027134,0.000537,,,kitt_peak_1993,depth 0.97; 2 windows
127I2 R(95) 14-1,,frequency,17010.074745,0.000765,,,kitt_peak_1993,depth 0.95; 1 window
127I2 R(96) 14-1,,frequency,17008.067824,0.000827,,,kitt_peak_1993,depth 0.83; 1 window
127I2 R(97) 14-1,,frequency,17006.038304,0.000699,,,kitt_peak_1993,depth 0.95; 1 window
127I2 R(98) 14-1,,frequency,17003.985471,0.000888,,,kitt_peak_1993,depth 0.85; 1 window
127I2 P(37) 14-2,,frequency,16873.667970,0.000915,,,kitt_peak_1993,depth 0.95; 1 window
127I2 P(82) 14-2,,frequency,16814.196528,0.000755,,,kitt_peak_1993,depth 0.89; 1 window
127I2 P(83) 14-2,,frequency,16812.387137,0.000479,,,kitt_peak_1993,depth 0.95; 2 windows
127I2 P(84) 14-2,,frequency,16810.552066,0.000859,,,kitt_peak_1993,depth 0.86; 1 window
127I2 P(85) 14-2,,frequency,16808.699035,0.000534,,,kitt_peak_1993,depth 0.95; 1 window
127I2 P(86) 14-2,,frequency,16806.822052,0.000831,,,kitt_peak_1993,depth 0.85; 1 window
127I2 P(87) 14-2,,frequency,16804.926190,0.000525,,,kitt_peak_1993,depth 0.95; 2 windows
127I2 P(88) 14-2,,frequency,16803.006121,0.000546,,,kitt_peak_1993,depth 0.88; 2 windows
127I2 P(89) 14-2,,frequency,16801.068079,0.000719,,,kitt_peak_1993,depth 0.94; 1 window
127I2 P(90) 14-2,,frequency,16799.105038,0.000653,,,kitt_peak_1993,depth 0.86; 1 window
127I2 P(92) 14-2,,frequency,16795.119063,0.000656,,,kitt_peak_1993,depth 0.87; 1 window
127I2 P(93) 14-2,,frequency,16793.094535,0.000575,,,kitt_peak_1993,depth 0.94; 2 windows
127I2 P(94) 14-2,,frequency,16791.047272,0.000573,,,kitt_peak_1993,depth 0.84; 2 windows
127I2 R(84) 14-2,,frequency,16819.481766,0.000954,,,kitt_peak_1993,depth 0.83; 1 window
127I2 R(85) 14-2,,frequency,16817.732683,0.000752,,,kitt_peak_1993,depth 0.91; 1 window
127I2 R(88) 14-2,,frequency,16812.356482,0.000693,,,kitt_peak_1993,depth 0.86; 2 windows
127I2 R(89) 14-2,,frequency,16810.521948,0.000837,,,kitt_peak_1993,depth 0.92; 1 window
127I2 R(90) 14-2,,frequency,16808.663391,0.000684,,,kitt_peak_1993,depth 0.85; 1 window
127I2 R(91) 14-2,,frequency,16806.784796,0.000538,,,kitt_peak_1993,depth 0.92; 1 window
127I2 R(93) 14-2,,frequency,16802.963752,0.000631,,,kitt_peak_1993,depth 0.93; 2 windows
127I2 R(94) 14-2,,frequency,16801.020508,0.000839,,,kitt_peak_1993,depth 0.84; 1 window
127I2 R(95) 14-2,,frequency,16799.054945,0.000711,,,kitt_peak_1993,depth 0.92; 1 window
127I2 R(96) 14-2,,frequency,16797.070396,0.000630,,,kitt_peak_1993,depth 0.84; 1 window
127I2 R(97) 14-2,,frequency,16795.062007,0.000566,,,kitt_peak_1993,depth 0.92; 1 window
127I2 R(98) 14-2,,frequency,16793.033466,0.000593,,,kitt_peak_1993,depth 0.83; 2 windows
127I2 R(99) 14-2,,frequency,16790.981196,0.000553,,,kitt_peak_1993,depth 0.90; 2 windows
127I2 P(29) 15-0,,frequency,17405.578011,0.000964,,,kitt_peak_1993,depth 0.84; 1 window
127I2 P(77) 15-0,,frequency,17346.587939,0.001007,,,kitt_peak_1993,depth 0.88; 1 window
127I2 R(35) 15-0,,frequency,17404.718925,0.000960,,,kitt_peak_1993,depth 0.85; 1 window
127I2 P(101) 15-1,,frequency,17085.808824,0.000980,,,kitt_peak_1993,depth 0.93; 1 window
127I2 P(32) 15-1,,frequency,17190.198766,0.000961,,,kitt_peak_1993,depth 0.93; 1 window
127I2 P(33) 15-1,,frequency,17189.429614,0.000568,,,kitt_peak_1993,depth 0.98; 2 windows
127I2 P(40) 15-1,,frequency,17183.433923,0.000958,,,kitt_peak_1993,depth 0.95; 1 window
127I2 P(43) 15-1,,frequency,17180.538350,0.000983,,,kitt_peak_1993,depth 0.99; 1 window
127I2 P(45) 15-1,,frequency,17178.498735,0.000745,,,kitt_peak_1993,depth 0.99; 1 window
127I2 P(46) 15-1,,frequency,17177.447536,0.000652,,,kitt_peak_1993,depth 0.96; 2 windows
127I2 P(47) 15-1,,frequency,17176.370873,0.000775,,,kitt_peak_1993,depth 0.99; 1 window
127I2 P(49) 15-1,,frequency,17174.158587,0.000795,,,kitt_peak_1993,depth 0.99; 1 window
127I2 P(51) 15-1,,frequency,17171.856137,0.000927,,,kitt_peak_1993,depth 0.99; 1 window
127I2 P(53) 15-1,,frequency,17169.467846,0.000829,,,kitt_peak_1993,depth 0.99; 1 window
127I2 P(54) 15-1,,frequency,17168.240081,0.000866,,,kitt_peak_1993,depth 0.97; 1 window
127I2 P(55) 15-1,,frequency,17166.991262,0.000815,,,kitt_peak_1993,depth 0.99; 1 window
127I2 P(57) 15-1,,frequency,17164.428571,0.000866,,,kitt_peak_1993,depth 0.99; 1 window
127I2 P(59) 15-1,,frequency,17161.777860,0.000730,,,kitt_peak_1993,depth 0.99; 1 window
127I2 P(60) 15-1,,frequency,17160.420675,0.000661,,,kitt_peak_1993,depth 0.98; 2 windows
127I2 P(61) 15-1,,frequency,17159.039410,0.000760,,,kitt_peak_1993,depth 0.99; 1 window
127I2 P(63) 15-1,,frequency,17156.213378,0.000695,,,kitt_peak_1993,depth 0.99; 1 window
127I2 P(65) 15-1,,frequency,17153.299283,0.000523,,,kitt_peak_1993,depth 0.99; 2 windows
127I2 P(67) 15-1,,frequency,17150.299174,0.000747,,,kitt_peak_1993,depth 0.99; 1 window
127I2 P(68) 15-1,,frequency,17148.764787,0.000917,,,kitt_peak_1993,depth 0.98; 1 window
127I2 P(69) 15-1,,frequency,17147.210759,0.000845,,,kitt_peak_1993,depth 1.00; 1 window
127I2 P(70) 15-1,,frequency,17145.632908,0.000612,,,kitt_peak_1993,depth 0.98; 2 windows
127I2 P(71) 15-1,,frequency,17144.033751,0.000734,,,kitt_peak_1993,depth 0.99; 1 window
127I2 P(72) 15-1,,frequency,17142.412319,0.000773,,,kitt_peak_1993,depth 0.98; 1 window
127I2 P(73) 15-1,,frequency,17140.769580,0.000668,,,kitt_peak_1993,depth 0.99; 1 window
127I2 P(76) 15-1,,frequency,17135.707336,0.000807,,,kitt_peak_1993,depth 0.96; 1 window
127I2 P(77) 15-1,,frequency,17133.976762,0.000591,,,kitt_peak_1993,depth 0.99; 2 windows
127I2 P(78) 15-1,,frequency,17132.223446,0.000943,,,kitt_peak_1993,depth 0.94; 1 window
127I2 P(79) 15-1,,frequency,17130.448114,0.000611,,,kitt_peak_1993,depth 0.99; 1 window
127I2 P(80) 15-1,,frequency,17128.651014,0.000811,,,kitt_peak_1993,depth 0.95; 1 window
127I2 P(81) 15-1,,frequency,17126.831770,0.000493,,,kitt_peak_1993,depth 0.99; 2 windows
127I2 P(83) 15-1,,frequency,17123.127789,0.000648,,,kitt_peak_1993,depth 0.99; 1 window
127I2 P(84) 15-1,,frequency,17121.242443,0.000705,,,kitt_peak_1993,depth 0.95; 1 window
127I2 P(85) 15-1,,frequency,17119.334855,0.000494,,,kitt_peak_1993,depth 0.99; 2 windows
127I2 P(89) 15-1,,frequency,17111.484586,0.000547,,,kitt_peak_1993,depth 0.98; 1 window
127I2 P(90) 15-1,,frequency,17109.466581,0.000928,,,kitt_peak_1993,depth 0.90; 1 window
127I2 P(92) 15-1,,frequency,17105.364772,0.000548,,,kitt_peak_1993,depth 0.88; 2 windows
127I2 P(95) 15-1,,frequency,17099.046180,0.000975,,,kitt_peak_1993,depth 0.95; 1 window
127I2 R(23) 15-1,,frequency,17198.621208,0.000679,,,kitt_peak_1993,depth 0.94; 2 windows
127I2 R(31) 15-1,,frequency,17194.264480,0.000716,,,kitt_peak_1993,depth 0.98; 2 windows
127I2 R(33) 15-1,,frequency,17192.957712,0.000933,,,kitt_peak_1993,depth 0.98; 1 window
127I2 R(35) 15-1,,frequency,17191.564550,0.000647,,,kitt_peak_1993,depth 0.98; 2 windows
127I2 R(38) 15-1,,frequency,17189.309789,0.000666,,,kitt_peak_1993,depth 0.95; 2 windows
127I2 R(39) 15-1,,frequency,17188.514784,0.000780,,,kitt_peak_1993,depth 0.98; 1 window
127I2 R(40) 15-1,,frequency,17187.697979,0.000862,,,kitt_peak_1993,depth 0.95; 1 window
127I2 R(42) 15-1,,frequency,17185.999632,0.000979,,,kitt_peak_1993,depth 0.96; 1 window
127I2 R(45) 15-1,,frequency,17183.286207,0.000786,,,kitt_peak_1993,depth 0.99; 1 window
127I2 R(46) 15-1,,frequency,17182.339377,0.000890,,,kitt_peak_1993,depth 0.97; 1 window
127I2 R(47) 15-1,,frequency,17181.371263,0.000803,,,kitt_peak_1993,depth 0.99; 1 window
127I2 R(53) 15-1,,frequency,17175.093826,0.000718,,,kitt_peak_1993,depth 0.99; 2 windows
127I2 R(55) 15-1,,frequency,17172.829703,0.000849,,,kitt_peak_1993,depth 0.99; 1 window
127I2 R(58) 15-1,,frequency,17169.265323,0.000841,,,kitt_peak_1993,depth 0.97; 1 window
127I2 R(59) 15-1,,frequency,17168.032746,0.000767,,,kitt_peak_1993,depth 0.99; 1 window
127I2 R(60) 15-1,,frequency,17166.780903,0.000827,,,kitt_peak_1993,depth 0.97; 1 window
127I2 R(61) 15-1,,frequency,17165.503652,0.000595,,,kitt_peak_1993,depth 0.99; 2 windows
127I2 R(62) 15-1,,frequency,17164.205700,0.000899,,,kitt_peak_1993,depth 0.97; 1 window
127I2 R(66) 15-1,,frequency,17158.796446,0.000945,,,kitt_peak_1993,depth 0.96; 1 window
127I2 R(67) 15-1,,frequency,17157.389988,0.000708,,,kitt_peak_1993,depth 0.99; 1 window
127I2 R(69) 15-1,,frequency,17154.509837,0.000688,,,kitt_peak_1993,depth 0.99; 1 window
127I2 R(70) 15-1,,frequency,17153.038191,0.000995,,,kitt_peak_1993,depth 0.96; 1 window
127I2 R(72) 15-1,,frequency,17150.026211,0.000995,,,kitt_peak_1993,depth 0.96; 1 window
127I2 R(73) 15-1,,frequency,17148.488115,0.000603,,,kitt_peak_1993,depth 0.99; 2 windows
127I2 R(74) 15-1,,frequency,17146.925402,0.000849,,,kitt_peak_1993,depth 0.98; 1 window
127I2 R(77) 15-1,,frequency,17142.112247,0.000935,,,kitt_peak_1993,depth 0.99; 1 window
127I2 R(78) 15-1,,frequency,17140.461048,0.000817,,,kitt_peak_1993,depth 0.95; 1 window
127I2 R(79) 15-1,,frequency,17138.790167,0.000533,,,kitt_peak_1993,depth 0.98; 2 windows
127I2 R(81) 15-1,,frequency,17135.382110,0.000726,,,kitt_peak_1993,depth 0.98; 1 window
127I2 R(83) 15-1,,frequency,17131.886202,0.000666,,,kitt_peak_1993,depth 0.99; 2 windows
127I2 R(84) 15-1,,frequency,17130.102897,0.000806,,,kitt_peak_1993,depth 0.95; 1 window
127I2 R(87) 15-1,,frequency,17124.626529,0.000500,,,kitt_peak_1993,depth 0.99; 2 windows
127I2 R(88) 15-1,,frequency,17122.756183,0.000924,,,kitt_peak_1993,depth 0.95; 1 window
127I2 R(89) 15-1,,frequency,17120.864320,0.000962,,,kitt_peak_1993,depth 0.98; 1 window
127I2 R(90) 15-1,,frequency,17118.950815,0.000905,,,kitt_peak_1993,depth 0.92; 1 window
127I2 R(91) 15-1,,frequency,17117.014485,0.000508,,,kitt_peak_1993,depth 0.97; 2 windows
127I2 R(92) 15-1,,frequency,17115.056960,0.000652,,,kitt_peak_1993,depth 0.95; 2 windows
127I2 R(93) 15-1,,frequency,17113.075432,0.000630,,,kitt_peak_1993,depth 0.98; 1 window
127I2 R(94) 15-1,,frequency,17111.072036,0.000691,,,kitt_peak_1993,depth 0.91; 1 window
127I2 R(96) 15-1,,frequency,17107.001388,0.000991,,,kitt_peak_1993,depth 0.86; 1 window
127I2 R(97) 15-1,,frequency,17104.928359,0.000618,,,kitt_peak_1993,depth 0.93; 2 windows
127I2 P(125) 15-2,,frequency,16814.581873,0.000975,,,kitt_peak_1993,depth 0.65; 1 window
127I2 P(131) 15-2,,frequency,16797.495932,0.000958,,,kitt_peak_1993,depth 0.61; 1 window
127I2 P(39) 15-2,,frequency,16972.465150,0.000968,,,kitt_peak_1993,depth 0.96; 1 window
127I2 P(43) 15-2,,frequency,16968.685210,0.000678,,,kitt_peak_1993,depth 0.96; 2 windows
127I2 P(50) 15-2,,frequency,16961.239634,0.000702,,,kitt_peak_1993,depth 0.91; 2 windows
127I2 P(51) 15-2,,frequency,16960.090434,0.001012,,,kitt_peak_1993,depth 0.96; 1 window
127I2 P(52) 15-2,,frequency,16958.918425,0.000690,,,kitt_peak_1993,depth 0.90; 2 windows
127I2 P(56) 15-2,,frequency,16954.017011,0.000713,,,kitt_peak_1993,depth 0.93; 2 windows
127I2 P(57) 15-2,,frequency,16952.738545,0.000864,,,kitt_peak_1993,depth 0.98; 1 window
127I2 P(58) 15-2,,frequency,16951.436763,0.000935,,,kitt_peak_1993,depth 0.94; 1 window
127I2 P(60) 15-2,,frequency,16948.771132,0.000920,,,kitt_peak_1993,depth 0.91; 1 window
127I2 P(61) 15-2,,frequency,16947.403293,0.000719,,,kitt_peak_1993,depth 0.96; 1 window
127I2 P(62) 15-2,,frequency,16946.015318,0.000938,,,kitt_peak_1993,depth 0.90; 1 window
127I2 P(63) 15-2,,frequency,16944.606985,0.000998,,,kitt_peak_1993,depth 0.96; 1 window
127I2 P(65) 15-2,,frequency,16941.721950,0.000551,,,kitt_peak_1993,depth 0.97; 2 windows
127I2 P(67) 15-2,,frequency,16938.751916,0.000852,,,kitt_peak_1993,depth 0.97; 1 window
127I2 P(68) 15-2,,frequency,16937.233840,0.000726,,,kitt_peak_1993,depth 0.91; 2 windows
127I2 P(69) 15-2,,frequency,16935.694092,0.000736,,,kitt_peak_1993,depth 0.97; 1 window
127I2 P(71) 15-2,,frequency,16932.551149,0.000604,,,kitt_peak_1993,depth 0.96; 2 windows
127I2 P(72) 15-2,,frequency,16930.945951,0.000799,,,kitt_peak_1993,depth 0.89; 1 window
127I2 P(73) 15-2,,frequency,16929.320093,0.000752,,,kitt_peak_1993,depth 0.96; 1 window
127I2 P(75) 15-2,,frequency,16926.003895,0.000976,,,kitt_peak_1993,depth 0.96; 1 window
127I2 P(76) 15-2,,frequency,16924.310751,0.001000,,,kitt_peak_1993,depth 0.87; 1 window
127I2 P(77) 15-2,,frequency,16922.596687,0.000486,,,kitt_peak_1993,depth 0.94; 2 windows
127I2 P(78) 15-2,,frequency,16920.861574,0.000864,,,kitt_peak_1993,depth 0.87; 1 window
127I2 P(79) 15-2,,frequency,16919.104875,0.000762,,,kitt_peak_1993,depth 0.93; 1 window
127I2 P(80) 15-2,,frequency,16917.326044,0.000795,,,kitt_peak_1993,depth 0.89; 1 window
127I2 P(81) 15-2,,frequency,16915.525412,0.000639,,,kitt_peak_1993,depth 0.95; 2 windows
127I2 P(82) 15-2,,frequency,16913.703281,0.000839,,,kitt_peak_1993,depth 0.85; 1 window
127I2 P(83) 15-2,,frequency,16911.858907,0.000683,,,kitt_peak_1993,depth 0.95; 1 window
127I2 P(84) 15-2,,frequency,16909.993241,0.000852,,,kitt_peak_1993,depth 0.89; 1 window
127I2 P(85) 15-2,,frequency,16908.105522,0.001019,,,kitt_peak_1993,depth 0.92; 1 window
127I2 P(87) 15-2,,frequency,16904.264386,0.000782,,,kitt_peak_1993,depth 0.93; 1 window
127I2 P(88) 15-2,,frequency,16902.311779,0.000880,,,kitt_peak_1993,depth 0.89; 1 window
127I2 P(89) 15-2,,frequency,16900.336163,0.000808,,,kitt_peak_1993,depth 0.93; 1 window
127I2 P(90) 15-2,,frequency,16898.339903,0.000912,,,kitt_peak_1993,depth 0.86; 1 window
127I2 P(91) 15-2,,frequency,16896.320051,0.000616,,,kitt_peak_1993,depth 0.93; 2 windows
127I2 R(29) 15-2,,frequency,16983.511647,0.001010,,,kitt_peak_1993,depth 0.93; 1 window
127I2 R(33) 15-2,,frequency,16981.016353,0.001015,,,kitt_peak_1993,depth 0.95; 1 window
127I2 R(39) 15-2,,frequency,16976.622345,0.001019,,,kitt_peak_1993,depth 0.96; 1 window
127I2 R(45) 15-2,,frequency,16971.454105,0.000938,,,kitt_peak_1993,depth 0.97; 1 window
127I2 R(49) 15-2,,frequency,16967.576571,0.000946,,,kitt_peak_1993,depth 0.96; 1 window
127I2 R(51) 15-2,,frequency,16965.507903,0.000915,,,kitt_peak_1993,depth 0.96; 1 window
127I2 R(53) 15-2,,frequency,16963.352742,0.001003,,,kitt_peak_1993,depth 0.97; 1 window
127I2 R(56) 15-2,,frequency,16959.958462,0.000994,,,kitt_peak_1993,depth 0.91; 1 window
127I2 R(57) 15-2,,frequency,16958.784147,0.000618,,,kitt_peak_1993,depth 0.96; 2 windows
127I2 R(58) 15-2,,frequency,16957.585877,0.000976,,,kitt_peak_1993,depth 0.90; 1 window
127I2 R(59) 15-2,,frequency,16956.368653,0.000626,,,kitt_peak_1993,depth 0.96; 2 windows
127I2 R(62) 15-2,,frequency,16952.584455,0.001021,,,kitt_peak_1993,depth 0.93; 1 window
127I2 R(63) 15-2,,frequency,16951.280006,0.000566,,,kitt_peak_1993,depth 0.98; 2 windows
127I2 R(66) 15-2,,frequency,16947.234129,0.001011,,,kitt_peak_1993,depth 0.90; 1 window
127I2 R(67) 15-2,,frequency,16945.842520,0.000862,,,kitt_peak_1993,depth 0.96; 1 window
127I2 R(69) 15-2,,frequency,16942.995024,0.000932,,,kitt_peak_1993,depth 0.97; 1 window
127I2 R(70) 15-2,,frequency,16941.537730,0.000904,,,kitt_peak_1993,depth 0.90; 1 window
127I2 R(71) 15-2,,frequency,16940.059459,0.000699,,,kitt_peak_1993,depth 0.96; 1 window
127I2 R(74) 15-2,,frequency,16935.493617,0.000943,,,kitt_peak_1993,depth 0.90; 1 window
127I2 R(75) 15-2,,frequency,16933.927007,0.000753,,,kitt_peak_1993,depth 0.93; 1 window
127I2 R(77) 15-2,,frequency,16930.730335,0.000699,,,kitt_peak_1993,depth 0.95; 1 window
127I2 R(78) 15-2,,frequency,16929.100363,0.000988,,,kitt_peak_1993,depth 0.89; 1 window
127I2 R(79) 15-2,,frequency,16927.446778,0.000587,,,kitt_peak_1993,depth 0.96; 2 windows
127I2 R(80) 15-2,,frequency,16925.772069,0.000921,,,kitt_peak_1993,depth 0.89; 1 window
127I2 R(81) 15-2,,frequency,16924.075641,0.000671,,,kitt_peak_1993,depth 0.93; 1 window
127I2 R(84) 15-2,,frequency,16918.855009,0.000983,,,kitt_peak_1993,depth 0.84; 1 window
127I2 R(85) 15-2,,frequency,16917.071443,0.000683,,,kitt_peak_1993,depth 0.95; 1 window
127I2 R(86) 15-2,,frequency,16915.266268,0.000645,,,kitt_peak_1993,depth 0.87; 2 windows
127I2 R(87) 15-2,,frequency,16913.438049,0.000525,,,kitt_peak_1993,depth 0.94; 2 windows
127I2 R(88) 15-2,,frequency,16911.588640,0.000865,,,kitt_peak_1993,depth 0.86; 1 window
127I2 R(89) 15-2,,frequency,16909.716294,0.000941,,,kitt_peak_1993,depth 0.94; 1 window
127I2 R(90) 15-2,,frequency,16907.823396,0.000816,,,kitt_peak_1993,depth 0.81; 1 window
127I2 R(91) 15-2,,frequency,16905.908304,0.000506,,,kitt_peak_1993,depth 0.92; 2 windows
127I2 R(92) 15-2,,frequency,16903.972133,0.000917,,,kitt_peak_1993,depth 0.82; 1 window
127I2 R(93) 15-2,,frequency,16902.011427,0.000900,,,kitt_peak_1993,depth 0.94; 1 window
127I2 R(94) 15-2,,frequency,16900.028322,0.000876,,,kitt_peak_1993,depth 0.83; 1 window
127I2 R(95) 15-2,,frequency,16898.028275,0.000855,,,kitt_peak_1993,depth 0.92; 1 window
127I2 R(96) 15-2,,frequency,16896.001418,0.000689,,,kitt_peak_1993,depth 0.83; 2 windows
127I2 R(97) 15-2,,frequency,16893.956052,0.000934,,,kitt_peak_1993,depth 0.75; 1 window
127I2 P(29) 16-0,,frequency,17504.402029,0.000925,,,kitt_peak_1993,depth 0.93; 1 window
127I2 P(39) 16-0,,frequency,17496.167849,0.000677,,,kitt_peak_1993,depth 0.96; 2 windows
127I2 P(63) 16-0,,frequency,17467.252640,0.000979,,,kitt_peak_1993,depth 0.97; 1 window
127I2 P(65) 16-0,,frequency,17464.259742,0.001022,,,kitt_peak_1993,depth 0.96; 1 window
127I2 P(69) 16-0,,frequency,17457.999676,0.000666,,,kitt_peak_1993,depth 0.96; 2 windows
127I2 P(71) 16-0,,frequency,17454.734744,0.000934,,,kitt_peak_1993,depth 0.96; 1 window
127I2 P(73) 16-0,,frequency,17451.379001,0.000832,,,kitt_peak_1993,depth 0.95; 1 window
127I2 P(75) 16-0,,frequency,17447.931978,0.000887,,,kitt_peak_1993,depth 0.95; 1 window
127I2 P(85) 16-0,,frequency,17429.342515,0.000626,,,kitt_peak_1993,depth 0.92; 2 windows
127I2 R(29) 16-0,,frequency,17507.485095,0.000851,,,kitt_peak_1993,depth 0.90; 1 window
127I2 R(35) 16-0,,frequency,17503.439451,0.000634,,,kitt_peak_1993,depth 0.95; 2 windows
127I2 R(41) 16-0,,frequency,17498.587085,0.000632,,,kitt_peak_1993,depth 0.97; 2 windows
127I2 R(55) 16-0,,frequency,17484.121556,0.000706,,,kitt_peak_1993,depth 0.97; 2 windows
127I2 R(67) 16-0,,frequency,17468.210493,0.000976,,,kitt_peak_1993,depth 0.96; 1 window
127I2 R(81) 16-0,,frequency,17445.534872,0.000953,,,kitt_peak_1993,depth 0.94; 1 window
127I2 R(85) 16-0,,frequency,17438.238767,0.000963,,,kitt_peak_1993,depth 0.93; 1 window
127I2 R(87) 16-0,,frequency,17434.454284,0.000974,,,kitt_peak_1993,depth 0.90; 1 window
127I2 R(91) 16-0,,frequency,17426.611217,0.000704,,,kitt_peak_1993,depth 0.90; 2 windows
127I2 P(105) 16-1,,frequency,17173.311871,0.000978,,,kitt_peak_1993,depth 0.93; 1 window
127I2 P(125) 16-1,,frequency,17120.658030,0.000980,,,kitt_peak_1993,depth 0.82; 1 window
127I2 P(127) 16-1,,frequency,17114.888089,0.000974,,,kitt_peak_1993,depth 0.84; 1 window
127I2 P(21) 16-1,,frequency,17296.131536,0.000929,,,kitt_peak_1993,depth 0.94; 1 window
127I2 P(25) 16-1,,frequency,17293.843221,0.000895,,,kitt_peak_1993,depth 0.96; 1 window
127I2 P(29) 16-1,,frequency,17291.201861,0.000956,,,kitt_peak_1993,depth 0.99; 1 window
127I2 P(31) 16-1,,frequency,17289.747634,0.000643,,,kitt_peak_1993,depth 0.99; 2 windows
127I2 P(33) 16-1,,frequency,17288.204901,0.000894,,,kitt_peak_1993,depth 0.99; 1 window
127I2 P(34) 16-1,,frequency,17287.400672,0.000682,,,kitt_peak_1993,depth 0.97; 2 windows
127I2 P(35) 16-1,,frequency,17286.574678,0.000983,,,kitt_peak_1993,depth 0.99; 1 window
127I2 P(38) 16-1,,frequency,17283.960887,0.000983,,,kitt_peak_1993,depth 0.97; 1 window
127I2 P(42) 16-1,,frequency,17280.166679,0.001010,,,kitt_peak_1993,depth 0.98; 1 window
127I2 P(50) 16-1,,frequency,17271.513452,0.000892,,,kitt_peak_1993,depth 0.98; 1 window
127I2 P(51) 16-1,,frequency,17270.331608,0.000822,,,kitt_peak_1993,depth 1.00; 1 window
127I2 P(53) 16-1,,frequency,17267.902429,0.000814,,,kitt_peak_1993,depth 1.00; 1 window
127I2 P(54) 16-1,,frequency,17266.654217,0.000905,,,kitt_peak_1993,depth 0.98; 1 window
127I2 P(55) 16-1,,frequency,17265.382918,0.000978,,,kitt_peak_1993,depth 1.00; 1 window
127I2 P(56) 16-1,,frequency,17264.089608,0.000845,,,kitt_peak_1993,depth 0.98; 1 window
127I2 P(57) 16-1,,frequency,17262.775104,0.000879,,,kitt_peak_1993,depth 1.00; 1 window
127I2 P(60) 16-1,,frequency,17258.695573,0.000624,,,kitt_peak_1993,depth 0.99; 2 windows
127I2 P(61) 16-1,,frequency,17257.291587,0.000612,,,kitt_peak_1993,depth 1.00; 1 window
127I2 P(62) 16-1,,frequency,17255.864554,0.000845,,,kitt_peak_1993,depth 0.98; 1 window
127I2 P(65) 16-1,,frequency,17251.451097,0.000520,,,kitt_peak_1993,depth 1.00; 2 windows
127I2 P(66) 16-1,,frequency,17249.933702,0.000890,,,kitt_peak_1993,depth 0.98; 1 window
127I2 P(67) 16-1,,frequency,17248.395370,0.000678,,,kitt_peak_1993,depth 1.00; 1 window
127I2 P(68) 16-1,,frequency,17246.835495,0.000591,,,kitt_peak_1993,depth 0.98; 2 windows
127I2 P(69) 16-1,,frequency,17245.252914,0.000960,,,kitt_peak_1993,depth 0.99; 1 window
127I2 P(70) 16-1,,frequency,17243.648239,0.000806,,,kitt_peak_1993,depth 0.98; 1 window
127I2 P(71) 16-1,,frequency,17242.020561,0.000696,,,kitt_peak_1993,depth 1.00; 2 windows
127I2 P(72) 16-1,,frequency,17240.370268,0.000764,,,kitt_peak_1993,depth 0.98; 1 window
127I2 P(74) 16-1,,frequency,17237.004069,0.000558,,,kitt_peak_1993,depth 0.98; 2 windows
127I2 P(75) 16-1,,frequency,17235.286691,0.000658,,,kitt_peak_1993,depth 0.99; 1 window
127I2 P(76) 16-1,,frequency,17233.547566,0.000789,,,kitt_peak_1993,depth 0.96; 1 window
127I2 P(77) 16-1,,frequency,17231.784969,0.000677,,,kitt_peak_1993,depth 0.99; 1 window
127I2 P(78) 16-1,,frequency,17230.000044,0.000533,,,kitt_peak_1993,depth 0.96; 2 windows
127I2 P(80) 16-1,,frequency,17226.364100,0.000633,,,kitt_peak_1993,depth 0.96; 1 window
127I2 P(81) 16-1,,frequency,17224.513242,0.000593,,,kitt_peak_1993,depth 0.99; 1 window
127I2 P(82) 16-1,,frequency,17222.638956,0.000600,,,kitt_peak_1993,depth 0.97; 2 windows
127I2 P(83) 16-1,,frequency,17220.741884,0.000450,,,kitt_peak_1993,depth 0.99; 2 windows
127I2 P(84) 16-1,,frequency,17218.821970,0.000863,,,kitt_peak_1993,depth 0.95; 1 window
127I2 P(85) 16-1,,frequency,17216.880971,0.000583,,,kitt_peak_1993,depth 0.99; 1 window
127I2 P(87) 16-1,,frequency,17212.930538,0.000684,,,kitt_peak_1993,depth 0.99; 2 windows
127I2 P(89) 16-1,,frequency,17208.888697,0.000648,,,kitt_peak_1993,depth 0.96; 1 window
127I2 P(90) 16-1,,frequency,17206.835005,0.000872,,,kitt_peak_1993,depth 0.92; 1 window
127I2 P(91) 16-1,,frequency,17204.759216,0.000653,,,kitt_peak_1993,depth 0.95; 1 window
127I2 P(93) 16-1,,frequency,17200.537491,0.000838,,,kitt_peak_1993,depth 0.93; 1 window
127I2 P(95) 16-1,,frequency,17196.227995,0.000687,,,kitt_peak_1993,depth 0.96; 2 windows
127I2 R(17) 16-1,,frequency,17299.893944,0.001008,,,kitt_peak_1993,depth 0.91; 1 window
127I2 R(25) 16-1,,frequency,17296.509253,0.000946,,,kitt_peak_1993,depth 0.96; 1 window
127I2 R(27) 16-1,,frequency,17295.441258,0.000853,,,kitt_peak_1993,depth 0.97; 1 window
127I2 R(29) 16-1,,frequency,17294.285019,0.000856,,,kitt_peak_1993,depth 0.98; 1 window
127I2 R(32) 16-1,,frequency,17292.384564,0.000715,,,kitt_peak_1993,depth 0.97; 2 windows
127I2 R(33) 16-1,,frequency,17291.704558,0.000929,,,kitt_peak_1993,depth 0.99; 1 window
127I2 R(36) 16-1,,frequency,17289.539644,0.000888,,,kitt_peak_1993,depth 0.97; 1 window
127I2 R(37) 16-1,,frequency,17288.772317,0.000773,,,kitt_peak_1993,depth 0.99; 1 window
127I2 R(38) 16-1,,frequency,17287.985123,0.000994,,,kitt_peak_1993,depth 0.98; 1 window
127I2 R(39) 16-1,,frequency,17287.172127,0.000868,,,kitt_peak_1993,depth 0.99; 1 window
127I2 R(40) 16-1,,frequency,17286.340070,0.000974,,,kitt_peak_1993,depth 0.97; 1 window
127I2 R(45) 16-1,,frequency,17281.840645,0.000943,,,kitt_peak_1993,depth 1.00; 1 window
127I2 R(47) 16-1,,frequency,17279.885241,0.000801,,,kitt_peak_1993,depth 1.00; 1 window
127I2 R(48) 16-1,,frequency,17278.872987,0.001009,,,kitt_peak_1993,depth 0.98; 1 window
127I2 R(53) 16-1,,frequency,17273.486207,0.000676,,,kitt_peak_1993,depth 1.00; 2 windows
127I2 R(55) 16-1,,frequency,17271.174421,0.000665,,,kitt_peak_1993,depth 1.00; 2 windows
127I2 R(56) 16-1,,frequency,17269.985626,0.000795,,,kitt_peak_1993,depth 0.98; 1 window
127I2 R(57) 16-1,,frequency,17268.774065,0.000991,,,kitt_peak_1993,depth 1.00; 1 window
127I2 R(59) 16-1,,frequency,17266.284833,0.000640,,,kitt_peak_1993,depth 1.00; 2 windows
127I2 R(60) 16-1,,frequency,17265.006021,0.000861,,,kitt_peak_1993,depth 0.98; 1 window
127I2 R(62) 16-1,,frequency,17262.382350,0.000879,,,kitt_peak_1993,depth 0.98; 1 window
127I2 R(63) 16-1,,frequency,17261.037692,0.000566,,,kitt_peak_1993,depth 1.00; 2 windows
127I2 R(64) 16-1,,frequency,17259.670412,0.000823,,,kitt_peak_1993,depth 0.98; 1 window
127I2 R(65) 16-1,,frequency,17258.281230,0.000876,,,kitt_peak_1993,depth 1.00; 1 window
127I2 R(66) 16-1,,frequency,17256.865680,0.000919,,,kitt_peak_1993,depth 0.98; 1 window
127I2 R(67) 16-1,,frequency,17255.433676,0.000714,,,kitt_peak_1993,depth 0.99; 1 window
127I2 R(68) 16-1,,frequency,17253.976772,0.000620,,,kitt_peak_1993,depth 0.98; 2 windows
127I2 R(69) 16-1,,frequency,17252.497498,0.000781,,,kitt_peak_1993,depth 1.00; 1 window
127I2 R(70) 16-1,,frequency,17250.995486,0.000771,,,kitt_peak_1993,depth 0.98; 1 window
127I2 R(71) 16-1,,frequency,17249.471853,0.000534,,,kitt_peak_1993,depth 1.00; 2 windows
127I2 R(72) 16-1,,frequency,17247.924765,0.000796,,,kitt_peak_1993,depth 0.97; 1 window
127I2 R(73) 16-1,,frequency,17246.355624,0.000730,,,kitt_peak_1993,depth 0.99; 1 window
127I2 R(74) 16-1,,frequency,17244.764968,0.000911,,,kitt_peak_1993,depth 0.97; 1 window
127I2 R(75) 16-1,,frequency,17243.149702,0.000685,,,kitt_peak_1993,depth 0.99; 1 window
127I2 R(76) 16-1,,frequency,17241.513711,0.000928,,,kitt_peak_1993,depth 0.98; 1 window
127I2 R(78) 16-1,,frequency,17238.174112,0.000827,,,kitt_peak_1993,depth 0.97; 1 window
127I2 R(80) 16-1,,frequency,17234.744328,0.000510,,,kitt_peak_1993,depth 0.97; 2 windows
127I2 R(82) 16-1,,frequency,17231.224402,0.000822,,,kitt_peak_1993,depth 0.95; 1 window
127I2 R(84) 16-1,,frequency,17227.614917,0.000558,,,kitt_peak_1993,depth 0.96; 2 windows
127I2 R(85) 16-1,,frequency,17225.776780,0.000670,,,kitt_peak_1993,depth 0.99; 1 window
127I2 R(86) 16-1,,frequency,17223.916476,0.000779,,,kitt_peak_1993,depth 0.96; 1 window
127I2 R(87) 16-1,,frequency,17222.031830,0.000797,,,kitt_peak_1993,depth 0.99; 1 window
127I2 R(88) 16-1,,frequency,17220.125652,0.000576,,,kitt_peak_1993,depth 0.95; 2 windows
127I2 R(89) 16-1,,frequency,17218.195671,0.000490,,,kitt_peak_1993,depth 0.98; 2 windows
127I2 R(90) 16-1,,frequency,17216.246350,0.000735,,,kitt_peak_1993,depth 0.94; 1 window
127I2 R(91) 16-1,,frequency,17214.271835,0.000814,,,kitt_peak_1993,depth 0.98; 1 window
127I2 R(96) 16-1,,frequency,17204.063376,0.000837,,,kitt_peak_1993,depth 0.85; 1 window
127I2 R(97) 16-1,,frequency,17201.952571,0.000832,,,kitt_peak_1993,depth 0.90; 1 window
127I2 P(35) 16-2,,frequency,17074.647412,0.000956,,,kitt_peak_1993,depth 0.92; 1 window
127I2 P(37) 16-2,,frequency,17072.945269,0.000898,,,kitt_peak_1993,depth 0.93; 1 window
127I2 P(41) 16-2,,frequency,17069.277243,0.000724,,,kitt_peak_1993,depth 0.95; 2 windows
127I2 P(45) 16-2,,frequency,17065.255087,0.000999,,,kitt_peak_1993,depth 0.95; 1 window
127I2 P(47) 16-2,,frequency,17063.113715,0.000796,,,kitt_peak_1993,depth 0.97; 1 window
127I2 P(51) 16-2,,frequency,17058.565326,0.000890,,,kitt_peak_1993,depth 0.96; 1 window
127I2 P(55) 16-2,,frequency,17053.665867,0.000756,,,kitt_peak_1993,depth 0.97; 1 window
127I2 P(56) 16-2,,frequency,17052.385716,0.000680,,,kitt_peak_1993,depth 0.92; 2 windows
127I2 P(57) 16-2,,frequency,17051.083894,0.000758,,,kitt_peak_1993,depth 0.97; 1 window
127I2 P(59) 16-2,,frequency,17048.413284,0.000924,,,kitt_peak_1993,depth 0.97; 1 window
127I2 P(63) 16-2,,frequency,17042.808208,0.000633,,,kitt_peak_1993,depth 0.94; 2 windows
127I2 P(67) 16-2,,frequency,17036.849512,0.000840,,,kitt_peak_1993,depth 0.96; 1 window
127I2 P(70) 16-2,,frequency,17032.148467,0.000968,,,kitt_peak_1993,depth 0.90; 1 window
127I2 P(71) 16-2,,frequency,17030.537698,0.000701,,,kitt_peak_1993,depth 0.96; 2 windows
127I2 P(73) 16-2,,frequency,17027.249099,0.000779,,,kitt_peak_1993,depth 0.96; 1 window
127I2 P(74) 16-2,,frequency,17025.572106,0.000888,,,kitt_peak_1993,depth 0.88; 1 window
127I2 P(75) 16-2,,frequency,17023.871380,0.000576,,,kitt_peak_1993,depth 0.95; 2 windows
127I2 P(76) 16-2,,frequency,17022.148184,0.000932,,,kitt_peak_1993,depth 0.88; 1 window
127I2 P(77) 16-2,,frequency,17020.404953,0.000611,,,kitt_peak_1993,depth 0.94; 1 window
127I2 P(79) 16-2,,frequency,17016.849448,0.000742,,,kitt_peak_1993,depth 0.94; 1 window
127I2 P(81) 16-2,,frequency,17013.205222,0.000714,,,kitt_peak_1993,depth 0.96; 1 window
127I2 P(82) 16-2,,frequency,17011.351052,0.000608,,,kitt_peak_1993,depth 0.91; 2 windows
127I2 P(83) 16-2,,frequency,17009.472854,0.000509,,,kitt_peak_1993,depth 0.95; 2 windows
127I2 P(85) 16-2,,frequency,17005.652117,0.000714,,,kitt_peak_1993,depth 0.94; 1 window
127I2 P(86) 16-2,,frequency,17003.708313,0.000920,,,kitt_peak_1993,depth 0.85; 1 window
127I2 R(37) 16-2,,frequency,17076.863023,0.000979,,,kitt_peak_1993,depth 0.94; 1 window
127I2 R(45) 16-2,,frequency,17070.006784,0.000862,,,kitt_peak_1993,depth 0.96; 1 window
127I2 R(46) 16-2,,frequency,17069.051548,0.001011,,,kitt_peak_1993,depth 0.90; 1 window
127I2 R(47) 16-2,,frequency,17068.074219,0.000818,,,kitt_peak_1993,depth 0.96; 1 window
127I2 R(48) 16-2,,frequency,17067.073582,0.000688,,,kitt_peak_1993,depth 0.90; 2 windows
127I2 R(49) 16-2,,frequency,17066.051477,0.000771,,,kitt_peak_1993,depth 0.96; 1 window
127I2 R(51) 16-2,,frequency,17063.943061,0.000936,,,kitt_peak_1993,depth 0.97; 1 window
127I2 R(53) 16-2,,frequency,17061.744459,0.000623,,,kitt_peak_1993,depth 0.97; 2 windows
127I2 R(56) 16-2,,frequency,17058.281293,0.001010,,,kitt_peak_1993,depth 0.91; 1 window
127I2 R(57) 16-2,,frequency,17057.083445,0.000588,,,kitt_peak_1993,depth 0.97; 2 windows
127I2 R(58) 16-2,,frequency,17055.862427,0.000961,,,kitt_peak_1993,depth 0.90; 1 window
127I2 R(59) 16-2,,frequency,17054.619818,0.000622,,,kitt_peak_1993,depth 0.97; 2 windows
127I2 R(60) 16-2,,frequency,17053.353967,0.000998,,,kitt_peak_1993,depth 0.92; 1 window
127I2 R(63) 16-2,,frequency,17049.429793,0.000859,,,kitt_peak_1993,depth 0.97; 1 window
127I2 R(64) 16-2,,frequency,17048.077776,0.001005,,,kitt_peak_1993,depth 0.91; 1 window
127I2 R(65) 16-2,,frequency,17046.702824,0.000796,,,kitt_peak_1993,depth 0.96; 1 window
127I2 R(71) 16-2,,frequency,17037.988364,0.000638,,,kitt_peak_1993,depth 0.96; 2 windows
127I2 R(73) 16-2,,frequency,17034.906295,0.000836,,,kitt_peak_1993,depth 0.95; 1 window
127I2 R(76) 16-2,,frequency,17030.115227,0.000940,,,kitt_peak_1993,depth 0.87; 1 window
127I2 R(77) 16-2,,frequency,17028.475836,0.000497,,,kitt_peak_1993,depth 0.96; 2 windows
127I2 R(78) 16-2,,frequency,17026.813501,0.000764,,,kitt_peak_1993,depth 0.90; 1 window
127I2 R(79) 16-2,,frequency,17025.126633,0.000785,,,kitt_peak_1993,depth 0.94; 1 window
127I2 R(81) 16-2,,frequency,17021.689353,0.000812,,,kitt_peak_1993,depth 0.94; 1 window
127I2 R(83) 16-2,,frequency,17018.162822,0.000707,,,kitt_peak_1993,depth 0.94; 1 window
127I2 R(85) 16-2,,frequency,17014.547590,0.000721,,,kitt_peak_1993,depth 0.94; 1 window
127I2 R(87) 16-2,,frequency,17010.843317,0.000657,,,kitt_peak_1993,depth 0.94; 1 window
127I2 R(88) 16-2,,frequency,17008.957284,0.000645,,,kitt_peak_1993,depth 0.86; 2 windows
127I2 R(89) 16-2,,frequency,17007.048706,0.000516,,,kitt_peak_1993,depth 0.93; 2 windows
127I2 R(90) 16-2,,frequency,17005.117710,0.000912,,,kitt_peak_1993,depth 0.85; 1 window
127I2 R(91) 16-2,,frequency,17003.165002,0.000775,,,kitt_peak_1993,depth 0.92; 1 window
127I2 P(29) 17-0,,frequency,17601.370916,0.000886,,,kitt_peak_1993,depth 0.96; 1 window
127I2 P(34) 17-0,,frequency,17597.470374,0.000706,,,kitt_peak_1993,depth 0.96; 2 windows
127I2 P(39) 17-0,,frequency,17592.998403,0.000991,,,kitt_peak_1993,depth 0.98; 1 window
127I2 P(43) 17-0,,frequency,17589.013944,0.000880,,,kitt_peak_1993,depth 0.99; 1 window
127I2 P(61) 17-0,,frequency,17566.542076,0.000895,,,kitt_peak_1993,depth 0.99; 1 window
127I2 P(63) 17-0,,frequency,17563.587100,0.000648,,,kitt_peak_1993,depth 0.99; 2 windows
127I2 P(65) 17-0,,frequency,17560.538937,0.000921,,,kitt_peak_1993,depth 0.98; 1 window
127I2 P(71) 17-0,,frequency,17550.848147,0.000894,,,kitt_peak_1993,depth 0.98; 1 window
127I2 P(73) 17-0,,frequency,17547.433023,0.000863,,,kitt_peak_1993,depth 0.98; 1 window
127I2 P(75) 17-0,,frequency,17543.926589,0.000943,,,kitt_peak_1993,depth 0.98; 1 window
127I2 P(79) 17-0,,frequency,17536.635826,0.000880,,,kitt_peak_1993,depth 0.97; 1 window
127I2 P(81) 17-0,,frequency,17532.851434,0.000942,,,kitt_peak_1993,depth 0.97; 1 window
127I2 P(83) 17-0,,frequency,17528.975119,0.000776,,,kitt_peak_1993,depth 0.97; 1 window
127I2 P(84) 17-0,,frequency,17527.002888,0.000996,,,kitt_peak_1993,depth 0.91; 1 window
127I2 P(85) 17-0,,frequency,17525.007487,0.000595,,,kitt_peak_1993,depth 0.96; 2 windows
127I2 P(87) 17-0,,frequency,17520.943422,0.000907,,,kitt_peak_1993,depth 0.96; 1 window
127I2 R(25) 17-0,,frequency,17606.724664,0.000978,,,kitt_peak_1993,depth 0.95; 1 window
127I2 R(31) 17-0,,frequency,17603.145534,0.000912,,,kitt_peak_1993,depth 0.97; 1 window
127I2 R(33) 17-0,,frequency,17601.770837,0.001005,,,kitt_peak_1993,depth 0.97; 1 window
127I2 R(35) 17-0,,frequency,17600.299756,0.001008,,,kitt_peak_1993,depth 0.98; 1 window
127I2 R(37) 17-0,,frequency,17598.742913,0.001003,,,kitt_peak_1993,depth 0.99; 1 window
127I2 R(42) 17-0,,frequency,17594.448323,0.000717,,,kitt_peak_1993,depth 0.95; 2 windows
127I2 R(43) 17-0,,frequency,17593.519680,0.000947,,,kitt_peak_1993,depth 0.99; 1 window
127I2 R(47) 17-0,,frequency,17589.580001,0.000996,,,kitt_peak_1993,depth 0.99; 1 window
127I2 R(48) 17-0,,frequency,17588.538333,0.000970,,,kitt_peak_1993,depth 0.96; 1 window
127I2 R(67) 17-0,,frequency,17564.381836,0.000893,,,kitt_peak_1993,depth 0.99; 1 window
127I2 R(73) 17-0,,frequency,17555.032285,0.000861,,,kitt_peak_1993,depth 0.98; 1 window
127I2 R(77) 17-0,,frequency,17548.334302,0.000942,,,kitt_peak_1993,depth 0.97; 1 window
127I2 R(79) 17-0,,frequency,17544.847285,0.000888,,,kitt_peak_1993,depth 0.97; 1 window
127I2 R(80) 17-0,,frequency,17543.068032,0.000991,,,kitt_peak_1993,depth 0.92; 1 window
127I2 R(83) 17-0,,frequency,17537.596114,0.000880,,,kitt_peak_1993,depth 0.96; 1 window
127I2 R(85) 17-0,,frequency,17533.830423,0.000883,,,kitt_peak_1993,depth 0.97; 1 window
127I2 R(87) 17-0,,frequency,17529.975140,0.000662,,,kitt_peak_1993,depth 0.96; 2 windows
127I2 R(89) 17-0,,frequency,17526.022439,0.000793,,,kitt_peak_1993,depth 0.95; 1 window
127I2 R(93) 17-0,,frequency,17517.843062,0.000695,,,kitt_peak_1993,depth 0.95; 2 windows
127I2 P(107) 17-1,,frequency,17263.241503,0.001004,,,kitt_peak_1993,depth 0.94; 1 window
127I2 P(109) 17-1,,frequency,17258.205548,0.000928,,,kitt_peak_1993,depth 0.94; 1 window
127I2 P(111) 17-1,,frequency,17253.074727,0.000979,,,kitt_peak_1993,depth 0.93; 1 window
127I2 P(113) 17-1,,frequency,17247.852578,0.000968,,,kitt_peak_1993,depth 0.91; 1 window
127I2 P(115) 17-1,,frequency,17242.536250,0.000971,,,kitt_peak_1993,depth 0.91; 1 window
127I2 P(119) 17-1,,frequency,17231.626793,0.000969,,,kitt_peak_1993,depth 0.86; 1 window
127I2 P(121) 17-1,,frequency,17226.031251,0.000807,,,kitt_peak_1993,depth 0.85; 1 window
127I2 P(27) 17-1,,frequency,17389.557674,0.000966,,,kitt_peak_1993,depth 0.99; 1 window
127I2 P(29) 17-1,,frequency,17388.171909,0.000651,,,kitt_peak_1993,depth 0.99; 2 windows
127I2 P(31) 17-1,,frequency,17386.693039,0.000863,,,kitt_peak_1993,depth 0.99; 1 window
127I2 P(32) 17-1,,frequency,17385.922252,0.000999,,,kitt_peak_1993,depth 0.97; 1 window
127I2 P(33) 17-1,,frequency,17385.124638,0.000816,,,kitt_peak_1993,depth 0.99; 1 window
127I2 P(35) 17-1,,frequency,17383.468371,0.000996,,,kitt_peak_1993,depth 0.99; 1 window
127I2 P(37) 17-1,,frequency,17381.717809,0.001019,,,kitt_peak_1993,depth 1.00; 1 window
127I2 P(38) 17-1,,frequency,17380.810830,0.000998,,,kitt_peak_1993,depth 0.98; 1 window
127I2 P(39) 17-1,,frequency,17379.876794,0.000878,,,kitt_peak_1993,depth 1.00; 1 window
127I2 P(40) 17-1,,frequency,17378.925459,0.000703,,,kitt_peak_1993,depth 0.98; 2 windows
127I2 P(42) 17-1,,frequency,17376.950770,0.001004,,,kitt_peak_1993,depth 0.98; 1 window
127I2 P(45) 17-1,,frequency,17373.819275,0.000583,,,kitt_peak_1993,depth 1.00; 2 windows
127I2 P(46) 17-1,,frequency,17372.731990,0.000902,,,kitt_peak_1993,depth 0.99; 1 window
127I2 P(49) 17-1,,frequency,17369.326165,0.000668,,,kitt_peak_1993,depth 1.00; 2 windows
127I2 P(51) 17-1,,frequency,17366.945935,0.000552,,,kitt_peak_1993,depth 1.00; 2 windows
127I2 P(52) 17-1,,frequency,17365.719595,0.000942,,,kitt_peak_1993,depth 0.99; 1 window
127I2 P(54) 17-1,,frequency,17363.202974,0.000869,,,kitt_peak_1993,depth 0.99; 1 window
127I2 P(55) 17-1,,frequency,17361.909503,0.000505,,,kitt_peak_1993,depth 1.00; 2 windows
127I2 P(56) 17-1,,frequency,17360.594207,0.000857,,,kitt_peak_1993,depth 0.99; 1 window
127I2 P(57) 17-1,,frequency,17359.256130,0.000531,,,kitt_peak_1993,depth 1.00; 2 windows
127I2 P(58) 17-1,,frequency,17357.894419,0.000938,,,kitt_peak_1993,depth 0.99; 1 window
127I2 P(59) 17-1,,frequency,17356.510878,0.000737,,,kitt_peak_1993,depth 1.00; 1 window
127I2 P(61) 17-1,,frequency,17353.675570,0.000687,,,kitt_peak_1993,depth 1.00; 1 window
127I2 P(62) 17-1,,frequency,17352.223975,0.000564,,,kitt_peak_1993,depth 0.99; 2 windows
127I2 P(63) 17-1,,frequency,17350.749804,0.000815,,,kitt_peak_1993,depth 1.00; 1 window
127I2 P(64) 17-1,,frequency,17349.252143,0.000772,,,kitt_peak_1993,depth 0.99; 1 window
127I2 P(65) 17-1,,frequency,17347.732240,0.000660,,,kitt_peak_1993,depth 1.00; 2 windows
127I2 P(66) 17-1,,frequency,17346.188242,0.000873,,,kitt_peak_1993,depth 0.99; 1 window
127I2 P(67) 17-1,,frequency,17344.623798,0.000686,,,kitt_peak_1993,depth 1.00; 1 window
127I2 P(69) 17-1,,frequency,17341.424612,0.000770,,,kitt_peak_1993,depth 1.00; 1 window
127I2 P(70) 17-1,,frequency,17339.790971,0.000830,,,kitt_peak_1993,depth 0.99; 1 window
127I2 P(71) 17-1,,frequency,17338.133257,0.000575,,,kitt_peak_1993,depth 1.00; 2 windows
127I2 P(72) 17-1,,frequency,17336.455554,0.000814,,,kitt_peak_1993,depth 0.99; 1 window
127I2 P(73) 17-1,,frequency,17334.753253,0.000698,,,kitt_peak_1993,depth 1.00; 1 window
127I2 P(74) 17-1,,frequency,17333.027746,0.000625,,,kitt_peak_1993,depth 0.98; 2 windows
127I2 P(75) 17-1,,frequency,17331.279953,0.000776,,,kitt_peak_1993,depth 1.00; 1 window
127I2 P(77) 17-1,,frequency,17327.716831,0.000733,,,kitt_peak_1993,depth 1.00; 1 window
127I2 P(79) 17-1,,frequency,17324.059343,0.000653,,,kitt_peak_1993,depth 1.00; 1 window
127I2 P(80) 17-1,,frequency,17322.198528,0.000710,,,kitt_peak_1993,depth 0.98; 1 window
127I2 P(81) 17-1,,frequency,17320.314201,0.000831,,,kitt_peak_1993,depth 0.99; 1 window
127I2 P(82) 17-1,,frequency,17318.405147,0.000530,,,kitt_peak_1993,depth 0.97; 2 windows
127I2 P(83) 17-1,,frequency,17316.475685,0.000499,,,kitt_peak_1993,depth 0.99; 2 windows
127I2 P(84) 17-1,,frequency,17314.520919,0.000806,,,kitt_peak_1993,depth 0.94; 1 window
127I2 P(85) 17-1,,frequency,17312.544623,0.000627,,,kitt_peak_1993,depth 0.98; 1 window
127I2 P(87) 17-1,,frequency,17308.523365,0.000619,,,kitt_peak_1993,depth 0.97; 1 window
127I2 P(88) 17-1,,frequency,17306.477609,0.000512,,,kitt_peak_1993,depth 0.92; 2 windows
127I2 P(89) 17-1,,frequency,17304.409132,0.000447,,,kitt_peak_1993,depth 0.98; 2 windows
127I2 P(95) 17-1,,frequency,17291.516496,0.000929,,,kitt_peak_1993,depth 0.98; 1 window
127I2 P(97) 17-1,,frequency,17287.034370,0.001007,,,kitt_peak_1993,depth 0.97; 1 window
127I2 R(105) 17-1,,frequency,17279.044655,0.001011,,,kitt_peak_1993,depth 0.95; 1 window
127I2 R(17) 17-1,,frequency,17396.959345,0.000979,,,kitt_peak_1993,depth 0.96; 1 window
127I2 R(37) 17-1,,frequency,17385.604379,0.000644,,,kitt_peak_1993,depth 1.00; 2 windows
127I2 R(39) 17-1,,frequency,17383.972682,0.000779,,,kitt_peak_1993,depth 1.00; 1 window
127I2 R(40) 17-1,,frequency,17383.122711,0.000936,,,kitt_peak_1993,depth 0.99; 1 window
127I2 R(41) 17-1,,frequency,17382.251337,0.000865,,,kitt_peak_1993,depth 1.00; 1 window
127I2 R(44) 17-1,,frequency,17379.495909,0.000990,,,kitt_peak_1993,depth 0.98; 1 window
127I2 R(45) 17-1,,frequency,17378.533893,0.001003,,,kitt_peak_1993,depth 1.00; 1 window
127I2 R(46) 17-1,,frequency,17377.547275,0.000869,,,kitt_peak_1993,depth 0.99; 1 window
127I2 R(47) 17-1,,frequency,17376.539459,0.000521,,,kitt_peak_1993,depth 1.00; 2 windows
127I2 R(49) 17-1,,frequency,17374.456620,0.000871,,,kitt_peak_1993,depth 1.00; 1 window
127I2 R(53) 17-1,,frequency,17370.012493,0.000785,,,kitt_peak_1993,depth 1.00; 1 window
127I2 R(54) 17-1,,frequency,17368.845465,0.000677,,,kitt_peak_1993,depth 0.99; 2 windows
127I2 R(55) 17-1,,frequency,17367.657805,0.001021,,,kitt_peak_1993,depth 1.00; 1 window
127I2 R(56) 17-1,,frequency,17366.442718,0.000672,,,kitt_peak_1993,depth 0.99; 2 windows
127I2 R(58) 17-1,,frequency,17363.949754,0.000888,,,kitt_peak_1993,depth 0.99; 1 window
127I2 R(59) 17-1,,frequency,17362.667569,0.000854,,,kitt_peak_1993,depth 1.00; 1 window
127I2 R(61) 17-1,,frequency,17360.040004,0.000843,,,kitt_peak_1993,depth 1.00; 1 window
127I2 R(62) 17-1,,frequency,17358.690758,0.000888,,,kitt_peak_1993,depth 0.99; 1 window
127I2 R(64) 17-1,,frequency,17355.925144,0.000971,,,kitt_peak_1993,depth 0.99; 1 window
127I2 R(65) 17-1,,frequency,17354.507957,0.000646,,,kitt_peak_1993,depth 1.00; 2 windows
127I2 R(67) 17-1,,frequency,17351.604725,0.000667,,,kitt_peak_1993,depth 1.00; 1 window
127I2 R(69) 17-1,,frequency,17348.610777,0.000697,,,kitt_peak_1993,depth 1.00; 1 window
127I2 R(70) 17-1,,frequency,17347.079731,0.000784,,,kitt_peak_1993,depth 0.98; 1 window
127I2 R(71) 17-1,,frequency,17345.525663,0.000482,,,kitt_peak_1993,depth 1.00; 2 windows
127I2 R(73) 17-1,,frequency,17342.349791,0.000741,,,kitt_peak_1993,depth 1.00; 1 window
127I2 R(75) 17-1,,frequency,17339.081635,0.000654,,,kitt_peak_1993,depth 1.00; 1 window
127I2 R(76) 17-1,,frequency,17337.413207,0.000796,,,kitt_peak_1993,depth 0.98; 1 window
127I2 R(77) 17-1,,frequency,17335.723556,0.000614,,,kitt_peak_1993,depth 1.00; 2 windows
127I2 R(78) 17-1,,frequency,17334.008362,0.000986,,,kitt_peak_1993,depth 0.98; 1 window
127I2 R(80) 17-1,,frequency,17330.510947,0.000639,,,kitt_peak_1993,depth 0.98; 2 windows
127I2 R(81) 17-1,,frequency,17328.729382,0.000509,,,kitt_peak_1993,depth 0.99; 2 windows
127I2 R(82) 17-1,,frequency,17326.923888,0.000733,,,kitt_peak_1993,depth 0.97; 1 window
127I2 R(83) 17-1,,frequency,17325.095236,0.000858,,,kitt_peak_1993,depth 0.99; 1 window
127I2 R(84) 17-1,,frequency,17323.243801,0.000518,,,kitt_peak_1993,depth 0.97; 2 windows
127I2 R(85) 17-1,,frequency,17321.370109,0.000517,,,kitt_peak_1993,depth 0.99; 2 windows
127I2 R(86) 17-1,,frequency,17319.471481,0.000795,,,kitt_peak_1993,depth 0.96; 1 window
127I2 R(87) 17-1,,frequency,17317.551577,0.000733,,,kitt_peak_1993,depth 0.99; 1 window
127I2 R(89) 17-1,,frequency,17313.641529,0.000469,,,kitt_peak_1993,depth 0.97; 2 windows
127I2 P(37) 17-2,,frequency,17169.807493,0.001008,,,kitt_peak_1993,depth 0.89; 1 window
127I2 P(41) 17-2,,frequency,17166.076517,0.001002,,,kitt_peak_1993,depth 0.91; 1 window
127I2 P(43) 17-2,,frequency,17164.075566,0.000989,,,kitt_peak_1993,depth 0.92; 1 window
127I2 P(45) 17-2,,frequency,17161.985382,0.001015,,,kitt_peak_1993,depth 0.93; 1 window
127I2 P(53) 17-2,,frequency,17152.730383,0.000961,,,kitt_peak_1993,depth 0.92; 1 window
127I2 P(55) 17-2,,frequency,17150.193753,0.000919,,,kitt_peak_1993,depth 0.93; 1 window
127I2 P(57) 17-2,,frequency,17147.564184,0.000830,,,kitt_peak_1993,depth 0.96; 1 window
127I2 P(59) 17-2,,frequency,17144.846908,0.000881,,,kitt_peak_1993,depth 0.94; 1 window
127I2 P(60) 17-2,,frequency,17143.454777,0.000982,,,kitt_peak_1993,depth 0.89; 1 window
127I2 P(65) 17-2,,frequency,17136.155469,0.000702,,,kitt_peak_1993,depth 0.93; 2 windows
127I2 P(68) 17-2,,frequency,17131.504365,0.000687,,,kitt_peak_1993,depth 0.86; 2 windows
127I2 P(69) 17-2,,frequency,17129.909433,0.000906,,,kitt_peak_1993,depth 0.94; 1 window
127I2 P(71) 17-2,,frequency,17126.652542,0.000648,,,kitt_peak_1993,depth 0.93; 2 windows
127I2 P(75) 17-2,,frequency,17119.865007,0.000602,,,kitt_peak_1993,depth 0.93; 2 windows
127I2 P(77) 17-2,,frequency,17116.336266,0.000882,,,kitt_peak_1993,depth 0.92; 1 window
127I2 P(78) 17-2,,frequency,17114.539189,0.000972,,,kitt_peak_1993,depth 0.88; 1 window
127I2 P(79) 17-2,,frequency,17112.716950,0.000507,,,kitt_peak_1993,depth 0.95; 2 windows
127I2 P(80) 17-2,,frequency,17110.873666,0.000950,,,kitt_peak_1993,depth 0.83; 1 window
127I2 R(45) 17-2,,frequency,17166.699852,0.000939,,,kitt_peak_1993,depth 0.92; 1 window
127I2 R(59) 17-2,,frequency,17151.004813,0.000652,,,kitt_peak_1993,depth 0.93; 2 windows
127I2 R(61) 17-2,,frequency,17148.403550,0.000704,,,kitt_peak_1993,depth 0.96; 2 windows
127I2 R(63) 17-2,,frequency,17145.713344,0.000665,,,kitt_peak_1993,depth 0.96; 2 windows
127I2 R(65) 17-2,,frequency,17142.930436,0.000883,,,kitt_peak_1993,depth 0.95; 1 window
127I2 R(66) 17-2,,frequency,17141.505519,0.000996,,,kitt_peak_1993,depth 0.89; 1 window
127I2 R(67) 17-2,,frequency,17140.058527,0.000950,,,kitt_peak_1993,depth 0.93; 1 window
127I2 R(71) 17-2,,frequency,17134.044257,0.000685,,,kitt_peak_1993,depth 0.93; 2 windows
127I2 R(73) 17-2,,frequency,17130.900067,0.000846,,,kitt_peak_1993,depth 0.93; 1 window
127I2 R(76) 17-2,,frequency,17126.015813,0.001007,,,kitt_peak_1993,depth 0.84; 1 window
127I2 R(77) 17-2,,frequency,17124.341943,0.000629,,,kitt_peak_1993,depth 0.94; 2 windows
127I2 R(78) 17-2,,frequency,17122.647449,0.000997,,,kitt_peak_1993,depth 0.86; 1 window
127I2 R(79) 17-2,,frequency,17120.927857,0.000902,,,kitt_peak_1993,depth 0.93; 1 window
127I2 R(83) 17-2,,frequency,17113.827657,0.000779,,,kitt_peak_1993,depth 0.94; 1 window
127I2 R(85) 17-2,,frequency,17110.139769,0.000519,,,kitt_peak_1993,depth 0.90; 2 windows
127I2 R(87) 17-2,,frequency,17106.362692,0.000843,,,kitt_peak_1993,depth 0.85; 1 window
127I2 R(89) 17-2,,frequency,17102.493318,0.001018,,,kitt_peak_1993,depth 0.79; 1 window
127I2 P(31) 18-0,,frequency,17694.946810,0.000823,,,kitt_peak_1993,depth 1.00; 1 window
127I2 P(33) 18-0,,frequency,17693.337334,0.000594,,,kitt_peak_1993,depth 1.00; 2 windows
127I2 P(34) 18-0,,frequency,17692.498482,0.000977,,,kitt_peak_1993,depth 0.97; 1 window
127I2 P(37) 18-0,,frequency,17689.839685,0.000864,,,kitt_peak_1993,depth 1.00; 1 window
127I2 P(39) 18-0,,frequency,17687.952634,0.000938,,,kitt_peak_1993,depth 1.00; 1 window
127I2 P(41) 18-0,,frequency,17685.970671,0.000585,,,kitt_peak_1993,depth 1.00; 2 windows
127I2 P(42) 18-0,,frequency,17684.946965,0.000932,,,kitt_peak_1993,depth 0.98; 1 window
127I2 P(44) 18-0,,frequency,17682.824996,0.001015,,,kitt_peak_1993,depth 0.98; 1 window
127I2 P(45) 18-0,,frequency,17681.729717,0.000798,,,kitt_peak_1993,depth 1.00; 1 window
127I2 P(53) 18-0,,frequency,17672.130051,0.000986,,,kitt_peak_1993,depth 1.00; 1 window
127I2 P(59) 18-0,,frequency,17663.950645,0.001019,,,kitt_peak_1993,depth 1.00; 1 window
127I2 P(61) 18-0,,frequency,17661.038896,0.000860,,,kitt_peak_1993,depth 1.00; 1 window
127I2 P(62) 18-0,,frequency,17659.544535,0.000975,,,kitt_peak_1993,depth 0.98; 1 window
127I2 P(64) 18-0,,frequency,17656.492039,0.001020,,,kitt_peak_1993,depth 0.98; 1 window
127I2 P(65) 18-0,,frequency,17654.931579,0.000645,,,kitt_peak_1993,depth 0.99; 2 windows
127I2 P(69) 18-0,,frequency,17648.449638,0.000944,,,kitt_peak_1993,depth 0.99; 1 window
127I2 P(70) 18-0,,frequency,17646.769099,0.000904,,,kitt_peak_1993,depth 0.97; 1 window
127I2 P(71) 18-0,,frequency,17645.067048,0.000694,,,kitt_peak_1993,depth 0.99; 2 windows
127I2 P(72) 18-0,,frequency,17643.340215,0.000980,,,kitt_peak_1993,depth 0.97; 1 window
127I2 P(73) 18-0,,frequency,17641.590928,0.000835,,,kitt_peak_1993,depth 0.99; 1 window
127I2 P(74) 18-0,,frequency,17639.818186,0.000892,,,kitt_peak_1993,depth 0.97; 1 window
127I2 P(75) 18-0,,frequency,17638.023342,0.000586,,,kitt_peak_1993,depth 0.99; 2 windows
127I2 P(76) 18-0,,frequency,17636.198460,0.000720,,,kitt_peak_1993,depth 0.97; 1 window
127I2 P(79) 18-0,,frequency,17630.601089,0.000560,,,kitt_peak_1993,depth 0.99; 2 windows
127I2 P(82) 18-0,,frequency,17624.788332,0.000860,,,kitt_peak_1993,depth 0.96; 1 window
127I2 P(83) 18-0,,frequency,17622.804544,0.000807,,,kitt_peak_1993,depth 0.99; 1 window
127I2 P(85) 18-0,,frequency,17618.764082,0.000549,,,kitt_peak_1993,depth 0.99; 2 windows
127I2 P(86) 18-0,,frequency,17616.708909,0.000600,,,kitt_peak_1993,depth 0.95; 2 windows
127I2 P(91) 18-0,,frequency,17606.077566,0.000946,,,kitt_peak_1993,depth 0.96; 1 window
127I2 P(93) 18-0,,frequency,17601.659299,0.000654,,,kitt_peak_1993,depth 0.96; 2 windows
127I2 R(21) 18-0,,frequency,17703.813401,0.000955,,,kitt_peak_1993,depth 0.95; 1 window
127I2 R(23) 18-0,,frequency,17702.872610,0.000704,,,kitt_peak_1993,depth 0.97; 2 windows
127I2 R(25) 18-0,,frequency,17701.840089,0.001010,,,kitt_peak_1993,depth 0.98; 1 window
127I2 R(27) 18-0,,frequency,17700.715724,0.000648,,,kitt_peak_1993,depth 0.98; 2 windows
127I2 R(28) 18-0,,frequency,17700.118431,0.001016,,,kitt_peak_1993,depth 0.94; 1 window
127I2 R(32) 18-0,,frequency,17697.495819,0.001000,,,kitt_peak_1993,depth 0.97; 1 window
127I2 R(33) 18-0,,frequency,17696.782216,0.000849,,,kitt_peak_1993,depth 0.99; 1 window
127I2 R(35) 18-0,,frequency,17695.284527,0.000661,,,kitt_peak_1993,depth 1.00; 2 windows
127I2 R(37) 18-0,,frequency,17693.696374,0.000982,,,kitt_peak_1993,depth 1.00; 1 window
127I2 R(39) 18-0,,frequency,17692.012795,0.000786,,,kitt_peak_1993,depth 1.00; 1 window
127I2 R(41) 18-0,,frequency,17690.237081,0.000945,,,kitt_peak_1993,depth 1.00; 1 window
127I2 R(42) 18-0,,frequency,17689.313213,0.000974,,,kitt_peak_1993,depth 0.98; 1 window
127I2 R(43) 18-0,,frequency,17688.369502,0.000709,,,kitt_peak_1993,depth 1.00; 2 windows
127I2 R(44) 18-0,,frequency,17687.398228,0.000958,,,kitt_peak_1993,depth 0.99; 1 window
127I2 R(45) 18-0,,frequency,17686.405971,0.000889,,,kitt_peak_1993,depth 1.00; 1 window
127I2 R(48) 18-0,,frequency,17683.287184,0.000950,,,kitt_peak_1993,depth 0.98; 1 window
127I2 R(51) 18-0,,frequency,17679.959855,0.000769,,,kitt_peak_1993,depth 0.99; 1 window
127I2 R(53) 18-0,,frequency,17677.624434,0.000827,,,kitt_peak_1993,depth 1.00; 1 window
127I2 R(58) 18-0,,frequency,17671.375394,0.001000,,,kitt_peak_1993,depth 0.98; 1 window
127I2 R(62) 18-0,,frequency,17665.959148,0.000960,,,kitt_peak_1993,depth 0.98; 1 window
127I2 R(64) 18-0,,frequency,17663.110453,0.000979,,,kitt_peak_1993,depth 0.98; 1 window
127I2 R(65) 18-0,,frequency,17661.650048,0.001013,,,kitt_peak_1993,depth 1.00; 1 window
127I2 R(67) 18-0,,frequency,17658.659485,0.000746,,,kitt_peak_1993,depth 0.99; 1 window
127I2 R(69) 18-0,,frequency,17655.575727,0.000876,,,kitt_peak_1993,depth 0.99; 1 window
127I2 R(71) 18-0,,frequency,17652.397015,0.000570,,,kitt_peak_1993,depth 0.99; 2 windows
127I2 R(72) 18-0,,frequency,17650.774030,0.000996,,,kitt_peak_1993,depth 0.97; 1 window
127I2 R(74) 18-0,,frequency,17647.454568,0.000693,,,kitt_peak_1993,depth 0.97; 2 windows
127I2 R(75) 18-0,,frequency,17645.760916,0.000856,,,kitt_peak_1993,depth 0.99; 1 window
127I2 R(76) 18-0,,frequency,17644.041057,0.001016,,,kitt_peak_1993,depth 0.97; 1 window
127I2 R(78) 18-0,,frequency,17640.533548,0.000693,,,kitt_peak_1993,depth 0.97; 2 windows
127I2 R(80) 18-0,,frequency,17636.931527,0.001019,,,kitt_peak_1993,depth 0.96; 1 window
127I2 R(84) 18-0,,frequency,17629.445192,0.001013,,,kitt_peak_1993,depth 0.95; 1 window
127I2 R(85) 18-0,,frequency,17627.515964,0.000895,,,kitt_peak_1993,depth 0.98; 1 window
127I2 R(89) 18-0,,frequency,17619.557115,0.000864,,,kitt_peak_1993,depth 0.98; 1 window
127I2 R(90) 18-0,,frequency,17617.505645,0.000972,,,kitt_peak_1993,depth 0.94; 1 window
127I2 R(91) 18-0,,frequency,17615.432444,0.000810,,,kitt_peak_1993,depth 0.98; 1 window
127I2 R(93) 18-0,,frequency,17611.218651,0.000934,,,kitt_peak_1993,depth 0.95; 1 window
127I2 R(99) 18-0,,frequency,17598.001920,0.000982,,,kitt_peak_1993,depth 0.97; 1 window
127I2 P(111) 18-1,,frequency,17345.745360,0.001013,,,kitt_peak_1993,depth 0.94; 1 window
127I2 P(119) 18-1,,frequency,17323.899525,0.000961,,,kitt_peak_1993,depth 0.89; 1 window
127I2 P(125) 18-1,,frequency,17306.516263,0.000998,,,kitt_peak_1993,depth 0.74; 1 window
127I2 P(19) 18-1,,frequency,17489.397497,0.000710,,,kitt_peak_1993,depth 0.97; 2 windows
127I2 P(23) 18-1,,frequency,17487.219837,0.000985,,,kitt_peak_1993,depth 0.99; 1 window
127I2 P(27) 18-1,,frequency,17484.672710,0.000644,,,kitt_peak_1993,depth 0.99; 2 windows
127I2 P(29) 18-1,,frequency,17483.261658,0.000951,,,kitt_peak_1993,depth 0.99; 1 window
127I2 P(30) 18-1,,frequency,17482.523436,0.000989,,,kitt_peak_1993,depth 0.98; 1 window
127I2 P(32) 18-1,,frequency,17480.976209,0.001004,,,kitt_peak_1993,depth 0.98; 1 window
127I2 P(36) 18-1,,frequency,17477.601847,0.000913,,,kitt_peak_1993,depth 0.99; 1 window
127I2 P(37) 18-1,,frequency,17476.700779,0.000813,,,kitt_peak_1993,depth 1.00; 1 window
127I2 P(38) 18-1,,frequency,17475.779002,0.000954,,,kitt_peak_1993,depth 0.99; 1 window
127I2 P(41) 18-1,,frequency,17472.868778,0.000788,,,kitt_peak_1993,depth 1.00; 1 window
127I2 P(42) 18-1,,frequency,17471.852868,0.000917,,,kitt_peak_1993,depth 0.99; 1 window
127I2 P(43) 18-1,,frequency,17470.813587,0.000791,,,kitt_peak_1993,depth 1.00; 1 window
127I2 P(44) 18-1,,frequency,17469.752750,0.000667,,,kitt_peak_1993,depth 0.99; 2 windows
127I2 P(47) 18-1,,frequency,17466.427672,0.000816,,,kitt_peak_1993,depth 1.00; 1 window
127I2 P(48) 18-1,,frequency,17465.272307,0.000688,,,kitt_peak_1993,depth 0.99; 2 windows
127I2 P(49) 18-1,,frequency,17464.096911,0.000751,,,kitt_peak_1993,depth 1.00; 1 window
127I2 P(51) 18-1,,frequency,17461.673712,0.000810,,,kitt_peak_1993,depth 1.00; 1 window
127I2 P(52) 18-1,,frequency,17460.427885,0.000716,,,kitt_peak_1993,depth 0.99; 2 windows
127I2 P(53) 18-1,,frequency,17459.157569,0.000836,,,kitt_peak_1993,depth 1.00; 1 window
127I2 P(55) 18-1,,frequency,17456.549707,0.000983,,,kitt_peak_1993,depth 1.00; 1 window
127I2 P(57) 18-1,,frequency,17453.848224,0.000699,,,kitt_peak_1993,depth 1.00; 1 window
127I2 P(59) 18-1,,frequency,17451.055260,0.000490,,,kitt_peak_1993,depth 1.00; 2 windows
127I2 P(60) 18-1,,frequency,17449.621961,0.000940,,,kitt_peak_1993,depth 0.99; 1 window
127I2 P(61) 18-1,,frequency,17448.170876,0.000489,,,kitt_peak_1993,depth 1.00; 2 windows
127I2 P(62) 18-1,,frequency,17446.692593,0.000734,,,kitt_peak_1993,depth 0.99; 1 window
127I2 P(63) 18-1,,frequency,17445.192508,0.000719,,,kitt_peak_1993,depth 1.00; 1 window
127I2 P(64) 18-1,,frequency,17443.668768,0.000619,,,kitt_peak_1993,depth 0.99; 2 windows
127I2 P(65) 18-1,,frequency,17442.121420,0.000722,,,kitt_peak_1993,depth 1.00; 1 window
127I2 P(66) 18-1,,frequency,17440.551868,0.000748,,,kitt_peak_1993,depth 0.99; 1 window
127I2 P(67) 18-1,,frequency,17438.957730,0.000591,,,kitt_peak_1993,depth 1.00; 2 windows
127I2 P(68) 18-1,,frequency,17437.341311,0.000894,,,kitt_peak_1993,depth 0.99; 1 window
127I2 P(69) 18-1,,frequency,17435.702080,0.000616,,,kitt_peak_1993,depth 1.00; 1 window
127I2 P(70) 18-1,,frequency,17434.038913,0.000650,,,kitt_peak_1993,depth 0.99; 2 windows
127I2 P(72) 18-1,,frequency,17430.644148,0.000815,,,kitt_peak_1993,depth 0.99; 1 window
127I2 P(73) 18-1,,frequency,17428.911180,0.000507,,,kitt_peak_1993,depth 1.00; 2 windows
127I2 P(74) 18-1,,frequency,17427.154607,0.000573,,,kitt_peak_1993,depth 0.99; 2 windows
127I2 P(75) 18-1,,frequency,17425.375131,0.000806,,,kitt_peak_1993,depth 1.00; 1 window
127I2 P(76) 18-1,,frequency,17423.573881,0.000704,,,kitt_peak_1993,depth 0.98; 1 window
127I2 P(77) 18-1,,frequency,17421.746767,0.000575,,,kitt_peak_1993,depth 1.00; 2 windows
127I2 P(78) 18-1,,frequency,17419.897359,0.000532,,,kitt_peak_1993,depth 0.99; 2 windows
127I2 P(79) 18-1,,frequency,17418.025555,0.000723,,,kitt_peak_1993,depth 1.00; 1 window
127I2 P(80) 18-1,,frequency,17416.129624,0.000848,,,kitt_peak_1993,depth 0.95; 1 window
127I2 P(82) 18-1,,frequency,17412.268357,0.000577,,,kitt_peak_1993,depth 0.96; 2 windows
127I2 P(84) 18-1,,frequency,17408.315386,0.000807,,,kitt_peak_1993,depth 0.94; 1 window
127I2 P(85) 18-1,,frequency,17406.303507,0.000804,,,kitt_peak_1993,depth 0.99; 1 window
127I2 P(89) 18-1,,frequency,17398.019330,0.000911,,,kitt_peak_1993,depth 0.98; 1 window
127I2 P(97) 18-1,,frequency,17380.329438,0.000902,,,kitt_peak_1993,depth 0.98; 1 window
127I2 R(103) 18-1,,frequency,17376.641817,0.000685,,,kitt_peak_1993,depth 0.96; 2 windows
127I2 R(107) 18-1,,frequency,17367.066221,0.000700,,,kitt_peak_1993,depth 0.96; 2 windows
127I2 R(119) 18-1,,frequency,17336.065642,0.000981,,,kitt_peak_1993,depth 0.90; 1 window
127I2 R(21) 18-1,,frequency,17490.566487,0.001015,,,kitt_peak_1993,depth 0.98; 1 window
127I2 R(31) 18-1,,frequency,17485.000585,0.000865,,,kitt_peak_1993,depth 1.00; 1 window
127I2 R(32) 18-1,,frequency,17484.317255,0.000996,,,kitt_peak_1993,depth 0.98; 1 window
127I2 R(33) 18-1,,frequency,17483.610536,0.000822,,,kitt_peak_1993,depth 1.00; 1 window
127I2 R(37) 18-1,,frequency,17480.557183,0.000806,,,kitt_peak_1993,depth 1.00; 1 window
127I2 R(38) 18-1,,frequency,17479.735695,0.000656,,,kitt_peak_1993,depth 0.99; 2 windows
127I2 R(39) 18-1,,frequency,17478.890973,0.000882,,,kitt_peak_1993,depth 1.00; 1 window
127I2 R(40) 18-1,,frequency,17478.024388,0.000959,,,kitt_peak_1993,depth 0.99; 1 window
127I2 R(41) 18-1,,frequency,17477.133998,0.000646,,,kitt_peak_1993,depth 1.00; 2 windows
127I2 R(42) 18-1,,frequency,17476.222174,0.000968,,,kitt_peak_1993,depth 0.99; 1 window
127I2 R(45) 18-1,,frequency,17473.342726,0.000775,,,kitt_peak_1993,depth 1.00; 1 window
127I2 R(48) 18-1,,frequency,17470.257452,0.000665,,,kitt_peak_1993,depth 0.99; 2 windows
127I2 R(49) 18-1,,frequency,17469.181542,0.000885,,,kitt_peak_1993,depth 1.00; 1 window
127I2 R(50) 18-1,,frequency,17468.084717,0.000843,,,kitt_peak_1993,depth 0.99; 1 window
127I2 R(52) 18-1,,frequency,17465.820162,0.000986,,,kitt_peak_1993,depth 0.99; 1 window
127I2 R(53) 18-1,,frequency,17464.651829,0.001021,,,kitt_peak_1993,depth 1.00; 1 window
127I2 R(56) 18-1,,frequency,17461.013308,0.000851,,,kitt_peak_1993,depth 0.99; 1 window
127I2 R(57) 18-1,,frequency,17459.753319,0.000866,,,kitt_peak_1993,depth 1.00; 1 window
127I2 R(58) 18-1,,frequency,17458.469467,0.000954,,,kitt_peak_1993,depth 0.99; 1 window
127I2 R(60) 18-1,,frequency,17455.835562,0.000638,,,kitt_peak_1993,depth 0.99; 2 windows
127I2 R(61) 18-1,,frequency,17454.482517,0.000701,,,kitt_peak_1993,depth 1.00; 1 window
127I2 R(62) 18-1,,frequency,17453.107323,0.000601,,,kitt_peak_1993,depth 0.99; 2 windows
127I2 R(63) 18-1,,frequency,17451.707866,0.000779,,,kitt_peak_1993,depth 1.00; 1 window
127I2 R(67) 18-1,,frequency,17445.881772,0.000471,,,kitt_peak_1993,depth 1.00; 2 windows
127I2 R(69) 18-1,,frequency,17442.829106,0.000680,,,kitt_peak_1993,depth 1.00; 1 window
127I2 R(70) 18-1,,frequency,17441.267851,0.000581,,,kitt_peak_1993,depth 0.99; 2 windows
127I2 R(71) 18-1,,frequency,17439.684124,0.000783,,,kitt_peak_1993,depth 1.00; 1 window
127I2 R(72) 18-1,,frequency,17438.075269,0.000747,,,kitt_peak_1993,depth 0.99; 1 window
127I2 R(75) 18-1,,frequency,17433.112903,0.000751,,,kitt_peak_1993,depth 1.00; 1 window
127I2 R(77) 18-1,,frequency,17429.688081,0.000880,,,kitt_peak_1993,depth 1.00; 1 window
127I2 R(78) 18-1,,frequency,17427.939715,0.000740,,,kitt_peak_1993,depth 0.98; 1 window
127I2 R(79) 18-1,,frequency,17426.169797,0.000606,,,kitt_peak_1993,depth 1.00; 1 window
127I2 R(80) 18-1,,frequency,17424.374619,0.000695,,,kitt_peak_1993,depth 0.98; 2 windows
127I2 R(82) 18-1,,frequency,17420.716036,0.000702,,,kitt_peak_1993,depth 0.98; 1 window
127I2 R(83) 18-1,,frequency,17418.852553,0.000639,,,kitt_peak_1993,depth 1.00; 1 window
127I2 R(84) 18-1,,frequency,17416.965017,0.000535,,,kitt_peak_1993,depth 0.98; 2 windows
127I2 R(85) 18-1,,frequency,17415.055462,0.000571,,,kitt_peak_1993,depth 0.99; 2 windows
127I2 R(87) 18-1,,frequency,17411.161661,0.000838,,,kitt_peak_1993,depth 0.98; 1 window
127I2 R(88) 18-1,,frequency,17409.180648,0.000992,,,kitt_peak_1993,depth 0.93; 1 window
127I2 R(89) 18-1,,frequency,17407.176013,0.000633,,,kitt_peak_1993,depth 0.99; 1 window
127I2 R(90) 18-1,,frequency,17405.146796,0.000573,,,kitt_peak_1993,depth 0.95; 2 windows
127I2 R(92) 18-1,,frequency,17401.019269,0.000908,,,kitt_peak_1993,depth 0.94; 1 window
127I2 R(93) 18-1,,frequency,17398.921337,0.000997,,,kitt_peak_1993,depth 0.98; 1 window
127I2 P(43) 18-2,,frequency,17258.959463,0.000983,,,kitt_peak_1993,depth 0.87; 1 window
127I2 P(55) 18-2,,frequency,17244.833985,0.000995,,,kitt_peak_1993,depth 0.88; 1 window
127I2 P(59) 18-2,,frequency,17239.392355,0.001018,,,kitt_peak_1993,depth 0.90; 1 window
127I2 P(63) 18-2,,frequency,17233.583175,0.000972,,,kitt_peak_1993,depth 0.86; 1 window
127I2 P(75) 18-2,,frequency,17213.959783,0.001013,,,kitt_peak_1993,depth 0.87; 1 window
127I2 R(49) 18-2,,frequency,17257.393601,0.000935,,,kitt_peak_1993,depth 0.89; 1 window
127I2 R(57) 18-2,,frequency,17248.060962,0.000952,,,kitt_peak_1993,depth 0.89; 1 window
127I2 R(59) 18-2,,frequency,17245.500093,0.000866,,,kitt_peak_1993,depth 0.89; 1 window
127I2 R(61) 18-2,,frequency,17242.846321,0.000899,,,kitt_peak_1993,depth 0.90; 1 window
127I2 R(63) 18-2,,frequency,17240.100121,0.001012,,,kitt_peak_1993,depth 0.90; 1 window
127I2 R(65) 18-2,,frequency,17237.263380,0.000684,,,kitt_peak_1993,depth 0.89; 2 windows
127I2 R(67) 18-2,,frequency,17234.336051,0.000984,,,kitt_peak_1993,depth 0.86; 1 window
127I2 R(73) 18-2,,frequency,17224.995268,0.000600,,,kitt_peak_1993,depth 0.89; 2 windows
127I2 R(77) 18-2,,frequency,17218.308220,0.000725,,,kitt_peak_1993,depth 0.86; 2 windows
127I2 P(21) 19-0,,frequency,17794.877932,0.000985,,,kitt_peak_1993,depth 0.98; 1 window
127I2 P(23) 19-0,,frequency,17793.714595,0.000695,,,kitt_peak_1993,depth 0.99; 2 windows
127I2 P(25) 19-0,,frequency,17792.455832,0.000914,,,kitt_peak_1993,depth 0.99; 1 window
127I2 P(27) 19-0,,frequency,17791.102480,0.000971,,,kitt_peak_1993,depth 0.99; 1 window
127I2 P(29) 19-0,,frequency,17789.657201,0.000909,,,kitt_peak_1993,depth 1.00; 1 window
127I2 P(31) 19-0,,frequency,17788.114841,0.000930,,,kitt_peak_1993,depth 1.00; 1 window
127I2 P(33) 19-0,,frequency,17786.478313,0.000576,,,kitt_peak_1993,depth 1.00; 2 windows
127I2 P(35) 19-0,,frequency,17784.747375,0.000612,,,kitt_peak_1993,depth 1.00; 2 windows
127I2 P(37) 19-0,,frequency,17782.922028,0.000760,,,kitt_peak_1993,depth 1.00; 1 window
127I2 P(39) 19-0,,frequency,17781.001908,0.000874,,,kitt_peak_1993,depth 1.00; 1 window
127I2 P(40) 19-0,,frequency,17780.006384,0.000960,,,kitt_peak_1993,depth 0.99; 1 window
127I2 P(41) 19-0,,frequency,17778.986677,0.000749,,,kitt_peak_1993,depth 1.00; 1 window
127I2 P(42) 19-0,,frequency,17777.944946,0.000964,,,kitt_peak_1993,depth 0.99; 1 window
127I2 P(43) 19-0,,frequency,17776.877582,0.000703,,,kitt_peak_1993,depth 1.00; 2 windows
127I2 P(44) 19-0,,frequency,17775.788494,0.000887,,,kitt_peak_1993,depth 0.99; 1 window
127I2 P(45) 19-0,,frequency,17774.672867,0.000546,,,kitt_peak_1993,depth 1.00; 2 windows
127I2 P(51) 19-0,,frequency,17767.489905,0.000609,,,kitt_peak_1993,depth 1.00; 2 windows
127I2 P(53) 19-0,,frequency,17764.905372,0.000586,,,kitt_peak_1993,depth 1.00; 2 windows
127I2 P(55) 19-0,,frequency,17762.227237,0.000921,,,kitt_peak_1993,depth 1.00; 1 window
127I2 P(59) 19-0,,frequency,17756.583966,0.000997,,,kitt_peak_1993,depth 1.00; 1 window
127I2 P(65) 19-0,,frequency,17747.405143,0.001018,,,kitt_peak_1993,depth 1.00; 1 window
127I2 P(69) 19-0,,frequency,17740.807496,0.000717,,,kitt_peak_1993,depth 1.00; 2 windows
127I2 P(70) 19-0,,frequency,17739.098521,0.000711,,,kitt_peak_1993,depth 0.99; 2 windows
127I2 P(71) 19-0,,frequency,17737.366042,0.000889,,,kitt_peak_1993,depth 1.00; 1 window
127I2 P(73) 19-0,,frequency,17733.828885,0.000638,,,kitt_peak_1993,depth 1.00; 2 windows
127I2 P(74) 19-0,,frequency,17732.023723,0.000882,,,kitt_peak_1993,depth 0.99; 1 window
127I2 P(75) 19-0,,frequency,17730.195805,0.000795,,,kitt_peak_1993,depth 1.00; 1 window
127I2 P(76) 19-0,,frequency,17728.344998,0.000863,,,kitt_peak_1993,depth 0.98; 1 window
127I2 P(77) 19-0,,frequency,17726.467298,0.000499,,,kitt_peak_1993,depth 1.00; 2 windows
127I2 P(78) 19-0,,frequency,17724.566070,0.000639,,,kitt_peak_1993,depth 0.99; 2 windows
127I2 P(79) 19-0,,frequency,17722.642787,0.000725,,,kitt_peak_1993,depth 1.00; 1 window
127I2 P(80) 19-0,,frequency,17720.694547,0.001018,,,kitt_peak_1993,depth 0.98; 1 window
127I2 P(82) 19-0,,frequency,17716.725822,0.000893,,,kitt_peak_1993,depth 0.98; 1 window
127I2 P(84) 19-0,,frequency,17712.661418,0.000625,,,kitt_peak_1993,depth 0.98; 2 windows
127I2 P(91) 19-0,,frequency,17697.677179,0.000645,,,kitt_peak_1993,depth 0.99; 2 windows
127I2 P(93) 19-0,,frequency,17693.178814,0.000671,,,kitt_peak_1993,depth 0.99; 2 windows
127I2 P(95) 19-0,,frequency,17688.584663,0.000696,,,kitt_peak_1993,depth 0.99; 2 windows
127I2 P(98) 19-0,,frequency,17681.509570,0.001017,,,kitt_peak_1993,depth 0.94; 1 window
127I2 R(15) 19-0,,frequency,17799.385007,0.001017,,,kitt_peak_1993,depth 0.94; 1 window
127I2 R(21) 19-0,,frequency,17797.071557,0.000934,,,kitt_peak_1993,depth 0.98; 1 window
127I2 R(25) 19-0,,frequency,17795.057902,0.000943,,,kitt_peak_1993,depth 0.99; 1 window
127I2 R(27) 19-0,,frequency,17793.909442,0.000716,,,kitt_peak_1993,depth 0.99; 2 windows
127I2 R(29) 19-0,,frequency,17792.664961,0.000870,,,kitt_peak_1993,depth 0.99; 1 window
127I2 R(34) 19-0,,frequency,17789.142837,0.000659,,,kitt_peak_1993,depth 0.99; 2 windows
127I2 R(35) 19-0,,frequency,17788.367584,0.000804,,,kitt_peak_1993,depth 1.00; 1 window
127I2 R(36) 19-0,,frequency,17787.568791,0.000916,,,kitt_peak_1993,depth 0.99; 1 window
127I2 R(37) 19-0,,frequency,17786.745420,0.000557,,,kitt_peak_1993,depth 1.00; 2 windows
127I2 R(38) 19-0,,frequency,17785.898916,0.000840,,,kitt_peak_1993,depth 0.99; 1 window
127I2 R(41) 19-0,,frequency,17783.217472,0.000768,,,kitt_peak_1993,depth 1.00; 1 window
127I2 R(43) 19-0,,frequency,17781.310921,0.000689,,,kitt_peak_1993,depth 1.00; 1 window
127I2 R(44) 19-0,,frequency,17780.321021,0.000850,,,kitt_peak_1993,depth 1.00; 1 window
127I2 R(45) 19-0,,frequency,17779.309878,0.000614,,,kitt_peak_1993,depth 1.00; 2 windows
127I2 R(47) 19-0,,frequency,17777.213747,0.000550,,,kitt_peak_1993,depth 1.00; 2 windows
127I2 R(49) 19-0,,frequency,17775.022300,0.000584,,,kitt_peak_1993,depth 1.00; 2 windows
127I2 R(50) 19-0,,frequency,17773.891022,0.000820,,,kitt_peak_1993,depth 1.00; 1 window
127I2 R(51) 19-0,,frequency,17772.737036,0.000547,,,kitt_peak_1993,depth 1.00; 2 windows
127I2 R(52) 19-0,,frequency,17771.557627,0.000764,,,kitt_peak_1993,depth 1.00; 1 window
127I2 R(53) 19-0,,frequency,17770.354693,0.000759,,,kitt_peak_1993,depth 1.00; 1 window
127I2 R(55) 19-0,,frequency,17767.879620,0.000588,,,kitt_peak_1993,depth 1.00; 2 windows
127I2 R(57) 19-0,,frequency,17765.307394,0.000547,,,kitt_peak_1993,depth 1.00; 2 windows
127I2 R(61) 19-0,,frequency,17759.877717,0.000976,,,kitt_peak_1993,depth 1.00; 1 window
127I2 R(65) 19-0,,frequency,17754.068462,0.000959,,,kitt_peak_1993,depth 1.00; 1 window
127I2 R(67) 19-0,,frequency,17751.020006,0.000658,,,kitt_peak_1993,depth 1.00; 2 windows
127I2 R(69) 19-0,,frequency,17747.874555,0.000865,,,kitt_peak_1993,depth 1.00; 1 window
127I2 R(71) 19-0,,frequency,17744.635828,0.000839,,,kitt_peak_1993,depth 1.00; 1 window
127I2 R(75) 19-0,,frequency,17737.868203,0.001021,,,kitt_peak_1993,depth 1.00; 1 window
127I2 R(76) 19-0,,frequency,17736.116409,0.000606,,,kitt_peak_1993,depth 0.99; 2 windows
127I2 R(78) 19-0,,frequency,17732.541288,0.000977,,,kitt_peak_1993,depth 0.99; 1 window
127I2 R(79) 19-0,,frequency,17730.717459,0.000806,,,kitt_peak_1993,depth 1.00; 1 window
127I2 R(81) 19-0,,frequency,17726.997881,0.000496,,,kitt_peak_1993,depth 1.00; 2 windows
127I2 R(82) 19-0,,frequency,17725.102160,0.000806,,,kitt_peak_1993,depth 0.98; 1 window
127I2 R(83) 19-0,,frequency,17723.181640,0.000872,,,kitt_peak_1993,depth 1.00; 1 window
127I2 R(84) 19-0,,frequency,17721.239250,0.000923,,,kitt_peak_1993,depth 0.98; 1 window
127I2 R(85) 19-0,,frequency,17719.270352,0.000536,,,kitt_peak_1993,depth 0.99; 2 windows
127I2 R(87) 19-0,,frequency,17715.263027,0.000857,,,kitt_peak_1993,depth 0.99; 1 window
127I2 R(89) 19-0,,frequency,17711.157296,0.000789,,,kitt_peak_1993,depth 0.99; 1 window
127I2 R(90) 19-0,,frequency,17709.069173,0.000898,,,kitt_peak_1993,depth 0.94; 1 window
127I2 P(101) 19-1,,frequency,17462.102405,0.000956,,,kitt_peak_1993,depth 0.98; 1 window
127I2 P(105) 19-1,,frequency,17452.135597,0.000773,,,kitt_peak_1993,depth 0.97; 1 window
127I2 P(107) 19-1,,frequency,17447.007593,0.000890,,,kitt_peak_1993,depth 0.97; 1 window
127I2 P(109) 19-1,,frequency,17441.783778,0.001015,,,kitt_peak_1993,depth 0.95; 1 window
127I2 P(115) 19-1,,frequency,17425.530804,0.000959,,,kitt_peak_1993,depth 0.93; 1 window
127I2 P(23) 19-1,,frequency,17580.477820,0.000683,,,kitt_peak_1993,depth 0.99; 2 windows
127I2 P(29) 19-1,,frequency,17576.456174,0.000953,,,kitt_peak_1993,depth 0.99; 1 window
127I2 P(34) 19-1,,frequency,17572.460565,0.000897,,,kitt_peak_1993,depth 0.98; 1 window
127I2 P(37) 19-1,,frequency,17569.783154,0.000845,,,kitt_peak_1993,depth 1.00; 1 window
127I2 P(38) 19-1,,frequency,17568.844861,0.000959,,,kitt_peak_1993,depth 0.99; 1 window
127I2 P(39) 19-1,,frequency,17567.880916,0.000761,,,kitt_peak_1993,depth 1.00; 1 window
127I2 P(40) 19-1,,frequency,17566.893942,0.000980,,,kitt_peak_1993,depth 0.99; 1 window
127I2 P(41) 19-1,,frequency,17565.883519,0.000614,,,kitt_peak_1993,depth 1.00; 2 windows
127I2 P(42) 19-1,,frequency,17564.850668,0.000890,,,kitt_peak_1993,depth 0.99; 1 window
127I2 P(43) 19-1,,frequency,17563.793195,0.000671,,,kitt_peak_1993,depth 1.00; 2 windows
127I2 P(45) 19-1,,frequency,17561.610727,0.000813,,,kitt_peak_1993,depth 1.00; 1 window
127I2 P(46) 19-1,,frequency,17560.480798,0.000904,,,kitt_peak_1993,depth 0.99; 1 window
127I2 P(47) 19-1,,frequency,17559.332915,0.000792,,,kitt_peak_1993,depth 1.00; 1 window
127I2 P(51) 19-1,,frequency,17554.492621,0.000924,,,kitt_peak_1993,depth 1.00; 1 window
127I2 P(52) 19-1,,frequency,17553.225272,0.000898,,,kitt_peak_1993,depth 0.99; 1 window
127I2 P(54) 19-1,,frequency,17550.617823,0.001022,,,kitt_peak_1993,depth 0.99; 1 window
127I2 P(57) 19-1,,frequency,17546.532903,0.000616,,,kitt_peak_1993,depth 1.00; 2 windows
127I2 P(58) 19-1,,frequency,17545.122253,0.000839,,,kitt_peak_1993,depth 0.99; 1 window
127I2 P(59) 19-1,,frequency,17543.689427,0.000864,,,kitt_peak_1993,depth 1.00; 1 window
127I2 P(60) 19-1,,frequency,17542.234081,0.000636,,,kitt_peak_1993,depth 0.99; 2 windows
127I2 P(61) 19-1,,frequency,17540.752728,0.000657,,,kitt_peak_1993,depth 1.00; 1 window
127I2 P(62) 19-1,,frequency,17539.249807,0.000610,,,kitt_peak_1993,depth 0.99; 2 windows
127I2 P(63) 19-1,,frequency,17537.721509,0.000726,,,kitt_peak_1993,depth 1.00; 1 window
127I2 P(64) 19-1,,frequency,17536.170705,0.000738,,,kitt_peak_1993,depth 0.99; 1 window
127I2 P(65) 19-1,,frequency,17534.596045,0.000569,,,kitt_peak_1993,depth 1.00; 2 windows
127I2 P(66) 19-1,,frequency,17532.997511,0.000901,,,kitt_peak_1993,depth 0.99; 1 window
127I2 P(67) 19-1,,frequency,17531.375832,0.000649,,,kitt_peak_1993,depth 1.00; 1 window
127I2 P(68) 19-1,,frequency,17529.730417,0.000617,,,kitt_peak_1993,depth 0.99; 2 windows
127I2 P(69) 19-1,,frequency,17528.061582,0.000691,,,kitt_peak_1993,depth 1.00; 1 window
127I2 P(70) 19-1,,frequency,17526.367767,0.000679,,,kitt_peak_1993,depth 0.99; 1 window
127I2 P(71) 19-1,,frequency,17524.651979,0.000610,,,kitt_peak_1993,depth 1.00; 1 window
127I2 P(73) 19-1,,frequency,17521.148233,0.000607,,,kitt_peak_1993,depth 1.00; 1 window
127I2 P(74) 19-1,,frequency,17519.361125,0.000718,,,kitt_peak_1993,depth 0.99; 1 window
127I2 P(75) 19-1,,frequency,17517.549202,0.000645,,,kitt_peak_1993,depth 1.00; 1 window
127I2 P(77) 19-1,,frequency,17513.855304,0.001016,,,kitt_peak_1993,depth 1.00; 1 window
127I2 P(79) 19-1,,frequency,17510.067115,0.000726,,,kitt_peak_1993,depth 0.99; 1 window
127I2 P(82) 19-1,,frequency,17504.206953,0.000851,,,kitt_peak_1993,depth 0.98; 1 window
127I2 P(83) 19-1,,frequency,17502.206137,0.000857,,,kitt_peak_1993,depth 1.00; 1 window
127I2 P(85) 19-1,,frequency,17498.132139,0.000828,,,kitt_peak_1993,depth 1.00; 1 window
127I2 P(86) 19-1,,frequency,17496.059692,0.000713,,,kitt_peak_1993,depth 0.98; 2 windows
127I2 P(97) 19-1,,frequency,17471.683802,0.000961,,,kitt_peak_1993,depth 0.98; 1 window
127I2 R(103) 19-1,,frequency,17467.644156,0.000681,,,kitt_peak_1993,depth 0.97; 2 windows
127I2 R(111) 19-1,,frequency,17447.731539,0.000898,,,kitt_peak_1993,depth 0.95; 1 window
127I2 R(117) 19-1,,frequency,17431.781156,0.000700,,,kitt_peak_1993,depth 0.91; 2 windows
127I2 R(119) 19-1,,frequency,17426.271688,0.000906,,,kitt_peak_1993,depth 0.91; 1 window
127I2 R(121) 19-1,,frequency,17420.660771,0.000905,,,kitt_peak_1993,depth 0.89; 1 window
127I2 R(19) 19-1,,frequency,17584.679788,0.001010,,,kitt_peak_1993,depth 0.99; 1 window
127I2 R(27) 19-1,,frequency,17580.697095,0.000673,,,kitt_peak_1993,depth 1.00; 2 windows
127I2 R(30) 19-1,,frequency,17578.815386,0.001000,,,kitt_peak_1993,depth 0.98; 1 window
127I2 R(34) 19-1,,frequency,17575.979309,0.001015,,,kitt_peak_1993,depth 0.98; 1 window
127I2 R(35) 19-1,,frequency,17575.212064,0.000616,,,kitt_peak_1993,depth 1.00; 2 windows
127I2 R(39) 19-1,,frequency,17571.907429,0.000791,,,kitt_peak_1993,depth 1.00; 1 window
127I2 R(40) 19-1,,frequency,17571.023737,0.000980,,,kitt_peak_1993,depth 0.99; 1 window
127I2 R(42) 19-1,,frequency,17569.182498,0.000923,,,kitt_peak_1993,depth 0.99; 1 window
127I2 R(43) 19-1,,frequency,17568.229820,0.000682,,,kitt_peak_1993,depth 1.00; 2 windows
127I2 R(46) 19-1,,frequency,17565.220717,0.001001,,,kitt_peak_1993,depth 0.99; 1 window
127I2 R(49) 19-1,,frequency,17562.002999,0.000865,,,kitt_peak_1993,depth 1.00; 1 window
127I2 R(50) 19-1,,frequency,17560.883513,0.000891,,,kitt_peak_1993,depth 0.99; 1 window
127I2 R(51) 19-1,,frequency,17559.739728,0.000835,,,kitt_peak_1993,depth 1.00; 1 window
127I2 R(52) 19-1,,frequency,17558.573193,0.000691,,,kitt_peak_1993,depth 0.99; 2 windows
127I2 R(54) 19-1,,frequency,17556.169137,0.000649,,,kitt_peak_1993,depth 1.00; 2 windows
127I2 R(56) 19-1,,frequency,17553.671159,0.000633,,,kitt_peak_1993,depth 0.99; 2 windows
127I2 R(57) 19-1,,frequency,17552.386261,0.000718,,,kitt_peak_1993,depth 1.00; 1 window
127I2 R(59) 19-1,,frequency,17549.745720,0.000799,,,kitt_peak_1993,depth 1.00; 1 window
127I2 R(62) 19-1,,frequency,17545.609111,0.001008,,,kitt_peak_1993,depth 0.99; 1 window
127I2 R(64) 19-1,,frequency,17542.733282,0.000764,,,kitt_peak_1993,depth 0.99; 1 window
127I2 R(66) 19-1,,frequency,17539.762174,0.000546,,,kitt_peak_1993,depth 0.99; 2 windows
127I2 R(67) 19-1,,frequency,17538.240700,0.000847,,,kitt_peak_1993,depth 1.00; 1 window
127I2 R(68) 19-1,,frequency,17536.698587,0.000879,,,kitt_peak_1993,depth 0.99; 1 window
127I2 R(69) 19-1,,frequency,17535.129362,0.000500,,,kitt_peak_1993,depth 1.00; 2 windows
127I2 R(70) 19-1,,frequency,17533.537118,0.000746,,,kitt_peak_1993,depth 0.99; 1 window
127I2 R(72) 19-1,,frequency,17530.282406,0.000547,,,kitt_peak_1993,depth 0.99; 2 windows
127I2 R(73) 19-1,,frequency,17528.619422,0.000608,,,kitt_peak_1993,depth 1.00; 1 window
127I2 R(74) 19-1,,frequency,17526.930900,0.000913,,,kitt_peak_1993,depth 0.99; 1 window
127I2 R(76) 19-1,,frequency,17523.486850,0.000705,,,kitt_peak_1993,depth 0.99; 1 window
127I2 R(77) 19-1,,frequency,17521.729535,0.000612,,,kitt_peak_1993,depth 1.00; 1 window
127I2 R(79) 19-1,,frequency,17518.142067,0.000469,,,kitt_peak_1993,depth 1.00; 2 windows
127I2 R(80) 19-1,,frequency,17516.313352,0.000782,,,kitt_peak_1993,depth 0.98; 1 window
127I2 R(82) 19-1,,frequency,17512.581766,0.000938,,,kitt_peak_1993,depth 0.97; 1 window
127I2 R(83) 19-1,,frequency,17510.680227,0.000646,,,kitt_peak_1993,depth 0.99; 2 windows
127I2 R(86) 19-1,,frequency,17504.835188,0.000942,,,kitt_peak_1993,depth 0.97; 1 window
127I2 R(87) 19-1,,frequency,17502.839620,0.000865,,,kitt_peak_1993,depth 0.99; 1 window
127I2 R(88) 19-1,,frequency,17500.820547,0.000642,,,kitt_peak_1993,depth 0.97; 2 windows
127I2 R(97) 19-1,,frequency,17481.561623,0.000926,,,kitt_peak_1993,depth 0.98; 1 window
127I2 P(65) 19-2,,frequency,17323.018823,0.000994,,,kitt_peak_1993,depth 0.81; 1 window
127I2 P(115) 20-0,,frequency,17725.835612,0.000916,,,kitt_peak_1993,depth 0.95; 1 window
127I2 P(23) 20-0,,frequency,17885.052907,0.000700,,,kitt_peak_1993,depth 1.00; 2 windows
127I2 P(27) 20-0,,frequency,17882.400056,0.000920,,,kitt_peak_1993,depth 1.00; 1 window
127I2 P(29) 20-0,,frequency,17880.928239,0.000856,,,kitt_peak_1993,depth 1.00; 1 window
127I2 P(31) 20-0,,frequency,17879.362658,0.000821,,,kitt_peak_1993,depth 1.00; 1 window
127I2 P(32) 20-0,,frequency,17878.540643,0.000987,,,kitt_peak_1993,depth 0.99; 1 window
127I2 P(34) 20-0,,frequency,17876.829550,0.000935,,,kitt_peak_1993,depth 1.00; 1 window
127I2 P(35) 20-0,,frequency,17875.938460,0.000643,,,kitt_peak_1993,depth 1.00; 2 windows
127I2 P(37) 20-0,,frequency,17874.082255,0.000898,,,kitt_peak_1993,depth 1.00; 1 window
127I2 P(38) 20-0,,frequency,17873.116181,0.000589,,,kitt_peak_1993,depth 1.00; 2 windows
127I2 P(40) 20-0,,frequency,17871.114463,0.000637,,,kitt_peak_1993,depth 1.00; 2 windows
127I2 P(41) 20-0,,frequency,17870.078362,0.000793,,,kitt_peak_1993,depth 1.00; 1 window
127I2 P(42) 20-0,,frequency,17869.017725,0.000887,,,kitt_peak_1993,depth 1.00; 1 window
127I2 P(43) 20-0,,frequency,17867.931922,0.000859,,,kitt_peak_1993,depth 1.00; 1 window
127I2 P(44) 20-0,,frequency,17866.822761,0.000911,,,kitt_peak_1993,depth 1.00; 1 window
127I2 P(46) 20-0,,frequency,17864.532623,0.000850,,,kitt_peak_1993,depth 1.00; 1 window
127I2 P(47) 20-0,,frequency,17863.350272,0.000534,,,kitt_peak_1993,depth 1.00; 2 windows
127I2 P(49) 20-0,,frequency,17860.915101,0.000562,,,kitt_peak_1993,depth 1.00; 2 windows
127I2 P(50) 20-0,,frequency,17859.660817,0.001006,,,kitt_peak_1993,depth 1.00; 1 window
127I2 P(51) 20-0,,frequency,17858.383786,0.000795,,,kitt_peak_1993,depth 1.00; 1 window
127I2 P(55) 20-0,,frequency,17853.026793,0.000944,,,kitt_peak_1993,depth 1.00; 1 window
127I2 P(57) 20-0,,frequency,17850.204869,0.000777,,,kitt_peak_1993,depth 1.00; 1 window
127I2 P(58) 20-0,,frequency,17848.757412,0.000933,,,kitt_peak_1993,depth 1.00; 1 window
127I2 P(59) 20-0,,frequency,17847.284229,0.000938,,,kitt_peak_1993,depth 1.00; 1 window
127I2 P(61) 20-0,,frequency,17844.267296,0.000579,,,kitt_peak_1993,depth 1.00; 2 windows
127I2 P(62) 20-0,,frequency,17842.724469,0.000983,,,kitt_peak_1993,depth 1.00; 1 window
127I2 P(63) 20-0,,frequency,17841.152978,0.000941,,,kitt_peak_1993,depth 1.00; 1 window
127I2 P(64) 20-0,,frequency,17839.559772,0.000725,,,kitt_peak_1993,depth 1.00; 2 windows
127I2 P(65) 20-0,,frequency,17837.942343,0.000932,,,kitt_peak_1993,depth 1.00; 1 window
127I2 P(67) 20-0,,frequency,17834.633324,0.000639,,,kitt_peak_1993,depth 1.00; 2 windows
127I2 P(68) 20-0,,frequency,17832.943006,0.000844,,,kitt_peak_1993,depth 1.00; 1 window
127I2 P(69) 20-0,,frequency,17831.228510,0.000850,,,kitt_peak_1993,depth 1.00; 1 window
127I2 P(70) 20-0,,frequency,17829.490953,0.000937,,,kitt_peak_1993,depth 0.99; 1 window
127I2 P(71) 20-0,,frequency,17827.725852,0.000551,,,kitt_peak_1993,depth 1.00; 2 windows
127I2 P(72) 20-0,,frequency,17825.936168,0.000974,,,kitt_peak_1993,depth 0.99; 1 window
127I2 P(73) 20-0,,frequency,17824.124920,0.000664,,,kitt_peak_1993,depth 1.00; 1 window
127I2 P(74) 20-0,,frequency,17822.286179,0.000827,,,kitt_peak_1993,depth 0.99; 1 window
127I2 P(75) 20-0,,frequency,17820.427002,0.000729,,,kitt_peak_1993,depth 1.00; 2 windows
127I2 P(77) 20-0,,frequency,17816.631147,0.000680,,,kitt_peak_1993,depth 1.00; 1 window
127I2 P(78) 20-0,,frequency,17814.698076,0.000848,,,kitt_peak_1993,depth 0.99; 1 window
127I2 P(79) 20-0,,frequency,17812.737295,0.001017,,,kitt_peak_1993,depth 1.00; 1 window
127I2 P(80) 20-0,,frequency,17810.754472,0.000627,,,kitt_peak_1993,depth 0.99; 2 windows
127I2 P(81) 20-0,,frequency,17808.747312,0.000537,,,kitt_peak_1993,depth 1.00; 2 windows
127I2 P(82) 20-0,,frequency,17806.715161,0.000827,,,kitt_peak_1993,depth 0.99; 1 window
127I2 P(83) 20-0,,frequency,17804.657843,0.000634,,,kitt_peak_1993,depth 1.00; 1 window
127I2 P(84) 20-0,,frequency,17802.575701,0.000870,,,kitt_peak_1993,depth 0.98; 1 window
127I2 P(93) 20-0,,frequency,17782.742316,0.000838,,,kitt_peak_1993,depth 1.00; 1 window
127I2 P(94) 20-0,,frequency,17780.412874,0.000863,,,kitt_peak_1993,depth 0.98; 1 window
127I2 P(95) 20-0,,frequency,17778.062716,0.000828,,,kitt_peak_1993,depth 0.99; 1 window
127I2 P(96) 20-0,,frequency,17775.687279,0.000974,,,kitt_peak_1993,depth 0.98; 1 window
127I2 P(97) 20-0,,frequency,17773.286079,0.000818,,,kitt_peak_1993,depth 0.99; 1 window
127I2 P(98) 20-0,,frequency,17770.861270,0.000926,,,kitt_peak_1993,depth 0.98; 1 window
127I2 R(27) 20-0,,frequency,17885.181184,0.000696,,,kitt_peak_1993,depth 1.00; 2 windows
127I2 R(31) 20-0,,frequency,17882.546335,0.000973,,,kitt_peak_1993,depth 1.00; 1 window
127I2 R(33) 20-0,,frequency,17881.084497,0.000852,,,kitt_peak_1993,depth 1.00; 1 window
127I2 R(34) 20-0,,frequency,17880.318427,0.000693,,,kitt_peak_1993,depth 1.00; 2 windows
127I2 R(36) 20-0,,frequency,17878.711346,0.000858,,,kitt_peak_1993,depth 1.00; 1 window
127I2 R(37) 20-0,,frequency,17877.870424,0.000623,,,kitt_peak_1993,depth 1.00; 2 windows
127I2 R(39) 20-0,,frequency,17876.119448,0.000906,,,kitt_peak_1993,depth 1.00; 1 window
127I2 R(40) 20-0,,frequency,17875.208055,0.000658,,,kitt_peak_1993,depth 1.00; 2 windows
127I2 R(42) 20-0,,frequency,17873.311937,0.000582,,,kitt_peak_1993,depth 1.00; 2 windows
127I2 R(44) 20-0,,frequency,17871.318794,0.001000,,,kitt_peak_1993,depth 1.00; 1 window
127I2 R(46) 20-0,,frequency,17869.230440,0.000991,,,kitt_peak_1993,depth 1.00; 1 window
127I2 R(47) 20-0,,frequency,17868.148539,0.000593,,,kitt_peak_1993,depth 1.00; 2 windows
127I2 R(48) 20-0,,frequency,17867.043761,0.000846,,,kitt_peak_1993,depth 1.00; 1 window
127I2 R(49) 20-0,,frequency,17865.914170,0.001011,,,kitt_peak_1993,depth 1.00; 1 window
127I2 R(50) 20-0,,frequency,17864.760790,0.000871,,,kitt_peak_1993,depth 1.00; 1 window
127I2 R(51) 20-0,,frequency,17863.583480,0.000529,,,kitt_peak_1993,depth 1.00; 2 windows
127I2 R(52) 20-0,,frequency,17862.380226,0.000841,,,kitt_peak_1993,depth 1.00; 1 window
127I2 R(53) 20-0,,frequency,17861.155085,0.000540,,,kitt_peak_1993,depth 1.00; 2 windows
127I2 R(55) 20-0,,frequency,17858.632648,0.001008,,,kitt_peak_1993,depth 1.00; 1 window
127I2 R(56) 20-0,,frequency,17857.330894,0.000834,,,kitt_peak_1993,depth 1.00; 1 window
127I2 R(58) 20-0,,frequency,17854.660296,0.000952,,,kitt_peak_1993,depth 1.00; 1 window
127I2 R(62) 20-0,,frequency,17849.027681,0.001004,,,kitt_peak_1993,depth 1.00; 1 window
127I2 R(63) 20-0,,frequency,17847.557303,0.000806,,,kitt_peak_1993,depth 1.00; 1 window
127I2 R(65) 20-0,,frequency,17844.548830,0.000619,,,kitt_peak_1993,depth 1.00; 2 windows
127I2 R(66) 20-0,,frequency,17843.006483,0.000909,,,kitt_peak_1993,depth 1.00; 1 window
127I2 R(67) 20-0,,frequency,17841.439945,0.000805,,,kitt_peak_1993,depth 1.00; 1 window
127I2 R(68) 20-0,,frequency,17839.849477,0.000707,,,kitt_peak_1993,depth 1.00; 2 windows
127I2 R(69) 20-0,,frequency,17838.234443,0.000862,,,kitt_peak_1993,depth 1.00; 1 window
127I2 R(70) 20-0,,frequency,17836.594245,0.000978,,,kitt_peak_1993,depth 0.99; 1 window
127I2 R(71) 20-0,,frequency,17834.930859,0.000664,,,kitt_peak_1993,depth 1.00; 2 windows
127I2 R(72) 20-0,,frequency,17833.242825,0.000934,,,kitt_peak_1993,depth 1.00; 1 window
127I2 R(73) 20-0,,frequency,17831.530227,0.000781,,,kitt_peak_1993,depth 1.00; 1 window
127I2 R(74) 20-0,,frequency,17829.794800,0.000672,,,kitt_peak_1993,depth 0.99; 2 windows
127I2 R(75) 20-0,,frequency,17828.032116,0.000956,,,kitt_peak_1993,depth 1.00; 1 window
127I2 R(76) 20-0,,frequency,17826.247022,0.000891,,,kitt_peak_1993,depth 0.99; 1 window
127I2 R(77) 20-0,,frequency,17824.438030,0.000989,,,kitt_peak_1993,depth 1.00; 1 window
127I2 R(79) 20-0,,frequency,17820.742707,0.000575,,,kitt_peak_1993,depth 1.00; 2 windows
127I2 R(81) 20-0,,frequency,17816.950697,0.000681,,,kitt_peak_1993,depth 1.00; 1 window
127I2 R(82) 20-0,,frequency,17815.016300,0.000863,,,kitt_peak_1993,depth 0.99; 1 window
127I2 R(83) 20-0,,frequency,17813.060559,0.000684,,,kitt_peak_1993,depth 1.00; 2 windows
127I2 R(85) 20-0,,frequency,17809.072598,0.000858,,,kitt_peak_1993,depth 1.00; 1 window
127I2 R(86) 20-0,,frequency,17807.042923,0.000761,,,kitt_peak_1993,depth 0.99; 1 window
127I2 R(87) 20-0,,frequency,17804.985968,0.000732,,,kitt_peak_1993,depth 1.00; 1 window
127I2 R(95) 20-0,,frequency,17787.657309,0.000902,,,kitt_peak_1993,depth 0.99; 1 window
127I2 R(96) 20-0,,frequency,17785.378130,0.000959,,,kitt_peak_1993,depth 0.97; 1 window
127I2 R(97) 20-0,,frequency,17783.075622,0.000811,,,kitt_peak_1993,depth 0.99; 1 window
127I2 R(98) 20-0,,frequency,17780.748903,0.000945,,,kitt_peak_1993,depth 0.97; 1 window
127I2 P(101) 20-1,,frequency,17551.318299,0.000634,,,kitt_peak_1993,depth 0.98; 2 windows
127I2 P(102) 20-1,,frequency,17548.817175,0.000955,,,kitt_peak_1993,depth 0.93; 1 window
127I2 P(103) 20-1,,frequency,17546.290902,0.000959,,,kitt_peak_1993,depth 0.97; 1 window
127I2 P(107) 20-1,,frequency,17535.943788,0.000790,,,kitt_peak_1993,depth 0.96; 1 window
127I2 P(109) 20-1,,frequency,17530.622431,0.000878,,,kitt_peak_1993,depth 0.95; 1 window
127I2 P(110) 20-1,,frequency,17527.926105,0.001014,,,kitt_peak_1993,depth 0.89; 1 window
127I2 P(112) 20-1,,frequency,17522.456175,0.000720,,,kitt_peak_1993,depth 0.88; 2 windows
127I2 P(113) 20-1,,frequency,17519.684813,0.000830,,,kitt_peak_1993,depth 0.95; 1 window
127I2 P(27) 20-1,,frequency,17669.185511,0.001021,,,kitt_peak_1993,depth 0.99; 1 window
127I2 P(29) 20-1,,frequency,17667.728279,0.000836,,,kitt_peak_1993,depth 0.99; 1 window
127I2 P(31) 20-1,,frequency,17666.174956,0.000988,,,kitt_peak_1993,depth 1.00; 1 window
127I2 P(33) 20-1,,frequency,17664.525190,0.000638,,,kitt_peak_1993,depth 1.00; 2 windows
127I2 P(37) 20-1,,frequency,17660.941586,0.000861,,,kitt_peak_1993,depth 1.00; 1 window
127I2 P(38) 20-1,,frequency,17659.985615,0.000986,,,kitt_peak_1993,depth 0.99; 1 window
127I2 P(39) 20-1,,frequency,17659.005577,0.000999,,,kitt_peak_1993,depth 1.00; 1 window
127I2 P(40) 20-1,,frequency,17658.002243,0.000820,,,kitt_peak_1993,depth 0.99; 1 window
127I2 P(43) 20-1,,frequency,17654.849612,0.000613,,,kitt_peak_1993,depth 1.00; 2 windows
127I2 P(44) 20-1,,frequency,17653.748961,0.000893,,,kitt_peak_1993,depth 0.99; 1 window
127I2 P(45) 20-1,,frequency,17652.627451,0.000609,,,kitt_peak_1993,depth 1.00; 2 windows
127I2 P(46) 20-1,,frequency,17651.480786,0.000838,,,kitt_peak_1993,depth 0.99; 1 window
127I2 P(47) 20-1,,frequency,17650.309193,0.000634,,,kitt_peak_1993,depth 1.00; 2 windows
127I2 P(50) 20-1,,frequency,17646.653183,0.001016,,,kitt_peak_1993,depth 0.99; 1 window
127I2 P(51) 20-1,,frequency,17645.386341,0.000524,,,kitt_peak_1993,depth 1.00; 2 windows
127I2 P(52) 20-1,,frequency,17644.095672,0.000909,,,kitt_peak_1993,depth 0.99; 1 window
127I2 P(53) 20-1,,frequency,17642.782132,0.000696,,,kitt_peak_1993,depth 1.00; 2 windows
127I2 P(54) 20-1,,frequency,17641.441434,0.000938,,,kitt_peak_1993,depth 0.99; 1 window
127I2 P(58) 20-1,,frequency,17635.847537,0.000550,,,kitt_peak_1993,depth 1.00; 2 windows
127I2 P(60) 20-1,,frequency,17632.907304,0.000576,,,kitt_peak_1993,depth 1.00; 2 windows
127I2 P(61) 20-1,,frequency,17631.400026,0.000859,,,kitt_peak_1993,depth 1.00; 1 window
127I2 P(62) 20-1,,frequency,17629.870393,0.000754,,,kitt_peak_1993,depth 0.99; 1 window
127I2 P(65) 20-1,,frequency,17625.134420,0.000889,,,kitt_peak_1993,depth 1.00; 1 window
127I2 P(66) 20-1,,frequency,17623.506802,0.000705,,,kitt_peak_1993,depth 0.99; 2 windows
127I2 P(67) 20-1,,frequency,17621.855928,0.000642,,,kitt_peak_1993,depth 1.00; 1 window
127I2 P(69) 20-1,,frequency,17618.481724,0.000525,,,kitt_peak_1993,depth 1.00; 2 windows
127I2 P(70) 20-1,,frequency,17616.757378,0.000649,,,kitt_peak_1993,depth 0.99; 2 windows
127I2 P(71) 20-1,,frequency,17615.011191,0.000539,,,kitt_peak_1993,depth 1.00; 1 window
127I2 P(72) 20-1,,frequency,17613.239819,0.000776,,,kitt_peak_1993,depth 0.98; 1 window
127I2 P(75) 20-1,,frequency,17607.780157,0.000781,,,kitt_peak_1993,depth 1.00; 1 window
127I2 P(76) 20-1,,frequency,17605.912096,0.000995,,,kitt_peak_1993,depth 0.98; 1 window
127I2 P(77) 20-1,,frequency,17604.018510,0.000676,,,kitt_peak_1993,depth 1.00; 2 windows
127I2 P(78) 20-1,,frequency,17602.103605,0.000675,,,kitt_peak_1993,depth 0.98; 2 windows
127I2 P(79) 20-1,,frequency,17600.161494,0.000873,,,kitt_peak_1993,depth 1.00; 1 window
127I2 P(82) 20-1,,frequency,17594.195344,0.000951,,,kitt_peak_1993,depth 0.98; 1 window
127I2 P(83) 20-1,,frequency,17592.157286,0.000701,,,kitt_peak_1993,depth 1.00; 2 windows
127I2 P(84) 20-1,,frequency,17590.096534,0.000711,,,kitt_peak_1993,depth 0.98; 2 windows
127I2 P(91) 20-1,,frequency,17574.981363,0.000992,,,kitt_peak_1993,depth 0.99; 1 window
127I2 P(98) 20-1,,frequency,17558.674407,0.001018,,,kitt_peak_1993,depth 0.94; 1 window
127I2 P(99) 20-1,,frequency,17556.247214,0.000968,,,kitt_peak_1993,depth 0.98; 1 window
127I2 R(101) 20-1,,frequency,17561.504151,0.000925,,,kitt_peak_1993,depth 0.98; 1 window
127I2 R(109) 20-1,,frequency,17541.594812,0.000675,,,kitt_peak_1993,depth 0.96; 2 windows
127I2 R(111) 20-1,,frequency,17536.370273,0.001020,,,kitt_peak_1993,depth 0.95; 1 window
127I2 R(114) 20-1,,frequency,17528.349765,0.001005,,,kitt_peak_1993,depth 0.86; 1 window
127I2 R(115) 20-1,,frequency,17525.627121,0.000830,,,kitt_peak_1993,depth 0.93; 1 window
127I2 R(29) 20-1,,frequency,17670.712075,0.000874,,,kitt_peak_1993,depth 1.00; 1 window
127I2 R(33) 20-1,,frequency,17667.913064,0.000813,,,kitt_peak_1993,depth 1.00; 1 window
127I2 R(35) 20-1,,frequency,17666.370237,0.000967,,,kitt_peak_1993,depth 1.00; 1 window
127I2 R(39) 20-1,,frequency,17662.998443,0.000871,,,kitt_peak_1993,depth 1.00; 1 window
127I2 R(40) 20-1,,frequency,17662.096378,0.000646,,,kitt_peak_1993,depth 0.99; 2 windows
127I2 R(41) 20-1,,frequency,17661.169947,0.000995,,,kitt_peak_1993,depth 1.00; 1 window
127I2 R(43) 20-1,,frequency,17659.244241,0.000657,,,kitt_peak_1993,depth 1.00; 2 windows
127I2 R(45) 20-1,,frequency,17657.226512,0.000671,,,kitt_peak_1993,depth 1.00; 2 windows
127I2 R(46) 20-1,,frequency,17656.177704,0.000911,,,kitt_peak_1993,depth 0.99; 1 window
127I2 R(47) 20-1,,frequency,17655.107801,0.000696,,,kitt_peak_1993,depth 1.00; 2 windows
127I2 R(49) 20-1,,frequency,17652.894932,0.000736,,,kitt_peak_1993,depth 1.00; 1 window
127I2 R(52) 20-1,,frequency,17649.396940,0.000799,,,kitt_peak_1993,depth 0.99; 1 window
127I2 R(53) 20-1,,frequency,17648.182787,0.000702,,,kitt_peak_1993,depth 1.00; 1 window
127I2 R(54) 20-1,,frequency,17646.945233,0.001014,,,kitt_peak_1993,depth 0.99; 1 window
127I2 R(55) 20-1,,frequency,17645.683600,0.000892,,,kitt_peak_1993,depth 1.00; 1 window
127I2 R(56) 20-1,,frequency,17644.397174,0.000876,,,kitt_peak_1993,depth 1.00; 1 window
127I2 R(57) 20-1,,frequency,17643.088507,0.000674,,,kitt_peak_1993,depth 1.00; 2 windows
127I2 R(59) 20-1,,frequency,17640.394259,0.000612,,,kitt_peak_1993,depth 1.00; 2 windows
127I2 R(60) 20-1,,frequency,17639.012132,0.000841,,,kitt_peak_1993,depth 0.99; 1 window
127I2 R(61) 20-1,,frequency,17637.605697,0.000719,,,kitt_peak_1993,depth 1.00; 1 window
127I2 R(65) 20-1,,frequency,17631.740503,0.000822,,,kitt_peak_1993,depth 1.00; 1 window
127I2 R(66) 20-1,,frequency,17630.212303,0.000764,,,kitt_peak_1993,depth 0.99; 1 window
127I2 R(67) 20-1,,frequency,17628.661802,0.000548,,,kitt_peak_1993,depth 1.00; 2 windows
127I2 R(68) 20-1,,frequency,17627.086919,0.000749,,,kitt_peak_1993,depth 0.99; 1 window
127I2 R(69) 20-1,,frequency,17625.487762,0.000738,,,kitt_peak_1993,depth 1.00; 1 window
127I2 R(70) 20-1,,frequency,17623.864363,0.000637,,,kitt_peak_1993,depth 0.99; 2 windows
127I2 R(71) 20-1,,frequency,17622.217611,0.000672,,,kitt_peak_1993,depth 1.00; 1 window
127I2 R(72) 20-1,,frequency,17620.546434,0.000854,,,kitt_peak_1993,depth 0.99; 1 window
127I2 R(73) 20-1,,frequency,17618.851377,0.000484,,,kitt_peak_1993,depth 1.00; 2 windows
127I2 R(74) 20-1,,frequency,17617.130473,0.000886,,,kitt_peak_1993,depth 0.99; 1 window
127I2 R(75) 20-1,,frequency,17615.383610,0.000753,,,kitt_peak_1993,depth 1.00; 1 window
127I2 R(76) 20-1,,frequency,17613.617499,0.000517,,,kitt_peak_1993,depth 0.99; 2 windows
127I2 R(77) 20-1,,frequency,17611.825945,0.000612,,,kitt_peak_1993,depth 0.99; 2 windows
127I2 R(79) 20-1,,frequency,17608.165725,0.000804,,,kitt_peak_1993,depth 1.00; 1 window
127I2 R(83) 20-1,,frequency,17600.559449,0.000859,,,kitt_peak_1993,depth 0.99; 1 window
127I2 R(86) 20-1,,frequency,17594.599861,0.000649,,,kitt_peak_1993,depth 0.98; 2 windows
127I2 R(89) 20-1,,frequency,17588.421340,0.000906,,,kitt_peak_1993,depth 0.99; 1 window
127I2 R(95) 20-1,,frequency,17575.401733,0.000676,,,kitt_peak_1993,depth 0.99; 2 windows
127I2 P(101) 21-0,,frequency,17850.661201,0.001009,,,kitt_peak_1993,depth 0.99; 1 window
127I2 P(107) 21-0,,frequency,17834.858597,0.000619,,,kitt_peak_1993,depth 0.99; 2 windows
127I2 P(21) 21-0,,frequency,17975.655015,0.000878,,,kitt_peak_1993,depth 1.00; 1 window
127I2 P(23) 21-0,,frequency,17974.452246,0.000921,,,kitt_peak_1993,depth 1.00; 1 window
127I2 P(24) 21-0,,frequency,17973.814476,0.000683,,,kitt_peak_1993,depth 0.99; 2 windows
127I2 P(31) 21-0,,frequency,17968.666408,0.000901,,,kitt_peak_1993,depth 1.00; 1 window
127I2 P(32) 21-0,,frequency,17967.831911,0.000901,,,kitt_peak_1993,depth 1.00; 1 window
127I2 P(33) 21-0,,frequency,17966.972115,0.000656,,,kitt_peak_1993,depth 1.00; 2 windows
127I2 P(34) 21-0,,frequency,17966.091277,0.001018,,,kitt_peak_1993,depth 1.00; 1 window
127I2 P(35) 21-0,,frequency,17965.183444,0.000928,,,kitt_peak_1993,depth 1.00; 1 window
127I2 P(36) 21-0,,frequency,17964.251554,0.000876,,,kitt_peak_1993,depth 1.00; 1 window
127I2 P(39) 21-0,,frequency,17961.309203,0.000911,,,kitt_peak_1993,depth 1.00; 1 window
127I2 P(41) 21-0,,frequency,17959.224659,0.000556,,,kitt_peak_1993,depth 1.00; 2 windows
127I2 P(43) 21-0,,frequency,17957.041359,0.000553,,,kitt_peak_1993,depth 1.00; 2 windows
127I2 P(45) 21-0,,frequency,17954.759611,0.000651,,,kitt_peak_1993,depth 1.00; 2 windows
127I2 P(46) 21-0,,frequency,17953.583617,0.000900,,,kitt_peak_1993,depth 1.00; 1 window
127I2 P(47) 21-0,,frequency,17952.380871,0.000694,,,kitt_peak_1993,depth 1.00; 2 windows
127I2 P(48) 21-0,,frequency,17951.154277,0.000935,,,kitt_peak_1993,depth 1.00; 1 window
127I2 P(49) 21-0,,frequency,17949.901570,0.000563,,,kitt_peak_1993,depth 1.00; 2 windows
127I2 P(51) 21-0,,frequency,17947.323927,0.000662,,,kitt_peak_1993,depth 1.00; 2 windows
127I2 P(53) 21-0,,frequency,17944.648857,0.000623,,,kitt_peak_1993,depth 1.00; 1 window
127I2 P(56) 21-0,,frequency,17940.450721,0.000635,,,kitt_peak_1993,depth 1.00; 2 windows
127I2 P(57) 21-0,,frequency,17939.002295,0.000806,,,kitt_peak_1993,depth 1.00; 1 window
127I2 P(58) 21-0,,frequency,17937.527853,0.000919,,,kitt_peak_1993,depth 1.00; 1 window
127I2 P(59) 21-0,,frequency,17936.030752,0.000791,,,kitt_peak_1993,depth 1.00; 1 window
127I2 P(60) 21-0,,frequency,17934.507753,0.000812,,,kitt_peak_1993,depth 1.00; 1 window
127I2 P(61) 21-0,,frequency,17932.959245,0.000701,,,kitt_peak_1993,depth 1.00; 2 windows
127I2 P(62) 21-0,,frequency,17931.387316,0.000959,,,kitt_peak_1993,depth 1.00; 1 window
127I2 P(65) 21-0,,frequency,17926.525205,0.000862,,,kitt_peak_1993,depth 1.00; 1 window
127I2 P(66) 21-0,,frequency,17924.851135,0.000902,,,kitt_peak_1993,depth 1.00; 1 window
127I2 P(68) 21-0,,frequency,17921.433947,0.000601,,,kitt_peak_1993,depth 1.00; 2 windows
127I2 P(69) 21-0,,frequency,17919.688775,0.000873,,,kitt_peak_1993,depth 1.00; 1 window
127I2 P(70) 21-0,,frequency,17917.917425,0.000965,,,kitt_peak_1993,depth 1.00; 1 window
127I2 P(73) 21-0,,frequency,17912.457435,0.000836,,,kitt_peak_1993,depth 1.00; 1 window
127I2 P(74) 21-0,,frequency,17910.587750,0.000827,,,kitt_peak_1993,depth 1.00; 1 window
127I2 P(75) 21-0,,frequency,17908.693184,0.000842,,,kitt_peak_1993,depth 1.00; 1 window
127I2 P(76) 21-0,,frequency,17906.773331,0.000626,,,kitt_peak_1993,depth 1.00; 2 windows
127I2 P(77) 21-0,,frequency,17904.828513,0.000850,,,kitt_peak_1993,depth 1.00; 1 window
127I2 P(78) 21-0,,frequency,17902.860221,0.000874,,,kitt_peak_1993,depth 1.00; 1 window
127I2 P(79) 21-0,,frequency,17900.865486,0.000797,,,kitt_peak_1993,depth 1.00; 1 window
127I2 P(80) 21-0,,frequency,17898.845590,0.000827,,,kitt_peak_1993,depth 1.00; 1 window
127I2 P(81) 21-0,,frequency,17896.801874,0.000803,,,kitt_peak_1993,depth 1.00; 1 window
127I2 P(82) 21-0,,frequency,17894.731972,0.000614,,,kitt_peak_1993,depth 1.00; 2 windows
127I2 P(89) 21-0,,frequency,17879.550503,0.000981,,,kitt_peak_1993,depth 1.00; 1 window
127I2 P(90) 21-0,,frequency,17877.280531,0.001001,,,kitt_peak_1993,depth 0.99; 1 window
127I2 P(91) 21-0,,frequency,17874.984956,0.000976,,,kitt_peak_1993,depth 1.00; 1 window
127I2 P(94) 21-0,,frequency,17867.953818,0.001007,,,kitt_peak_1993,depth 0.99; 1 window
127I2 P(95) 21-0,,frequency,17865.558904,0.000965,,,kitt_peak_1993,depth 1.00; 1 window
127I2 P(96) 21-0,,frequency,17863.137958,0.001009,,,kitt_peak_1993,depth 0.98; 1 window
127I2 P(97) 21-0,,frequency,17860.695140,0.000974,,,kitt_peak_1993,depth 1.00; 1 window
127I2 R(101) 21-0,,frequency,17860.753903,0.001003,,,kitt_peak_1993,depth 0.99; 1 window
127I2 R(20) 21-0,,frequency,17978.272741,0.001002,,,kitt_peak_1993,depth 0.98; 1 window
127I2 R(22) 21-0,,frequency,17977.320747,0.000966,,,kitt_peak_1993,depth 0.98; 1 window
127I2 R(25) 21-0,,frequency,17975.709282,0.000762,,,kitt_peak_1993,depth 1.00; 1 window
127I2 R(26) 21-0,,frequency,17975.123846,0.000998,,,kitt_peak_1993,depth 1.00; 1 window
127I2 R(27) 21-0,,frequency,17974.512363,0.000908,,,kitt_peak_1993,depth 1.00; 1 window
127I2 R(31) 21-0,,frequency,17971.823409,0.000639,,,kitt_peak_1993,depth 1.00; 2 windows
127I2 R(34) 21-0,,frequency,17969.549724,0.000975,,,kitt_peak_1993,depth 1.00; 1 window
127I2 R(36) 21-0,,frequency,17967.909547,0.000919,,,kitt_peak_1993,depth 1.00; 1 window
127I2 R(38) 21-0,,frequency,17966.173924,0.000858,,,kitt_peak_1993,depth 1.00; 1 window
127I2 R(39) 21-0,,frequency,17965.265964,0.001013,,,kitt_peak_1993,depth 1.00; 1 window
127I2 R(40) 21-0,,frequency,17964.336444,0.000890,,,kitt_peak_1993,depth 1.00; 1 window
127I2 R(41) 21-0,,frequency,17963.382615,0.000863,,,kitt_peak_1993,depth 1.00; 1 window
127I2 R(43) 21-0,,frequency,17961.398425,0.000933,,,kitt_peak_1993,depth 1.00; 1 window
127I2 R(45) 21-0,,frequency,17959.317745,0.000591,,,kitt_peak_1993,depth 1.00; 2 windows
127I2 R(46) 21-0,,frequency,17958.237704,0.000956,,,kitt_peak_1993,depth 1.00; 1 window
127I2 R(47) 21-0,,frequency,17957.136758,0.000610,,,kitt_peak_1993,depth 1.00; 2 windows
127I2 R(50) 21-0,,frequency,17953.681338,0.000857,,,kitt_peak_1993,depth 1.00; 1 window
127I2 R(51) 21-0,,frequency,17952.480117,0.000698,,,kitt_peak_1993,depth 1.00; 2 windows
127I2 R(52) 21-0,,frequency,17951.253974,0.000956,,,kitt_peak_1993,depth 1.00; 1 window
127I2 R(53) 21-0,,frequency,17950.003455,0.000657,,,kitt_peak_1993,depth 1.00; 2 windows
127I2 R(54) 21-0,,frequency,17948.728456,0.000997,,,kitt_peak_1993,depth 1.00; 1 window
127I2 R(55) 21-0,,frequency,17947.428775,0.000626,,,kitt_peak_1993,depth 1.00; 2 windows
127I2 R(57) 21-0,,frequency,17944.753804,0.000913,,,kitt_peak_1993,depth 1.00; 1 window
127I2 R(58) 21-0,,frequency,17943.379505,0.000780,,,kitt_peak_1993,depth 1.00; 1 window
127I2 R(59) 21-0,,frequency,17941.981821,0.001003,,,kitt_peak_1993,depth 1.00; 1 window
127I2 R(61) 21-0,,frequency,17939.110141,0.000922,,,kitt_peak_1993,depth 1.00; 1 window
127I2 R(62) 21-0,,frequency,17937.636819,0.000611,,,kitt_peak_1993,depth 1.00; 2 windows
127I2 R(63) 21-0,,frequency,17936.139170,0.000765,,,kitt_peak_1993,depth 1.00; 1 window
127I2 R(64) 21-0,,frequency,17934.616735,0.000968,,,kitt_peak_1993,depth 1.00; 1 window
127I2 R(65) 21-0,,frequency,17933.068584,0.000669,,,kitt_peak_1993,depth 1.00; 2 windows
127I2 R(66) 21-0,,frequency,17931.496474,0.000799,,,kitt_peak_1993,depth 1.00; 1 window
127I2 R(67) 21-0,,frequency,17929.901283,0.000878,,,kitt_peak_1993,depth 1.00; 1 window
127I2 R(68) 21-0,,frequency,17928.278964,0.001001,,,kitt_peak_1993,depth 1.00; 1 window
127I2 R(71) 21-0,,frequency,17923.263948,0.000553,,,kitt_peak_1993,depth 1.00; 2 windows
127I2 R(72) 21-0,,frequency,17921.542405,0.000633,,,kitt_peak_1993,depth 1.00; 2 windows
127I2 R(74) 21-0,,frequency,17918.025196,0.000840,,,kitt_peak_1993,depth 1.00; 1 window
127I2 R(75) 21-0,,frequency,17916.230174,0.000698,,,kitt_peak_1993,depth 1.00; 2 windows
127I2 R(76) 21-0,,frequency,17914.408064,0.001022,,,kitt_peak_1993,depth 1.00; 1 window
127I2 R(78) 21-0,,frequency,17910.693218,0.000819,,,kitt_peak_1993,depth 1.00; 1 window
127I2 R(80) 21-0,,frequency,17906.876171,0.000679,,,kitt_peak_1993,depth 1.00; 2 windows
127I2 R(82) 21-0,,frequency,17902.962096,0.000913,,,kitt_peak_1993,depth 1.00; 1 window
127I2 R(83) 21-0,,frequency,17900.966021,0.000872,,,kitt_peak_1993,depth 1.00; 1 window
127I2 R(86) 21-0,,frequency,17894.829252,0.000581,,,kitt_peak_1993,depth 0.99; 2 windows
127I2 R(93) 21-0,,frequency,17879.632893,0.000980,,,kitt_peak_1993,depth 1.00; 1 window
127I2 R(95) 21-0,,frequency,17875.063003,0.000961,,,kitt_peak_1993,depth 1.00; 1 window
127I2 R(98) 21-0,,frequency,17868.025167,0.000997,,,kitt_peak_1993,depth 0.98; 1 window
127I2 P(101) 21-1,,frequency,17638.545506,0.000946,,,kitt_peak_1993,depth 0.98; 1 window
127I2 P(102) 21-1,,frequency,17635.997872,0.000993,,,kitt_peak_1993,depth 0.94; 1 window
127I2 P(103) 21-1,,frequency,17633.425480,0.000606,,,kitt_peak_1993,depth 0.98; 2 windows
127I2 P(105) 21-1,,frequency,17628.206184,0.000639,,,kitt_peak_1993,depth 0.97; 2 windows
127I2 P(109) 21-1,,frequency,17617.462919,0.000779,,,kitt_peak_1993,depth 0.96; 1 window
127I2 P(111) 21-1,,frequency,17611.944592,0.000999,,,kitt_peak_1993,depth 0.92; 1 window
127I2 P(33) 21-1,,frequency,17753.802567,0.000973,,,kitt_peak_1993,depth 1.00; 1 window
127I2 P(37) 21-1,,frequency,17750.156560,0.000838,,,kitt_peak_1993,depth 1.00; 1 window
127I2 P(40) 21-1,,frequency,17747.166314,0.000919,,,kitt_peak_1993,depth 0.99; 1 window
127I2 P(41) 21-1,,frequency,17746.121334,0.000578,,,kitt_peak_1993,depth 1.00; 2 windows
127I2 P(42) 21-1,,frequency,17745.051296,0.000937,,,kitt_peak_1993,depth 0.99; 1 window
127I2 P(43) 21-1,,frequency,17743.957315,0.000677,,,kitt_peak_1993,depth 1.00; 2 windows
127I2 P(45) 21-1,,frequency,17741.696898,0.000962,,,kitt_peak_1993,depth 1.00; 1 window
127I2 P(46) 21-1,,frequency,17740.529307,0.000929,,,kitt_peak_1993,depth 0.99; 1 window
127I2 P(47) 21-1,,frequency,17739.338149,0.000791,,,kitt_peak_1993,depth 1.00; 1 window
127I2 P(48) 21-1,,frequency,17738.121934,0.000864,,,kitt_peak_1993,depth 0.99; 1 window
127I2 P(49) 21-1,,frequency,17736.881860,0.000738,,,kitt_peak_1993,depth 1.00; 1 window
127I2 P(53) 21-1,,frequency,17731.676022,0.000675,,,kitt_peak_1993,depth 1.00; 2 windows
127I2 P(56) 21-1,,frequency,17727.516125,0.000755,,,kitt_peak_1993,depth 0.99; 1 window
127I2 P(57) 21-1,,frequency,17726.080991,0.000770,,,kitt_peak_1993,depth 1.00; 1 window
127I2 P(58) 21-1,,frequency,17724.619864,0.000610,,,kitt_peak_1993,depth 1.00; 2 windows
127I2 P(59) 21-1,,frequency,17723.135046,0.000869,,,kitt_peak_1993,depth 1.00; 1 window
127I2 P(60) 21-1,,frequency,17721.627233,0.000570,,,kitt_peak_1993,depth 1.00; 2 windows
127I2 P(61) 21-1,,frequency,17720.093192,0.000805,,,kitt_peak_1993,depth 1.00; 1 window
127I2 P(63) 21-1,,frequency,17716.952851,0.000508,,,kitt_peak_1993,depth 1.00; 2 windows
127I2 P(65) 21-1,,frequency,17713.713812,0.000675,,,kitt_peak_1993,depth 1.00; 1 window
127I2 P(66) 21-1,,frequency,17712.058167,0.000612,,,kitt_peak_1993,depth 0.99; 2 windows
127I2 P(67) 21-1,,frequency,17710.376785,0.000811,,,kitt_peak_1993,depth 1.00; 1 window
127I2 P(68) 21-1,,frequency,17708.671905,0.000858,,,kitt_peak_1993,depth 0.98; 1 window
127I2 P(71) 21-1,,frequency,17703.407842,0.000804,,,kitt_peak_1993,depth 1.00; 1 window
127I2 P(73) 21-1,,frequency,17699.777022,0.000956,,,kitt_peak_1993,depth 1.00; 1 window
127I2 P(77) 21-1,,frequency,17692.216813,0.000799,,,kitt_peak_1993,depth 1.00; 1 window
127I2 P(79) 21-1,,frequency,17688.289756,0.000657,,,kitt_peak_1993,depth 1.00; 2 windows
127I2 P(80) 21-1,,frequency,17686.288658,0.000979,,,kitt_peak_1993,depth 0.98; 1 window
127I2 P(81) 21-1,,frequency,17684.263407,0.000842,,,kitt_peak_1993,depth 1.00; 1 window
127I2 P(87) 21-1,,frequency,17671.590448,0.000981,,,kitt_peak_1993,depth 0.99; 1 window
127I2 P(90) 21-1,,frequency,17664.919677,0.001014,,,kitt_peak_1993,depth 0.97; 1 window
127I2 P(91) 21-1,,frequency,17662.647063,0.000908,,,kitt_peak_1993,depth 0.99; 1 window
127I2 P(95) 21-1,,frequency,17653.303679,0.000951,,,kitt_peak_1993,depth 0.99; 1 window
127I2 P(99) 21-1,,frequency,17643.565683,0.000945,,,kitt_peak_1993,depth 0.98; 1 window
127I2 R(101) 21-1,,frequency,17648.636929,0.000888,,,kitt_peak_1993,depth 0.98; 1 window
127I2 R(107) 21-1,,frequency,17633.561045,0.000849,,,kitt_peak_1993,depth 0.97; 1 window
127I2 R(111) 21-1,,frequency,17623.008345,0.000983,,,kitt_peak_1993,depth 0.95; 1 window
127I2 R(113) 21-1,,frequency,17617.580671,0.000946,,,kitt_peak_1993,depth 0.94; 1 window
127I2 R(114) 21-1,,frequency,17614.828414,0.000870,,,kitt_peak_1993,depth 0.86; 1 window
127I2 R(27) 21-1,,frequency,17761.297241,0.000934,,,kitt_peak_1993,depth 1.00; 1 window
127I2 R(28) 21-1,,frequency,17760.670745,0.000993,,,kitt_peak_1993,depth 0.99; 1 window
127I2 R(33) 21-1,,frequency,17757.159812,0.001011,,,kitt_peak_1993,depth 1.00; 1 window
127I2 R(37) 21-1,,frequency,17753.914081,0.000930,,,kitt_peak_1993,depth 1.00; 1 window
127I2 R(41) 21-1,,frequency,17750.278511,0.000874,,,kitt_peak_1993,depth 1.00; 1 window
127I2 R(42) 21-1,,frequency,17749.308213,0.000941,,,kitt_peak_1993,depth 0.99; 1 window
127I2 R(44) 21-1,,frequency,17747.295672,0.000991,,,kitt_peak_1993,depth 0.99; 1 window
127I2 R(49) 21-1,,frequency,17741.836125,0.000971,,,kitt_peak_1993,depth 1.00; 1 window
127I2 R(52) 21-1,,frequency,17738.268959,0.001021,,,kitt_peak_1993,depth 1.00; 1 window
127I2 R(53) 21-1,,frequency,17737.029135,0.000849,,,kitt_peak_1993,depth 1.00; 1 window
127I2 R(54) 21-1,,frequency,17735.767361,0.000742,,,kitt_peak_1993,depth 1.00; 1 window
127I2 R(55) 21-1,,frequency,17734.480168,0.000649,,,kitt_peak_1993,depth 1.00; 1 window
127I2 R(56) 21-1,,frequency,17733.169300,0.000873,,,kitt_peak_1993,depth 1.00; 1 window
127I2 R(58) 21-1,,frequency,17730.472122,0.000939,,,kitt_peak_1993,depth 0.99; 1 window
127I2 R(59) 21-1,,frequency,17729.087512,0.000584,,,kitt_peak_1993,depth 1.00; 2 windows
127I2 R(62) 21-1,,frequency,17724.783394,0.000782,,,kitt_peak_1993,depth 0.99; 1 window
127I2 R(63) 21-1,,frequency,17723.300570,0.000944,,,kitt_peak_1993,depth 1.00; 1 window
127I2 R(64) 21-1,,frequency,17721.793216,0.000574,,,kitt_peak_1993,depth 1.00; 2 windows
127I2 R(65) 21-1,,frequency,17720.260546,0.000699,,,kitt_peak_1993,depth 1.00; 1 window
127I2 R(67) 21-1,,frequency,17717.121982,0.000668,,,kitt_peak_1993,depth 1.00; 2 windows
127I2 R(68) 21-1,,frequency,17715.516756,0.001017,,,kitt_peak_1993,depth 0.99; 1 window
127I2 R(69) 21-1,,frequency,17713.884973,0.000706,,,kitt_peak_1993,depth 1.00; 1 window
127I2 R(70) 21-1,,frequency,17712.230295,0.000632,,,kitt_peak_1993,depth 0.99; 2 windows
127I2 R(72) 21-1,,frequency,17708.844924,0.000739,,,kitt_peak_1993,depth 0.98; 1 window
127I2 R(74) 21-1,,frequency,17705.361445,0.001000,,,kitt_peak_1993,depth 0.98; 1 window
127I2 R(75) 21-1,,frequency,17703.582768,0.000885,,,kitt_peak_1993,depth 0.99; 1 window
127I2 R(77) 21-1,,frequency,17699.952960,0.000945,,,kitt_peak_1993,depth 1.00; 1 window
127I2 R(79) 21-1,,frequency,17696.220801,0.000954,,,kitt_peak_1993,depth 1.00; 1 window
127I2 R(81) 21-1,,frequency,17692.392851,0.000774,,,kitt_peak_1993,depth 1.00; 1 window
127I2 R(82) 21-1,,frequency,17690.440277,0.000708,,,kitt_peak_1993,depth 0.99; 2 windows
127I2 R(83) 21-1,,frequency,17688.465951,0.000609,,,kitt_peak_1993,depth 1.00; 2 windows
127I2 R(85) 21-1,,frequency,17684.438884,0.001019,,,kitt_peak_1993,depth 0.99; 1 window
127I2 R(86) 21-1,,frequency,17682.385886,0.000847,,,kitt_peak_1993,depth 0.98; 1 window
127I2 R(87) 21-1,,frequency,17680.310404,0.000969,,,kitt_peak_1993,depth 0.99; 1 window
127I2 R(97) 21-1,,frequency,17658.185024,0.000909,,,kitt_peak_1993,depth 0.98; 1 window
127I2 P(103) 22-0,,frequency,17930.616373,0.000653,,,kitt_peak_1993,depth 1.00; 2 windows
127I2 P(105) 22-0,,frequency,17925.249970,0.001017,,,kitt_peak_1993,depth 0.99; 1 window
127I2 P(35) 22-0,,frequency,18052.463693,0.000785,,,kitt_peak_1993,depth 1.00; 1 window
127I2 P(37) 22-0,,frequency,18050.543457,0.000543,,,kitt_peak_1993,depth 1.00; 2 windows
127I2 P(38) 22-0,,frequency,18049.546620,0.000936,,,kitt_peak_1993,depth 1.00; 1 window
127I2 P(40) 22-0,,frequency,18047.473882,0.000768,,,kitt_peak_1993,depth 1.00; 1 window
127I2 P(41) 22-0,,frequency,18046.401782,0.000734,,,kitt_peak_1993,depth 1.00; 1 window
127I2 P(42) 22-0,,frequency,18045.303961,0.000946,,,kitt_peak_1993,depth 1.00; 1 window
127I2 P(43) 22-0,,frequency,18044.181159,0.000807,,,kitt_peak_1993,depth 1.00; 1 window
127I2 P(44) 22-0,,frequency,18043.031119,0.000987,,,kitt_peak_1993,depth 1.00; 1 window
127I2 P(51) 22-0,,frequency,18034.291693,0.000607,,,kitt_peak_1993,depth 1.00; 2 windows
127I2 P(52) 22-0,,frequency,18032.944767,0.000940,,,kitt_peak_1993,depth 1.00; 1 window
127I2 P(54) 22-0,,frequency,18030.171262,0.001019,,,kitt_peak_1993,depth 1.00; 1 window
127I2 P(55) 22-0,,frequency,18028.747402,0.000960,,,kitt_peak_1993,depth 1.00; 1 window
127I2 P(56) 22-0,,frequency,18027.298574,0.000818,,,kitt_peak_1993,depth 1.00; 1 window
127I2 P(60) 22-0,,frequency,18021.251142,0.001006,,,kitt_peak_1993,depth 1.00; 1 window
127I2 P(61) 22-0,,frequency,18019.676067,0.000677,,,kitt_peak_1993,depth 1.00; 2 windows
127I2 P(63) 22-0,,frequency,18016.450284,0.000859,,,kitt_peak_1993,depth 1.00; 1 window
127I2 P(66) 22-0,,frequency,18011.423738,0.000978,,,kitt_peak_1993,depth 1.00; 1 window
127I2 P(68) 22-0,,frequency,18007.943726,0.000869,,,kitt_peak_1993,depth 1.00; 1 window
127I2 P(69) 22-0,,frequency,18006.166252,0.000817,,,kitt_peak_1993,depth 1.00; 1 window
127I2 P(70) 22-0,,frequency,18004.364388,0.000795,,,kitt_peak_1993,depth 1.00; 1 window
127I2 P(72) 22-0,,frequency,18000.683185,0.000644,,,kitt_peak_1993,depth 1.00; 2 windows
127I2 P(73) 22-0,,frequency,17998.804804,0.000779,,,kitt_peak_1993,depth 1.00; 1 window
127I2 P(74) 22-0,,frequency,17996.901956,0.000869,,,kitt_peak_1993,depth 1.00; 1 window
127I2 P(75) 22-0,,frequency,17994.972096,0.000834,,,kitt_peak_1993,depth 1.00; 1 window
127I2 P(76) 22-0,,frequency,17993.017014,0.000711,,,kitt_peak_1993,depth 1.00; 2 windows
127I2 P(78) 22-0,,frequency,17989.031598,0.000876,,,kitt_peak_1993,depth 1.00; 1 window
127I2 P(79) 22-0,,frequency,17987.001764,0.000687,,,kitt_peak_1993,depth 1.00; 1 window
127I2 P(80) 22-0,,frequency,17984.945086,0.000815,,,kitt_peak_1993,depth 1.00; 1 window
127I2 P(86) 22-0,,frequency,17972.076413,0.000832,,,kitt_peak_1993,depth 1.00; 1 window
127I2 P(88) 22-0,,frequency,17967.585654,0.000921,,,kitt_peak_1993,depth 1.00; 1 window
127I2 P(90) 22-0,,frequency,17962.986657,0.000920,,,kitt_peak_1993,depth 0.99; 1 window
127I2 P(91) 22-0,,frequency,17960.649777,0.000900,,,kitt_peak_1993,depth 1.00; 1 window
127I2 P(92) 22-0,,frequency,17958.287889,0.000915,,,kitt_peak_1993,depth 0.99; 1 window
127I2 R(102) 22-0,,frequency,17943.355236,0.001000,,,kitt_peak_1993,depth 0.98; 1 window
127I2 R(105) 22-0,,frequency,17935.632279,0.000692,,,kitt_peak_1993,depth 0.99; 2 windows
127I2 R(107) 22-0,,frequency,17930.356120,0.000846,,,kitt_peak_1993,depth 0.99; 1 window
127I2 R(111) 22-0,,frequency,17919.493279,0.001021,,,kitt_peak_1993,depth 0.98; 1 window
127I2 R(115) 22-0,,frequency,17908.213068,0.001002,,,kitt_peak_1993,depth 0.97; 1 window
127I2 R(117) 22-0,,frequency,17902.418544,0.001009,,,kitt_peak_1993,depth 0.97; 1 window
127I2 R(119) 22-0,,frequency,17896.517026,0.000974,,,kitt_peak_1993,depth 0.97; 1 window
127I2 R(40) 22-0,,frequency,18051.494950,0.000869,,,kitt_peak_1993,depth 1.00; 1 window
127I2 R(41) 22-0,,frequency,18050.520833,0.000621,,,kitt_peak_1993,depth 1.00; 2 windows
127I2 R(45) 22-0,,frequency,18046.373986,0.000749,,,kitt_peak_1993,depth 1.00; 1 window
127I2 R(46) 22-0,,frequency,18045.274488,0.000938,,,kitt_peak_1993,depth 1.00; 1 window
127I2 R(48) 22-0,,frequency,18043.000644,0.000697,,,kitt_peak_1993,depth 1.00; 1 window
127I2 R(49) 22-0,,frequency,18041.825081,0.000660,,,kitt_peak_1993,depth 1.00; 1 window
127I2 R(50) 22-0,,frequency,18040.625651,0.000890,,,kitt_peak_1993,depth 1.00; 1 window
127I2 R(51) 22-0,,frequency,18039.400311,0.000792,,,kitt_peak_1993,depth 1.00; 1 window
127I2 R(52) 22-0,,frequency,18038.149890,0.000820,,,kitt_peak_1993,depth 1.00; 1 window
127I2 R(53) 22-0,,frequency,18036.874176,0.000840,,,kitt_peak_1993,depth 1.00; 1 window
127I2 R(56) 22-0,,frequency,18032.898756,0.000708,,,kitt_peak_1993,depth 1.00; 1 window
127I2 R(58) 22-0,,frequency,18030.121246,0.001016,,,kitt_peak_1993,depth 1.00; 1 window
127I2 R(59) 22-0,,frequency,18028.695271,0.000804,,,kitt_peak_1993,depth 1.00; 1 window
127I2 R(60) 22-0,,frequency,18027.244142,0.000836,,,kitt_peak_1993,depth 1.00; 1 window
127I2 R(65) 22-0,,frequency,18019.609236,0.000688,,,kitt_peak_1993,depth 1.00; 2 windows
127I2 R(68) 22-0,,frequency,18014.722627,0.000646,,,kitt_peak_1993,depth 1.00; 2 windows
127I2 R(72) 22-0,,frequency,18007.853953,0.000606,,,kitt_peak_1993,depth 1.00; 2 windows
127I2 R(73) 22-0,,frequency,18006.075612,0.000845,,,kitt_peak_1993,depth 1.00; 1 window
127I2 R(74) 22-0,,frequency,18004.270458,0.000991,,,kitt_peak_1993,depth 1.00; 1 window
127I2 R(76) 22-0,,frequency,18000.580796,0.000661,,,kitt_peak_1993,depth 1.00; 2 windows
127I2 R(77) 22-0,,frequency,17998.700174,0.000734,,,kitt_peak_1993,depth 1.00; 1 window
127I2 R(78) 22-0,,frequency,17996.792422,0.000905,,,kitt_peak_1993,depth 1.00; 1 window
127I2 R(79) 22-0,,frequency,17994.859537,0.000944,,,kitt_peak_1993,depth 1.00; 1 window
127I2 R(80) 22-0,,frequency,17992.901328,0.000668,,,kitt_peak_1993,depth 1.00; 2 windows
127I2 R(81) 22-0,,frequency,17990.918254,0.000513,,,kitt_peak_1993,depth 1.00; 2 windows
127I2 R(82) 22-0,,frequency,17988.908482,0.000986,,,kitt_peak_1993,depth 1.00; 1 window
127I2 R(83) 22-0,,frequency,17986.874326,0.000643,,,kitt_peak_1993,depth 1.00; 1 window
127I2 R(84) 22-0,,frequency,17984.814070,0.000852,,,kitt_peak_1993,depth 1.00; 1 window
127I2 R(85) 22-0,,frequency,17982.728622,0.000848,,,kitt_peak_1993,depth 1.00; 1 window
127I2 R(87) 22-0,,frequency,17978.480957,0.000645,,,kitt_peak_1993,depth 1.00; 2 windows
127I2 R(88) 22-0,,frequency,17976.316973,0.000932,,,kitt_peak_1993,depth 1.00; 1 window
127I2 R(89) 22-0,,frequency,17974.128789,0.001001,,,kitt_peak_1993,depth 1.00; 1 window
127I2 R(90) 22-0,,frequency,17971.918166,0.000636,,,kitt_peak_1993,depth 1.00; 2 windows
127I2 R(91) 22-0,,frequency,17969.677238,0.000871,,,kitt_peak_1993,depth 1.00; 1 window
127I2 R(93) 22-0,,frequency,17965.123061,0.000880,,,kitt_peak_1993,depth 1.00; 1 window
127I2 R(95) 22-0,,frequency,17960.466023,0.000916,,,kitt_peak_1993,depth 1.00; 1 window
127I2 R(97) 22-0,,frequency,17955.705327,0.000853,,,kitt_peak_1993,depth 1.00; 1 window
127I2 P(101) 22-1,,frequency,17723.761630,0.000833,,,kitt_peak_1993,depth 0.98; 1 window
127I2 P(68) 22-1,,frequency,17795.181237,0.001002,,,kitt_peak_1993,depth 0.99; 1 window
127I2 P(73) 22-1,,frequency,17786.122785,0.000876,,,kitt_peak_1993,depth 1.00; 1 window
127I2 P(77) 22-1,,frequency,17778.425180,0.001004,,,kitt_peak_1993,depth 1.00; 1 window
127I2 P(79) 22-1,,frequency,17774.425543,0.000673,,,kitt_peak_1993,depth 1.00; 2 windows
127I2 P(83) 22-1,,frequency,17766.125010,0.001020,,,kitt_peak_1993,depth 0.99; 1 window
127I2 P(93) 22-1,,frequency,17743.605059,0.000673,,,kitt_peak_1993,depth 0.99; 2 windows
127I2 P(97) 22-1,,frequency,17733.886296,0.000663,,,kitt_peak_1993,depth 0.99; 2 windows
127I2 R(100) 22-1,,frequency,17736.230962,0.001020,,,kitt_peak_1993,depth 0.94; 1 window
127I2 R(101) 22-1,,frequency,17733.756636,0.000891,,,kitt_peak_1993,depth 0.98; 1 window
127I2 R(103) 22-1,,frequency,17728.734885,0.000874,,,kitt_peak_1993,depth 0.97; 1 window
127I2 R(107) 22-1,,frequency,17718.382928,0.000889,,,kitt_peak_1993,depth 0.96; 1 window
127I2 R(110) 22-1,,frequency,17710.348163,0.000939,,,kitt_peak_1993,depth 0.88; 1 window
127I2 R(71) 22-1,,frequency,17796.894605,0.000865,,,kitt_peak_1993,depth 1.00; 1 window
127I2 R(73) 22-1,,frequency,17793.394262,0.000928,,,kitt_peak_1993,depth 1.00; 1 window
127I2 R(75) 22-1,,frequency,17789.790241,0.000968,,,kitt_peak_1993,depth 1.00; 1 window
127I2 R(77) 22-1,,frequency,17786.087793,0.000946,,,kitt_peak_1993,depth 1.00; 1 window
127I2 R(83) 22-1,,frequency,17774.373243,0.000860,,,kitt_peak_1993,depth 1.00; 1 window
127I2 R(85) 22-1,,frequency,17770.266239,0.000685,,,kitt_peak_1993,depth 1.00; 2 windows
127I2 R(87) 22-1,,frequency,17766.058602,0.000910,,,kitt_peak_1993,depth 0.99; 1 window
127I2 R(97) 22-1,,frequency,17743.496367,0.000713,,,kitt_peak_1993,depth 0.98; 2 windows
127I2 R(99) 22-1,,frequency,17738.679017,0.000710,,,kitt_peak_1993,depth 0.98; 2 windows
127I2 P(100) 23-0,,frequency,18021.704122,0.000977,,,kitt_peak_1993,depth 0.98; 1 window
127I2 P(101) 23-0,,frequency,18019.063458,0.000880,,,kitt_peak_1993,depth 1.00; 1 window
127I2 P(103) 23-0,,frequency,18013.702886,0.000951,,,kitt_peak_1993,depth 1.00; 1 window
127I2 P(105) 23-0,,frequency,18008.237985,0.000876,,,kitt_peak_1993,depth 1.00; 1 window
127I2 P(107) 23-0,,frequency,18002.665937,0.000726,,,kitt_peak_1993,depth 0.99; 2 windows
127I2 P(109) 23-0,,frequency,17996.990761,0.000865,,,kitt_peak_1993,depth 0.99; 1 window
127I2 P(111) 23-0,,frequency,17991.207228,0.000952,,,kitt_peak_1993,depth 0.99; 1 window
127I2 P(15) 23-0,,frequency,18151.699877,0.000986,,,kitt_peak_1993,depth 0.99; 1 window
127I2 P(21) 23-0,,frequency,18148.588662,0.000937,,,kitt_peak_1993,depth 1.00; 1 window
127I2 P(22) 23-0,,frequency,18147.981339,0.000907,,,kitt_peak_1993,depth 1.00; 1 window
127I2 P(23) 23-0,,frequency,18147.346419,0.000956,,,kitt_peak_1993,depth 1.00; 1 window
127I2 P(26) 23-0,,frequency,18145.294621,0.001014,,,kitt_peak_1993,depth 1.00; 1 window
127I2 P(27) 23-0,,frequency,18144.558913,0.000612,,,kitt_peak_1993,depth 1.00; 2 windows
127I2 P(28) 23-0,,frequency,18143.799991,0.000998,,,kitt_peak_1993,depth 1.00; 1 window
127I2 P(29) 23-0,,frequency,18143.013588,0.000913,,,kitt_peak_1993,depth 1.00; 1 window
127I2 P(33) 23-0,,frequency,18139.614764,0.000628,,,kitt_peak_1993,depth 1.00; 2 windows
127I2 P(34) 23-0,,frequency,18138.700881,0.000914,,,kitt_peak_1993,depth 1.00; 1 window
127I2 P(38) 23-0,,frequency,18134.791357,0.001010,,,kitt_peak_1993,depth 1.00; 1 window
127I2 P(39) 23-0,,frequency,18133.752686,0.000703,,,kitt_peak_1993,depth 1.00; 1 window
127I2 P(41) 23-0,,frequency,18131.594401,0.000895,,,kitt_peak_1993,depth 1.00; 1 window
127I2 P(42) 23-0,,frequency,18130.477566,0.000818,,,kitt_peak_1993,depth 1.00; 1 window
127I2 P(43) 23-0,,frequency,18129.334391,0.000803,,,kitt_peak_1993,depth 1.00; 1 window
127I2 P(44) 23-0,,frequency,18128.168056,0.000838,,,kitt_peak_1993,depth 1.00; 1 window
127I2 P(47) 23-0,,frequency,18124.509064,0.000781,,,kitt_peak_1993,depth 1.00; 1 window
127I2 P(48) 23-0,,frequency,18123.238764,0.000847,,,kitt_peak_1993,depth 1.00; 1 window
127I2 P(50) 23-0,,frequency,18120.620769,0.001015,,,kitt_peak_1993,depth 1.00; 1 window
127I2 P(51) 23-0,,frequency,18119.273167,0.000716,,,kitt_peak_1993,depth 1.00; 1 window
127I2 P(52) 23-0,,frequency,18117.900423,0.000620,,,kitt_peak_1993,depth 1.00; 2 windows
127I2 P(53) 23-0,,frequency,18116.502771,0.000664,,,kitt_peak_1993,depth 1.00; 1 window
127I2 P(54) 23-0,,frequency,18115.079215,0.000858,,,kitt_peak_1993,depth 1.00; 1 window
127I2 P(55) 23-0,,frequency,18113.629435,0.000664,,,kitt_peak_1993,depth 1.00; 1 window
127I2 P(57) 23-0,,frequency,18110.652925,0.000556,,,kitt_peak_1993,depth 1.00; 2 windows
127I2 P(58) 23-0,,frequency,18109.126295,0.000763,,,kitt_peak_1993,depth 1.00; 1 window
127I2 P(59) 23-0,,frequency,18107.574554,0.000678,,,kitt_peak_1993,depth 1.00; 1 window
127I2 P(60) 23-0,,frequency,18105.996961,0.000886,,,kitt_peak_1993,depth 1.00; 1 window
127I2 P(62) 23-0,,frequency,18102.764675,0.000982,,,kitt_peak_1993,depth 1.00; 1 window
127I2 P(63) 23-0,,frequency,18101.109280,0.000534,,,kitt_peak_1993,depth 1.00; 2 windows
127I2 P(65) 23-0,,frequency,18097.723607,0.000794,,,kitt_peak_1993,depth 1.00; 1 window
127I2 P(68) 23-0,,frequency,18092.449073,0.000806,,,kitt_peak_1993,depth 1.00; 1 window
127I2 P(69) 23-0,,frequency,18090.639751,0.000684,,,kitt_peak_1993,depth 1.00; 1 window
127I2 P(70) 23-0,,frequency,18088.803930,0.001001,,,kitt_peak_1993,depth 1.00; 1 window
127I2 P(71) 23-0,,frequency,18086.944624,0.001016,,,kitt_peak_1993,depth 1.00; 1 window
127I2 P(73) 23-0,,frequency,18083.145355,0.000649,,,kitt_peak_1993,depth 1.00; 1 window
127I2 P(74) 23-0,,frequency,18081.207479,0.000884,,,kitt_peak_1993,depth 1.00; 1 window
127I2 P(75) 23-0,,frequency,18079.243380,0.000633,,,kitt_peak_1993,depth 1.00; 2 windows
127I2 P(76) 23-0,,frequency,18077.253069,0.000508,,,kitt_peak_1993,depth 1.00; 2 windows
127I2 P(77) 23-0,,frequency,18075.238014,0.000984,,,kitt_peak_1993,depth 1.00; 1 window
127I2 P(78) 23-0,,frequency,18073.195227,0.000901,,,kitt_peak_1993,depth 1.00; 1 window
127I2 P(80) 23-0,,frequency,18069.033051,0.001006,,,kitt_peak_1993,depth 1.00; 1 window
127I2 P(86) 23-0,,frequency,18055.929372,0.000661,,,kitt_peak_1993,depth 1.00; 2 windows
127I2 P(87) 23-0,,frequency,18053.653643,0.000847,,,kitt_peak_1993,depth 1.00; 1 window
127I2 P(88) 23-0,,frequency,18051.353191,0.000989,,,kitt_peak_1993,depth 1.00; 1 window
127I2 P(89) 23-0,,frequency,18049.026410,0.000778,,,kitt_peak_1993,depth 1.00; 1 window
127I2 P(90) 23-0,,frequency,18046.672615,0.000814,,,kitt_peak_1993,depth 1.00; 1 window
127I2 P(91) 23-0,,frequency,18044.293593,0.000796,,,kitt_peak_1993,depth 1.00; 1 window
127I2 P(92) 23-0,,frequency,18041.888248,0.000877,,,kitt_peak_1993,depth 1.00; 1 window
127I2 P(95) 23-0,,frequency,18034.515322,0.000631,,,kitt_peak_1993,depth 1.00; 1 window
127I2 P(97) 23-0,,frequency,18029.469298,0.000528,,,kitt_peak_1993,depth 1.00; 2 windows
127I2 R(101) 23-0,,frequency,18028.961846,0.000632,,,kitt_peak_1993,depth 1.00; 2 windows
127I2 R(102) 23-0,,frequency,18026.388488,0.000975,,,kitt_peak_1993,depth 0.98; 1 window
127I2 R(105) 23-0,,frequency,18018.516335,0.000971,,,kitt_peak_1993,depth 1.00; 1 window
127I2 R(106) 23-0,,frequency,18015.839076,0.001004,,,kitt_peak_1993,depth 0.98; 1 window
127I2 R(109) 23-0,,frequency,18007.648742,0.000647,,,kitt_peak_1993,depth 0.99; 2 windows
127I2 R(113) 23-0,,frequency,17996.360052,0.000812,,,kitt_peak_1993,depth 0.99; 1 window
127I2 R(16) 23-0,,frequency,18152.870061,0.000965,,,kitt_peak_1993,depth 0.97; 1 window
127I2 R(17) 23-0,,frequency,18152.487516,0.000908,,,kitt_peak_1993,depth 1.00; 1 window
127I2 R(19) 23-0,,frequency,18151.647120,0.000974,,,kitt_peak_1993,depth 1.00; 1 window
127I2 R(21) 23-0,,frequency,18150.702939,0.000916,,,kitt_peak_1993,depth 1.00; 1 window
127I2 R(22) 23-0,,frequency,18150.194727,0.001014,,,kitt_peak_1993,depth 0.99; 1 window
127I2 R(23) 23-0,,frequency,18149.659047,0.000914,,,kitt_peak_1993,depth 1.00; 1 window
127I2 R(26) 23-0,,frequency,18147.902383,0.000888,,,kitt_peak_1993,depth 1.00; 1 window
127I2 R(27) 23-0,,frequency,18147.264507,0.000841,,,kitt_peak_1993,depth 1.00; 1 window
127I2 R(30) 23-0,,frequency,18145.202018,0.000902,,,kitt_peak_1993,depth 1.00; 1 window
127I2 R(32) 23-0,,frequency,18143.700101,0.000925,,,kitt_peak_1993,depth 1.00; 1 window
127I2 R(34) 23-0,,frequency,18142.094479,0.000989,,,kitt_peak_1993,depth 1.00; 1 window
127I2 R(35) 23-0,,frequency,18141.254511,0.000902,,,kitt_peak_1993,depth 1.00; 1 window
127I2 R(37) 23-0,,frequency,18139.496692,0.000617,,,kitt_peak_1993,depth 1.00; 2 windows
127I2 R(38) 23-0,,frequency,18138.579462,0.000954,,,kitt_peak_1993,depth 1.00; 1 window
127I2 R(39) 23-0,,frequency,18137.637286,0.000878,,,kitt_peak_1993,depth 1.00; 1 window
127I2 R(40) 23-0,,frequency,18136.670303,0.000856,,,kitt_peak_1993,depth 1.00; 1 window
127I2 R(41) 23-0,,frequency,18135.675137,0.000689,,,kitt_peak_1993,depth 1.00; 1 window
127I2 R(42) 23-0,,frequency,18134.656012,0.000686,,,kitt_peak_1993,depth 1.00; 2 windows
127I2 R(43) 23-0,,frequency,18133.612103,0.000761,,,kitt_peak_1993,depth 1.00; 1 window
127I2 R(44) 23-0,,frequency,18132.540329,0.000596,,,kitt_peak_1993,depth 1.00; 2 windows
127I2 R(45) 23-0,,frequency,18131.445159,0.000748,,,kitt_peak_1993,depth 1.00; 1 window
127I2 R(46) 23-0,,frequency,18130.324860,0.000597,,,kitt_peak_1993,depth 1.00; 2 windows
127I2 R(47) 23-0,,frequency,18129.175566,0.000863,,,kitt_peak_1993,depth 1.00; 1 window
127I2 R(48) 23-0,,frequency,18128.004551,0.000819,,,kitt_peak_1993,depth 1.00; 1 window
127I2 R(50) 23-0,,frequency,18125.582406,0.000766,,,kitt_peak_1993,depth 1.00; 1 window
127I2 R(51) 23-0,,frequency,18124.332149,0.000738,,,kitt_peak_1993,depth 1.00; 1 window
127I2 R(52) 23-0,,frequency,18123.057799,0.000555,,,kitt_peak_1993,depth 1.00; 2 windows
127I2 R(54) 23-0,,frequency,18120.431008,0.000714,,,kitt_peak_1993,depth 1.00; 2 windows
127I2 R(58) 23-0,,frequency,18114.869233,0.000849,,,kitt_peak_1993,depth 1.00; 1 window
127I2 R(62) 23-0,,frequency,18108.896348,0.000813,,,kitt_peak_1993,depth 1.00; 1 window
127I2 R(63) 23-0,,frequency,18107.339434,0.000792,,,kitt_peak_1993,depth 1.00; 1 window
127I2 R(64) 23-0,,frequency,18105.755364,0.000615,,,kitt_peak_1993,depth 1.00; 2 windows
127I2 R(68) 23-0,,frequency,18099.164949,0.000655,,,kitt_peak_1993,depth 1.00; 2 windows
127I2 R(69) 23-0,,frequency,18097.453808,0.000959,,,kitt_peak_1993,depth 1.00; 1 window
127I2 R(70) 23-0,,frequency,18095.715360,0.000853,,,kitt_peak_1993,depth 1.00; 1 window
127I2 R(71) 23-0,,frequency,18093.952943,0.000553,,,kitt_peak_1993,depth 1.00; 2 windows
127I2 R(72) 23-0,,frequency,18092.161999,0.000850,,,kitt_peak_1993,depth 1.00; 1 window
127I2 R(73) 23-0,,frequency,18090.346111,0.000869,,,kitt_peak_1993,depth 1.00; 1 window
127I2 R(75) 23-0,,frequency,18086.638108,0.000557,,,kitt_peak_1993,depth 1.00; 2 windows
127I2 R(76) 23-0,,frequency,18084.743436,0.000615,,,kitt_peak_1993,depth 1.00; 2 windows
127I2 R(81) 23-0,,frequency,18074.891533,0.000567,,,kitt_peak_1993,depth 1.00; 2 windows
127I2 R(82) 23-0,,frequency,18072.842402,0.000874,,,kitt_peak_1993,depth 1.00; 1 window
127I2 R(83) 23-0,,frequency,18070.766736,0.000661,,,kitt_peak_1993,depth 1.00; 1 window
127I2 R(85) 23-0,,frequency,18066.539281,0.000959,,,kitt_peak_1993,depth 1.00; 1 window
127I2 R(89) 23-0,,frequency,18057.773399,0.000876,,,kitt_peak_1993,depth 1.00; 1 window
127I2 R(90) 23-0,,frequency,18055.516725,0.001009,,,kitt_peak_1993,depth 1.00; 1 window
127I2 R(96) 23-0,,frequency,18041.424997,0.000691,,,kitt_peak_1993,depth 0.99; 2 windows
127I2 R(97) 23-0,,frequency,18038.984516,0.000664,,,kitt_peak_1993,depth 1.00; 2 windows
127I2 R(98) 23-0,,frequency,18036.517921,0.000682,,,kitt_peak_1993,depth 0.99; 2 windows
127I2 R(99) 23-0,,frequency,18034.025589,0.000490,,,kitt_peak_1993,depth 1.00; 2 windows
127I2 P(101) 23-1,,frequency,17806.946227,0.000796,,,kitt_peak_1993,depth 0.97; 1 window
127I2 P(111) 23-1,,frequency,17779.334447,0.000956,,,kitt_peak_1993,depth 0.94; 1 window
127I2 P(25) 23-1,,frequency,17932.778173,0.000980,,,kitt_peak_1993,depth 0.98; 1 window
127I2 P(33) 23-1,,frequency,17926.446748,0.001018,,,kitt_peak_1993,depth 0.99; 1 window
127I2 P(35) 23-1,,frequency,17924.609209,0.000978,,,kitt_peak_1993,depth 0.99; 1 window
127I2 P(38) 23-1,,frequency,17921.664348,0.001004,,,kitt_peak_1993,depth 0.98; 1 window
127I2 P(41) 23-1,,frequency,17918.492712,0.000652,,,kitt_peak_1993,depth 1.00; 2 windows
127I2 P(42) 23-1,,frequency,17917.385240,0.000957,,,kitt_peak_1993,depth 0.98; 1 window
127I2 P(43) 23-1,,frequency,17916.250903,0.000608,,,kitt_peak_1993,depth 1.00; 2 windows
127I2 P(47) 23-1,,frequency,17911.468383,0.000616,,,kitt_peak_1993,depth 1.00; 2 windows
127I2 P(50) 23-1,,frequency,17907.612952,0.000947,,,kitt_peak_1993,depth 0.98; 1 window
127I2 P(51) 23-1,,frequency,17906.280370,0.000848,,,kitt_peak_1993,depth 1.00; 1 window
127I2 P(53) 23-1,,frequency,17903.530431,0.000742,,,kitt_peak_1993,depth 1.00; 1 window
127I2 P(54) 23-1,,frequency,17902.118792,0.000604,,,kitt_peak_1993,depth 0.99; 2 windows
127I2 P(55) 23-1,,frequency,17900.682384,0.000731,,,kitt_peak_1993,depth 1.00; 1 window
127I2 P(56) 23-1,,frequency,17899.219689,0.001017,,,kitt_peak_1993,depth 0.99; 1 window
127I2 P(57) 23-1,,frequency,17897.732219,0.000740,,,kitt_peak_1993,depth 1.00; 1 window
127I2 P(58) 23-1,,frequency,17896.219663,0.000861,,,kitt_peak_1993,depth 0.99; 1 window
127I2 P(59) 23-1,,frequency,17894.679646,0.000600,,,kitt_peak_1993,depth 1.00; 2 windows
127I2 P(60) 23-1,,frequency,17893.117105,0.000903,,,kitt_peak_1993,depth 0.97; 1 window
127I2 P(65) 23-1,,frequency,17884.913956,0.000679,,,kitt_peak_1993,depth 1.00; 2 windows
127I2 P(67) 23-1,,frequency,17881.455182,0.000872,,,kitt_peak_1993,depth 1.00; 1 window
127I2 P(69) 23-1,,frequency,17877.893876,0.000619,,,kitt_peak_1993,depth 1.00; 2 windows
127I2 P(73) 23-1,,frequency,17870.466421,0.000700,,,kitt_peak_1993,depth 1.00; 2 windows
127I2 P(74) 23-1,,frequency,17868.543666,0.000696,,,kitt_peak_1993,depth 0.99; 2 windows
127I2 P(75) 23-1,,frequency,17866.596416,0.000881,,,kitt_peak_1993,depth 1.00; 1 window
127I2 P(76) 23-1,,frequency,17864.625690,0.000995,,,kitt_peak_1993,depth 0.98; 1 window
127I2 P(77) 23-1,,frequency,17862.625607,0.000926,,,kitt_peak_1993,depth 1.00; 1 window
127I2 P(81) 23-1,,frequency,17854.376141,0.000940,,,kitt_peak_1993,depth 0.99; 1 window
127I2 P(87) 23-1,,frequency,17841.233836,0.001001,,,kitt_peak_1993,depth 0.99; 1 window
127I2 P(89) 23-1,,frequency,17836.644021,0.000966,,,kitt_peak_1993,depth 0.99; 1 window
127I2 P(91) 23-1,,frequency,17831.953599,0.001010,,,kitt_peak_1993,depth 0.98; 1 window
127I2 P(93) 23-1,,frequency,17827.159477,0.000880,,,kitt_peak_1993,depth 0.98; 1 window
127I2 P(95) 23-1,,frequency,17822.261919,0.000882,,,kitt_peak_1993,depth 0.98; 1 window
127I2 P(99) 23-1,,frequency,17812.154815,0.000966,,,kitt_peak_1993,depth 0.96; 1 window
127I2 R(101) 23-1,,frequency,17816.843993,0.000856,,,kitt_peak_1993,depth 0.96; 1 window
127I2 R(103) 23-1,,frequency,17811.720923,0.001013,,,kitt_peak_1993,depth 0.95; 1 window
127I2 R(106) 23-1,,frequency,17803.841426,0.001017,,,kitt_peak_1993,depth 0.88; 1 window
127I2 R(25) 23-1,,frequency,17935.287480,0.000715,,,kitt_peak_1993,depth 0.98; 2 windows
127I2 R(27) 23-1,,frequency,17934.050776,0.000990,,,kitt_peak_1993,depth 0.98; 1 window
127I2 R(29) 23-1,,frequency,17932.714594,0.000977,,,kitt_peak_1993,depth 0.99; 1 window
127I2 R(34) 23-1,,frequency,17928.931810,0.001018,,,kitt_peak_1993,depth 0.98; 1 window
127I2 R(37) 23-1,,frequency,17926.359124,0.000978,,,kitt_peak_1993,depth 1.00; 1 window
127I2 R(38) 23-1,,frequency,17925.449912,0.000975,,,kitt_peak_1993,depth 0.98; 1 window
127I2 R(39) 23-1,,frequency,17924.516901,0.000936,,,kitt_peak_1993,depth 1.00; 1 window
127I2 R(41) 23-1,,frequency,17922.573037,0.000954,,,kitt_peak_1993,depth 1.00; 1 window
127I2 R(42) 23-1,,frequency,17921.562926,0.000937,,,kitt_peak_1993,depth 0.99; 1 window
127I2 R(44) 23-1,,frequency,17919.467541,0.001009,,,kitt_peak_1993,depth 0.98; 1 window
127I2 R(45) 23-1,,frequency,17918.382082,0.000982,,,kitt_peak_1993,depth 1.00; 1 window
127I2 R(46) 23-1,,frequency,17917.271582,0.000948,,,kitt_peak_1993,depth 0.99; 1 window
127I2 R(51) 23-1,,frequency,17911.335546,0.000641,,,kitt_peak_1993,depth 1.00; 2 windows
127I2 R(52) 23-1,,frequency,17910.073736,0.000871,,,kitt_peak_1993,depth 0.99; 1 window
127I2 R(56) 23-1,,frequency,17904.766883,0.000929,,,kitt_peak_1993,depth 0.99; 1 window
127I2 R(57) 23-1,,frequency,17903.376690,0.000731,,,kitt_peak_1993,depth 1.00; 1 window
127I2 R(58) 23-1,,frequency,17901.960954,0.000638,,,kitt_peak_1993,depth 0.99; 2 windows
127I2 R(59) 23-1,,frequency,17900.521296,0.000906,,,kitt_peak_1993,depth 1.00; 1 window
127I2 R(62) 23-1,,frequency,17896.043385,0.000851,,,kitt_peak_1993,depth 0.99; 1 window
127I2 R(63) 23-1,,frequency,17894.500642,0.000631,,,kitt_peak_1993,depth 1.00; 2 windows
127I2 R(73) 23-1,,frequency,17877.665396,0.000671,,,kitt_peak_1993,depth 1.00; 2 windows
127I2 R(74) 23-1,,frequency,17875.842364,0.000972,,,kitt_peak_1993,depth 0.99; 1 window
127I2 R(75) 23-1,,frequency,17873.992506,0.000874,,,kitt_peak_1993,depth 1.00; 1 window
127I2 R(77) 23-1,,frequency,17870.215508,0.001015,,,kitt_peak_1993,depth 1.00; 1 window
127I2 R(79) 23-1,,frequency,17866.335629,0.000636,,,kitt_peak_1993,depth 1.00; 2 windows
127I2 R(81) 23-1,,frequency,17862.352595,0.000893,,,kitt_peak_1993,depth 0.99; 1 window
127I2 R(89) 23-1,,frequency,17845.391976,0.001019,,,kitt_peak_1993,depth 0.99; 1 window
127I2 R(91) 23-1,,frequency,17840.895188,0.000979,,,kitt_peak_1993,depth 0.99; 1 window
127I2 R(94) 23-1,,frequency,17833.951769,0.000989,,,kitt_peak_1993,depth 0.96; 1 window
127I2 R(97) 23-1,,frequency,17826.775348,0.000904,,,kitt_peak_1993,depth 0.98; 1 window
127I2 P(103) 24-0,,frequency,18094.733817,0.000861,,,kitt_peak_1993,depth 1.00; 1 window
127I2 P(107) 24-0,,frequency,18083.490570,0.000766,,,kitt_peak_1993,depth 1.00; 1 window
127I2 P(110) 24-0,,frequency,18074.775178,0.000650,,,kitt_peak_1993,depth 0.97; 2 windows
127I2 P(15) 24-0,,frequency,18235.230726,0.000694,,,kitt_peak_1993,depth 1.00; 2 windows
127I2 P(18) 24-0,,frequency,18233.763168,0.001013,,,kitt_peak_1993,depth 0.99; 1 window
127I2 P(19) 24-0,,frequency,18233.222998,0.000713,,,kitt_peak_1993,depth 1.00; 2 windows
127I2 P(21) 24-0,,frequency,18232.064082,0.001006,,,kitt_peak_1993,depth 1.00; 1 window
127I2 P(25) 24-0,,frequency,18229.438422,0.000929,,,kitt_peak_1993,depth 1.00; 1 window
127I2 P(27) 24-0,,frequency,18227.968490,0.000941,,,kitt_peak_1993,depth 1.00; 1 window
127I2 P(29) 24-0,,frequency,18226.396371,0.000826,,,kitt_peak_1993,depth 1.00; 1 window
127I2 P(31) 24-0,,frequency,18224.720257,0.000826,,,kitt_peak_1993,depth 1.00; 1 window
127I2 P(32) 24-0,,frequency,18223.842884,0.000631,,,kitt_peak_1993,depth 1.00; 2 windows
127I2 P(36) 24-0,,frequency,18220.076075,0.000810,,,kitt_peak_1993,depth 1.00; 1 window
127I2 P(37) 24-0,,frequency,18219.068087,0.000681,,,kitt_peak_1993,depth 1.00; 2 windows
127I2 P(38) 24-0,,frequency,18218.035217,0.000843,,,kitt_peak_1993,depth 1.00; 1 window
127I2 P(39) 24-0,,frequency,18216.976471,0.000746,,,kitt_peak_1993,depth 1.00; 1 window
127I2 P(40) 24-0,,frequency,18215.891503,0.000827,,,kitt_peak_1993,depth 1.00; 1 window
127I2 P(41) 24-0,,frequency,18214.780621,0.000804,,,kitt_peak_1993,depth 1.00; 1 window
127I2 P(42) 24-0,,frequency,18213.644043,0.000669,,,kitt_peak_1993,depth 1.00; 2 windows
127I2 P(43) 24-0,,frequency,18212.481479,0.000855,,,kitt_peak_1993,depth 1.00; 1 window
127I2 P(44) 24-0,,frequency,18211.292703,0.000676,,,kitt_peak_1993,depth 1.00; 2 windows
127I2 P(46) 24-0,,frequency,18208.836703,0.000583,,,kitt_peak_1993,depth 1.00; 2 windows
127I2 P(47) 24-0,,frequency,18207.569808,0.000712,,,kitt_peak_1993,depth 1.00; 1 window
127I2 P(48) 24-0,,frequency,18206.277251,0.000745,,,kitt_peak_1993,depth 1.00; 1 window
127I2 P(49) 24-0,,frequency,18204.958023,0.000810,,,kitt_peak_1993,depth 1.00; 1 window
127I2 P(50) 24-0,,frequency,18203.612747,0.000809,,,kitt_peak_1993,depth 1.00; 1 window
127I2 P(51) 24-0,,frequency,18202.242405,0.000495,,,kitt_peak_1993,depth 1.00; 2 windows
127I2 P(52) 24-0,,frequency,18200.844221,0.000695,,,kitt_peak_1993,depth 1.00; 1 window
127I2 P(53) 24-0,,frequency,18199.421139,0.000718,,,kitt_peak_1993,depth 1.00; 2 windows
127I2 P(54) 24-0,,frequency,18197.973013,0.000928,,,kitt_peak_1993,depth 1.00; 1 window
127I2 P(55) 24-0,,frequency,18196.496621,0.000722,,,kitt_peak_1993,depth 1.00; 1 window
127I2 P(56) 24-0,,frequency,18194.994651,0.000711,,,kitt_peak_1993,depth 1.00; 2 windows
127I2 P(57) 24-0,,frequency,18193.467313,0.000941,,,kitt_peak_1993,depth 1.00; 1 window
127I2 P(58) 24-0,,frequency,18191.912660,0.000739,,,kitt_peak_1993,depth 1.00; 1 window
127I2 P(60) 24-0,,frequency,18188.727806,0.000819,,,kitt_peak_1993,depth 1.00; 1 window
127I2 P(61) 24-0,,frequency,18187.094892,0.000639,,,kitt_peak_1993,depth 1.00; 1 window
127I2 P(66) 24-0,,frequency,18178.539806,0.000865,,,kitt_peak_1993,depth 1.00; 1 window
127I2 P(67) 24-0,,frequency,18176.750931,0.000972,,,kitt_peak_1993,depth 1.00; 1 window
127I2 P(68) 24-0,,frequency,18174.934164,0.000686,,,kitt_peak_1993,depth 1.00; 1 window
127I2 P(69) 24-0,,frequency,18173.092268,0.000572,,,kitt_peak_1993,depth 1.00; 2 windows
127I2 P(70) 24-0,,frequency,18171.223294,0.000924,,,kitt_peak_1993,depth 1.00; 1 window
127I2 P(71) 24-0,,frequency,18169.327670,0.000769,,,kitt_peak_1993,depth 1.00; 1 window
127I2 P(74) 24-0,,frequency,18163.487829,0.000548,,,kitt_peak_1993,depth 1.00; 2 windows
127I2 P(76) 24-0,,frequency,18159.462622,0.000964,,,kitt_peak_1993,depth 1.00; 1 window
127I2 P(77) 24-0,,frequency,18157.408359,0.000777,,,kitt_peak_1993,depth 1.00; 1 window
127I2 P(80) 24-0,,frequency,18151.092954,0.000894,,,kitt_peak_1993,depth 1.00; 1 window
127I2 P(81) 24-0,,frequency,18148.934317,0.000637,,,kitt_peak_1993,depth 1.00; 2 windows
127I2 P(87) 24-0,,frequency,18135.427591,0.000808,,,kitt_peak_1993,depth 1.00; 1 window
127I2 P(91) 24-0,,frequency,18125.894265,0.000719,,,kitt_peak_1993,depth 1.00; 1 window
127I2 P(92) 24-0,,frequency,18123.443773,0.000875,,,kitt_peak_1993,depth 1.00; 1 window
127I2 P(94) 24-0,,frequency,18118.464605,0.000936,,,kitt_peak_1993,depth 1.00; 1 window
127I2 P(95) 24-0,,frequency,18115.934765,0.000570,,,kitt_peak_1993,depth 1.00; 2 windows
127I2 P(96) 24-0,,frequency,18113.377621,0.000717,,,kitt_peak_1993,depth 0.99; 2 windows
127I2 P(97) 24-0,,frequency,18110.794426,0.000656,,,kitt_peak_1993,depth 1.00; 2 windows
127I2 P(98) 24-0,,frequency,18108.185526,0.000681,,,kitt_peak_1993,depth 0.99; 2 windows
127I2 P(99) 24-0,,frequency,18105.547960,0.000919,,,kitt_peak_1993,depth 1.00; 1 window
127I2 R(101) 24-0,,frequency,18109.992248,0.000811,,,kitt_peak_1993,depth 1.00; 1 window
127I2 R(107) 24-0,,frequency,18093.854247,0.000630,,,kitt_peak_1993,depth 0.99; 2 windows
127I2 R(109) 24-0,,frequency,18088.259887,0.000982,,,kitt_peak_1993,depth 0.99; 1 window
127I2 R(110) 24-0,,frequency,18085.420969,0.000973,,,kitt_peak_1993,depth 0.97; 1 window
127I2 R(111) 24-0,,frequency,18082.556912,0.000900,,,kitt_peak_1993,depth 0.99; 1 window
127I2 R(113) 24-0,,frequency,18076.743765,0.000878,,,kitt_peak_1993,depth 0.99; 1 window
127I2 R(115) 24-0,,frequency,18070.822616,0.000873,,,kitt_peak_1993,depth 0.97; 1 window
127I2 R(123) 24-0,,frequency,18046.056458,0.000715,,,kitt_peak_1993,depth 0.97; 2 windows
127I2 R(124) 24-0,,frequency,18042.836996,0.001002,,,kitt_peak_1993,depth 0.91; 1 window
127I2 R(18) 24-0,,frequency,18235.567571,0.000730,,,kitt_peak_1993,depth 0.99; 2 windows
127I2 R(23) 24-0,,frequency,18233.094036,0.000597,,,kitt_peak_1993,depth 1.00; 2 windows
127I2 R(24) 24-0,,frequency,18232.524249,0.000987,,,kitt_peak_1993,depth 1.00; 1 window
127I2 R(27) 24-0,,frequency,18230.649765,0.000666,,,kitt_peak_1993,depth 1.00; 2 windows
127I2 R(28) 24-0,,frequency,18229.973472,0.001001,,,kitt_peak_1993,depth 1.00; 1 window
127I2 R(30) 24-0,,frequency,18228.544055,0.001005,,,kitt_peak_1993,depth 1.00; 1 window
127I2 R(37) 24-0,,frequency,18222.720705,0.000829,,,kitt_peak_1993,depth 1.00; 1 window
127I2 R(39) 24-0,,frequency,18220.823330,0.000628,,,kitt_peak_1993,depth 1.00; 2 windows
127I2 R(41) 24-0,,frequency,18218.821675,0.001014,,,kitt_peak_1993,depth 1.00; 1 window
127I2 R(47) 24-0,,frequency,18212.192988,0.000717,,,kitt_peak_1993,depth 1.00; 1 window
127I2 R(49) 24-0,,frequency,18209.774016,0.000692,,,kitt_peak_1993,depth 1.00; 1 window
127I2 R(51) 24-0,,frequency,18207.251735,0.000727,,,kitt_peak_1993,depth 1.00; 1 window
127I2 R(52) 24-0,,frequency,18205.950690,0.000850,,,kitt_peak_1993,depth 1.00; 1 window
127I2 R(53) 24-0,,frequency,18204.624299,0.000493,,,kitt_peak_1993,depth 1.00; 2 windows
127I2 R(57) 24-0,,frequency,18199.057375,0.000785,,,kitt_peak_1993,depth 1.00; 1 window
127I2 R(59) 24-0,,frequency,18196.115404,0.000868,,,kitt_peak_1993,depth 1.00; 1 window
127I2 R(60) 24-0,,frequency,18194.605503,0.000646,,,kitt_peak_1993,depth 1.00; 2 windows
127I2 R(61) 24-0,,frequency,18193.070486,0.000759,,,kitt_peak_1993,depth 1.00; 1 window
127I2 R(63) 24-0,,frequency,18189.920604,0.000686,,,kitt_peak_1993,depth 1.00; 2 windows
127I2 R(66) 24-0,,frequency,18184.998946,0.000694,,,kitt_peak_1993,depth 1.00; 2 windows
127I2 R(67) 24-0,,frequency,18183.305872,0.000826,,,kitt_peak_1993,depth 1.00; 1 window
127I2 R(68) 24-0,,frequency,18181.583781,0.000658,,,kitt_peak_1993,depth 1.00; 1 window
127I2 R(69) 24-0,,frequency,18179.837463,0.000805,,,kitt_peak_1993,depth 1.00; 1 window
127I2 R(72) 24-0,,frequency,18174.444450,0.000823,,,kitt_peak_1993,depth 1.00; 1 window
127I2 R(73) 24-0,,frequency,18172.592514,0.000851,,,kitt_peak_1993,depth 1.00; 1 window
127I2 R(74) 24-0,,frequency,18170.713555,0.000703,,,kitt_peak_1993,depth 1.00; 2 windows
127I2 R(75) 24-0,,frequency,18168.809268,0.000868,,,kitt_peak_1993,depth 1.00; 1 window
127I2 R(76) 24-0,,frequency,18166.880497,0.000864,,,kitt_peak_1993,depth 1.00; 1 window
127I2 R(77) 24-0,,frequency,18164.922574,0.000815,,,kitt_peak_1993,depth 1.00; 1 window
127I2 R(78) 24-0,,frequency,18162.938950,0.000832,,,kitt_peak_1993,depth 1.00; 1 window
127I2 R(80) 24-0,,frequency,18158.893008,0.000580,,,kitt_peak_1993,depth 1.00; 2 windows
127I2 R(81) 24-0,,frequency,18156.830331,0.000673,,,kitt_peak_1993,depth 1.00; 1 window
127I2 R(82) 24-0,,frequency,18154.742985,0.001007,,,kitt_peak_1993,depth 1.00; 1 window
127I2 R(86) 24-0,,frequency,18146.118969,0.000910,,,kitt_peak_1993,depth 1.00; 1 window
127I2 R(87) 24-0,,frequency,18143.898093,0.000893,,,kitt_peak_1993,depth 1.00; 1 window
127I2 R(90) 24-0,,frequency,18137.072244,0.000938,,,kitt_peak_1993,depth 1.00; 1 window
127I2 R(91) 24-0,,frequency,18134.743932,0.000718,,,kitt_peak_1993,depth 1.00; 2 windows
127I2 R(94) 24-0,,frequency,18127.600322,0.000660,,,kitt_peak_1993,depth 1.00; 2 windows
127I2 R(97) 24-0,,frequency,18120.213826,0.000705,,,kitt_peak_1993,depth 1.00; 2 windows
127I2 R(99) 24-0,,frequency,18115.158661,0.000843,,,kitt_peak_1993,depth 1.00; 1 window
127I2 P(25) 24-1,,frequency,18016.212610,0.000917,,,kitt_peak_1993,depth 0.97; 1 window
127I2 P(33) 24-1,,frequency,18009.771796,0.000988,,,kitt_peak_1993,depth 0.99; 1 window
127I2 P(35) 24-1,,frequency,18007.898061,0.001008,,,kitt_peak_1993,depth 0.99; 1 window
127I2 P(37) 24-1,,frequency,18005.929997,0.000896,,,kitt_peak_1993,depth 0.99; 1 window
127I2 P(39) 24-1,,frequency,18003.856320,0.000920,,,kitt_peak_1993,depth 0.99; 1 window
127I2 P(41) 24-1,,frequency,18001.679109,0.001000,,,kitt_peak_1993,depth 0.99; 1 window
127I2 P(42) 24-1,,frequency,18000.552111,0.001010,,,kitt_peak_1993,depth 0.96; 1 window
127I2 P(43) 24-1,,frequency,17999.399141,0.000987,,,kitt_peak_1993,depth 0.99; 1 window
127I2 P(44) 24-1,,frequency,17998.219887,0.000679,,,kitt_peak_1993,depth 0.98; 2 windows
127I2 P(47) 24-1,,frequency,17994.528688,0.000953,,,kitt_peak_1993,depth 1.00; 1 window
127I2 P(48) 24-1,,frequency,17993.247258,0.000694,,,kitt_peak_1993,depth 0.98; 2 windows
127I2 P(51) 24-1,,frequency,17989.245688,0.000771,,,kitt_peak_1993,depth 1.00; 1 window
127I2 P(53) 24-1,,frequency,17986.449314,0.000878,,,kitt_peak_1993,depth 0.99; 1 window
127I2 P(54) 24-1,,frequency,17985.012662,0.000936,,,kitt_peak_1993,depth 0.98; 1 window
127I2 P(55) 24-1,,frequency,17983.549919,0.000591,,,kitt_peak_1993,depth 1.00; 2 windows
127I2 P(59) 24-1,,frequency,17977.439248,0.000831,,,kitt_peak_1993,depth 0.99; 1 window
127I2 P(63) 24-1,,frequency,17970.913719,0.000967,,,kitt_peak_1993,depth 0.99; 1 window
127I2 P(65) 24-1,,frequency,17967.498707,0.000906,,,kitt_peak_1993,depth 1.00; 1 window
127I2 P(66) 24-1,,frequency,17965.747894,0.000990,,,kitt_peak_1993,depth 0.98; 1 window
127I2 P(71) 24-1,,frequency,17956.616155,0.000958,,,kitt_peak_1993,depth 0.99; 1 window
127I2 P(73) 24-1,,frequency,17952.780469,0.000889,,,kitt_peak_1993,depth 0.99; 1 window
127I2 P(75) 24-1,,frequency,17948.841676,0.000917,,,kitt_peak_1993,depth 0.99; 1 window
127I2 P(76) 24-1,,frequency,17946.833283,0.000998,,,kitt_peak_1993,depth 0.96; 1 window
127I2 P(77) 24-1,,frequency,17944.795825,0.000992,,,kitt_peak_1993,depth 0.99; 1 window
127I2 P(78) 24-1,,frequency,17942.736101,0.001010,,,kitt_peak_1993,depth 0.97; 1 window
127I2 P(81) 24-1,,frequency,17936.394812,0.000990,,,kitt_peak_1993,depth 0.98; 1 window
127I2 P(87) 24-1,,frequency,17923.006972,0.000976,,,kitt_peak_1993,depth 0.99; 1 window
127I2 P(89) 24-1,,frequency,17918.332178,0.001012,,,kitt_peak_1993,depth 0.98; 1 window
127I2 P(93) 24-1,,frequency,17908.670572,0.001001,,,kitt_peak_1993,depth 0.97; 1 window
127I2 P(99) 24-1,,frequency,17893.384044,0.000945,,,kitt_peak_1993,depth 0.94; 1 window
127I2 R(25) 24-1,,frequency,18018.698377,0.001003,,,kitt_peak_1993,depth 0.98; 1 window
127I2 R(27) 24-1,,frequency,18017.437306,0.001004,,,kitt_peak_1993,depth 0.98; 1 window
127I2 R(29) 24-1,,frequency,18016.071176,0.001005,,,kitt_peak_1993,depth 0.98; 1 window
127I2 R(31) 24-1,,frequency,18014.603747,0.000679,,,kitt_peak_1993,depth 0.99; 2 windows
127I2 R(34) 24-1,,frequency,18012.208553,0.000713,,,kitt_peak_1993,depth 0.96; 2 windows
127I2 R(37) 24-1,,frequency,18009.580623,0.000742,,,kitt_peak_1993,depth 0.99; 1 window
127I2 R(38) 24-1,,frequency,18008.655708,0.000956,,,kitt_peak_1993,depth 0.97; 1 window
127I2 R(39) 24-1,,frequency,18007.700888,0.000599,,,kitt_peak_1993,depth 0.99; 2 windows
127I2 R(40) 24-1,,frequency,18006.723594,0.001002,,,kitt_peak_1993,depth 0.98; 1 window
127I2 R(41) 24-1,,frequency,18005.719421,0.000942,,,kitt_peak_1993,depth 1.00; 1 window
127I2 R(43) 24-1,,frequency,18003.632918,0.000983,,,kitt_peak_1993,depth 0.99; 1 window
127I2 R(45) 24-1,,frequency,18001.443911,0.000967,,,kitt_peak_1993,depth 0.99; 1 window
127I2 R(46) 24-1,,frequency,18000.310280,0.000973,,,kitt_peak_1993,depth 0.97; 1 window
127I2 R(47) 24-1,,frequency,17999.152021,0.000976,,,kitt_peak_1993,depth 0.99; 1 window
127I2 R(49) 24-1,,frequency,17996.754337,0.001011,,,kitt_peak_1993,depth 1.00; 1 window
127I2 R(50) 24-1,,frequency,17995.518434,0.000693,,,kitt_peak_1993,depth 0.98; 2 windows
127I2 R(53) 24-1,,frequency,17991.652602,0.000778,,,kitt_peak_1993,depth 0.99; 1 window
127I2 R(54) 24-1,,frequency,17990.312520,0.000904,,,kitt_peak_1993,depth 0.98; 1 window
127I2 R(56) 24-1,,frequency,17987.554041,0.000956,,,kitt_peak_1993,depth 0.98; 1 window
127I2 R(57) 24-1,,frequency,17986.136601,0.000713,,,kitt_peak_1993,depth 1.00; 2 windows
127I2 R(58) 24-1,,frequency,17984.691391,0.001011,,,kitt_peak_1993,depth 0.98; 1 window
127I2 R(59) 24-1,,frequency,17983.221463,0.000565,,,kitt_peak_1993,depth 1.00; 2 windows
127I2 R(64) 24-1,,frequency,17975.482124,0.000868,,,kitt_peak_1993,depth 0.99; 1 window
127I2 R(66) 24-1,,frequency,17972.203702,0.000904,,,kitt_peak_1993,depth 0.98; 1 window
127I2 R(70) 24-1,,frequency,17965.335201,0.000997,,,kitt_peak_1993,depth 0.98; 1 window
127I2 R(73) 24-1,,frequency,17959.910520,0.000930,,,kitt_peak_1993,depth 0.99; 1 window
127I2 R(75) 24-1,,frequency,17956.163812,0.000898,,,kitt_peak_1993,depth 0.99; 1 window
127I2 R(80) 24-1,,frequency,17946.336458,0.001002,,,kitt_peak_1993,depth 0.96; 1 window
127I2 R(81) 24-1,,frequency,17944.291872,0.000752,,,kitt_peak_1993,depth 0.99; 1 window
127I2 R(83) 24-1,,frequency,17940.125024,0.000717,,,kitt_peak_1993,depth 0.98; 2 windows
127I2 R(87) 24-1,,frequency,17931.475406,0.001014,,,kitt_peak_1993,depth 0.98; 1 window
127I2 R(93) 24-1,,frequency,17917.710037,0.000985,,,kitt_peak_1993,depth 0.97; 1 window
127I2 R(99) 24-1,,frequency,17902.990673,0.001013,,,kitt_peak_1993,depth 0.96; 1 window
127I2 P(101) 25-0,,frequency,18179.253544,0.000722,,,kitt_peak_1993,depth 1.00; 1 window
127I2 P(102) 25-0,,frequency,18176.484929,0.000913,,,kitt_peak_1993,depth 0.99; 1 window
127I2 P(103) 25-0,,frequency,18173.689731,0.000816,,,kitt_peak_1993,depth 1.00; 1 window
127I2 P(105) 25-0,,frequency,18168.016816,0.000668,,,kitt_peak_1993,depth 1.00; 2 windows
127I2 P(106) 25-0,,frequency,18165.139325,0.000847,,,kitt_peak_1993,depth 0.99; 1 window
127I2 P(107) 25-0,,frequency,18162.234355,0.000978,,,kitt_peak_1993,depth 1.00; 1 window
127I2 P(108) 25-0,,frequency,18159.300458,0.000999,,,kitt_peak_1993,depth 0.98; 1 window
127I2 P(109) 25-0,,frequency,18156.342841,0.000639,,,kitt_peak_1993,depth 1.00; 2 windows
127I2 P(111) 25-0,,frequency,18150.341453,0.000956,,,kitt_peak_1993,depth 0.99; 1 window
127I2 P(113) 25-0,,frequency,18144.227037,0.000949,,,kitt_peak_1993,depth 0.99; 1 window
127I2 P(121) 25-0,,frequency,18118.669326,0.000934,,,kitt_peak_1993,depth 0.98; 1 window
127I2 P(22) 25-0,,frequency,18312.898292,0.000982,,,kitt_peak_1993,depth 1.00; 1 window
127I2 P(26) 25-0,,frequency,18310.120863,0.000685,,,kitt_peak_1993,depth 1.00; 2 windows
127I2 P(27) 25-0,,frequency,18309.361556,0.000946,,,kitt_peak_1993,depth 1.00; 1 window
127I2 P(29) 25-0,,frequency,18307.760661,0.000675,,,kitt_peak_1993,depth 1.00; 2 windows
127I2 P(33) 25-0,,frequency,18304.244810,0.000829,,,kitt_peak_1993,depth 1.00; 1 window
127I2 P(34) 25-0,,frequency,18303.301475,0.000888,,,kitt_peak_1993,depth 1.00; 1 window
127I2 P(35) 25-0,,frequency,18302.329849,0.000832,,,kitt_peak_1993,depth 1.00; 1 window
127I2 P(36) 25-0,,frequency,18301.330496,0.000860,,,kitt_peak_1993,depth 1.00; 1 window
127I2 P(37) 25-0,,frequency,18300.306002,0.000559,,,kitt_peak_1993,depth 1.00; 2 windows
127I2 P(41) 25-0,,frequency,18295.943352,0.000974,,,kitt_peak_1993,depth 1.00; 1 window
127I2 P(42) 25-0,,frequency,18294.788385,0.000910,,,kitt_peak_1993,depth 1.00; 1 window
127I2 P(43) 25-0,,frequency,18293.603959,0.000765,,,kitt_peak_1993,depth 1.00; 1 window
127I2 P(45) 25-0,,frequency,18291.156623,0.000608,,,kitt_peak_1993,depth 1.00; 2 windows
127I2 P(46) 25-0,,frequency,18289.894138,0.000725,,,kitt_peak_1993,depth 1.00; 1 window
127I2 P(47) 25-0,,frequency,18288.605349,0.000662,,,kitt_peak_1993,depth 1.00; 2 windows
127I2 P(48) 25-0,,frequency,18287.288084,0.000946,,,kitt_peak_1993,depth 1.00; 1 window
127I2 P(49) 25-0,,frequency,18285.946547,0.000576,,,kitt_peak_1993,depth 1.00; 2 windows
127I2 P(51) 25-0,,frequency,18283.181319,0.000717,,,kitt_peak_1993,depth 1.00; 2 windows
127I2 P(52) 25-0,,frequency,18281.761060,0.000923,,,kitt_peak_1993,depth 1.00; 1 window
127I2 P(53) 25-0,,frequency,18280.308489,0.000904,,,kitt_peak_1993,depth 1.00; 1 window
127I2 P(54) 25-0,,frequency,18278.834924,0.000575,,,kitt_peak_1993,depth 1.00; 2 windows
127I2 P(55) 25-0,,frequency,18277.332371,0.000725,,,kitt_peak_1993,depth 1.00; 1 window
127I2 P(56) 25-0,,frequency,18275.803244,0.000715,,,kitt_peak_1993,depth 1.00; 1 window
127I2 P(57) 25-0,,frequency,18274.248652,0.000534,,,kitt_peak_1993,depth 1.00; 2 windows
127I2 P(58) 25-0,,frequency,18272.667231,0.000835,,,kitt_peak_1993,depth 1.00; 1 window
127I2 P(59) 25-0,,frequency,18271.057991,0.000713,,,kitt_peak_1993,depth 1.00; 1 window
127I2 P(60) 25-0,,frequency,18269.422657,0.000499,,,kitt_peak_1993,depth 1.00; 2 windows
127I2 P(62) 25-0,,frequency,18266.072072,0.000850,,,kitt_peak_1993,depth 1.00; 1 window
127I2 P(63) 25-0,,frequency,18264.356389,0.000582,,,kitt_peak_1993,depth 1.00; 2 windows
127I2 P(64) 25-0,,frequency,18262.615711,0.000963,,,kitt_peak_1993,depth 1.00; 1 window
127I2 P(65) 25-0,,frequency,18260.846204,0.000731,,,kitt_peak_1993,depth 1.00; 1 window
127I2 P(67) 25-0,,frequency,18257.228519,0.000564,,,kitt_peak_1993,depth 1.00; 2 windows
127I2 P(68) 25-0,,frequency,18255.378070,0.001018,,,kitt_peak_1993,depth 1.00; 1 window
127I2 P(69) 25-0,,frequency,18253.503356,0.000746,,,kitt_peak_1993,depth 1.00; 1 window
127I2 P(70) 25-0,,frequency,18251.600548,0.000967,,,kitt_peak_1993,depth 1.00; 1 window
127I2 P(71) 25-0,,frequency,18249.672270,0.000566,,,kitt_peak_1993,depth 1.00; 2 windows
127I2 P(73) 25-0,,frequency,18245.732533,0.000756,,,kitt_peak_1993,depth 1.00; 1 window
127I2 P(74) 25-0,,frequency,18243.722121,0.000829,,,kitt_peak_1993,depth 1.00; 1 window
127I2 P(75) 25-0,,frequency,18241.685487,0.000810,,,kitt_peak_1993,depth 1.00; 1 window
127I2 P(76) 25-0,,frequency,18239.621749,0.000904,,,kitt_peak_1993,depth 1.00; 1 window
127I2 P(79) 25-0,,frequency,18233.270542,0.000690,,,kitt_peak_1993,depth 1.00; 2 windows
127I2 P(81) 25-0,,frequency,18228.900381,0.000837,,,kitt_peak_1993,depth 1.00; 1 window
127I2 P(82) 25-0,,frequency,18226.677170,0.000979,,,kitt_peak_1993,depth 1.00; 1 window
127I2 P(83) 25-0,,frequency,18224.423852,0.000953,,,kitt_peak_1993,depth 1.00; 1 window
127I2 P(86) 25-0,,frequency,18217.505815,0.000914,,,kitt_peak_1993,depth 1.00; 1 window
127I2 P(87) 25-0,,frequency,18215.144991,0.000896,,,kitt_peak_1993,depth 1.00; 1 window
127I2 P(88) 25-0,,frequency,18212.757724,0.000768,,,kitt_peak_1993,depth 1.00; 1 window
127I2 P(89) 25-0,,frequency,18210.344283,0.000787,,,kitt_peak_1993,depth 1.00; 1 window
127I2 P(91) 25-0,,frequency,18205.433850,0.000692,,,kitt_peak_1993,depth 1.00; 1 window
127I2 P(93) 25-0,,frequency,18200.415579,0.000831,,,kitt_peak_1993,depth 1.00; 1 window
127I2 P(95) 25-0,,frequency,18195.288648,0.000846,,,kitt_peak_1993,depth 1.00; 1 window
127I2 P(96) 25-0,,frequency,18192.683695,0.000628,,,kitt_peak_1993,depth 1.00; 2 windows
127I2 P(97) 25-0,,frequency,18190.052624,0.000637,,,kitt_peak_1993,depth 1.00; 2 windows
127I2 P(99) 25-0,,frequency,18184.706968,0.000836,,,kitt_peak_1993,depth 1.00; 1 window
127I2 R(100) 25-0,,frequency,18191.597927,0.000960,,,kitt_peak_1993,depth 0.99; 1 window
127I2 R(101) 25-0,,frequency,18188.947891,0.000807,,,kitt_peak_1993,depth 1.00; 1 window
127I2 R(103) 25-0,,frequency,18183.571232,0.000890,,,kitt_peak_1993,depth 1.00; 1 window
127I2 R(106) 25-0,,frequency,18175.300385,0.000944,,,kitt_peak_1993,depth 0.98; 1 window
127I2 R(107) 25-0,,frequency,18172.490340,0.000831,,,kitt_peak_1993,depth 1.00; 1 window
127I2 R(108) 25-0,,frequency,18169.648990,0.000864,,,kitt_peak_1993,depth 0.98; 1 window
127I2 R(109) 25-0,,frequency,18166.782708,0.000810,,,kitt_peak_1993,depth 1.00; 1 window
127I2 R(110) 25-0,,frequency,18163.886746,0.000660,,,kitt_peak_1993,depth 0.98; 2 windows
127I2 R(112) 25-0,,frequency,18158.015271,0.000933,,,kitt_peak_1993,depth 0.97; 1 window
127I2 R(124) 25-0,,frequency,18120.451344,0.000710,,,kitt_peak_1993,depth 0.91; 2 windows
127I2 R(19) 25-0,,frequency,18316.585670,0.000889,,,kitt_peak_1993,depth 1.00; 1 window
127I2 R(20) 25-0,,frequency,18316.105564,0.000939,,,kitt_peak_1993,depth 1.00; 1 window
127I2 R(26) 25-0,,frequency,18312.677092,0.000675,,,kitt_peak_1993,depth 1.00; 2 windows
127I2 R(31) 25-0,,frequency,18309.093950,0.000962,,,kitt_peak_1993,depth 1.00; 1 window
127I2 R(32) 25-0,,frequency,18308.299124,0.000942,,,kitt_peak_1993,depth 1.00; 1 window
127I2 R(33) 25-0,,frequency,18307.475720,0.000614,,,kitt_peak_1993,depth 1.00; 2 windows
127I2 R(36) 25-0,,frequency,18304.849832,0.000704,,,kitt_peak_1993,depth 1.00; 2 windows
127I2 R(37) 25-0,,frequency,18303.921137,0.000879,,,kitt_peak_1993,depth 1.00; 1 window
127I2 R(38) 25-0,,frequency,18302.967111,0.000613,,,kitt_peak_1993,depth 1.00; 2 windows
127I2 R(39) 25-0,,frequency,18301.985759,0.000896,,,kitt_peak_1993,depth 1.00; 1 window
127I2 R(41) 25-0,,frequency,18299.943441,0.000864,,,kitt_peak_1993,depth 1.00; 1 window
127I2 R(42) 25-0,,frequency,18298.882334,0.000998,,,kitt_peak_1993,depth 1.00; 1 window
127I2 R(43) 25-0,,frequency,18297.795542,0.000557,,,kitt_peak_1993,depth 1.00; 2 windows
127I2 R(46) 25-0,,frequency,18294.374516,0.000831,,,kitt_peak_1993,depth 1.00; 1 window
127I2 R(48) 25-0,,frequency,18291.961049,0.000911,,,kitt_peak_1993,depth 1.00; 1 window
127I2 R(49) 25-0,,frequency,18290.712996,0.000578,,,kitt_peak_1993,depth 1.00; 2 windows
127I2 R(50) 25-0,,frequency,18289.441585,0.000808,,,kitt_peak_1993,depth 1.00; 1 window
127I2 R(51) 25-0,,frequency,18288.139601,0.000593,,,kitt_peak_1993,depth 1.00; 2 windows
127I2 R(52) 25-0,,frequency,18286.812697,0.000881,,,kitt_peak_1993,depth 1.00; 1 window
127I2 R(53) 25-0,,frequency,18285.460336,0.000923,,,kitt_peak_1993,depth 1.00; 1 window
127I2 R(54) 25-0,,frequency,18284.079324,0.000729,,,kitt_peak_1993,depth 1.00; 1 window
127I2 R(55) 25-0,,frequency,18282.674273,0.000811,,,kitt_peak_1993,depth 1.00; 1 window
127I2 R(56) 25-0,,frequency,18281.240826,0.000529,,,kitt_peak_1993,depth 1.00; 2 windows
127I2 R(57) 25-0,,frequency,18279.781731,0.000899,,,kitt_peak_1993,depth 1.00; 1 window
127I2 R(58) 25-0,,frequency,18278.294412,0.000967,,,kitt_peak_1993,depth 1.00; 1 window
127I2 R(59) 25-0,,frequency,18276.782108,0.000689,,,kitt_peak_1993,depth 1.00; 1 window
127I2 R(60) 25-0,,frequency,18275.241557,0.000887,,,kitt_peak_1993,depth 1.00; 1 window
127I2 R(61) 25-0,,frequency,18273.675459,0.000464,,,kitt_peak_1993,depth 1.00; 2 windows
127I2 R(62) 25-0,,frequency,18272.083202,0.000971,,,kitt_peak_1993,depth 1.00; 1 window
127I2 R(63) 25-0,,frequency,18270.462479,0.000654,,,kitt_peak_1993,depth 1.00; 1 window
127I2 R(64) 25-0,,frequency,18268.815734,0.000554,,,kitt_peak_1993,depth 1.00; 2 windows
127I2 R(65) 25-0,,frequency,18267.142358,0.000580,,,kitt_peak_1993,depth 1.00; 2 windows
127I2 R(66) 25-0,,frequency,18265.443116,0.000941,,,kitt_peak_1993,depth 1.00; 1 window
127I2 R(69) 25-0,,frequency,18260.180965,0.000666,,,kitt_peak_1993,depth 1.00; 1 window
127I2 R(70) 25-0,,frequency,18258.373787,0.000733,,,kitt_peak_1993,depth 1.00; 1 window
127I2 R(71) 25-0,,frequency,18256.539458,0.000622,,,kitt_peak_1993,depth 1.00; 1 window
127I2 R(74) 25-0,,frequency,18250.875107,0.000743,,,kitt_peak_1993,depth 1.00; 1 window
127I2 R(76) 25-0,,frequency,18246.964662,0.000909,,,kitt_peak_1993,depth 1.00; 1 window
127I2 R(77) 25-0,,frequency,18244.968648,0.000498,,,kitt_peak_1993,depth 1.00; 2 windows
127I2 R(83) 25-0,,frequency,18232.429031,0.000899,,,kitt_peak_1993,depth 1.00; 1 window
127I2 R(84) 25-0,,frequency,18230.243768,0.000926,,,kitt_peak_1993,depth 1.00; 1 window
127I2 R(87) 25-0,,frequency,18223.527035,0.000588,,,kitt_peak_1993,depth 1.00; 2 windows
127I2 R(88) 25-0,,frequency,18221.234706,0.000706,,,kitt_peak_1993,depth 1.00; 2 windows
127I2 R(89) 25-0,,frequency,18218.914723,0.000607,,,kitt_peak_1993,depth 1.00; 2 windows
127I2 R(92) 25-0,,frequency,18211.788438,0.001008,,,kitt_peak_1993,depth 1.00; 1 window
127I2 R(94) 25-0,,frequency,18206.905080,0.000705,,,kitt_peak_1993,depth 1.00; 2 windows
127I2 R(95) 25-0,,frequency,18204.421162,0.000621,,,kitt_peak_1993,depth 1.00; 2 windows
127I2 R(98) 25-0,,frequency,18196.808495,0.000653,,,kitt_peak_1993,depth 1.00; 2 windows
127I2 P(27) 25-1,,frequency,18096.147235,0.000920,,,kitt_peak_1993,depth 0.96; 1 window
127I2 P(44) 25-1,,frequency,18079.321838,0.001013,,,kitt_peak_1993,depth 0.95; 1 window
127I2 P(45) 25-1,,frequency,18078.093973,0.000804,,,kitt_peak_1993,depth 0.98; 1 window
127I2 P(47) 25-1,,frequency,18075.562112,0.000863,,,kitt_peak_1993,depth 0.99; 1 window
127I2 P(49) 25-1,,frequency,18072.928589,0.000951,,,kitt_peak_1993,depth 0.99; 1 window
127I2 P(51) 25-1,,frequency,18070.185337,0.000947,,,kitt_peak_1993,depth 0.98; 1 window
127I2 P(53) 25-1,,frequency,18067.337661,0.001003,,,kitt_peak_1993,depth 0.99; 1 window
127I2 P(61) 25-1,,frequency,18054.895000,0.000936,,,kitt_peak_1993,depth 0.99; 1 window
127I2 P(65) 25-1,,frequency,18048.037466,0.000698,,,kitt_peak_1993,depth 0.99; 2 windows
127I2 P(67) 25-1,,frequency,18044.451198,0.000964,,,kitt_peak_1993,depth 0.99; 1 window
127I2 P(70) 25-1,,frequency,18038.872310,0.000677,,,kitt_peak_1993,depth 0.96; 2 windows
127I2 P(72) 25-1,,frequency,18035.017788,0.000927,,,kitt_peak_1993,depth 0.96; 1 window
127I2 P(73) 25-1,,frequency,18033.051412,0.000898,,,kitt_peak_1993,depth 0.99; 1 window
127I2 P(76) 25-1,,frequency,18026.995974,0.000726,,,kitt_peak_1993,depth 0.95; 2 windows
127I2 P(85) 25-1,,frequency,18007.377190,0.000992,,,kitt_peak_1993,depth 0.97; 1 window
127I2 R(27) 25-1,,frequency,18098.801040,0.000978,,,kitt_peak_1993,depth 0.96; 1 window
127I2 R(41) 25-1,,frequency,18086.841337,0.000670,,,kitt_peak_1993,depth 0.98; 2 windows
127I2 R(44) 25-1,,frequency,18083.609195,0.000978,,,kitt_peak_1993,depth 0.95; 1 window
127I2 R(46) 25-1,,frequency,18081.321302,0.000975,,,kitt_peak_1993,depth 0.95; 1 window
127I2 R(47) 25-1,,frequency,18080.139084,0.000838,,,kitt_peak_1993,depth 0.99; 1 window
127I2 R(50) 25-1,,frequency,18076.432341,0.000929,,,kitt_peak_1993,depth 0.96; 1 window
127I2 R(53) 25-1,,frequency,18072.488342,0.000618,,,kitt_peak_1993,depth 0.99; 2 windows
127I2 R(74) 25-1,,frequency,18038.210282,0.000764,,,kitt_peak_1993,depth 0.96; 1 window
127I2 R(77) 25-1,,frequency,18032.357215,0.000768,,,kitt_peak_1993,depth 0.99; 1 window
127I2 R(78) 25-1,,frequency,18030.352245,0.000938,,,kitt_peak_1993,depth 0.95; 1 window
127I2 R(87) 25-1,,frequency,18011.104819,0.000946,,,kitt_peak_1993,depth 0.97; 1 window
127I2 R(89) 25-1,,frequency,18006.533278,0.000984,,,kitt_peak_1993,depth 0.97; 1 window
127I2 R(97) 25-1,,frequency,17987.164635,0.000920,,,kitt_peak_1993,depth 0.94; 1 window
127I2 P(100) 26-0,,frequency,18259.013740,0.001003,,,kitt_peak_1993,depth 0.99; 1 window
127I2 P(101) 26-0,,frequency,18256.222153,0.000834,,,kitt_peak_1993,depth 1.00; 1 window
127I2 P(102) 26-0,,frequency,18253.401736,0.000819,,,kitt_peak_1993,depth 0.99; 1 window
127I2 P(103) 26-0,,frequency,18250.552081,0.000987,,,kitt_peak_1993,depth 1.00; 1 window
127I2 P(104) 26-0,,frequency,18247.675067,0.000657,,,kitt_peak_1993,depth 0.99; 2 windows
127I2 P(105) 26-0,,frequency,18244.772967,0.000808,,,kitt_peak_1993,depth 1.00; 1 window
127I2 P(109) 26-0,,frequency,18232.875490,0.000979,,,kitt_peak_1993,depth 1.00; 1 window
127I2 P(111) 26-0,,frequency,18226.760554,0.001014,,,kitt_peak_1993,depth 1.00; 1 window
127I2 P(116) 26-0,,frequency,18210.973568,0.000925,,,kitt_peak_1993,depth 0.96; 1 window
127I2 P(119) 26-0,,frequency,18201.165428,0.000937,,,kitt_peak_1993,depth 0.99; 1 window
127I2 P(15) 26-0,,frequency,18396.218849,0.000701,,,kitt_peak_1993,depth 1.00; 2 windows
127I2 P(19) 26-0,,frequency,18394.147723,0.000655,,,kitt_peak_1993,depth 1.00; 2 windows
127I2 P(24) 26-0,,frequency,18390.954531,0.000931,,,kitt_peak_1993,depth 1.00; 1 window
127I2 P(25) 26-0,,frequency,18390.235224,0.000890,,,kitt_peak_1993,depth 1.00; 1 window
127I2 P(27) 26-0,,frequency,18388.715635,0.000811,,,kitt_peak_1993,depth 1.00; 1 window
127I2 P(28) 26-0,,frequency,18387.916249,0.000874,,,kitt_peak_1993,depth 1.00; 1 window
127I2 P(30) 26-0,,frequency,18386.234579,0.000892,,,kitt_peak_1993,depth 1.00; 1 window
127I2 P(31) 26-0,,frequency,18385.354366,0.000677,,,kitt_peak_1993,depth 1.00; 1 window
127I2 P(35) 26-0,,frequency,18381.562226,0.000779,,,kitt_peak_1993,depth 1.00; 1 window
127I2 P(36) 26-0,,frequency,18380.546313,0.000791,,,kitt_peak_1993,depth 1.00; 1 window
127I2 P(38) 26-0,,frequency,18378.434072,0.000789,,,kitt_peak_1993,depth 1.00; 1 window
127I2 P(39) 26-0,,frequency,18377.337710,0.000546,,,kitt_peak_1993,depth 1.00; 2 windows
127I2 P(41) 26-0,,frequency,18375.064910,0.000594,,,kitt_peak_1993,depth 1.00; 2 windows
127I2 P(42) 26-0,,frequency,18373.887159,0.000787,,,kitt_peak_1993,depth 1.00; 1 window
127I2 P(43) 26-0,,frequency,18372.681905,0.000541,,,kitt_peak_1993,depth 1.00; 2 windows
127I2 P(45) 26-0,,frequency,18370.192627,0.000645,,,kitt_peak_1993,depth 1.00; 2 windows
127I2 P(46) 26-0,,frequency,18368.907085,0.000856,,,kitt_peak_1993,depth 1.00; 1 window
127I2 P(47) 26-0,,frequency,18367.595098,0.000555,,,kitt_peak_1993,depth 1.00; 2 windows
127I2 P(48) 26-0,,frequency,18366.255150,0.000813,,,kitt_peak_1993,depth 1.00; 1 window
127I2 P(50) 26-0,,frequency,18363.493474,0.000716,,,kitt_peak_1993,depth 1.00; 1 window
127I2 P(51) 26-0,,frequency,18362.071582,0.000944,,,kitt_peak_1993,depth 1.00; 1 window
127I2 P(52) 26-0,,frequency,18360.625955,0.000546,,,kitt_peak_1993,depth 1.00; 2 windows
127I2 P(53) 26-0,,frequency,18359.151758,0.000746,,,kitt_peak_1993,depth 1.00; 1 window
127I2 P(54) 26-0,,frequency,18357.648187,0.000573,,,kitt_peak_1993,depth 1.00; 2 windows
127I2 P(55) 26-0,,frequency,18356.119239,0.000744,,,kitt_peak_1993,depth 1.00; 1 window
127I2 P(56) 26-0,,frequency,18354.563792,0.000870,,,kitt_peak_1993,depth 1.00; 1 window
127I2 P(57) 26-0,,frequency,18352.979237,0.000549,,,kitt_peak_1993,depth 1.00; 2 windows
127I2 P(59) 26-0,,frequency,18349.731985,0.000696,,,kitt_peak_1993,depth 1.00; 1 window
127I2 P(60) 26-0,,frequency,18348.065071,0.000579,,,kitt_peak_1993,depth 1.00; 2 windows
127I2 P(61) 26-0,,frequency,18346.374020,0.000618,,,kitt_peak_1993,depth 1.00; 1 window
127I2 P(62) 26-0,,frequency,18344.653983,0.000646,,,kitt_peak_1993,depth 1.00; 1 window
127I2 P(63) 26-0,,frequency,18342.908125,0.000613,,,kitt_peak_1993,depth 1.00; 1 window
127I2 P(64) 26-0,,frequency,18341.134532,0.000628,,,kitt_peak_1993,depth 1.00; 2 windows
127I2 P(65) 26-0,,frequency,18339.333420,0.000812,,,kitt_peak_1993,depth 1.00; 1 window
127I2 P(66) 26-0,,frequency,18337.505295,0.000837,,,kitt_peak_1993,depth 1.00; 1 window
127I2 P(67) 26-0,,frequency,18335.648305,0.000735,,,kitt_peak_1993,depth 1.00; 1 window
127I2 P(68) 26-0,,frequency,18333.767617,0.000983,,,kitt_peak_1993,depth 1.00; 1 window
127I2 P(69) 26-0,,frequency,18331.856345,0.000548,,,kitt_peak_1993,depth 1.00; 2 windows
127I2 P(70) 26-0,,frequency,18329.919287,0.000876,,,kitt_peak_1993,depth 1.00; 1 window
127I2 P(71) 26-0,,frequency,18327.953708,0.000780,,,kitt_peak_1993,depth 1.00; 1 window
127I2 P(72) 26-0,,frequency,18325.961183,0.000705,,,kitt_peak_1993,depth 1.00; 1 window
127I2 P(73) 26-0,,frequency,18323.941583,0.000705,,,kitt_peak_1993,depth 1.00; 1 window
127I2 P(74) 26-0,,frequency,18321.895411,0.000625,,,kitt_peak_1993,depth 1.00; 2 windows
127I2 P(75) 26-0,,frequency,18319.821786,0.000792,,,kitt_peak_1993,depth 1.00; 1 window
127I2 P(79) 26-0,,frequency,18311.249340,0.000943,,,kitt_peak_1993,depth 1.00; 1 window
127I2 P(82) 26-0,,frequency,18304.532355,0.000831,,,kitt_peak_1993,depth 1.00; 1 window
127I2 P(83) 26-0,,frequency,18302.241190,0.001020,,,kitt_peak_1993,depth 1.00; 1 window
127I2 P(84) 26-0,,frequency,18299.916336,0.000842,,,kitt_peak_1993,depth 1.00; 1 window
127I2 P(86) 26-0,,frequency,18295.191946,0.000981,,,kitt_peak_1993,depth 1.00; 1 window
127I2 P(87) 26-0,,frequency,18292.787759,0.000932,,,kitt_peak_1993,depth 1.00; 1 window
127I2 P(88) 26-0,,frequency,18290.355683,0.000863,,,kitt_peak_1993,depth 1.00; 1 window
127I2 P(89) 26-0,,frequency,18287.895482,0.000915,,,kitt_peak_1993,depth 1.00; 1 window
127I2 P(90) 26-0,,frequency,18285.407929,0.000831,,,kitt_peak_1993,depth 1.00; 1 window
127I2 P(91) 26-0,,frequency,18282.894268,0.000691,,,kitt_peak_1993,depth 1.00; 1 window
127I2 P(92) 26-0,,frequency,18280.350655,0.000835,,,kitt_peak_1993,depth 1.00; 1 window
127I2 P(93) 26-0,,frequency,18277.782049,0.000658,,,kitt_peak_1993,depth 1.00; 1 window
127I2 P(94) 26-0,,frequency,18275.182520,0.000978,,,kitt_peak_1993,depth 1.00; 1 window
127I2 P(97) 26-0,,frequency,18267.225654,0.000913,,,kitt_peak_1993,depth 1.00; 1 window
127I2 P(98) 26-0,,frequency,18264.515754,0.000631,,,kitt_peak_1993,depth 1.00; 2 windows
127I2 P(99) 26-0,,frequency,18261.778211,0.001007,,,kitt_peak_1993,depth 1.00; 1 window
127I2 R(101) 26-0,,frequency,18265.812890,0.000933,,,kitt_peak_1993,depth 1.00; 1 window
127I2 R(103) 26-0,,frequency,18260.324879,0.000930,,,kitt_peak_1993,depth 1.00; 1 window
127I2 R(107) 26-0,,frequency,18249.024805,0.000834,,,kitt_peak_1993,depth 1.00; 1 window
127I2 R(109) 26-0,,frequency,18243.201057,0.000741,,,kitt_peak_1993,depth 0.99; 1 window
127I2 R(110) 26-0,,frequency,18240.248642,0.000631,,,kitt_peak_1993,depth 0.98; 2 windows
127I2 R(117) 26-0,,frequency,18218.789291,0.000661,,,kitt_peak_1993,depth 0.99; 2 windows
127I2 R(121) 26-0,,frequency,18205.902576,0.001007,,,kitt_peak_1993,depth 0.98; 1 window
127I2 R(13) 26-0,,frequency,18398.382279,0.000928,,,kitt_peak_1993,depth 1.00; 1 window
127I2 R(24) 26-0,,frequency,18393.294716,0.000950,,,kitt_peak_1993,depth 1.00; 1 window
127I2 R(27) 26-0,,frequency,18391.341863,0.000614,,,kitt_peak_1993,depth 1.00; 2 windows
127I2 R(30) 26-0,,frequency,18389.146157,0.000666,,,kitt_peak_1993,depth 1.00; 2 windows
127I2 R(33) 26-0,,frequency,18386.709066,0.000643,,,kitt_peak_1993,depth 1.00; 2 windows
127I2 R(35) 26-0,,frequency,18384.949919,0.000828,,,kitt_peak_1993,depth 1.00; 1 window
127I2 R(36) 26-0,,frequency,18384.029044,0.000610,,,kitt_peak_1993,depth 1.00; 2 windows
127I2 R(37) 26-0,,frequency,18383.081276,0.000697,,,kitt_peak_1993,depth 1.00; 1 window
127I2 R(38) 26-0,,frequency,18382.106888,0.000558,,,kitt_peak_1993,depth 1.00; 2 windows
127I2 R(39) 26-0,,frequency,18381.105400,0.000883,,,kitt_peak_1993,depth 1.00; 1 window
127I2 R(40) 26-0,,frequency,18380.078761,0.000748,,,kitt_peak_1993,depth 1.00; 1 window
127I2 R(41) 26-0,,frequency,18379.022979,0.000931,,,kitt_peak_1993,depth 1.00; 1 window
127I2 R(42) 26-0,,frequency,18377.939912,0.000781,,,kitt_peak_1993,depth 1.00; 1 window
127I2 R(43) 26-0,,frequency,18376.831671,0.000553,,,kitt_peak_1993,depth 1.00; 2 windows
127I2 R(45) 26-0,,frequency,18374.531324,0.000553,,,kitt_peak_1993,depth 1.00; 2 windows
127I2 R(47) 26-0,,frequency,18372.123724,0.000586,,,kitt_peak_1993,depth 1.00; 2 windows
127I2 R(48) 26-0,,frequency,18370.879629,0.000880,,,kitt_peak_1993,depth 1.00; 1 window
127I2 R(49) 26-0,,frequency,18369.606407,0.000522,,,kitt_peak_1993,depth 1.00; 2 windows
127I2 R(51) 26-0,,frequency,18366.982207,0.000771,,,kitt_peak_1993,depth 1.00; 1 window
127I2 R(52) 26-0,,frequency,18365.627906,0.000670,,,kitt_peak_1993,depth 1.00; 1 window
127I2 R(54) 26-0,,frequency,18362.840115,0.000504,,,kitt_peak_1993,depth 1.00; 2 windows
127I2 R(55) 26-0,,frequency,18361.406448,0.000823,,,kitt_peak_1993,depth 1.00; 1 window
127I2 R(56) 26-0,,frequency,18359.943903,0.000704,,,kitt_peak_1993,depth 1.00; 1 window
127I2 R(57) 26-0,,frequency,18358.454869,0.000652,,,kitt_peak_1993,depth 1.00; 1 window
127I2 R(58) 26-0,,frequency,18356.937991,0.000811,,,kitt_peak_1993,depth 1.00; 1 window
127I2 R(59) 26-0,,frequency,18355.395640,0.000472,,,kitt_peak_1993,depth 1.00; 2 windows
127I2 R(60) 26-0,,frequency,18353.825355,0.000815,,,kitt_peak_1993,depth 1.00; 1 window
127I2 R(61) 26-0,,frequency,18352.227109,0.000592,,,kitt_peak_1993,depth 1.00; 1 window
127I2 R(62) 26-0,,frequency,18350.601468,0.000495,,,kitt_peak_1993,depth 1.00; 2 windows
127I2 R(63) 26-0,,frequency,18348.949601,0.000631,,,kitt_peak_1993,depth 1.00; 1 window
127I2 R(64) 26-0,,frequency,18347.269836,0.000778,,,kitt_peak_1993,depth 1.00; 1 window
127I2 R(65) 26-0,,frequency,18345.563893,0.000775,,,kitt_peak_1993,depth 1.00; 1 window
127I2 R(67) 26-0,,frequency,18342.067583,0.000690,,,kitt_peak_1993,depth 1.00; 1 window
127I2 R(68) 26-0,,frequency,18340.279277,0.000726,,,kitt_peak_1993,depth 1.00; 1 window
127I2 R(69) 26-0,,frequency,18338.462652,0.000619,,,kitt_peak_1993,depth 1.00; 2 windows
127I2 R(70) 26-0,,frequency,18336.619101,0.000549,,,kitt_peak_1993,depth 1.00; 2 windows
127I2 R(71) 26-0,,frequency,18334.748016,0.000715,,,kitt_peak_1993,depth 1.00; 1 window
127I2 R(72) 26-0,,frequency,18332.849789,0.000720,,,kitt_peak_1993,depth 1.00; 1 window
127I2 R(73) 26-0,,frequency,18330.925164,0.000893,,,kitt_peak_1993,depth 1.00; 1 window
127I2 R(74) 26-0,,frequency,18328.971608,0.000616,,,kitt_peak_1993,depth 1.00; 2 windows
127I2 R(75) 26-0,,frequency,18326.990975,0.000497,,,kitt_peak_1993,depth 1.00; 2 windows
127I2 R(76) 26-0,,frequency,18324.982260,0.000827,,,kitt_peak_1993,depth 1.00; 1 window
127I2 R(77) 26-0,,frequency,18322.948504,0.000734,,,kitt_peak_1993,depth 1.00; 1 window
127I2 R(78) 26-0,,frequency,18320.884415,0.000692,,,kitt_peak_1993,depth 1.00; 1 window
127I2 R(82) 26-0,,frequency,18312.358225,0.000704,,,kitt_peak_1993,depth 1.00; 2 windows
127I2 R(83) 26-0,,frequency,18310.156851,0.000721,,,kitt_peak_1993,depth 1.00; 2 windows
127I2 R(84) 26-0,,frequency,18307.928484,0.001017,,,kitt_peak_1993,depth 1.00; 1 window
127I2 R(86) 26-0,,frequency,18303.391141,0.000937,,,kitt_peak_1993,depth 1.00; 1 window
127I2 R(87) 26-0,,frequency,18301.078905,0.000864,,,kitt_peak_1993,depth 1.00; 1 window
127I2 R(88) 26-0,,frequency,18298.741061,0.001007,,,kitt_peak_1993,depth 1.00; 1 window
127I2 R(89) 26-0,,frequency,18296.374859,0.000890,,,kitt_peak_1993,depth 1.00; 1 window
127I2 R(90) 26-0,,frequency,18293.979938,0.000866,,,kitt_peak_1993,depth 1.00; 1 window
127I2 R(91) 26-0,,frequency,18291.558794,0.000814,,,kitt_peak_1993,depth 1.00; 1 window
127I2 R(92) 26-0,,frequency,18289.108826,0.000992,,,kitt_peak_1993,depth 1.00; 1 window
127I2 R(93) 26-0,,frequency,18286.631684,0.000759,,,kitt_peak_1993,depth 1.00; 1 window
127I2 R(94) 26-0,,frequency,18284.124926,0.000759,,,kitt_peak_1993,depth 1.00; 1 window
127I2 R(97) 26-0,,frequency,18276.443778,0.000488,,,kitt_peak_1993,depth 1.00; 2 windows
127I2 R(98) 26-0,,frequency,18273.827563,0.000668,,,kitt_peak_1993,depth 1.00; 2 windows
127I2 P(35) 26-1,,frequency,18168.406928,0.000695,,,kitt_peak_1993,depth 0.96; 2 windows
127I2 P(39) 26-1,,frequency,18164.218052,0.000980,,,kitt_peak_1993,depth 0.96; 1 window
127I2 P(43) 26-1,,frequency,18159.599337,0.000855,,,kitt_peak_1993,depth 0.97; 1 window
127I2 P(73) 26-1,,frequency,18111.260919,0.001009,,,kitt_peak_1993,depth 0.97; 1 window
127I2 P(79) 26-1,,frequency,18098.674526,0.000961,,,kitt_peak_1993,depth 0.96; 1 window
127I2 P(91) 26-1,,frequency,18070.554808,0.000972,,,kitt_peak_1993,depth 0.90; 1 window
127I2 R(49) 26-1,,frequency,18156.587605,0.000962,,,kitt_peak_1993,depth 0.97; 1 window
127I2 R(57) 26-1,,frequency,18145.533746,0.000994,,,kitt_peak_1993,depth 0.98; 1 window
127I2 R(63) 26-1,,frequency,18136.112743,0.000954,,,kitt_peak_1993,depth 0.98; 1 window
127I2 R(91) 26-1,,frequency,18079.217963,0.000958,,,kitt_peak_1993,depth 0.93; 1 window
127I2 P(101) 27-0,,frequency,18331.080653,0.000864,,,kitt_peak_1993,depth 1.00; 1 window
127I2 P(102) 27-0,,frequency,18328.207296,0.000838,,,kitt_peak_1993,depth 0.99; 1 window
127I2 P(103) 27-0,,frequency,18325.304703,0.000689,,,kitt_peak_1993,depth 1.00; 1 window
127I2 P(104) 27-0,,frequency,18322.373732,0.000893,,,kitt_peak_1993,depth 0.99; 1 window
127I2 P(109) 27-0,,frequency,18307.291046,0.000650,,,kitt_peak_1993,depth 1.00; 2 windows
127I2 P(113) 27-0,,frequency,18294.709390,0.000966,,,kitt_peak_1993,depth 0.99; 1 window
127I2 P(119) 27-0,,frequency,18274.969755,0.000856,,,kitt_peak_1993,depth 0.99; 1 window
127I2 P(125) 27-0,,frequency,18254.190705,0.000852,,,kitt_peak_1993,depth 0.97; 1 window
127I2 P(129) 27-0,,frequency,18239.755418,0.000924,,,kitt_peak_1993,depth 0.94; 1 window
127I2 P(15) 27-0,,frequency,18473.647203,0.000957,,,kitt_peak_1993,depth 1.00; 1 window
127I2 P(21) 27-0,,frequency,18470.326628,0.000862,,,kitt_peak_1993,depth 1.00; 1 window
127I2 P(23) 27-0,,frequency,18469.000258,0.000983,,,kitt_peak_1993,depth 1.00; 1 window
127I2 P(24) 27-0,,frequency,18468.296463,0.000625,,,kitt_peak_1993,depth 1.00; 2 windows
127I2 P(25) 27-0,,frequency,18467.566587,0.000904,,,kitt_peak_1993,depth 1.00; 1 window
127I2 P(27) 27-0,,frequency,18466.019601,0.000661,,,kitt_peak_1993,depth 1.00; 2 windows
127I2 P(30) 27-0,,frequency,18463.496198,0.000645,,,kitt_peak_1993,depth 1.00; 2 windows
127I2 P(33) 27-0,,frequency,18460.724883,0.000917,,,kitt_peak_1993,depth 1.00; 1 window
127I2 P(35) 27-0,,frequency,18458.742906,0.000931,,,kitt_peak_1993,depth 1.00; 1 window
127I2 P(37) 27-0,,frequency,18456.647034,0.000619,,,kitt_peak_1993,depth 1.00; 2 windows
127I2 P(38) 27-0,,frequency,18455.558671,0.000804,,,kitt_peak_1993,depth 1.00; 1 window
127I2 P(39) 27-0,,frequency,18454.442459,0.000788,,,kitt_peak_1993,depth 1.00; 1 window
127I2 P(40) 27-0,,frequency,18453.299007,0.000819,,,kitt_peak_1993,depth 1.00; 1 window
127I2 P(41) 27-0,,frequency,18452.128338,0.000760,,,kitt_peak_1993,depth 1.00; 1 window
127I2 P(42) 27-0,,frequency,18450.929666,0.000753,,,kitt_peak_1993,depth 1.00; 1 window
127I2 P(44) 27-0,,frequency,18448.450689,0.000873,,,kitt_peak_1993,depth 1.00; 1 window
127I2 P(45) 27-0,,frequency,18447.168499,0.000603,,,kitt_peak_1993,depth 1.00; 2 windows
127I2 P(46) 27-0,,frequency,18445.860831,0.000772,,,kitt_peak_1993,depth 1.00; 1 window
127I2 P(47) 27-0,,frequency,18444.524711,0.000540,,,kitt_peak_1993,depth 1.00; 2 windows
127I2 P(48) 27-0,,frequency,18443.160311,0.000772,,,kitt_peak_1993,depth 1.00; 1 window
127I2 P(50) 27-0,,frequency,18440.349369,0.000735,,,kitt_peak_1993,depth 1.00; 1 window
127I2 P(51) 27-0,,frequency,18438.904195,0.000641,,,kitt_peak_1993,depth 1.00; 1 window
127I2 P(53) 27-0,,frequency,18435.928537,0.000614,,,kitt_peak_1993,depth 1.00; 1 window
127I2 P(54) 27-0,,frequency,18434.399103,0.000605,,,kitt_peak_1993,depth 1.00; 2 windows
127I2 P(55) 27-0,,frequency,18432.841676,0.000792,,,kitt_peak_1993,depth 1.00; 1 window
127I2 P(56) 27-0,,frequency,18431.257808,0.000717,,,kitt_peak_1993,depth 1.00; 1 window
127I2 P(57) 27-0,,frequency,18429.645044,0.000527,,,kitt_peak_1993,depth 1.00; 2 windows
127I2 P(58) 27-0,,frequency,18428.005278,0.000674,,,kitt_peak_1993,depth 1.00; 1 window
127I2 P(59) 27-0,,frequency,18426.337431,0.000695,,,kitt_peak_1993,depth 1.00; 1 window
127I2 P(60) 27-0,,frequency,18424.642215,0.000761,,,kitt_peak_1993,depth 1.00; 1 window
127I2 P(61) 27-0,,frequency,18422.918198,0.000477,,,kitt_peak_1993,depth 1.00; 2 windows
127I2 P(62) 27-0,,frequency,18421.168096,0.000719,,,kitt_peak_1993,depth 1.00; 1 window
127I2 P(63) 27-0,,frequency,18419.389620,0.000945,,,kitt_peak_1993,depth 1.00; 1 window
127I2 P(64) 27-0,,frequency,18417.583012,0.000688,,,kitt_peak_1993,depth 1.00; 2 windows
127I2 P(65) 27-0,,frequency,18415.748584,0.000479,,,kitt_peak_1993,depth 1.00; 2 windows
127I2 P(66) 27-0,,frequency,18413.885688,0.000861,,,kitt_peak_1993,depth 1.00; 1 window
127I2 P(67) 27-0,,frequency,18411.997406,0.000876,,,kitt_peak_1993,depth 1.00; 1 window
127I2 P(68) 27-0,,frequency,18410.079336,0.000930,,,kitt_peak_1993,depth 1.00; 1 window
127I2 P(69) 27-0,,frequency,18408.133743,0.000637,,,kitt_peak_1993,depth 1.00; 2 windows
127I2 P(70) 27-0,,frequency,18406.161638,0.000571,,,kitt_peak_1993,depth 1.00; 2 windows
127I2 P(71) 27-0,,frequency,18404.158957,0.000629,,,kitt_peak_1993,depth 1.00; 1 window
127I2 P(72) 27-0,,frequency,18402.131172,0.000807,,,kitt_peak_1993,depth 1.00; 1 window
127I2 P(75) 27-0,,frequency,18395.875922,0.000860,,,kitt_peak_1993,depth 1.00; 1 window
127I2 P(81) 27-0,,frequency,18382.611779,0.000859,,,kitt_peak_1993,depth 1.00; 1 window
127I2 P(82) 27-0,,frequency,18380.301791,0.000944,,,kitt_peak_1993,depth 1.00; 1 window
127I2 P(83) 27-0,,frequency,18377.965556,0.000984,,,kitt_peak_1993,depth 1.00; 1 window
127I2 P(84) 27-0,,frequency,18375.601861,0.000907,,,kitt_peak_1993,depth 1.00; 1 window
127I2 P(87) 27-0,,frequency,18368.336721,0.000703,,,kitt_peak_1993,depth 1.00; 1 window
127I2 P(89) 27-0,,frequency,18363.354532,0.000715,,,kitt_peak_1993,depth 1.00; 1 window
127I2 P(91) 27-0,,frequency,18358.259267,0.000520,,,kitt_peak_1993,depth 1.00; 2 windows
127I2 P(93) 27-0,,frequency,18353.050087,0.000568,,,kitt_peak_1993,depth 1.00; 2 windows
127I2 P(94) 27-0,,frequency,18350.403703,0.000665,,,kitt_peak_1993,depth 1.00; 2 windows
127I2 P(96) 27-0,,frequency,18345.023721,0.000794,,,kitt_peak_1993,depth 1.00; 1 window
127I2 P(97) 27-0,,frequency,18342.292258,0.000710,,,kitt_peak_1993,depth 1.00; 1 window
127I2 P(98) 27-0,,frequency,18339.533091,0.000966,,,kitt_peak_1993,depth 1.00; 1 window
127I2 P(99) 27-0,,frequency,18336.742446,0.000661,,,kitt_peak_1993,depth 1.00; 2 windows
127I2 R(100) 27-0,,frequency,18343.317503,0.000587,,,kitt_peak_1993,depth 0.99; 2 windows
127I2 R(101) 27-0,,frequency,18340.563464,0.000913,,,kitt_peak_1993,depth 1.00; 1 window
127I2 R(103) 27-0,,frequency,18334.969351,0.000777,,,kitt_peak_1993,depth 1.00; 1 window
127I2 R(104) 27-0,,frequency,18332.127932,0.000799,,,kitt_peak_1993,depth 0.99; 1 window
127I2 R(107) 27-0,,frequency,18323.436601,0.000758,,,kitt_peak_1993,depth 1.00; 1 window
127I2 R(111) 27-0,,frequency,18311.445913,0.000988,,,kitt_peak_1993,depth 1.00; 1 window
127I2 R(119) 27-0,,frequency,18286.079721,0.000609,,,kitt_peak_1993,depth 0.99; 2 windows
127I2 R(124) 27-0,,frequency,18269.283969,0.001015,,,kitt_peak_1993,depth 0.92; 1 window
127I2 R(125) 27-0,,frequency,18265.833813,0.000893,,,kitt_peak_1993,depth 0.97; 1 window
127I2 R(129) 27-0,,frequency,18251.757543,0.000973,,,kitt_peak_1993,depth 0.95; 1 window
127I2 R(22) 27-0,,frequency,18471.804644,0.001021,,,kitt_peak_1993,depth 1.00; 1 window
127I2 R(23) 27-0,,frequency,18471.220569,0.000826,,,kitt_peak_1993,depth 1.00; 1 window
127I2 R(25) 27-0,,frequency,18469.973373,0.000779,,,kitt_peak_1993,depth 1.00; 1 window
127I2 R(29) 27-0,,frequency,18467.150415,0.000892,,,kitt_peak_1993,depth 1.00; 1 window
127I2 R(31) 27-0,,frequency,18465.575278,0.000948,,,kitt_peak_1993,depth 1.00; 1 window
127I2 R(34) 27-0,,frequency,18463.004434,0.000913,,,kitt_peak_1993,depth 1.00; 1 window
127I2 R(35) 27-0,,frequency,18462.092768,0.000794,,,kitt_peak_1993,depth 1.00; 1 window
127I2 R(36) 27-0,,frequency,18461.152584,0.000692,,,kitt_peak_1993,depth 1.00; 2 windows
127I2 R(37) 27-0,,frequency,18460.186198,0.000895,,,kitt_peak_1993,depth 1.00; 1 window
127I2 R(39) 27-0,,frequency,18458.170224,0.001002,,,kitt_peak_1993,depth 1.00; 1 window
127I2 R(44) 27-0,,frequency,18452.648425,0.000747,,,kitt_peak_1993,depth 1.00; 1 window
127I2 R(45) 27-0,,frequency,18451.461942,0.000621,,,kitt_peak_1993,depth 1.00; 2 windows
127I2 R(46) 27-0,,frequency,18450.246729,0.000815,,,kitt_peak_1993,depth 1.00; 1 window
127I2 R(47) 27-0,,frequency,18449.004234,0.000520,,,kitt_peak_1993,depth 1.00; 2 windows
127I2 R(48) 27-0,,frequency,18447.733171,0.000964,,,kitt_peak_1993,depth 1.00; 1 window
127I2 R(49) 27-0,,frequency,18446.433869,0.000716,,,kitt_peak_1993,depth 1.00; 2 windows
127I2 R(50) 27-0,,frequency,18445.111898,0.000723,,,kitt_peak_1993,depth 1.00; 1 window
127I2 R(51) 27-0,,frequency,18443.758540,0.000706,,,kitt_peak_1993,depth 1.00; 1 window
127I2 R(52) 27-0,,frequency,18442.378628,0.000835,,,kitt_peak_1993,depth 1.00; 1 window
127I2 R(53) 27-0,,frequency,18440.969705,0.000608,,,kitt_peak_1993,depth 1.00; 1 window
127I2 R(55) 27-0,,frequency,18438.071047,0.000722,,,kitt_peak_1993,depth 1.00; 1 window
127I2 R(56) 27-0,,frequency,18436.578296,0.000702,,,kitt_peak_1993,depth 1.00; 1 window
127I2 R(57) 27-0,,frequency,18435.060382,0.000523,,,kitt_peak_1993,depth 1.00; 2 windows
127I2 R(58) 27-0,,frequency,18433.513882,0.000759,,,kitt_peak_1993,depth 1.00; 1 window
127I2 R(59) 27-0,,frequency,18431.938914,0.000733,,,kitt_peak_1993,depth 1.00; 1 window
127I2 R(61) 27-0,,frequency,18428.708552,0.000634,,,kitt_peak_1993,depth 1.00; 1 window
127I2 R(62) 27-0,,frequency,18427.052159,0.000799,,,kitt_peak_1993,depth 1.00; 1 window
127I2 R(63) 27-0,,frequency,18425.364873,0.000484,,,kitt_peak_1993,depth 1.00; 2 windows
127I2 R(64) 27-0,,frequency,18423.650537,0.000777,,,kitt_peak_1993,depth 1.00; 1 window
127I2 R(65) 27-0,,frequency,18421.911248,0.000630,,,kitt_peak_1993,depth 1.00; 1 window
127I2 R(66) 27-0,,frequency,18420.142712,0.000649,,,kitt_peak_1993,depth 1.00; 2 windows
127I2 R(67) 27-0,,frequency,18418.344614,0.000499,,,kitt_peak_1993,depth 1.00; 2 windows
127I2 R(68) 27-0,,frequency,18416.520001,0.000789,,,kitt_peak_1993,depth 1.00; 1 window
127I2 R(69) 27-0,,frequency,18414.667537,0.000682,,,kitt_peak_1993,depth 1.00; 1 window
127I2 R(71) 27-0,,frequency,18410.879494,0.000543,,,kitt_peak_1993,depth 1.00; 2 windows
127I2 R(72) 27-0,,frequency,18408.943949,0.000781,,,kitt_peak_1993,depth 1.00; 1 window
127I2 R(73) 27-0,,frequency,18406.979324,0.000701,,,kitt_peak_1993,depth 1.00; 1 window
127I2 R(74) 27-0,,frequency,18404.987181,0.000857,,,kitt_peak_1993,depth 1.00; 1 window
127I2 R(75) 27-0,,frequency,18402.966149,0.000795,,,kitt_peak_1993,depth 1.00; 1 window
127I2 R(76) 27-0,,frequency,18400.918690,0.000864,,,kitt_peak_1993,depth 1.00; 1 window
127I2 R(81) 27-0,,frequency,18390.258253,0.000975,,,kitt_peak_1993,depth 1.00; 1 window
127I2 R(85) 27-0,,frequency,18381.224136,0.000977,,,kitt_peak_1993,depth 1.00; 1 window
127I2 R(86) 27-0,,frequency,18378.894978,0.000803,,,kitt_peak_1993,depth 1.00; 1 window
127I2 R(87) 27-0,,frequency,18376.537123,0.000886,,,kitt_peak_1993,depth 1.00; 1 window
127I2 R(89) 27-0,,frequency,18371.739910,0.000888,,,kitt_peak_1993,depth 1.00; 1 window
127I2 R(90) 27-0,,frequency,18369.296517,0.000823,,,kitt_peak_1993,depth 1.00; 1 window
127I2 R(91) 27-0,,frequency,18366.827797,0.000946,,,kitt_peak_1993,depth 1.00; 1 window
127I2 R(92) 27-0,,frequency,18364.328622,0.000925,,,kitt_peak_1993,depth 1.00; 1 window
127I2 R(93) 27-0,,frequency,18361.800952,0.000805,,,kitt_peak_1993,depth 1.00; 1 window
127I2 R(94) 27-0,,frequency,18359.246782,0.000841,,,kitt_peak_1993,depth 1.00; 1 window
127I2 R(95) 27-0,,frequency,18356.662479,0.000904,,,kitt_peak_1993,depth 1.00; 1 window
127I2 R(96) 27-0,,frequency,18354.049855,0.000758,,,kitt_peak_1993,depth 1.00; 1 window
127I2 R(98) 27-0,,frequency,18348.741401,0.000606,,,kitt_peak_1993,depth 1.00; 2 windows
127I2 R(99) 27-0,,frequency,18346.042868,0.000525,,,kitt_peak_1993,depth 1.00; 2 windows
127I2 P(39) 27-1,,frequency,18241.320968,0.000934,,,kitt_peak_1993,depth 0.91; 1 window
127I2 R(31) 27-1,,frequency,18252.387961,0.000911,,,kitt_peak_1993,depth 0.89; 1 window
127I2 P(100) 28-0,,frequency,18406.718414,0.000807,,,kitt_peak_1993,depth 0.99; 1 window
127I2 P(101) 28-0,,frequency,18403.819585,0.001007,,,kitt_peak_1993,depth 1.00; 1 window
127I2 P(102) 28-0,,frequency,18400.888826,0.000945,,,kitt_peak_1993,depth 0.99; 1 window
127I2 P(106) 28-0,,frequency,18388.882738,0.000717,,,kitt_peak_1993,depth 0.99; 2 windows
127I2 P(109) 28-0,,frequency,18379.572630,0.000983,,,kitt_peak_1993,depth 1.00; 1 window
127I2 P(113) 28-0,,frequency,18366.747506,0.000888,,,kitt_peak_1993,depth 1.00; 1 window
127I2 P(114) 28-0,,frequency,18363.467796,0.000917,,,kitt_peak_1993,depth 0.97; 1 window
127I2 P(115) 28-0,,frequency,18360.159046,0.000631,,,kitt_peak_1993,depth 0.99; 2 windows
127I2 P(117) 28-0,,frequency,18353.452437,0.000723,,,kitt_peak_1993,depth 0.99; 2 windows
127I2 P(118) 28-0,,frequency,18350.055095,0.000973,,,kitt_peak_1993,depth 0.96; 1 window
127I2 P(120) 28-0,,frequency,18343.169904,0.000920,,,kitt_peak_1993,depth 0.95; 1 window
127I2 P(122) 28-0,,frequency,18336.168527,0.001013,,,kitt_peak_1993,depth 0.93; 1 window
127I2 P(125) 28-0,,frequency,18325.441300,0.000923,,,kitt_peak_1993,depth 0.97; 1 window
127I2 P(15) 28-0,,frequency,18549.012382,0.001012,,,kitt_peak_1993,depth 1.00; 1 window
127I2 P(17) 28-0,,frequency,18547.999123,0.000904,,,kitt_peak_1993,depth 1.00; 1 window
127I2 P(21) 28-0,,frequency,18545.637764,0.000819,,,kitt_peak_1993,depth 1.00; 1 window
127I2 P(23) 28-0,,frequency,18544.288952,0.000908,,,kitt_peak_1993,depth 1.00; 1 window
127I2 P(25) 28-0,,frequency,18542.827911,0.000606,,,kitt_peak_1993,depth 1.00; 2 windows
127I2 P(27) 28-0,,frequency,18541.255421,0.000899,,,kitt_peak_1993,depth 1.00; 1 window
127I2 P(29) 28-0,,frequency,18539.573738,0.000932,,,kitt_peak_1993,depth 1.00; 1 window
127I2 P(31) 28-0,,frequency,18537.778332,0.000675,,,kitt_peak_1993,depth 1.00; 2 windows
127I2 P(33) 28-0,,frequency,18535.870477,0.000587,,,kitt_peak_1993,depth 1.00; 2 windows
127I2 P(35) 28-0,,frequency,18533.849530,0.000803,,,kitt_peak_1993,depth 1.00; 1 window
127I2 P(36) 28-0,,frequency,18532.799941,0.000633,,,kitt_peak_1993,depth 1.00; 2 windows
127I2 P(37) 28-0,,frequency,18531.719135,0.000739,,,kitt_peak_1993,depth 1.00; 1 window
127I2 P(39) 28-0,,frequency,18529.475636,0.000885,,,kitt_peak_1993,depth 1.00; 1 window
127I2 P(43) 28-0,,frequency,18524.652419,0.000808,,,kitt_peak_1993,depth 1.00; 1 window
127I2 P(44) 28-0,,frequency,18523.376696,0.000676,,,kitt_peak_1993,depth 1.00; 2 windows
127I2 P(45) 28-0,,frequency,18522.072086,0.000885,,,kitt_peak_1993,depth 1.00; 1 window
127I2 P(47) 28-0,,frequency,18519.379745,0.000629,,,kitt_peak_1993,depth 1.00; 1 window
127I2 P(49) 28-0,,frequency,18516.575169,0.000500,,,kitt_peak_1993,depth 1.00; 2 windows
127I2 P(50) 28-0,,frequency,18515.129536,0.000820,,,kitt_peak_1993,depth 1.00; 1 window
127I2 P(51) 28-0,,frequency,18513.659481,0.000530,,,kitt_peak_1993,depth 1.00; 2 windows
127I2 P(52) 28-0,,frequency,18512.156888,0.000686,,,kitt_peak_1993,depth 1.00; 1 window
127I2 P(54) 28-0,,frequency,18509.071586,0.000593,,,kitt_peak_1993,depth 1.00; 2 windows
127I2 P(55) 28-0,,frequency,18507.483943,0.000626,,,kitt_peak_1993,depth 1.00; 1 window
127I2 P(57) 28-0,,frequency,18504.228952,0.000614,,,kitt_peak_1993,depth 1.00; 2 windows
127I2 P(58) 28-0,,frequency,18502.561569,0.001014,,,kitt_peak_1993,depth 1.00; 1 window
127I2 P(59) 28-0,,frequency,18500.862168,0.000767,,,kitt_peak_1993,depth 1.00; 1 window
127I2 P(61) 28-0,,frequency,18497.379723,0.000483,,,kitt_peak_1993,depth 1.00; 2 windows
127I2 P(62) 28-0,,frequency,18495.596790,0.000760,,,kitt_peak_1993,depth 1.00; 1 window
127I2 P(63) 28-0,,frequency,18493.784988,0.000648,,,kitt_peak_1993,depth 1.00; 1 window
127I2 P(64) 28-0,,frequency,18491.945145,0.000684,,,kitt_peak_1993,depth 1.00; 1 window
127I2 P(65) 28-0,,frequency,18490.077457,0.000466,,,kitt_peak_1993,depth 1.00; 2 windows
127I2 P(66) 28-0,,frequency,18488.181163,0.000743,,,kitt_peak_1993,depth 1.00; 1 window
127I2 P(67) 28-0,,frequency,18486.256593,0.000632,,,kitt_peak_1993,depth 1.00; 1 window
127I2 P(68) 28-0,,frequency,18484.303498,0.000742,,,kitt_peak_1993,depth 1.00; 1 window
127I2 P(69) 28-0,,frequency,18482.320871,0.000793,,,kitt_peak_1993,depth 1.00; 1 window
127I2 P(71) 28-0,,frequency,18478.272105,0.000624,,,kitt_peak_1993,depth 1.00; 2 windows
127I2 P(75) 28-0,,frequency,18469.835660,0.000817,,,kitt_peak_1993,depth 1.00; 1 window
127I2 P(76) 28-0,,frequency,18467.656855,0.000948,,,kitt_peak_1993,depth 1.00; 1 window
127I2 P(77) 28-0,,frequency,18465.447701,0.000893,,,kitt_peak_1993,depth 1.00; 1 window
127I2 P(78) 28-0,,frequency,18463.208543,0.000634,,,kitt_peak_1993,depth 1.00; 2 windows
127I2 P(79) 28-0,,frequency,18460.942284,0.000659,,,kitt_peak_1993,depth 1.00; 2 windows
127I2 P(80) 28-0,,frequency,18458.646953,0.000709,,,kitt_peak_1993,depth 1.00; 2 windows
127I2 P(81) 28-0,,frequency,18456.323367,0.000621,,,kitt_peak_1993,depth 1.00; 2 windows
127I2 P(83) 28-0,,frequency,18451.589957,0.000578,,,kitt_peak_1993,depth 1.00; 2 windows
127I2 P(84) 28-0,,frequency,18449.181567,0.000597,,,kitt_peak_1993,depth 1.00; 2 windows
127I2 P(85) 28-0,,frequency,18446.742559,0.000564,,,kitt_peak_1993,depth 1.00; 2 windows
127I2 P(86) 28-0,,frequency,18444.276674,0.001019,,,kitt_peak_1993,depth 1.00; 1 window
127I2 P(88) 28-0,,frequency,18439.258063,0.000543,,,kitt_peak_1993,depth 1.00; 2 windows
127I2 P(89) 28-0,,frequency,18436.704045,0.000685,,,kitt_peak_1993,depth 1.00; 1 window
127I2 P(91) 28-0,,frequency,18431.512369,0.000665,,,kitt_peak_1993,depth 1.00; 1 window
127I2 P(92) 28-0,,frequency,18428.871410,0.000790,,,kitt_peak_1993,depth 1.00; 1 window
127I2 P(95) 28-0,,frequency,18420.781176,0.000731,,,kitt_peak_1993,depth 1.00; 1 window
127I2 P(96) 28-0,,frequency,18418.027869,0.000651,,,kitt_peak_1993,depth 1.00; 2 windows
127I2 P(97) 28-0,,frequency,18415.242850,0.000530,,,kitt_peak_1993,depth 1.00; 2 windows
127I2 P(98) 28-0,,frequency,18412.429809,0.000848,,,kitt_peak_1993,depth 1.00; 1 window
127I2 R(101) 28-0,,frequency,18413.190456,0.000590,,,kitt_peak_1993,depth 1.00; 2 windows
127I2 R(103) 28-0,,frequency,18407.482686,0.000805,,,kitt_peak_1993,depth 1.00; 1 window
127I2 R(104) 28-0,,frequency,18404.585365,0.000854,,,kitt_peak_1993,depth 0.99; 1 window
127I2 R(105) 28-0,,frequency,18401.658678,0.000810,,,kitt_peak_1993,depth 1.00; 1 window
127I2 R(109) 28-0,,frequency,18389.659670,0.000953,,,kitt_peak_1993,depth 1.00; 1 window
127I2 R(110) 28-0,,frequency,18386.587454,0.000890,,,kitt_peak_1993,depth 0.99; 1 window
127I2 R(114) 28-0,,frequency,18374.001568,0.001003,,,kitt_peak_1993,depth 0.97; 1 window
127I2 R(119) 28-0,,frequency,18357.603857,0.000901,,,kitt_peak_1993,depth 0.99; 1 window
127I2 R(120) 28-0,,frequency,18354.235989,0.000930,,,kitt_peak_1993,depth 0.95; 1 window
127I2 R(121) 28-0,,frequency,18350.838256,0.000591,,,kitt_peak_1993,depth 0.99; 2 windows
127I2 R(16) 28-0,,frequency,18550.061970,0.000970,,,kitt_peak_1993,depth 0.99; 1 window
127I2 R(17) 28-0,,frequency,18549.635671,0.000674,,,kitt_peak_1993,depth 1.00; 2 windows
127I2 R(18) 28-0,,frequency,18549.180191,0.001009,,,kitt_peak_1993,depth 1.00; 1 window
127I2 R(19) 28-0,,frequency,18548.697953,0.000942,,,kitt_peak_1993,depth 1.00; 1 window
127I2 R(21) 28-0,,frequency,18547.647385,0.000695,,,kitt_peak_1993,depth 1.00; 2 windows
127I2 R(25) 28-0,,frequency,18545.211502,0.000691,,,kitt_peak_1993,depth 1.00; 2 windows
127I2 R(26) 28-0,,frequency,18544.533780,0.000966,,,kitt_peak_1993,depth 1.00; 1 window
127I2 R(27) 28-0,,frequency,18543.825465,0.000894,,,kitt_peak_1993,depth 1.00; 1 window
127I2 R(29) 28-0,,frequency,18542.328391,0.000757,,,kitt_peak_1993,depth 1.00; 1 window
127I2 R(30) 28-0,,frequency,18541.537705,0.000997,,,kitt_peak_1993,depth 1.00; 1 window
127I2 R(33) 28-0,,frequency,18538.998501,0.000750,,,kitt_peak_1993,depth 1.00; 1 window
127I2 R(34) 28-0,,frequency,18538.094933,0.000614,,,kitt_peak_1993,depth 1.00; 2 windows
127I2 R(36) 28-0,,frequency,18536.206911,0.000969,,,kitt_peak_1993,depth 1.00; 1 window
127I2 R(38) 28-0,,frequency,18534.205451,0.000999,,,kitt_peak_1993,depth 1.00; 1 window
127I2 R(39) 28-0,,frequency,18533.163006,0.000681,,,kitt_peak_1993,depth 1.00; 2 windows
127I2 R(40) 28-0,,frequency,18532.091779,0.000784,,,kitt_peak_1993,depth 1.00; 1 window
127I2 R(41) 28-0,,frequency,18530.993315,0.000516,,,kitt_peak_1993,depth 1.00; 2 windows
127I2 R(42) 28-0,,frequency,18529.865324,0.000878,,,kitt_peak_1993,depth 1.00; 1 window
127I2 R(45) 28-0,,frequency,18526.316260,0.000593,,,kitt_peak_1993,depth 1.00; 2 windows
127I2 R(46) 28-0,,frequency,18525.076862,0.000962,,,kitt_peak_1993,depth 1.00; 1 window
127I2 R(47) 28-0,,frequency,18523.808637,0.000621,,,kitt_peak_1993,depth 1.00; 2 windows
127I2 R(49) 28-0,,frequency,18521.190803,0.000690,,,kitt_peak_1993,depth 1.00; 2 windows
127I2 R(52) 28-0,,frequency,18517.050320,0.000898,,,kitt_peak_1993,depth 1.00; 1 window
127I2 R(53) 28-0,,frequency,18515.612759,0.000839,,,kitt_peak_1993,depth 1.00; 1 window
127I2 R(54) 28-0,,frequency,18514.149492,0.000557,,,kitt_peak_1993,depth 1.00; 2 windows
127I2 R(55) 28-0,,frequency,18512.655080,0.000657,,,kitt_peak_1993,depth 1.00; 1 window
127I2 R(57) 28-0,,frequency,18509.584265,0.000602,,,kitt_peak_1993,depth 1.00; 1 window
127I2 R(59) 28-0,,frequency,18506.400455,0.000849,,,kitt_peak_1993,depth 1.00; 1 window
127I2 R(60) 28-0,,frequency,18504.766189,0.000548,,,kitt_peak_1993,depth 1.00; 2 windows
127I2 R(62) 28-0,,frequency,18501.413036,0.000767,,,kitt_peak_1993,depth 1.00; 1 window
127I2 R(63) 28-0,,frequency,18499.693726,0.000505,,,kitt_peak_1993,depth 1.00; 2 windows
127I2 R(64) 28-0,,frequency,18497.946142,0.000881,,,kitt_peak_1993,depth 1.00; 1 window
127I2 R(65) 28-0,,frequency,18496.170479,0.000760,,,kitt_peak_1993,depth 1.00; 1 window
127I2 R(67) 28-0,,frequency,18492.532384,0.000484,,,kitt_peak_1993,depth 1.00; 2 windows
127I2 R(68) 28-0,,frequency,18490.670465,0.000805,,,kitt_peak_1993,depth 1.00; 1 window
127I2 R(69) 28-0,,frequency,18488.783457,0.000778,,,kitt_peak_1993,depth 1.00; 1 window
127I2 R(70) 28-0,,frequency,18486.863651,0.000673,,,kitt_peak_1993,depth 1.00; 1 window
127I2 R(71) 28-0,,frequency,18484.917286,0.000453,,,kitt_peak_1993,depth 1.00; 2 windows
127I2 R(72) 28-0,,frequency,18482.943925,0.000546,,,kitt_peak_1993,depth 1.00; 2 windows
127I2 R(73) 28-0,,frequency,18480.938688,0.000620,,,kitt_peak_1993,depth 1.00; 1 window
127I2 R(74) 28-0,,frequency,18478.907054,0.000712,,,kitt_peak_1993,depth 1.00; 1 window
127I2 R(79) 28-0,,frequency,18468.318914,0.000628,,,kitt_peak_1993,depth 1.00; 2 windows
127I2 R(82) 28-0,,frequency,18461.621323,0.000989,,,kitt_peak_1993,depth 1.00; 1 window
127I2 R(83) 28-0,,frequency,18459.332509,0.000788,,,kitt_peak_1993,depth 1.00; 1 window
127I2 R(84) 28-0,,frequency,18457.013310,0.001001,,,kitt_peak_1993,depth 1.00; 1 window
127I2 R(86) 28-0,,frequency,18452.291459,0.000847,,,kitt_peak_1993,depth 1.00; 1 window
127I2 R(87) 28-0,,frequency,18449.888639,0.000973,,,kitt_peak_1993,depth 1.00; 1 window
127I2 R(88) 28-0,,frequency,18447.453000,0.000829,,,kitt_peak_1993,depth 1.00; 1 window
127I2 R(89) 28-0,,frequency,18444.991059,0.001006,,,kitt_peak_1993,depth 1.00; 1 window
127I2 R(90) 28-0,,frequency,18442.500596,0.000913,,,kitt_peak_1993,depth 1.00; 1 window
127I2 R(93) 28-0,,frequency,18434.855039,0.000570,,,kitt_peak_1993,depth 1.00; 2 windows
127I2 R(94) 28-0,,frequency,18432.247403,0.000582,,,kitt_peak_1993,depth 1.00; 2 windows
127I2 R(95) 28-0,,frequency,18429.611507,0.000518,,,kitt_peak_1993,depth 1.00; 2 windows
127I2 R(97) 28-0,,frequency,18424.254259,0.001002,,,kitt_peak_1993,depth 1.00; 1 window
127I2 R(99) 28-0,,frequency,18418.779485,0.000758,,,kitt_peak_1993,depth 1.00; 1 window
127I2 R(65) 28-1,,frequency,18283.362239,0.001014,,,kitt_peak_1993,depth 0.89; 1 window
127I2 P(103) 29-0,,frequency,18468.418432,0.000620,,,kitt_peak_1993,depth 1.00; 2 windows
127I2 P(105) 29-0,,frequency,18462.298681,0.000793,,,kitt_peak_1993,depth 1.00; 1 window
127I2 P(110) 29-0,,frequency,18446.479892,0.000719,,,kitt_peak_1993,depth 0.98; 2 windows
127I2 P(111) 29-0,,frequency,18443.227095,0.000811,,,kitt_peak_1993,depth 1.00; 1 window
127I2 P(112) 29-0,,frequency,18439.943890,0.000676,,,kitt_peak_1993,depth 0.98; 2 windows
127I2 P(113) 29-0,,frequency,18436.629684,0.000893,,,kitt_peak_1993,depth 0.99; 1 window
127I2 P(115) 29-0,,frequency,18429.914634,0.000544,,,kitt_peak_1993,depth 0.99; 2 windows
127I2 P(116) 29-0,,frequency,18426.510897,0.000782,,,kitt_peak_1993,depth 0.97; 1 window
127I2 P(117) 29-0,,frequency,18423.077972,0.000660,,,kitt_peak_1993,depth 0.99; 2 windows
127I2 P(119) 29-0,,frequency,18416.121041,0.000824,,,kitt_peak_1993,depth 0.99; 1 window
127I2 P(120) 29-0,,frequency,18412.596957,0.000982,,,kitt_peak_1993,depth 0.95; 1 window
127I2 P(20) 29-0,,frequency,18619.514246,0.000689,,,kitt_peak_1993,depth 1.00; 2 windows
127I2 P(23) 29-0,,frequency,18617.500925,0.000627,,,kitt_peak_1993,depth 1.00; 2 windows
127I2 P(24) 29-0,,frequency,18616.771516,0.000864,,,kitt_peak_1993,depth 1.00; 1 window
127I2 P(25) 29-0,,frequency,18616.017007,0.000912,,,kitt_peak_1993,depth 1.00; 1 window
127I2 P(27) 29-0,,frequency,18614.415407,0.000637,,,kitt_peak_1993,depth 1.00; 2 windows
127I2 P(29) 29-0,,frequency,18612.701926,0.000660,,,kitt_peak_1993,depth 1.00; 2 windows
127I2 P(32) 29-0,,frequency,18609.918363,0.000619,,,kitt_peak_1993,depth 1.00; 2 windows
127I2 P(33) 29-0,,frequency,18608.932598,0.000968,,,kitt_peak_1993,depth 1.00; 1 window
127I2 P(34) 29-0,,frequency,18607.920944,0.000649,,,kitt_peak_1993,depth 1.00; 2 windows
127I2 P(36) 29-0,,frequency,18605.809176,0.000932,,,kitt_peak_1993,depth 1.00; 1 window
127I2 P(37) 29-0,,frequency,18604.708702,0.000777,,,kitt_peak_1993,depth 1.00; 1 window
127I2 P(38) 29-0,,frequency,18603.582016,0.000771,,,kitt_peak_1993,depth 1.00; 1 window
127I2 P(40) 29-0,,frequency,18601.242267,0.000921,,,kitt_peak_1993,depth 1.00; 1 window
127I2 P(42) 29-0,,frequency,18598.785980,0.000721,,,kitt_peak_1993,depth 1.00; 1 window
127I2 P(43) 29-0,,frequency,18597.515419,0.000724,,,kitt_peak_1993,depth 1.00; 1 window
127I2 P(44) 29-0,,frequency,18596.217165,0.000747,,,kitt_peak_1993,depth 1.00; 1 window
127I2 P(45) 29-0,,frequency,18594.888406,0.000822,,,kitt_peak_1993,depth 1.00; 1 window
127I2 P(46) 29-0,,frequency,18593.532156,0.001019,,,kitt_peak_1993,depth 1.00; 1 window
127I2 P(47) 29-0,,frequency,18592.147859,0.000746,,,kitt_peak_1993,depth 1.00; 1 window
127I2 P(48) 29-0,,frequency,18590.734264,0.000731,,,kitt_peak_1993,depth 1.00; 2 windows
127I2 P(49) 29-0,,frequency,18589.292440,0.000699,,,kitt_peak_1993,depth 1.00; 1 window
127I2 P(50) 29-0,,frequency,18587.820011,0.000778,,,kitt_peak_1993,depth 1.00; 1 window
127I2 P(51) 29-0,,frequency,18586.321908,0.000524,,,kitt_peak_1993,depth 1.00; 2 windows
127I2 P(52) 29-0,,frequency,18584.794762,0.000879,,,kitt_peak_1993,depth 1.00; 1 window
127I2 P(53) 29-0,,frequency,18583.235732,0.000680,,,kitt_peak_1993,depth 1.00; 2 windows
127I2 P(54) 29-0,,frequency,18581.650785,0.000698,,,kitt_peak_1993,depth 1.00; 1 window
127I2 P(55) 29-0,,frequency,18580.036729,0.000803,,,kitt_peak_1993,depth 1.00; 1 window
127I2 P(56) 29-0,,frequency,18578.392908,0.000529,,,kitt_peak_1993,depth 1.00; 2 windows
127I2 P(58) 29-0,,frequency,18575.019143,0.000617,,,kitt_peak_1993,depth 1.00; 1 window
127I2 P(59) 29-0,,frequency,18573.288231,0.000637,,,kitt_peak_1993,depth 1.00; 1 window
127I2 P(60) 29-0,,frequency,18571.529798,0.000569,,,kitt_peak_1993,depth 1.00; 2 windows
127I2 P(61) 29-0,,frequency,18569.745111,0.000702,,,kitt_peak_1993,depth 1.00; 1 window
127I2 P(62) 29-0,,frequency,18567.928683,0.000667,,,kitt_peak_1993,depth 1.00; 1 window
127I2 P(63) 29-0,,frequency,18566.082852,0.000749,,,kitt_peak_1993,depth 1.00; 1 window
127I2 P(64) 29-0,,frequency,18564.209120,0.000542,,,kitt_peak_1993,depth 1.00; 2 windows
127I2 P(67) 29-0,,frequency,18558.415331,0.000851,,,kitt_peak_1993,depth 1.00; 1 window
127I2 P(68) 29-0,,frequency,18556.423884,0.000912,,,kitt_peak_1993,depth 1.00; 1 window
127I2 P(69) 29-0,,frequency,18554.406636,0.000850,,,kitt_peak_1993,depth 1.00; 2 windows
127I2 P(70) 29-0,,frequency,18552.359956,0.000933,,,kitt_peak_1993,depth 1.00; 1 window
127I2 P(71) 29-0,,frequency,18550.280452,0.000968,,,kitt_peak_1993,depth 1.00; 1 window
127I2 P(73) 29-0,,frequency,18546.041666,0.000800,,,kitt_peak_1993,depth 1.00; 1 window
127I2 P(75) 29-0,,frequency,18541.686691,0.000845,,,kitt_peak_1993,depth 1.00; 1 window
127I2 P(76) 29-0,,frequency,18539.464709,0.001004,,,kitt_peak_1993,depth 1.00; 1 window
127I2 P(77) 29-0,,frequency,18537.214280,0.000860,,,kitt_peak_1993,depth 1.00; 1 window
127I2 P(79) 29-0,,frequency,18532.626404,0.000724,,,kitt_peak_1993,depth 1.00; 1 window
127I2 P(81) 29-0,,frequency,18527.920562,0.000863,,,kitt_peak_1993,depth 1.00; 1 window
127I2 P(82) 29-0,,frequency,18525.524366,0.000825,,,kitt_peak_1993,depth 1.00; 1 window
127I2 P(83) 29-0,,frequency,18523.098394,0.000803,,,kitt_peak_1993,depth 1.00; 1 window
127I2 P(84) 29-0,,frequency,18520.644005,0.000943,,,kitt_peak_1993,depth 1.00; 1 window
127I2 P(85) 29-0,,frequency,18518.159756,0.000725,,,kitt_peak_1993,depth 1.00; 1 window
127I2 P(86) 29-0,,frequency,18515.644996,0.000753,,,kitt_peak_1993,depth 1.00; 1 window
127I2 P(87) 29-0,,frequency,18513.104083,0.000712,,,kitt_peak_1993,depth 1.00; 1 window
127I2 P(89) 29-0,,frequency,18507.933939,0.000985,,,kitt_peak_1993,depth 1.00; 1 window
127I2 P(92) 29-0,,frequency,18499.950273,0.000863,,,kitt_peak_1993,depth 1.00; 1 window
127I2 P(93) 29-0,,frequency,18497.231328,0.000620,,,kitt_peak_1993,depth 1.00; 2 windows
127I2 P(95) 29-0,,frequency,18491.704990,0.000773,,,kitt_peak_1993,depth 1.00; 1 window
127I2 P(96) 29-0,,frequency,18488.897475,0.000746,,,kitt_peak_1993,depth 1.00; 1 window
127I2 P(98) 29-0,,frequency,18483.193632,0.000774,,,kitt_peak_1993,depth 1.00; 1 window
127I2 R(100) 29-0,,frequency,18486.542843,0.000841,,,kitt_peak_1993,depth 1.00; 1 window
127I2 R(103) 29-0,,frequency,18477.854652,0.000552,,,kitt_peak_1993,depth 1.00; 2 windows
127I2 R(107) 29-0,,frequency,18465.849948,0.000696,,,kitt_peak_1993,depth 1.00; 2 windows
127I2 R(108) 29-0,,frequency,18462.774293,0.000976,,,kitt_peak_1993,depth 0.98; 1 window
127I2 R(111) 29-0,,frequency,18453.369482,0.000865,,,kitt_peak_1993,depth 1.00; 1 window
127I2 R(114) 29-0,,frequency,18443.692260,0.000975,,,kitt_peak_1993,depth 0.98; 1 window
127I2 R(115) 29-0,,frequency,18440.405718,0.000959,,,kitt_peak_1993,depth 0.99; 1 window
127I2 R(116) 29-0,,frequency,18437.090608,0.000989,,,kitt_peak_1993,depth 0.96; 1 window
127I2 R(117) 29-0,,frequency,18433.744695,0.000839,,,kitt_peak_1993,depth 0.99; 1 window
127I2 R(118) 29-0,,frequency,18430.364998,0.000828,,,kitt_peak_1993,depth 0.96; 1 window
127I2 R(121) 29-0,,frequency,18420.058361,0.000685,,,kitt_peak_1993,depth 0.99; 2 windows
127I2 R(125) 29-0,,frequency,18405.884967,0.000685,,,kitt_peak_1993,depth 0.97; 2 windows
127I2 R(20) 29-0,,frequency,18621.407644,0.000978,,,kitt_peak_1993,depth 1.00; 1 window
127I2 R(21) 29-0,,frequency,18620.856689,0.000916,,,kitt_peak_1993,depth 1.00; 1 window
127I2 R(22) 29-0,,frequency,18620.278976,0.000933,,,kitt_peak_1993,depth 1.00; 1 window
127I2 R(23) 29-0,,frequency,18619.670027,0.000600,,,kitt_peak_1993,depth 1.00; 2 windows
127I2 R(24) 29-0,,frequency,18619.035341,0.000899,,,kitt_peak_1993,depth 1.00; 1 window
127I2 R(25) 29-0,,frequency,18618.370297,0.000797,,,kitt_peak_1993,depth 1.00; 1 window
127I2 R(26) 29-0,,frequency,18617.676929,0.000953,,,kitt_peak_1993,depth 1.00; 1 window
127I2 R(29) 29-0,,frequency,18615.427224,0.000831,,,kitt_peak_1993,depth 1.00; 1 window
127I2 R(30) 29-0,,frequency,18614.616644,0.001009,,,kitt_peak_1993,depth 1.00; 1 window
127I2 R(31) 29-0,,frequency,18613.783414,0.000979,,,kitt_peak_1993,depth 1.00; 1 window
127I2 R(32) 29-0,,frequency,18612.919560,0.000821,,,kitt_peak_1993,depth 1.00; 1 window
127I2 R(33) 29-0,,frequency,18612.026362,0.000644,,,kitt_peak_1993,depth 1.00; 2 windows
127I2 R(34) 29-0,,frequency,18611.105219,0.000876,,,kitt_peak_1993,depth 1.00; 1 window
127I2 R(35) 29-0,,frequency,18610.155487,0.000538,,,kitt_peak_1993,depth 1.00; 2 windows
127I2 R(37) 29-0,,frequency,18608.169771,0.000738,,,kitt_peak_1993,depth 1.00; 1 window
127I2 R(38) 29-0,,frequency,18607.131733,0.000889,,,kitt_peak_1993,depth 1.00; 1 window
127I2 R(40) 29-0,,frequency,18604.976575,0.000585,,,kitt_peak_1993,depth 1.00; 2 windows
127I2 R(41) 29-0,,frequency,18603.855621,0.000822,,,kitt_peak_1993,depth 1.00; 1 window
127I2 R(42) 29-0,,frequency,18602.706474,0.000572,,,kitt_peak_1993,depth 1.00; 2 windows
127I2 R(43) 29-0,,frequency,18601.527335,0.000783,,,kitt_peak_1993,depth 1.00; 1 window
127I2 R(44) 29-0,,frequency,18600.319214,0.000607,,,kitt_peak_1993,depth 1.00; 2 windows
127I2 R(46) 29-0,,frequency,18597.819214,0.000591,,,kitt_peak_1993,depth 1.00; 2 windows
127I2 R(47) 29-0,,frequency,18596.526480,0.000751,,,kitt_peak_1993,depth 1.00; 1 window
127I2 R(48) 29-0,,frequency,18595.203399,0.000570,,,kitt_peak_1993,depth 1.00; 2 windows
127I2 R(49) 29-0,,frequency,18593.852977,0.000597,,,kitt_peak_1993,depth 1.00; 1 window
127I2 R(51) 29-0,,frequency,18591.065938,0.000456,,,kitt_peak_1993,depth 1.00; 2 windows
127I2 R(52) 29-0,,frequency,18589.629447,0.000928,,,kitt_peak_1993,depth 1.00; 1 window
127I2 R(53) 29-0,,frequency,18588.163485,0.000531,,,kitt_peak_1993,depth 1.00; 2 windows
127I2 R(54) 29-0,,frequency,18586.668341,0.000839,,,kitt_peak_1993,depth 1.00; 1 window
127I2 R(55) 29-0,,frequency,18585.144286,0.000978,,,kitt_peak_1993,depth 1.00; 1 window
127I2 R(56) 29-0,,frequency,18583.594183,0.000635,,,kitt_peak_1993,depth 1.00; 2 windows
127I2 R(57) 29-0,,frequency,18582.013082,0.000789,,,kitt_peak_1993,depth 1.00; 1 window
127I2 R(58) 29-0,,frequency,18580.403174,0.000743,,,kitt_peak_1993,depth 1.00; 1 window
127I2 R(59) 29-0,,frequency,18578.764465,0.000562,,,kitt_peak_1993,depth 1.00; 2 windows
127I2 R(60) 29-0,,frequency,18577.099272,0.000755,,,kitt_peak_1993,depth 1.00; 1 window
127I2 R(61) 29-0,,frequency,18575.400607,0.000894,,,kitt_peak_1993,depth 1.00; 1 window
127I2 R(62) 29-0,,frequency,18573.676092,0.000619,,,kitt_peak_1993,depth 1.00; 2 windows
127I2 R(63) 29-0,,frequency,18571.923932,0.000649,,,kitt_peak_1993,depth 1.00; 2 windows
127I2 R(64) 29-0,,frequency,18570.139971,0.000668,,,kitt_peak_1993,depth 1.00; 1 window
127I2 R(65) 29-0,,frequency,18568.329332,0.000606,,,kitt_peak_1993,depth 1.00; 1 window
127I2 R(66) 29-0,,frequency,18566.489913,0.000704,,,kitt_peak_1993,depth 1.00; 1 window
127I2 R(67) 29-0,,frequency,18564.618645,0.000616,,,kitt_peak_1993,depth 1.00; 2 windows
127I2 R(68) 29-0,,frequency,18562.719887,0.000718,,,kitt_peak_1993,depth 1.00; 1 window
127I2 R(69) 29-0,,frequency,18560.793569,0.000766,,,kitt_peak_1993,depth 1.00; 1 window
127I2 R(70) 29-0,,frequency,18558.834634,0.000774,,,kitt_peak_1993,depth 1.00; 1 window
127I2 R(71) 29-0,,frequency,18556.849679,0.000465,,,kitt_peak_1993,depth 1.00; 2 windows
127I2 R(75) 29-0,,frequency,18548.617701,0.000997,,,kitt_peak_1993,depth 1.00; 1 window
127I2 R(77) 29-0,,frequency,18544.324568,0.000801,,,kitt_peak_1993,depth 1.00; 1 window
127I2 R(81) 29-0,,frequency,18535.391331,0.000659,,,kitt_peak_1993,depth 1.00; 2 windows
127I2 R(82) 29-0,,frequency,18533.085231,0.000726,,,kitt_peak_1993,depth 1.00; 2 windows
127I2 R(84) 29-0,,frequency,18528.384781,0.000632,,,kitt_peak_1993,depth 1.00; 2 windows
127I2 R(85) 29-0,,frequency,18525.992771,0.001008,,,kitt_peak_1993,depth 1.00; 1 window
127I2 R(86) 29-0,,frequency,18523.566233,0.000616,,,kitt_peak_1993,depth 1.00; 2 windows
127I2 R(88) 29-0,,frequency,18518.631593,0.000659,,,kitt_peak_1993,depth 1.00; 2 windows
127I2 R(89) 29-0,,frequency,18516.119284,0.000659,,,kitt_peak_1993,depth 1.00; 2 windows
127I2 R(90) 29-0,,frequency,18513.579881,0.000848,,,kitt_peak_1993,depth 1.00; 1 window
127I2 R(91) 29-0,,frequency,18511.006732,0.000754,,,kitt_peak_1993,depth 1.00; 1 window
127I2 R(92) 29-0,,frequency,18508.407824,0.000713,,,kitt_peak_1993,depth 1.00; 1 window
127I2 R(93) 29-0,,frequency,18505.779405,0.000733,,,kitt_peak_1993,depth 1.00; 1 window
127I2 R(95) 29-0,,frequency,18500.430008,0.000627,,,kitt_peak_1993,depth 1.00; 1 window
127I2 R(96) 29-0,,frequency,18497.712058,0.000863,,,kitt_peak_1993,depth 1.00; 1 window
127I2 R(97) 29-0,,frequency,18494.963579,0.000579,,,kitt_peak_1993,depth 1.00; 2 windows
127I2 R(98) 29-0,,frequency,18492.186740,0.000589,,,kitt_peak_1993,depth 1.00; 2 windows
127I2 R(99) 29-0,,frequency,18489.378901,0.000614,,,kitt_peak_1993,depth 1.00; 1 window
127I2 P(105) 30-0,,frequency,18530.515076,0.001005,,,kitt_peak_1993,depth 1.00; 1 window
127I2 P(107) 30-0,,frequency,18524.156788,0.000917,,,kitt_peak_1993,depth 1.00; 1 window
127I2 P(108) 30-0,,frequency,18520.931487,0.000669,,,kitt_peak_1993,depth 0.99; 2 windows
127I2 P(109) 30-0,,frequency,18517.675868,0.000844,,,kitt_peak_1993,depth 1.00; 1 window
127I2 P(11) 30-0,,frequency,18695.251701,0.000943,,,kitt_peak_1993,depth 0.99; 1 window
127I2 P(110) 30-0,,frequency,18514.389343,0.000950,,,kitt_peak_1993,depth 0.99; 1 window
127I2 P(113) 30-0,,frequency,18504.348581,0.000576,,,kitt_peak_1993,depth 1.00; 2 windows
127I2 P(115) 30-0,,frequency,18497.501162,0.000573,,,kitt_peak_1993,depth 0.99; 2 windows
127I2 P(18) 30-0,,frequency,18691.894042,0.000971,,,kitt_peak_1993,depth 1.00; 1 window
127I2 P(20) 30-0,,frequency,18690.670443,0.001001,,,kitt_peak_1993,depth 1.00; 1 window
127I2 P(21) 30-0,,frequency,18690.017256,0.000842,,,kitt_peak_1993,depth 1.00; 1 window
127I2 P(25) 30-0,,frequency,18687.110171,0.000640,,,kitt_peak_1993,depth 1.00; 2 windows
127I2 P(26) 30-0,,frequency,18686.312191,0.000877,,,kitt_peak_1993,depth 1.00; 1 window
127I2 P(27) 30-0,,frequency,18685.484524,0.000723,,,kitt_peak_1993,depth 1.00; 1 window
127I2 P(28) 30-0,,frequency,18684.627041,0.000689,,,kitt_peak_1993,depth 1.00; 2 windows
127I2 P(29) 30-0,,frequency,18683.740635,0.000865,,,kitt_peak_1993,depth 1.00; 1 window
127I2 P(30) 30-0,,frequency,18682.825859,0.001010,,,kitt_peak_1993,depth 1.00; 1 window
127I2 P(32) 30-0,,frequency,18680.908143,0.000851,,,kitt_peak_1993,depth 1.00; 1 window
127I2 P(33) 30-0,,frequency,18679.906567,0.000547,,,kitt_peak_1993,depth 1.00; 2 windows
127I2 P(35) 30-0,,frequency,18677.814506,0.000810,,,kitt_peak_1993,depth 1.00; 1 window
127I2 P(37) 30-0,,frequency,18675.606161,0.000674,,,kitt_peak_1993,depth 1.00; 1 window
127I2 P(38) 30-0,,frequency,18674.459342,0.000929,,,kitt_peak_1993,depth 1.00; 1 window
127I2 P(40) 30-0,,frequency,18672.074907,0.000637,,,kitt_peak_1993,depth 1.00; 2 windows
127I2 P(41) 30-0,,frequency,18670.840294,0.000755,,,kitt_peak_1993,depth 1.00; 1 window
127I2 P(44) 30-0,,frequency,18666.959607,0.000800,,,kitt_peak_1993,depth 1.00; 1 window
127I2 P(45) 30-0,,frequency,18665.608405,0.000583,,,kitt_peak_1993,depth 1.00; 1 window
127I2 P(46) 30-0,,frequency,18664.227214,0.000806,,,kitt_peak_1993,depth 1.00; 1 window
127I2 P(47) 30-0,,frequency,18662.816889,0.000556,,,kitt_peak_1993,depth 1.00; 2 windows
127I2 P(48) 30-0,,frequency,18661.377635,0.000804,,,kitt_peak_1993,depth 1.00; 1 window
127I2 P(49) 30-0,,frequency,18659.908284,0.000695,,,kitt_peak_1993,depth 1.00; 1 window
127I2 P(50) 30-0,,frequency,18658.411014,0.000622,,,kitt_peak_1993,depth 1.00; 1 window
127I2 P(51) 30-0,,frequency,18656.885339,0.000664,,,kitt_peak_1993,depth 1.00; 1 window
127I2 P(52) 30-0,,frequency,18655.327366,0.000556,,,kitt_peak_1993,depth 1.00; 2 windows
127I2 P(53) 30-0,,frequency,18653.740836,0.000739,,,kitt_peak_1993,depth 1.00; 1 window
127I2 P(54) 30-0,,frequency,18652.127847,0.000816,,,kitt_peak_1993,depth 1.00; 1 window
127I2 P(56) 30-0,,frequency,18648.808381,0.000744,,,kitt_peak_1993,depth 1.00; 1 window
127I2 P(58) 30-0,,frequency,18645.373832,0.000645,,,kitt_peak_1993,depth 1.00; 1 window
127I2 P(59) 30-0,,frequency,18643.611001,0.000542,,,kitt_peak_1993,depth 1.00; 2 windows
127I2 P(60) 30-0,,frequency,18641.820068,0.000696,,,kitt_peak_1993,depth 1.00; 1 window
127I2 P(61) 30-0,,frequency,18640.000569,0.000639,,,kitt_peak_1993,depth 1.00; 1 window
127I2 P(62) 30-0,,frequency,18638.151712,0.000993,,,kitt_peak_1993,depth 1.00; 1 window
127I2 P(63) 30-0,,frequency,18636.272597,0.000536,,,kitt_peak_1993,depth 1.00; 2 windows
127I2 P(64) 30-0,,frequency,18634.361949,0.000505,,,kitt_peak_1993,depth 1.00; 2 windows
127I2 P(65) 30-0,,frequency,18632.425661,0.000662,,,kitt_peak_1993,depth 1.00; 1 window
127I2 P(66) 30-0,,frequency,18630.457513,0.000571,,,kitt_peak_1993,depth 1.00; 1 window
127I2 P(67) 30-0,,frequency,18628.458136,0.000765,,,kitt_peak_1993,depth 1.00; 1 window
127I2 P(71) 30-0,,frequency,18620.176908,0.000971,,,kitt_peak_1993,depth 1.00; 1 window
127I2 P(72) 30-0,,frequency,18618.031459,0.000859,,,kitt_peak_1993,depth 1.00; 1 window
127I2 P(75) 30-0,,frequency,18611.420123,0.000850,,,kitt_peak_1993,depth 1.00; 1 window
127I2 P(78) 30-0,,frequency,18604.539371,0.000777,,,kitt_peak_1993,depth 1.00; 1 window
127I2 P(79) 30-0,,frequency,18602.187266,0.000723,,,kitt_peak_1993,depth 1.00; 1 window
127I2 P(81) 30-0,,frequency,18597.393254,0.000640,,,kitt_peak_1993,depth 1.00; 1 window
127I2 P(82) 30-0,,frequency,18594.950605,0.000810,,,kitt_peak_1993,depth 1.00; 1 window
127I2 P(86) 30-0,,frequency,18584.887975,0.000888,,,kitt_peak_1993,depth 1.00; 1 window
127I2 P(87) 30-0,,frequency,18582.294969,0.000661,,,kitt_peak_1993,depth 1.00; 1 window
127I2 P(88) 30-0,,frequency,18579.673101,0.000838,,,kitt_peak_1993,depth 1.00; 1 window
127I2 P(90) 30-0,,frequency,18574.342390,0.000590,,,kitt_peak_1993,depth 1.00; 2 windows
127I2 P(91) 30-0,,frequency,18571.632507,0.000529,,,kitt_peak_1993,depth 1.00; 2 windows
127I2 P(92) 30-0,,frequency,18568.889630,0.000501,,,kitt_peak_1993,depth 1.00; 2 windows
127I2 P(93) 30-0,,frequency,18566.118187,0.000842,,,kitt_peak_1993,depth 1.00; 1 window
127I2 P(94) 30-0,,frequency,18563.318380,0.000886,,,kitt_peak_1993,depth 1.00; 1 window
127I2 P(95) 30-0,,frequency,18560.488147,0.000645,,,kitt_peak_1993,depth 1.00; 1 window
127I2 P(96) 30-0,,frequency,18557.625002,0.000827,,,kitt_peak_1993,depth 1.00; 1 window
127I2 P(97) 30-0,,frequency,18554.734638,0.000628,,,kitt_peak_1993,depth 1.00; 2 windows
127I2 R(100) 30-0,,frequency,18554.936232,0.000651,,,kitt_peak_1993,depth 1.00; 2 windows
127I2 R(101) 30-0,,frequency,18552.014762,0.000922,,,kitt_peak_1993,depth 1.00; 1 window
127I2 R(103) 30-0,,frequency,18546.068733,0.000944,,,kitt_peak_1993,depth 1.00; 1 window
127I2 R(105) 30-0,,frequency,18540.007772,0.000698,,,kitt_peak_1993,depth 1.00; 2 windows
127I2 R(11) 30-0,,frequency,18696.303024,0.000941,,,kitt_peak_1993,depth 0.99; 1 window
127I2 R(111) 30-0,,frequency,18521.086324,0.000670,,,kitt_peak_1993,depth 1.00; 2 windows
127I2 R(112) 30-0,,frequency,18517.825737,0.000930,,,kitt_peak_1993,depth 0.98; 1 window
127I2 R(113) 30-0,,frequency,18514.535528,0.000835,,,kitt_peak_1993,depth 1.00; 1 window
127I2 R(114) 30-0,,frequency,18511.214346,0.000974,,,kitt_peak_1993,depth 0.98; 1 window
127I2 R(116) 30-0,,frequency,18504.475800,0.000989,,,kitt_peak_1993,depth 0.97; 1 window
127I2 R(117) 30-0,,frequency,18501.061158,0.000839,,,kitt_peak_1993,depth 0.99; 1 window
127I2 R(119) 30-0,,frequency,18494.140082,0.000958,,,kitt_peak_1993,depth 0.99; 1 window
127I2 R(121) 30-0,,frequency,18487.095750,0.000970,,,kitt_peak_1993,depth 0.98; 1 window
127I2 R(123) 30-0,,frequency,18479.924060,0.000904,,,kitt_peak_1993,depth 0.97; 1 window
127I2 R(13) 30-0,,frequency,18695.668867,0.000895,,,kitt_peak_1993,depth 1.00; 1 window
127I2 R(14) 30-0,,frequency,18695.309010,0.001004,,,kitt_peak_1993,depth 0.99; 1 window
127I2 R(21) 30-0,,frequency,18691.981477,0.000960,,,kitt_peak_1993,depth 1.00; 1 window
127I2 R(25) 30-0,,frequency,18689.440108,0.000563,,,kitt_peak_1993,depth 1.00; 2 windows
127I2 R(27) 30-0,,frequency,18687.993157,0.000706,,,kitt_peak_1993,depth 1.00; 1 window
127I2 R(29) 30-0,,frequency,18686.431848,0.000519,,,kitt_peak_1993,depth 1.00; 2 windows
127I2 R(31) 30-0,,frequency,18684.754847,0.000825,,,kitt_peak_1993,depth 1.00; 1 window
127I2 R(32) 30-0,,frequency,18683.873182,0.000920,,,kitt_peak_1993,depth 1.00; 1 window
127I2 R(33) 30-0,,frequency,18682.961623,0.000811,,,kitt_peak_1993,depth 1.00; 1 window
127I2 R(34) 30-0,,frequency,18682.021559,0.000609,,,kitt_peak_1993,depth 1.00; 2 windows
127I2 R(35) 30-0,,frequency,18681.051396,0.000789,,,kitt_peak_1993,depth 1.00; 1 window
127I2 R(36) 30-0,,frequency,18680.053013,0.000956,,,kitt_peak_1993,depth 1.00; 1 window
127I2 R(38) 30-0,,frequency,18677.968043,0.000948,,,kitt_peak_1993,depth 1.00; 1 window
127I2 R(39) 30-0,,frequency,18676.882212,0.000600,,,kitt_peak_1993,depth 1.00; 2 windows
127I2 R(40) 30-0,,frequency,18675.767940,0.000897,,,kitt_peak_1993,depth 1.00; 1 window
127I2 R(41) 30-0,,frequency,18674.622480,0.000518,,,kitt_peak_1993,depth 1.00; 2 windows
127I2 R(42) 30-0,,frequency,18673.448203,0.000798,,,kitt_peak_1993,depth 1.00; 1 window
127I2 R(44) 30-0,,frequency,18671.014349,0.000791,,,kitt_peak_1993,depth 1.00; 1 window
127I2 R(45) 30-0,,frequency,18669.753808,0.000689,,,kitt_peak_1993,depth 1.00; 1 window
127I2 R(48) 30-0,,frequency,18665.794897,0.001022,,,kitt_peak_1993,depth 1.00; 1 window
127I2 R(49) 30-0,,frequency,18664.416669,0.000706,,,kitt_peak_1993,depth 1.00; 1 window
127I2 R(50) 30-0,,frequency,18663.007959,0.000542,,,kitt_peak_1993,depth 1.00; 2 windows
127I2 R(51) 30-0,,frequency,18661.571402,0.000648,,,kitt_peak_1993,depth 1.00; 1 window
127I2 R(52) 30-0,,frequency,18660.106153,0.000594,,,kitt_peak_1993,depth 1.00; 2 windows
127I2 R(53) 30-0,,frequency,18658.609290,0.000704,,,kitt_peak_1993,depth 1.00; 1 window
127I2 R(54) 30-0,,frequency,18657.085847,0.000800,,,kitt_peak_1993,depth 1.00; 1 window
127I2 R(55) 30-0,,frequency,18655.531399,0.000606,,,kitt_peak_1993,depth 1.00; 2 windows
127I2 R(56) 30-0,,frequency,18653.948491,0.000751,,,kitt_peak_1993,depth 1.00; 1 window
127I2 R(57) 30-0,,frequency,18652.335821,0.000940,,,kitt_peak_1993,depth 1.00; 1 window
127I2 R(58) 30-0,,frequency,18650.693003,0.000561,,,kitt_peak_1993,depth 1.00; 2 windows
127I2 R(59) 30-0,,frequency,18649.022685,0.000707,,,kitt_peak_1993,depth 1.00; 1 window
127I2 R(60) 30-0,,frequency,18647.321204,0.000546,,,kitt_peak_1993,depth 1.00; 1 window
127I2 R(61) 30-0,,frequency,18645.589690,0.000747,,,kitt_peak_1993,depth 1.00; 1 window
127I2 R(62) 30-0,,frequency,18643.831053,0.000529,,,kitt_peak_1993,depth 1.00; 2 windows
127I2 R(63) 30-0,,frequency,18642.041129,0.000702,,,kitt_peak_1993,depth 1.00; 1 window
127I2 R(65) 30-0,,frequency,18638.372141,0.000661,,,kitt_peak_1993,depth 1.00; 1 window
127I2 R(66) 30-0,,frequency,18636.496478,0.000473,,,kitt_peak_1993,depth 1.00; 2 windows
127I2 R(67) 30-0,,frequency,18634.587740,0.000668,,,kitt_peak_1993,depth 1.00; 1 window
127I2 R(69) 30-0,,frequency,18630.683920,0.000557,,,kitt_peak_1993,depth 1.00; 1 window
127I2 R(7) 30-0,,frequency,18697.217992,0.001021,,,kitt_peak_1993,depth 0.96; 1 window
127I2 R(70) 30-0,,frequency,18628.688772,0.000982,,,kitt_peak_1993,depth 1.00; 1 window
127I2 R(71) 30-0,,frequency,18626.661870,0.000652,,,kitt_peak_1993,depth 1.00; 2 windows
127I2 R(72) 30-0,,frequency,18624.607852,0.000671,,,kitt_peak_1993,depth 1.00; 2 windows
127I2 R(74) 30-0,,frequency,18620.407175,0.000868,,,kitt_peak_1993,depth 1.00; 1 window
127I2 R(76) 30-0,,frequency,18616.091372,0.000872,,,kitt_peak_1993,depth 1.00; 1 window
127I2 R(77) 30-0,,frequency,18613.886533,0.000890,,,kitt_peak_1993,depth 1.00; 1 window
127I2 R(79) 30-0,,frequency,18609.387782,0.000763,,,kitt_peak_1993,depth 1.00; 1 window
127I2 R(81) 30-0,,frequency,18604.772316,0.000622,,,kitt_peak_1993,depth 1.00; 2 windows
127I2 R(84) 30-0,,frequency,18597.623898,0.000619,,,kitt_peak_1993,depth 1.00; 2 windows
127I2 R(88) 30-0,,frequency,18587.673670,0.000846,,,kitt_peak_1993,depth 1.00; 1 window
127I2 R(89) 30-0,,frequency,18585.111366,0.000818,,,kitt_peak_1993,depth 1.00; 1 window
127I2 R(90) 30-0,,frequency,18582.518368,0.000854,,,kitt_peak_1993,depth 1.00; 1 window
127I2 R(92) 30-0,,frequency,18577.242653,0.000658,,,kitt_peak_1993,depth 1.00; 1 window
127I2 R(93) 30-0,,frequency,18574.559489,0.000751,,,kitt_peak_1993,depth 1.00; 1 window
127I2 R(94) 30-0,,frequency,18571.846945,0.000961,,,kitt_peak_1993,depth 1.00; 1 window
127I2 R(95) 30-0,,frequency,18569.103475,0.000530,,,kitt_peak_1993,depth 1.00; 2 windows
127I2 R(96) 30-0,,frequency,18566.331502,0.000739,,,kitt_peak_1993,depth 1.00; 1 window
127I2 R(97) 30-0,,frequency,18563.526877,0.000636,,,kitt_peak_1993,depth 1.00; 1 window
127I2 R(99) 30-0,,frequency,18557.828871,0.000777,,,kitt_peak_1993,depth 1.00; 1 window
127I2 P(100) 31-0,,frequency,18612.229042,0.000624,,,kitt_peak_1993,depth 1.00; 2 windows
127I2 P(105) 31-0,,frequency,18596.563537,0.000775,,,kitt_peak_1993,depth 1.00; 1 window
127I2 P(106) 31-0,,frequency,18593.340319,0.000574,,,kitt_peak_1993,depth 0.99; 2 windows
127I2 P(107) 31-0,,frequency,18590.086038,0.000970,,,kitt_peak_1993,depth 1.00; 1 window
127I2 P(108) 31-0,,frequency,18586.795611,0.000819,,,kitt_peak_1993,depth 0.99; 1 window
127I2 P(109) 31-0,,frequency,18583.477481,0.000532,,,kitt_peak_1993,depth 1.00; 2 windows
127I2 P(11) 31-0,,frequency,18764.387185,0.000990,,,kitt_peak_1993,depth 0.99; 1 window
127I2 P(111) 31-0,,frequency,18576.744000,0.000568,,,kitt_peak_1993,depth 1.00; 2 windows
127I2 P(112) 31-0,,frequency,18573.330725,0.001009,,,kitt_peak_1993,depth 0.98; 1 window
127I2 P(113) 31-0,,frequency,18569.889077,0.000733,,,kitt_peak_1993,depth 1.00; 1 window
127I2 P(114) 31-0,,frequency,18566.418264,0.000841,,,kitt_peak_1993,depth 0.98; 2 windows
127I2 P(115) 31-0,,frequency,18562.906468,0.000767,,,kitt_peak_1993,depth 0.99; 1 window
127I2 P(117) 31-0,,frequency,18555.799307,0.000829,,,kitt_peak_1993,depth 0.99; 1 window
127I2 P(129) 31-0,,frequency,18510.498666,0.000971,,,kitt_peak_1993,depth 0.96; 1 window
127I2 P(13) 31-0,,frequency,18763.559231,0.000638,,,kitt_peak_1993,depth 1.00; 2 windows
127I2 P(14) 31-0,,frequency,18763.102158,0.000901,,,kitt_peak_1993,depth 0.99; 1 window
127I2 P(15) 31-0,,frequency,18762.613884,0.000987,,,kitt_peak_1993,depth 1.00; 1 window
127I2 P(17) 31-0,,frequency,18761.548205,0.000619,,,kitt_peak_1993,depth 1.00; 2 windows
127I2 P(18) 31-0,,frequency,18760.973000,0.000651,,,kitt_peak_1993,depth 1.00; 2 windows
127I2 P(19) 31-0,,frequency,18760.366227,0.001005,,,kitt_peak_1993,depth 1.00; 1 window
127I2 P(21) 31-0,,frequency,18759.065059,0.000615,,,kitt_peak_1993,depth 1.00; 2 windows
127I2 P(22) 31-0,,frequency,18758.371813,0.000931,,,kitt_peak_1993,depth 1.00; 1 window
127I2 P(23) 31-0,,frequency,18757.645827,0.000888,,,kitt_peak_1993,depth 1.00; 1 window
127I2 P(25) 31-0,,frequency,18756.108728,0.000606,,,kitt_peak_1993,depth 1.00; 2 windows
127I2 P(29) 31-0,,frequency,18752.679495,0.000765,,,kitt_peak_1993,depth 1.00; 1 window
127I2 P(30) 31-0,,frequency,18751.748217,0.000610,,,kitt_peak_1993,depth 1.00; 2 windows
127I2 P(31) 31-0,,frequency,18750.787665,0.000845,,,kitt_peak_1993,depth 1.00; 1 window
127I2 P(32) 31-0,,frequency,18749.797328,0.000875,,,kitt_peak_1993,depth 1.00; 1 window
127I2 P(34) 31-0,,frequency,18747.727210,0.000831,,,kitt_peak_1993,depth 1.00; 1 window
127I2 P(37) 31-0,,frequency,18744.399971,0.000692,,,kitt_peak_1993,depth 1.00; 2 windows
127I2 P(38) 31-0,,frequency,18743.231270,0.000769,,,kitt_peak_1993,depth 1.00; 1 window
127I2 P(39) 31-0,,frequency,18742.032414,0.000525,,,kitt_peak_1993,depth 1.00; 2 windows
127I2 P(40) 31-0,,frequency,18740.804906,0.000800,,,kitt_peak_1993,depth 1.00; 1 window
127I2 P(42) 31-0,,frequency,18738.259788,0.000772,,,kitt_peak_1993,depth 1.00; 1 window
127I2 P(43) 31-0,,frequency,18736.942696,0.000588,,,kitt_peak_1993,depth 1.00; 2 windows
127I2 P(44) 31-0,,frequency,18735.596354,0.000879,,,kitt_peak_1993,depth 1.00; 1 window
127I2 P(45) 31-0,,frequency,18734.219606,0.001017,,,kitt_peak_1993,depth 1.00; 1 window
127I2 P(46) 31-0,,frequency,18732.813878,0.000846,,,kitt_peak_1993,depth 1.00; 1 window
127I2 P(47) 31-0,,frequency,18731.377779,0.000686,,,kitt_peak_1993,depth 1.00; 1 window
127I2 P(51) 31-0,,frequency,18725.335146,0.000460,,,kitt_peak_1993,depth 1.00; 2 windows
127I2 P(52) 31-0,,frequency,18723.749958,0.000701,,,kitt_peak_1993,depth 1.00; 1 window
127I2 P(54) 31-0,,frequency,18720.490947,0.000544,,,kitt_peak_1993,depth 1.00; 2 windows
127I2 P(56) 31-0,,frequency,18717.111380,0.000972,,,kitt_peak_1993,depth 1.00; 1 window
127I2 P(57) 31-0,,frequency,18715.376129,0.000511,,,kitt_peak_1993,depth 1.00; 2 windows
127I2 P(58) 31-0,,frequency,18713.614103,0.000759,,,kitt_peak_1993,depth 1.00; 1 window
127I2 P(59) 31-0,,frequency,18711.818190,0.000747,,,kitt_peak_1993,depth 1.00; 1 window
127I2 P(60) 31-0,,frequency,18709.992834,0.000774,,,kitt_peak_1993,depth 1.00; 1 window
127I2 P(62) 31-0,,frequency,18706.255247,0.000720,,,kitt_peak_1993,depth 1.00; 2 windows
127I2 P(64) 31-0,,frequency,18702.397468,0.000776,,,kitt_peak_1993,depth 1.00; 1 window
127I2 P(65) 31-0,,frequency,18700.422384,0.000773,,,kitt_peak_1993,depth 1.00; 1 window
127I2 P(66) 31-0,,frequency,18698.418514,0.001361,,,kitt_peak_1993,depth 1.00; 2 windows
127I2 P(67) 31-0,,frequency,18696.383988,0.000643,,,kitt_peak_1993,depth 1.00; 2 windows
127I2 P(68) 31-0,,frequency,18694.317626,0.000690,,,kitt_peak_1993,depth 1.00; 2 windows
127I2 P(69) 31-0,,frequency,18692.222906,0.000838,,,kitt_peak_1993,depth 1.00; 1 window
127I2 P(72) 31-0,,frequency,18685.757372,0.000726,,,kitt_peak_1993,depth 1.00; 1 window
127I2 P(85) 31-0,,frequency,18654.593577,0.000728,,,kitt_peak_1993,depth 1.00; 1 window
127I2 P(86) 31-0,,frequency,18651.983936,0.000793,,,kitt_peak_1993,depth 1.00; 1 window
127I2 P(87) 31-0,,frequency,18649.342247,0.000760,,,kitt_peak_1993,depth 1.00; 1 window
127I2 P(89) 31-0,,frequency,18643.969396,0.000738,,,kitt_peak_1993,depth 1.00; 1 window
127I2 P(90) 31-0,,frequency,18641.237665,0.000938,,,kitt_peak_1993,depth 1.00; 1 window
127I2 P(91) 31-0,,frequency,18638.475066,0.000510,,,kitt_peak_1993,depth 1.00; 2 windows
127I2 P(92) 31-0,,frequency,18635.682251,0.000771,,,kitt_peak_1993,depth 1.00; 1 window
127I2 P(93) 31-0,,frequency,18632.860049,0.000686,,,kitt_peak_1993,depth 1.00; 1 window
127I2 P(94) 31-0,,frequency,18630.003509,0.000761,,,kitt_peak_1993,depth 1.00; 1 window
127I2 P(95) 31-0,,frequency,18627.120112,0.000596,,,kitt_peak_1993,depth 1.00; 2 windows
127I2 R(103) 31-0,,frequency,18612.122733,0.000698,,,kitt_peak_1993,depth 1.00; 2 windows
127I2 R(106) 31-0,,frequency,18602.796222,0.000671,,,kitt_peak_1993,depth 0.99; 2 windows
127I2 R(107) 31-0,,frequency,18599.623997,0.000753,,,kitt_peak_1993,depth 1.00; 1 window
127I2 R(109) 31-0,,frequency,18593.187931,0.000620,,,kitt_peak_1993,depth 1.00; 2 windows
127I2 R(115) 31-0,,frequency,18573.129674,0.000742,,,kitt_peak_1993,depth 0.99; 1 window
127I2 R(129) 31-0,,frequency,18521.899000,0.001005,,,kitt_peak_1993,depth 0.96; 1 window
127I2 R(16) 31-0,,frequency,18763.582436,0.000688,,,kitt_peak_1993,depth 1.00; 2 windows
127I2 R(17) 31-0,,frequency,18763.126063,0.000930,,,kitt_peak_1993,depth 1.00; 1 window
127I2 R(20) 31-0,,frequency,18761.577193,0.000860,,,kitt_peak_1993,depth 1.00; 1 window
127I2 R(21) 31-0,,frequency,18761.003486,0.000586,,,kitt_peak_1993,depth 1.00; 2 windows
127I2 R(22) 31-0,,frequency,18760.398590,0.000844,,,kitt_peak_1993,depth 1.00; 1 window
127I2 R(24) 31-0,,frequency,18759.101025,0.000631,,,kitt_peak_1993,depth 1.00; 2 windows
127I2 R(25) 31-0,,frequency,18758.407616,0.000665,,,kitt_peak_1993,depth 1.00; 2 windows
127I2 R(27) 31-0,,frequency,18756.932129,0.000995,,,kitt_peak_1993,depth 1.00; 1 window
127I2 R(29) 31-0,,frequency,18755.340030,0.001012,,,kitt_peak_1993,depth 1.00; 1 window
127I2 R(30) 31-0,,frequency,18754.497488,0.000945,,,kitt_peak_1993,depth 1.00; 1 window
127I2 R(31) 31-0,,frequency,18753.627521,0.000664,,,kitt_peak_1993,depth 1.00; 2 windows
127I2 R(33) 31-0,,frequency,18751.795152,0.000556,,,kitt_peak_1993,depth 1.00; 2 windows
127I2 R(36) 31-0,,frequency,18748.826185,0.001009,,,kitt_peak_1993,depth 1.00; 1 window
127I2 R(37) 31-0,,frequency,18747.778232,0.000904,,,kitt_peak_1993,depth 1.00; 1 window
127I2 R(39) 31-0,,frequency,18745.590886,0.000886,,,kitt_peak_1993,depth 1.00; 1 window
127I2 R(40) 31-0,,frequency,18744.453526,0.001014,,,kitt_peak_1993,depth 1.00; 1 window
127I2 R(41) 31-0,,frequency,18743.284295,0.000676,,,kitt_peak_1993,depth 1.00; 1 window
127I2 R(42) 31-0,,frequency,18742.084932,0.000600,,,kitt_peak_1993,depth 1.00; 2 windows
127I2 R(44) 31-0,,frequency,18739.601510,0.000690,,,kitt_peak_1993,depth 1.00; 2 windows
127I2 R(45) 31-0,,frequency,18738.313989,0.000906,,,kitt_peak_1993,depth 1.00; 1 window
127I2 R(47) 31-0,,frequency,18735.651423,0.000702,,,kitt_peak_1993,depth 1.00; 1 window
127I2 R(50) 31-0,,frequency,18731.431788,0.000758,,,kitt_peak_1993,depth 1.00; 1 window
127I2 R(51) 31-0,,frequency,18729.964988,0.000957,,,kitt_peak_1993,depth 1.00; 1 window
127I2 R(52) 31-0,,frequency,18728.470182,0.000704,,,kitt_peak_1993,depth 1.00; 1 window
127I2 R(53) 31-0,,frequency,18726.943147,0.000650,,,kitt_peak_1993,depth 1.00; 1 window
127I2 R(54) 31-0,,frequency,18725.388588,0.000668,,,kitt_peak_1993,depth 1.00; 2 windows
127I2 R(55) 31-0,,frequency,18723.802790,0.000706,,,kitt_peak_1993,depth 1.00; 1 window
127I2 R(57) 31-0,,frequency,18720.541873,0.000432,,,kitt_peak_1993,depth 1.00; 2 windows
127I2 R(58) 31-0,,frequency,18718.866463,0.000804,,,kitt_peak_1993,depth 1.00; 1 window
127I2 R(59) 31-0,,frequency,18717.160253,0.000793,,,kitt_peak_1993,depth 1.00; 1 window
127I2 R(61) 31-0,,frequency,18713.659836,0.000652,,,kitt_peak_1993,depth 1.00; 1 window
127I2 R(62) 31-0,,frequency,18711.862767,0.000851,,,kitt_peak_1993,depth 1.00; 1 window
127I2 R(64) 31-0,,frequency,18708.183285,0.000588,,,kitt_peak_1993,depth 1.00; 2 windows
127I2 R(65) 31-0,,frequency,18706.298133,0.000558,,,kitt_peak_1993,depth 1.00; 2 windows
127I2 R(66) 31-0,,frequency,18704.380306,0.000699,,,kitt_peak_1993,depth 1.00; 1 window
127I2 R(67) 31-0,,frequency,18702.435664,0.000601,,,kitt_peak_1993,depth 1.00; 1 window
127I2 R(68) 31-0,,frequency,18700.458839,0.000678,,,kitt_peak_1993,depth 1.00; 1 window
127I2 R(69) 31-0,,frequency,18698.453254,0.000594,,,kitt_peak_1993,depth 1.00; 2 windows
127I2 R(70) 31-0,,frequency,18696.417112,0.000579,,,kitt_peak_1993,depth 1.00; 2 windows
127I2 R(72) 31-0,,frequency,18692.252458,0.000839,,,kitt_peak_1993,depth 1.00; 1 window
127I2 R(75) 31-0,,frequency,18685.780587,0.000804,,,kitt_peak_1993,depth 1.00; 1 window
127I2 R(88) 31-0,,frequency,18654.570182,0.000760,,,kitt_peak_1993,depth 1.00; 1 window
127I2 R(89) 31-0,,frequency,18651.957211,0.000753,,,kitt_peak_1993,depth 1.00; 1 window
127I2 R(90) 31-0,,frequency,18649.311993,0.000906,,,kitt_peak_1993,depth 1.00; 1 window
127I2 R(91) 31-0,,frequency,18646.635239,0.000980,,,kitt_peak_1993,depth 1.00; 1 window
127I2 R(92) 31-0,,frequency,18643.929249,0.000665,,,kitt_peak_1993,depth 1.00; 2 windows
127I2 R(95) 31-0,,frequency,18635.624222,0.000851,,,kitt_peak_1993,depth 1.00; 1 window
127I2 R(97) 31-0,,frequency,18629.933077,0.000794,,,kitt_peak_1993,depth 1.00; 1 window
127I2 R(98) 31-0,,frequency,18627.042860,0.000783,,,kitt_peak_1993,depth 1.00; 1 window
127I2 P(100) 32-0,,frequency,18676.413179,0.000943,,,kitt_peak_1993,depth 0.99; 1 window
127I2 P(102) 32-0,,frequency,18670.119124,0.000824,,,kitt_peak_1993,depth 0.99; 1 window
127I2 P(103) 32-0,,frequency,18666.926606,0.000686,,,kitt_peak_1993,depth 1.00; 1 window
127I2 P(104) 32-0,,frequency,18663.701471,0.000921,,,kitt_peak_1993,depth 0.99; 1 window
127I2 P(105) 32-0,,frequency,18660.444867,0.000520,,,kitt_peak_1993,depth 1.00; 2 windows
127I2 P(113) 32-0,,frequency,18633.245014,0.000592,,,kitt_peak_1993,depth 1.00; 1 window
127I2 P(125) 32-0,,frequency,18588.595910,0.000677,,,kitt_peak_1993,depth 0.97; 2 windows
127I2 P(129) 32-0,,frequency,18572.675335,0.000887,,,kitt_peak_1993,depth 0.96; 1 window
127I2 P(16) 32-0,,frequency,18829.091090,0.000797,,,kitt_peak_1993,depth 0.99; 1 window
127I2 P(17) 32-0,,frequency,18828.535295,0.000582,,,kitt_peak_1993,depth 1.00; 2 windows
127I2 P(19) 32-0,,frequency,18827.332579,0.000795,,,kitt_peak_1993,depth 1.00; 1 window
127I2 P(22) 32-0,,frequency,18825.302724,0.000784,,,kitt_peak_1993,depth 1.00; 1 window
127I2 P(23) 32-0,,frequency,18824.566888,0.000904,,,kitt_peak_1993,depth 1.00; 1 window
127I2 P(25) 32-0,,frequency,18823.003651,0.000806,,,kitt_peak_1993,depth 1.00; 1 window
127I2 P(27) 32-0,,frequency,18821.318992,0.000702,,,kitt_peak_1993,depth 1.00; 2 windows
127I2 P(28) 32-0,,frequency,18820.430545,0.000984,,,kitt_peak_1993,depth 1.00; 1 window
127I2 P(30) 32-0,,frequency,18818.564720,0.000680,,,kitt_peak_1993,depth 1.00; 2 windows
127I2 P(33) 32-0,,frequency,18815.541135,0.000747,,,kitt_peak_1993,depth 1.00; 1 window
127I2 P(34) 32-0,,frequency,18814.473141,0.000882,,,kitt_peak_1993,depth 1.00; 1 window
127I2 P(35) 32-0,,frequency,18813.374222,0.000908,,,kitt_peak_1993,depth 1.00; 1 window
127I2 P(37) 32-0,,frequency,18811.086227,0.000607,,,kitt_peak_1993,depth 1.00; 1 window
127I2 P(39) 32-0,,frequency,18808.676597,0.000561,,,kitt_peak_1993,depth 1.00; 1 window
127I2 P(40) 32-0,,frequency,18807.425684,0.000656,,,kitt_peak_1993,depth 1.00; 1 window
127I2 P(42) 32-0,,frequency,18804.836700,0.000764,,,kitt_peak_1993,depth 1.00; 1 window
127I2 P(43) 32-0,,frequency,18803.494284,0.000874,,,kitt_peak_1993,depth 1.00; 1 window
127I2 P(44) 32-0,,frequency,18802.123133,0.000656,,,kitt_peak_1993,depth 1.00; 2 windows
127I2 P(45) 32-0,,frequency,18800.722544,0.000718,,,kitt_peak_1993,depth 1.00; 1 window
127I2 P(46) 32-0,,frequency,18799.290236,0.000579,,,kitt_peak_1993,depth 1.00; 2 windows
127I2 P(47) 32-0,,frequency,18797.827409,0.000711,,,kitt_peak_1993,depth 1.00; 1 window
127I2 P(48) 32-0,,frequency,18796.334620,0.000872,,,kitt_peak_1993,depth 1.00; 1 window
127I2 P(49) 32-0,,frequency,18794.812377,0.000727,,,kitt_peak_1993,depth 1.00; 2 windows
127I2 P(50) 32-0,,frequency,18793.258026,0.000773,,,kitt_peak_1993,depth 1.00; 1 window
127I2 P(51) 32-0,,frequency,18791.672492,0.000680,,,kitt_peak_1993,depth 1.00; 1 window
127I2 P(52) 32-0,,frequency,18790.060121,0.000669,,,kitt_peak_1993,depth 1.00; 2 windows
127I2 P(54) 32-0,,frequency,18786.738202,0.000883,,,kitt_peak_1993,depth 1.00; 1 window
127I2 P(57) 32-0,,frequency,18781.529054,0.000556,,,kitt_peak_1993,depth 1.00; 1 window
127I2 P(59) 32-0,,frequency,18777.903446,0.000460,,,kitt_peak_1993,depth 1.00; 2 windows
127I2 P(60) 32-0,,frequency,18776.044746,0.000890,,,kitt_peak_1993,depth 1.00; 1 window
127I2 P(61) 32-0,,frequency,18774.154454,0.000845,,,kitt_peak_1993,depth 1.00; 1 window
127I2 P(63) 32-0,,frequency,18770.285568,0.000707,,,kitt_peak_1993,depth 1.00; 1 window
127I2 P(64) 32-0,,frequency,18768.305736,0.000690,,,kitt_peak_1993,depth 1.00; 2 windows
127I2 P(65) 32-0,,frequency,18766.293303,0.000880,,,kitt_peak_1993,depth 1.00; 1 window
127I2 P(68) 32-0,,frequency,18760.076253,0.000855,,,kitt_peak_1993,depth 1.00; 1 window
127I2 P(69) 32-0,,frequency,18757.940465,0.000783,,,kitt_peak_1993,depth 1.00; 1 window
127I2 P(72) 32-0,,frequency,18751.353445,0.000524,,,kitt_peak_1993,depth 1.00; 2 windows
127I2 P(73) 32-0,,frequency,18749.096350,0.000504,,,kitt_peak_1993,depth 1.00; 2 windows
127I2 P(74) 32-0,,frequency,18746.808621,0.000545,,,kitt_peak_1993,depth 1.00; 2 windows
127I2 P(75) 32-0,,frequency,18744.488727,0.000606,,,kitt_peak_1993,depth 1.00; 2 windows
127I2 P(76) 32-0,,frequency,18742.139538,0.000585,,,kitt_peak_1993,depth 1.00; 2 windows
127I2 P(77) 32-0,,frequency,18739.758996,0.000544,,,kitt_peak_1993,depth 1.00; 2 windows
127I2 P(78) 32-0,,frequency,18737.346302,0.000700,,,kitt_peak_1993,depth 1.00; 2 windows
127I2 P(79) 32-0,,frequency,18734.903062,0.000660,,,kitt_peak_1993,depth 1.00; 2 windows
127I2 P(80) 32-0,,frequency,18732.430736,0.000629,,,kitt_peak_1993,depth 1.00; 2 windows
127I2 P(82) 32-0,,frequency,18727.389925,0.000521,,,kitt_peak_1993,depth 1.00; 2 windows
127I2 P(83) 32-0,,frequency,18724.821557,0.000533,,,kitt_peak_1993,depth 1.00; 2 windows
127I2 P(84) 32-0,,frequency,18722.224357,0.000727,,,kitt_peak_1993,depth 1.00; 1 window
127I2 P(85) 32-0,,frequency,18719.595503,0.000605,,,kitt_peak_1993,depth 1.00; 1 window
127I2 P(86) 32-0,,frequency,18716.937566,0.000700,,,kitt_peak_1993,depth 1.00; 1 window
127I2 P(87) 32-0,,frequency,18714.245129,0.000596,,,kitt_peak_1993,depth 1.00; 1 window
127I2 P(88) 32-0,,frequency,18711.522333,0.000716,,,kitt_peak_1993,depth 1.00; 1 window
127I2 P(89) 32-0,,frequency,18708.769523,0.000959,,,kitt_peak_1993,depth 1.00; 1 window
127I2 P(90) 32-0,,frequency,18705.984919,0.000541,,,kitt_peak_1993,depth 1.00; 2 windows
127I2 P(91) 32-0,,frequency,18703.167931,0.000887,,,kitt_peak_1993,depth 1.00; 1 window
127I2 P(92) 32-0,,frequency,18700.321861,0.000723,,,kitt_peak_1993,depth 1.00; 1 window
127I2 P(95) 32-0,,frequency,18691.590399,0.000613,,,kitt_peak_1993,depth 1.00; 2 windows
127I2 P(99) 32-0,,frequency,18679.510147,0.000988,,,kitt_peak_1993,depth 1.00; 1 window
127I2 R(100) 32-0,,frequency,18685.230757,0.000957,,,kitt_peak_1993,depth 1.00; 1 window
127I2 R(101) 32-0,,frequency,18682.185511,0.000670,,,kitt_peak_1993,depth 1.00; 2 windows
127I2 R(102) 32-0,,frequency,18679.109174,0.001021,,,kitt_peak_1993,depth 0.99; 1 window
127I2 R(104) 32-0,,frequency,18672.859310,0.000886,,,kitt_peak_1993,depth 0.99; 1 window
127I2 R(105) 32-0,,frequency,18669.686378,0.000971,,,kitt_peak_1993,depth 1.00; 1 window
127I2 R(106) 32-0,,frequency,18666.482258,0.000741,,,kitt_peak_1993,depth 0.99; 1 window
127I2 R(109) 32-0,,frequency,18656.679216,0.000851,,,kitt_peak_1993,depth 1.00; 1 window
127I2 R(111) 32-0,,frequency,18649.983332,0.000709,,,kitt_peak_1993,depth 1.00; 1 window
127I2 R(113) 32-0,,frequency,18643.159796,0.000774,,,kitt_peak_1993,depth 1.00; 1 window
127I2 R(114) 32-0,,frequency,18639.698246,0.000720,,,kitt_peak_1993,depth 0.98; 1 window
127I2 R(115) 32-0,,frequency,18636.207654,0.000655,,,kitt_peak_1993,depth 0.99; 2 windows
127I2 R(117) 32-0,,frequency,18629.125394,0.000609,,,kitt_peak_1993,depth 0.99; 2 windows
127I2 R(129) 32-0,,frequency,18583.915654,0.000672,,,kitt_peak_1993,depth 0.96; 2 windows
127I2 R(131) 32-0,,frequency,18575.921932,0.000987,,,kitt_peak_1993,depth 0.94; 1 window
127I2 R(133) 32-0,,frequency,18567.800004,0.001013,,,kitt_peak_1993,depth 0.94; 1 window
127I2 R(18) 32-0,,frequency,18829.597072,0.000935,,,kitt_peak_1993,depth 1.00; 1 window
127I2 R(21) 32-0,,frequency,18827.924612,0.000944,,,kitt_peak_1993,depth 1.00; 1 window
127I2 R(23) 32-0,,frequency,18826.659256,0.000773,,,kitt_peak_1993,depth 1.00; 1 window
127I2 R(24) 32-0,,frequency,18825.981294,0.000583,,,kitt_peak_1993,depth 1.00; 2 windows
127I2 R(26) 32-0,,frequency,18824.535623,0.000859,,,kitt_peak_1993,depth 1.00; 1 window
127I2 R(28) 32-0,,frequency,18822.967386,0.000816,,,kitt_peak_1993,depth 1.00; 1 window
127I2 R(29) 32-0,,frequency,18822.137933,0.000945,,,kitt_peak_1993,depth 1.00; 1 window
127I2 R(31) 32-0,,frequency,18820.389706,0.000897,,,kitt_peak_1993,depth 1.00; 1 window
127I2 R(36) 32-0,,frequency,18815.489510,0.000843,,,kitt_peak_1993,depth 1.00; 1 window
127I2 R(40) 32-0,,frequency,18811.026243,0.000746,,,kitt_peak_1993,depth 1.00; 1 window
127I2 R(42) 32-0,,frequency,18808.612713,0.000705,,,kitt_peak_1993,depth 1.00; 1 window
127I2 R(44) 32-0,,frequency,18806.075543,0.000797,,,kitt_peak_1993,depth 1.00; 1 window
127I2 R(45) 32-0,,frequency,18804.763917,0.000836,,,kitt_peak_1993,depth 1.00; 1 window
127I2 R(46) 32-0,,frequency,18803.418871,0.000780,,,kitt_peak_1993,depth 1.00; 1 window
127I2 R(47) 32-0,,frequency,18802.044705,0.000500,,,kitt_peak_1993,depth 1.00; 2 windows
127I2 R(48) 32-0,,frequency,18800.642310,0.000793,,,kitt_peak_1993,depth 1.00; 1 window
127I2 R(49) 32-0,,frequency,18799.206017,0.000632,,,kitt_peak_1993,depth 1.00; 2 windows
127I2 R(50) 32-0,,frequency,18797.740272,0.000812,,,kitt_peak_1993,depth 1.00; 1 window
127I2 R(51) 32-0,,frequency,18796.243376,0.000804,,,kitt_peak_1993,depth 1.00; 1 window
127I2 R(54) 32-0,,frequency,18791.573477,0.000759,,,kitt_peak_1993,depth 1.00; 1 window
127I2 R(55) 32-0,,frequency,18789.956885,0.000643,,,kitt_peak_1993,depth 1.00; 2 windows
127I2 R(56) 32-0,,frequency,18788.308238,0.000979,,,kitt_peak_1993,depth 1.00; 1 window
127I2 R(57) 32-0,,frequency,18786.627149,0.000798,,,kitt_peak_1993,depth 1.00; 1 window
127I2 R(58) 32-0,,frequency,18784.918305,0.000549,,,kitt_peak_1993,depth 1.00; 2 windows
127I2 R(59) 32-0,,frequency,18783.177615,0.000953,,,kitt_peak_1993,depth 1.00; 1 window
127I2 R(60) 32-0,,frequency,18781.407606,0.000651,,,kitt_peak_1993,depth 1.00; 1 window
127I2 R(61) 32-0,,frequency,18779.605520,0.000636,,,kitt_peak_1993,depth 1.00; 1 window
127I2 R(62) 32-0,,frequency,18777.772895,0.000634,,,kitt_peak_1993,depth 1.00; 2 windows
127I2 R(63) 32-0,,frequency,18775.910836,0.000464,,,kitt_peak_1993,depth 1.00; 2 windows
127I2 R(64) 32-0,,frequency,18774.017069,0.000960,,,kitt_peak_1993,depth 1.00; 1 window
127I2 R(65) 32-0,,frequency,18772.092738,0.000578,,,kitt_peak_1993,depth 1.00; 1 window
127I2 R(67) 32-0,,frequency,18768.152888,0.000499,,,kitt_peak_1993,depth 1.00; 2 windows
127I2 R(68) 32-0,,frequency,18766.135641,0.001000,,,kitt_peak_1993,depth 1.00; 1 window
127I2 R(69) 32-0,,frequency,18764.091635,0.000974,,,kitt_peak_1993,depth 1.00; 1 window
127I2 R(70) 32-0,,frequency,18762.010863,0.000967,,,kitt_peak_1993,depth 1.00; 1 window
127I2 R(71) 32-0,,frequency,18759.902192,0.000902,,,kitt_peak_1993,depth 1.00; 1 window
127I2 R(73) 32-0,,frequency,18755.592246,0.000684,,,kitt_peak_1993,depth 1.00; 1 window
127I2 R(75) 32-0,,frequency,18751.158819,0.000871,,,kitt_peak_1993,depth 1.00; 1 window
127I2 R(76) 32-0,,frequency,18748.894962,0.000679,,,kitt_peak_1993,depth 1.00; 2 windows
127I2 R(79) 32-0,,frequency,18741.921918,0.000521,,,kitt_peak_1993,depth 1.00; 2 windows
127I2 R(81) 32-0,,frequency,18737.116316,0.000717,,,kitt_peak_1993,depth 1.00; 2 windows
127I2 R(82) 32-0,,frequency,18734.665517,0.000558,,,kitt_peak_1993,depth 1.00; 2 windows
127I2 R(83) 32-0,,frequency,18732.186270,0.000615,,,kitt_peak_1993,depth 1.00; 2 windows
127I2 R(84) 32-0,,frequency,18729.673800,0.000486,,,kitt_peak_1993,depth 1.00; 2 windows
127I2 R(85) 32-0,,frequency,18727.129942,0.000596,,,kitt_peak_1993,depth 1.00; 1 window
127I2 R(86) 32-0,,frequency,18724.557681,0.000938,,,kitt_peak_1993,depth 1.00; 1 window
127I2 R(87) 32-0,,frequency,18721.951933,0.000547,,,kitt_peak_1993,depth 1.00; 1 window
127I2 R(88) 32-0,,frequency,18719.316282,0.000649,,,kitt_peak_1993,depth 1.00; 1 window
127I2 R(89) 32-0,,frequency,18716.647932,0.000597,,,kitt_peak_1993,depth 1.00; 1 window
127I2 R(90) 32-0,,frequency,18713.948629,0.000748,,,kitt_peak_1993,depth 1.00; 1 window
127I2 R(92) 32-0,,frequency,18708.457444,0.000540,,,kitt_peak_1993,depth 1.00; 2 windows
127I2 R(93) 32-0,,frequency,18705.664500,0.000571,,,kitt_peak_1993,depth 1.00; 2 windows
127I2 R(95) 32-0,,frequency,18699.983403,0.000642,,,kitt_peak_1993,depth 1.00; 1 window
127I2 R(97) 32-0,,frequency,18694.178043,0.000608,,,kitt_peak_1993,depth 1.00; 2 windows
127I2 R(99) 32-0,,frequency,18688.244214,0.000703,,,kitt_peak_1993,depth 1.00; 1 window
127I2 P(101) 33-0,,frequency,18735.234851,0.000666,,,kitt_peak_1993,depth 1.00; 1 window
127I2 P(102) 33-0,,frequency,18732.011981,0.000717,,,kitt_peak_1993,depth 1.00; 2 windows
127I2 P(103) 33-0,,frequency,18728.753879,0.000828,,,kitt_peak_1993,depth 1.00; 1 window
127I2 P(106) 33-0,,frequency,18718.792137,0.000933,,,kitt_peak_1993,depth 0.99; 1 window
127I2 P(109) 33-0,,frequency,18708.540509,0.000664,,,kitt_peak_1993,depth 1.00; 2 windows
127I2 P(110) 33-0,,frequency,18705.056828,0.000825,,,kitt_peak_1993,depth 0.99; 1 window
127I2 P(111) 33-0,,frequency,18701.541740,0.000606,,,kitt_peak_1993,depth 1.00; 2 windows
127I2 P(112) 33-0,,frequency,18697.992394,0.000884,,,kitt_peak_1993,depth 0.97; 1 window
127I2 P(121) 33-0,,frequency,18664.583386,0.000969,,,kitt_peak_1993,depth 0.98; 1 window
127I2 P(127) 33-0,,frequency,18640.821052,0.000567,,,kitt_peak_1993,depth 0.96; 2 windows
127I2 P(17) 33-0,,frequency,18893.416334,0.000965,,,kitt_peak_1993,depth 1.00; 1 window
127I2 P(21) 33-0,,frequency,18890.849982,0.000648,,,kitt_peak_1993,depth 1.00; 2 windows
127I2 P(23) 33-0,,frequency,18889.381113,0.000938,,,kitt_peak_1993,depth 1.00; 1 window
127I2 P(26) 33-0,,frequency,18886.948209,0.000923,,,kitt_peak_1993,depth 1.00; 1 window
127I2 P(29) 33-0,,frequency,18884.236036,0.000867,,,kitt_peak_1993,depth 1.00; 1 window
127I2 P(30) 33-0,,frequency,18883.273385,0.000633,,,kitt_peak_1993,depth 1.00; 2 windows
127I2 P(31) 33-0,,frequency,18882.279124,0.000807,,,kitt_peak_1993,depth 1.00; 1 window
127I2 P(33) 33-0,,frequency,18880.195379,0.000839,,,kitt_peak_1993,depth 1.00; 1 window
127I2 P(34) 33-0,,frequency,18879.106036,0.000661,,,kitt_peak_1993,depth 1.00; 2 windows
127I2 P(35) 33-0,,frequency,18877.986540,0.000949,,,kitt_peak_1993,depth 1.00; 1 window
127I2 P(37) 33-0,,frequency,18875.657299,0.000763,,,kitt_peak_1993,depth 1.00; 1 window
127I2 P(38) 33-0,,frequency,18874.445682,0.000817,,,kitt_peak_1993,depth 1.00; 1 window
127I2 P(39) 33-0,,frequency,18873.204980,0.000859,,,kitt_peak_1993,depth 1.00; 1 window
127I2 P(40) 33-0,,frequency,18871.931476,0.000611,,,kitt_peak_1993,depth 1.00; 2 windows
127I2 P(41) 33-0,,frequency,18870.627522,0.000904,,,kitt_peak_1993,depth 1.00; 1 window
127I2 P(42) 33-0,,frequency,18869.292555,0.000607,,,kitt_peak_1993,depth 1.00; 2 windows
127I2 P(43) 33-0,,frequency,18867.926468,0.000757,,,kitt_peak_1993,depth 1.00; 1 window
127I2 P(45) 33-0,,frequency,18865.103685,0.000795,,,kitt_peak_1993,depth 1.00; 1 window
127I2 P(46) 33-0,,frequency,18863.643713,0.000998,,,kitt_peak_1993,depth 1.00; 1 window
127I2 P(47) 33-0,,frequency,18862.154802,0.000474,,,kitt_peak_1993,depth 1.00; 2 windows
127I2 P(50) 33-0,,frequency,18857.500762,0.000529,,,kitt_peak_1993,depth 1.00; 2 windows
127I2 P(51) 33-0,,frequency,18855.885881,0.000652,,,kitt_peak_1993,depth 1.00; 1 window
127I2 P(52) 33-0,,frequency,18854.242824,0.000773,,,kitt_peak_1993,depth 1.00; 1 window
127I2 P(53) 33-0,,frequency,18852.566065,0.000581,,,kitt_peak_1993,depth 1.00; 2 windows
127I2 P(54) 33-0,,frequency,18850.861286,0.000867,,,kitt_peak_1993,depth 1.00; 1 window
127I2 P(55) 33-0,,frequency,18849.123354,0.000708,,,kitt_peak_1993,depth 1.00; 1 window
127I2 P(56) 33-0,,frequency,18847.354415,0.000654,,,kitt_peak_1993,depth 1.00; 2 windows
127I2 P(57) 33-0,,frequency,18845.554920,0.000554,,,kitt_peak_1993,depth 1.00; 2 windows
127I2 P(59) 33-0,,frequency,18841.861087,0.000672,,,kitt_peak_1993,depth 1.00; 1 window
127I2 P(60) 33-0,,frequency,18839.968087,0.000726,,,kitt_peak_1993,depth 1.00; 1 window
127I2 P(61) 33-0,,frequency,18838.043780,0.000468,,,kitt_peak_1993,depth 1.00; 2 windows
127I2 P(62) 33-0,,frequency,18836.089860,0.000635,,,kitt_peak_1993,depth 1.00; 1 window
127I2 P(63) 33-0,,frequency,18834.102884,0.000820,,,kitt_peak_1993,depth 1.00; 1 window
127I2 P(65) 33-0,,frequency,18830.031612,0.000827,,,kitt_peak_1993,depth 1.00; 1 window
127I2 P(67) 33-0,,frequency,18825.840792,0.000519,,,kitt_peak_1993,depth 1.00; 2 windows
127I2 P(68) 33-0,,frequency,18823.696794,0.000686,,,kitt_peak_1993,depth 1.00; 2 windows
127I2 P(69) 33-0,,frequency,18821.522598,0.000584,,,kitt_peak_1993,depth 1.00; 2 windows
127I2 P(70) 33-0,,frequency,18819.317154,0.000839,,,kitt_peak_1993,depth 1.00; 1 window
127I2 P(71) 33-0,,frequency,18817.079785,0.000902,,,kitt_peak_1993,depth 1.00; 1 window
127I2 P(73) 33-0,,frequency,18812.510373,0.000761,,,kitt_peak_1993,depth 1.00; 1 window
127I2 P(77) 33-0,,frequency,18802.994200,0.000597,,,kitt_peak_1993,depth 1.00; 1 window
127I2 P(78) 33-0,,frequency,18800.539939,0.000850,,,kitt_peak_1993,depth 1.00; 1 window
127I2 P(79) 33-0,,frequency,18798.046931,0.000704,,,kitt_peak_1993,depth 1.00; 1 window
127I2 P(80) 33-0,,frequency,18795.525689,0.000894,,,kitt_peak_1993,depth 1.00; 1 window
127I2 P(81) 33-0,,frequency,18792.974349,0.000792,,,kitt_peak_1993,depth 1.00; 1 window
127I2 P(83) 33-0,,frequency,18787.772787,0.000543,,,kitt_peak_1993,depth 1.00; 2 windows
127I2 P(84) 33-0,,frequency,18785.127516,0.000703,,,kitt_peak_1993,depth 1.00; 2 windows
127I2 P(85) 33-0,,frequency,18782.445826,0.000475,,,kitt_peak_1993,depth 1.00; 2 windows
127I2 P(87) 33-0,,frequency,18776.992734,0.000815,,,kitt_peak_1993,depth 1.00; 1 window
127I2 P(88) 33-0,,frequency,18774.216437,0.000823,,,kitt_peak_1993,depth 1.00; 1 window
127I2 P(89) 33-0,,frequency,18771.411262,0.000626,,,kitt_peak_1993,depth 1.00; 1 window
127I2 P(90) 33-0,,frequency,18768.571798,0.000590,,,kitt_peak_1993,depth 1.00; 2 windows
127I2 P(95) 33-0,,frequency,18753.899632,0.000531,,,kitt_peak_1993,depth 1.00; 2 windows
127I2 P(96) 33-0,,frequency,18750.867054,0.000864,,,kitt_peak_1993,depth 1.00; 1 window
127I2 P(98) 33-0,,frequency,18744.711148,0.000650,,,kitt_peak_1993,depth 1.00; 2 windows
127I2 R(100) 33-0,,frequency,18747.122100,0.000640,,,kitt_peak_1993,depth 1.00; 2 windows
127I2 R(101) 33-0,,frequency,18744.013970,0.000607,,,kitt_peak_1993,depth 1.00; 2 windows
127I2 R(103) 33-0,,frequency,18737.700169,0.000864,,,kitt_peak_1993,depth 1.00; 1 window
127I2 R(104) 33-0,,frequency,18734.496648,0.000590,,,kitt_peak_1993,depth 0.99; 2 windows
127I2 R(106) 33-0,,frequency,18727.988924,0.000734,,,kitt_peak_1993,depth 0.99; 1 window
127I2 R(107) 33-0,,frequency,18724.685935,0.000669,,,kitt_peak_1993,depth 1.00; 1 window
127I2 R(109) 33-0,,frequency,18717.982951,0.000448,,,kitt_peak_1993,depth 1.00; 2 windows
127I2 R(110) 33-0,,frequency,18714.582871,0.000836,,,kitt_peak_1993,depth 0.99; 1 window
127I2 R(111) 33-0,,frequency,18711.150055,0.000668,,,kitt_peak_1993,depth 1.00; 2 windows
127I2 R(112) 33-0,,frequency,18707.683023,0.000824,,,kitt_peak_1993,depth 0.98; 1 window
127I2 R(113) 33-0,,frequency,18704.184916,0.000886,,,kitt_peak_1993,depth 1.00; 1 window
127I2 R(114) 33-0,,frequency,18700.653712,0.000888,,,kitt_peak_1993,depth 0.98; 1 window
127I2 R(117) 33-0,,frequency,18689.861483,0.000892,,,kitt_peak_1993,depth 0.99; 1 window
127I2 R(122) 33-0,,frequency,18671.213741,0.000911,,,kitt_peak_1993,depth 0.94; 1 window
127I2 R(123) 33-0,,frequency,18667.384749,0.000790,,,kitt_peak_1993,depth 0.98; 1 window
127I2 R(125) 33-0,,frequency,18659.628343,0.000962,,,kitt_peak_1993,depth 0.97; 1 window
127I2 R(127) 33-0,,frequency,18651.734954,0.000911,,,kitt_peak_1993,depth 0.96; 1 window
127I2 R(129) 33-0,,frequency,18643.709306,0.000667,,,kitt_peak_1993,depth 0.95; 2 windows
127I2 R(13) 33-0,,frequency,18896.678961,0.000906,,,kitt_peak_1993,depth 0.99; 1 window
127I2 R(17) 33-0,,frequency,18894.951389,0.000981,,,kitt_peak_1993,depth 1.00; 1 window
127I2 R(24) 33-0,,frequency,18890.753393,0.000705,,,kitt_peak_1993,depth 1.00; 2 windows
127I2 R(26) 33-0,,frequency,18889.275819,0.000987,,,kitt_peak_1993,depth 1.00; 1 window
127I2 R(27) 33-0,,frequency,18888.490435,0.000980,,,kitt_peak_1993,depth 1.00; 1 window
127I2 R(28) 33-0,,frequency,18887.675048,0.000869,,,kitt_peak_1993,depth 1.00; 1 window
127I2 R(29) 33-0,,frequency,18886.827801,0.000952,,,kitt_peak_1993,depth 1.00; 1 window
127I2 R(30) 33-0,,frequency,18885.951243,0.000656,,,kitt_peak_1993,depth 1.00; 2 windows
127I2 R(31) 33-0,,frequency,18885.042771,0.000841,,,kitt_peak_1993,depth 1.00; 1 window
127I2 R(32) 33-0,,frequency,18884.105204,0.000870,,,kitt_peak_1993,depth 1.00; 1 window
127I2 R(33) 33-0,,frequency,18883.134883,0.000965,,,kitt_peak_1993,depth 1.00; 1 window
127I2 R(34) 33-0,,frequency,18882.133440,0.000811,,,kitt_peak_1993,depth 1.00; 1 window
127I2 R(35) 33-0,,frequency,18881.103598,0.000555,,,kitt_peak_1993,depth 1.00; 2 windows
127I2 R(37) 33-0,,frequency,18878.947785,0.000500,,,kitt_peak_1993,depth 1.00; 2 windows
127I2 R(39) 33-0,,frequency,18876.669366,0.000588,,,kitt_peak_1993,depth 1.00; 2 windows
127I2 R(41) 33-0,,frequency,18874.266668,0.000653,,,kitt_peak_1993,depth 1.00; 2 windows
127I2 R(42) 33-0,,frequency,18873.019795,0.000905,,,kitt_peak_1993,depth 1.00; 1 window
127I2 R(43) 33-0,,frequency,18871.740944,0.000535,,,kitt_peak_1993,depth 1.00; 2 windows
127I2 R(44) 33-0,,frequency,18870.432337,0.000992,,,kitt_peak_1993,depth 1.00; 1 window
127I2 R(45) 33-0,,frequency,18869.093905,0.000655,,,kitt_peak_1993,depth 1.00; 2 windows
127I2 R(46) 33-0,,frequency,18867.719676,0.000810,,,kitt_peak_1993,depth 1.00; 1 window
127I2 R(48) 33-0,,frequency,18864.883787,0.000841,,,kitt_peak_1993,depth 1.00; 1 window
127I2 R(50) 33-0,,frequency,18861.924033,0.000505,,,kitt_peak_1993,depth 1.00; 2 windows
127I2 R(51) 33-0,,frequency,18860.397622,0.000675,,,kitt_peak_1993,depth 1.00; 1 window
127I2 R(53) 33-0,,frequency,18857.249590,0.000521,,,kitt_peak_1993,depth 1.00; 2 windows
127I2 R(54) 33-0,,frequency,18855.631699,0.000793,,,kitt_peak_1993,depth 1.00; 1 window
127I2 R(55) 33-0,,frequency,18853.981014,0.000692,,,kitt_peak_1993,depth 1.00; 1 window
127I2 R(56) 33-0,,frequency,18852.297276,0.000650,,,kitt_peak_1993,depth 1.00; 2 windows
127I2 R(57) 33-0,,frequency,18850.585367,0.000761,,,kitt_peak_1993,depth 1.00; 1 window
127I2 R(58) 33-0,,frequency,18848.841081,0.000586,,,kitt_peak_1993,depth 1.00; 1 window
127I2 R(61) 33-0,,frequency,18843.419710,0.000643,,,kitt_peak_1993,depth 1.00; 1 window
127I2 R(62) 33-0,,frequency,18841.551689,0.000851,,,kitt_peak_1993,depth 1.00; 1 window
127I2 R(63) 33-0,,frequency,18839.652026,0.000687,,,kitt_peak_1993,depth 1.00; 1 window
127I2 R(64) 33-0,,frequency,18837.717298,0.000625,,,kitt_peak_1993,depth 1.00; 2 windows
127I2 R(65) 33-0,,frequency,18835.754738,0.000497,,,kitt_peak_1993,depth 1.00; 2 windows
127I2 R(68) 33-0,,frequency,18829.678260,0.000906,,,kitt_peak_1993,depth 1.00; 1 window
127I2 R(69) 33-0,,frequency,18827.587978,0.000744,,,kitt_peak_1993,depth 1.00; 1 window
127I2 R(70) 33-0,,frequency,18825.466372,0.000905,,,kitt_peak_1993,depth 1.00; 1 window
127I2 R(72) 33-0,,frequency,18821.133961,0.000565,,,kitt_peak_1993,depth 1.00; 2 windows
127I2 R(73) 33-0,,frequency,18818.918728,0.000636,,,kitt_peak_1993,depth 1.00; 2 windows
127I2 R(74) 33-0,,frequency,18816.674505,0.000580,,,kitt_peak_1993,depth 1.00; 2 windows
127I2 R(75) 33-0,,frequency,18814.395170,0.000907,,,kitt_peak_1993,depth 1.00; 1 window
127I2 R(79) 33-0,,frequency,18804.968061,0.000597,,,kitt_peak_1993,depth 1.00; 1 window
127I2 R(80) 33-0,,frequency,18802.532791,0.000895,,,kitt_peak_1993,depth 1.00; 1 window
127I2 R(81) 33-0,,frequency,18800.065506,0.000750,,,kitt_peak_1993,depth 1.00; 1 window
127I2 R(82) 33-0,,frequency,18797.566469,0.000887,,,kitt_peak_1993,depth 1.00; 1 window
127I2 R(84) 33-0,,frequency,18792.473266,0.000622,,,kitt_peak_1993,depth 1.00; 2 windows
127I2 R(85) 33-0,,frequency,18789.879048,0.000557,,,kitt_peak_1993,depth 1.00; 2 windows
127I2 R(86) 33-0,,frequency,18787.250304,0.000673,,,kitt_peak_1993,depth 1.00; 2 windows
127I2 R(87) 33-0,,frequency,18784.593656,0.000684,,,kitt_peak_1993,depth 1.00; 1 window
127I2 R(88) 33-0,,frequency,18781.902855,0.000626,,,kitt_peak_1993,depth 1.00; 1 window
127I2 R(89) 33-0,,frequency,18779.180817,0.000672,,,kitt_peak_1993,depth 1.00; 1 window
127I2 R(90) 33-0,,frequency,18776.427100,0.000892,,,kitt_peak_1993,depth 1.00; 1 window
127I2 R(92) 33-0,,frequency,18770.823079,0.000552,,,kitt_peak_1993,depth 1.00; 2 windows
127I2 R(93) 33-0,,frequency,18767.972987,0.000628,,,kitt_peak_1993,depth 1.00; 2 windows
127I2 R(98) 33-0,,frequency,18753.240363,0.000898,,,kitt_peak_1993,depth 1.00; 1 window
127I2 R(99) 33-0,,frequency,18750.196300,0.000897,,,kitt_peak_1993,depth 1.00; 1 window
127I2 P(102) 34-0,,frequency,18791.725327,0.000836,,,kitt_peak_1993,depth 0.99; 1 window
127I2 P(104) 34-0,,frequency,18785.054509,0.000691,,,kitt_peak_1993,depth 0.99; 2 windows
127I2 P(105) 34-0,,frequency,18781.667262,0.000735,,,kitt_peak_1993,depth 1.00; 1 window
127I2 P(106) 34-0,,frequency,18778.248560,0.000971,,,kitt_peak_1993,depth 0.99; 1 window
127I2 P(107) 34-0,,frequency,18774.796535,0.000618,,,kitt_peak_1993,depth 1.00; 1 window
127I2 P(108) 34-0,,frequency,18771.312556,0.000770,,,kitt_peak_1993,depth 0.98; 1 window
127I2 P(109) 34-0,,frequency,18767.793114,0.000866,,,kitt_peak_1993,depth 0.99; 1 window
127I2 P(114) 34-0,,frequency,18749.701211,0.000964,,,kitt_peak_1993,depth 0.98; 1 window
127I2 P(115) 34-0,,frequency,18745.982612,0.001004,,,kitt_peak_1993,depth 1.00; 1 window
127I2 P(116) 34-0,,frequency,18742.230203,0.000689,,,kitt_peak_1993,depth 0.97; 2 windows
127I2 P(119) 34-0,,frequency,18730.770449,0.000846,,,kitt_peak_1993,depth 0.99; 1 window
127I2 P(12) 34-0,,frequency,18958.746274,0.000987,,,kitt_peak_1993,depth 0.95; 1 window
127I2 P(122) 34-0,,frequency,18719.005410,0.000869,,,kitt_peak_1993,depth 0.94; 1 window
127I2 P(123) 34-0,,frequency,18715.017424,0.000901,,,kitt_peak_1993,depth 0.98; 1 window
127I2 P(125) 34-0,,frequency,18706.938983,0.000845,,,kitt_peak_1993,depth 0.97; 1 window
127I2 P(13) 34-0,,frequency,18958.300893,0.000996,,,kitt_peak_1993,depth 0.99; 1 window
127I2 P(141) 34-0,,frequency,18637.370758,0.001008,,,kitt_peak_1993,depth 0.84; 1 window
127I2 P(19) 34-0,,frequency,18954.945838,0.001021,,,kitt_peak_1993,depth 1.00; 1 window
127I2 P(21) 34-0,,frequency,18953.576963,0.000947,,,kitt_peak_1993,depth 1.00; 1 window
127I2 P(22) 34-0,,frequency,18952.843885,0.001008,,,kitt_peak_1993,depth 1.00; 1 window
127I2 P(23) 34-0,,frequency,18952.082453,0.000882,,,kitt_peak_1993,depth 1.00; 1 window
127I2 P(27) 34-0,,frequency,18948.719354,0.000605,,,kitt_peak_1993,depth 1.00; 2 windows
127I2 P(31) 34-0,,frequency,18944.854379,0.000826,,,kitt_peak_1993,depth 1.00; 1 window
127I2 P(32) 34-0,,frequency,18943.810665,0.001019,,,kitt_peak_1993,depth 1.00; 1 window
127I2 P(33) 34-0,,frequency,18942.732389,0.000775,,,kitt_peak_1993,depth 1.00; 1 window
127I2 P(34) 34-0,,frequency,18941.625320,0.000800,,,kitt_peak_1993,depth 1.00; 1 window
127I2 P(35) 34-0,,frequency,18940.485591,0.000869,,,kitt_peak_1993,depth 1.00; 1 window
127I2 P(36) 34-0,,frequency,18939.315593,0.000858,,,kitt_peak_1993,depth 1.00; 1 window
127I2 P(37) 34-0,,frequency,18938.114029,0.000732,,,kitt_peak_1993,depth 1.00; 1 window
127I2 P(38) 34-0,,frequency,18936.881131,0.000914,,,kitt_peak_1993,depth 1.00; 1 window
127I2 P(40) 34-0,,frequency,18934.320382,0.000628,,,kitt_peak_1993,depth 1.00; 2 windows
127I2 P(41) 34-0,,frequency,18932.992737,0.000804,,,kitt_peak_1993,depth 1.00; 1 window
127I2 P(42) 34-0,,frequency,18931.631381,0.001008,,,kitt_peak_1993,depth 1.00; 1 window
127I2 P(43) 34-0,,frequency,18930.241843,0.000972,,,kitt_peak_1993,depth 1.00; 1 window
127I2 P(44) 34-0,,frequency,18928.818601,0.000556,,,kitt_peak_1993,depth 1.00; 2 windows
127I2 P(45) 34-0,,frequency,18927.365440,0.000720,,,kitt_peak_1993,depth 1.00; 1 window
127I2 P(47) 34-0,,frequency,18924.362710,0.000492,,,kitt_peak_1993,depth 1.00; 2 windows
127I2 P(48) 34-0,,frequency,18922.813979,0.000726,,,kitt_peak_1993,depth 1.00; 1 window
127I2 P(49) 34-0,,frequency,18921.234249,0.000776,,,kitt_peak_1993,depth 1.00; 1 window
127I2 P(50) 34-0,,frequency,18919.623234,0.000565,,,kitt_peak_1993,depth 1.00; 2 windows
127I2 P(51) 34-0,,frequency,18917.979896,0.000996,,,kitt_peak_1993,depth 1.00; 1 window
127I2 P(52) 34-0,,frequency,18916.304459,0.000923,,,kitt_peak_1993,depth 1.00; 1 window
127I2 P(53) 34-0,,frequency,18914.597388,0.000660,,,kitt_peak_1993,depth 1.00; 2 windows
127I2 P(54) 34-0,,frequency,18912.858867,0.000901,,,kitt_peak_1993,depth 1.00; 1 window
127I2 P(55) 34-0,,frequency,18911.088407,0.000667,,,kitt_peak_1993,depth 1.00; 1 window
127I2 P(57) 34-0,,frequency,18907.453231,0.000477,,,kitt_peak_1993,depth 1.00; 2 windows
127I2 P(58) 34-0,,frequency,18905.587788,0.000788,,,kitt_peak_1993,depth 1.00; 1 window
127I2 P(60) 34-0,,frequency,18901.763285,0.000628,,,kitt_peak_1993,depth 1.00; 1 window
127I2 P(61) 34-0,,frequency,18899.800775,0.000753,,,kitt_peak_1993,depth 1.00; 1 window
127I2 P(63) 34-0,,frequency,18895.785201,0.000653,,,kitt_peak_1993,depth 1.00; 2 windows
127I2 P(64) 34-0,,frequency,18893.728272,0.000784,,,kitt_peak_1993,depth 1.00; 1 window
127I2 P(65) 34-0,,frequency,18891.640707,0.000995,,,kitt_peak_1993,depth 1.00; 1 window
127I2 P(66) 34-0,,frequency,18889.519063,0.000976,,,kitt_peak_1993,depth 1.00; 1 window
127I2 P(67) 34-0,,frequency,18887.369160,0.000863,,,kitt_peak_1993,depth 1.00; 1 window
127I2 P(69) 34-0,,frequency,18882.967863,0.000744,,,kitt_peak_1993,depth 1.00; 1 window
127I2 P(70) 34-0,,frequency,18880.718692,0.000977,,,kitt_peak_1993,depth 1.00; 1 window
127I2 P(71) 34-0,,frequency,18878.439638,0.000598,,,kitt_peak_1993,depth 1.00; 2 windows
127I2 P(73) 34-0,,frequency,18873.784811,0.000567,,,kitt_peak_1993,depth 1.00; 2 windows
127I2 P(74) 34-0,,frequency,18871.406721,0.000653,,,kitt_peak_1993,depth 1.00; 2 windows
127I2 P(75) 34-0,,frequency,18868.998715,0.000613,,,kitt_peak_1993,depth 1.00; 2 windows
127I2 P(77) 34-0,,frequency,18864.084896,0.000559,,,kitt_peak_1993,depth 1.00; 2 windows
127I2 P(78) 34-0,,frequency,18861.580362,0.000827,,,kitt_peak_1993,depth 1.00; 1 window
127I2 P(79) 34-0,,frequency,18859.043890,0.000990,,,kitt_peak_1993,depth 1.00; 1 window
127I2 P(80) 34-0,,frequency,18856.473828,0.000834,,,kitt_peak_1993,depth 1.00; 1 window
127I2 P(81) 34-0,,frequency,18853.872636,0.000737,,,kitt_peak_1993,depth 1.00; 1 window
127I2 P(83) 34-0,,frequency,18848.572212,0.000574,,,kitt_peak_1993,depth 1.00; 1 window
127I2 P(85) 34-0,,frequency,18843.144338,0.000610,,,kitt_peak_1993,depth 1.00; 2 windows
127I2 P(86) 34-0,,frequency,18840.379013,0.000530,,,kitt_peak_1993,depth 1.00; 2 windows
127I2 P(87) 34-0,,frequency,18837.582963,0.000769,,,kitt_peak_1993,depth 1.00; 1 window
127I2 P(91) 34-0,,frequency,18826.075032,0.000687,,,kitt_peak_1993,depth 1.00; 2 windows
127I2 P(92) 34-0,,frequency,18823.116159,0.000816,,,kitt_peak_1993,depth 1.00; 1 window
127I2 P(96) 34-0,,frequency,18810.953850,0.000755,,,kitt_peak_1993,depth 1.00; 1 window
127I2 P(98) 34-0,,frequency,18804.675486,0.000661,,,kitt_peak_1993,depth 1.00; 2 windows
127I2 P(99) 34-0,,frequency,18801.488150,0.000880,,,kitt_peak_1993,depth 1.00; 1 window
127I2 R(100) 34-0,,frequency,18806.836340,0.000483,,,kitt_peak_1993,depth 1.00; 2 windows
127I2 R(101) 34-0,,frequency,18803.665658,0.000810,,,kitt_peak_1993,depth 1.00; 1 window
127I2 R(103) 34-0,,frequency,18797.222514,0.000609,,,kitt_peak_1993,depth 1.00; 2 windows
127I2 R(105) 34-0,,frequency,18790.648143,0.000768,,,kitt_peak_1993,depth 1.00; 1 window
127I2 R(106) 34-0,,frequency,18787.309349,0.000714,,,kitt_peak_1993,depth 0.99; 2 windows
127I2 R(107) 34-0,,frequency,18783.940455,0.000768,,,kitt_peak_1993,depth 1.00; 1 window
127I2 R(109) 34-0,,frequency,18777.099703,0.000806,,,kitt_peak_1993,depth 1.00; 1 window
127I2 R(11) 34-0,,frequency,18960.165918,0.000878,,,kitt_peak_1993,depth 0.97; 1 window
127I2 R(113) 34-0,,frequency,18763.015211,0.000961,,,kitt_peak_1993,depth 1.00; 1 window
127I2 R(114) 34-0,,frequency,18759.409496,0.001020,,,kitt_peak_1993,depth 0.98; 1 window
127I2 R(121) 34-0,,frequency,18733.233131,0.000981,,,kitt_peak_1993,depth 0.98; 1 window
127I2 R(124) 34-0,,frequency,18721.505820,0.000882,,,kitt_peak_1993,depth 0.94; 1 window
127I2 R(125) 34-0,,frequency,18717.528214,0.000816,,,kitt_peak_1993,depth 0.97; 1 window
127I2 R(129) 34-0,,frequency,18701.278889,0.000637,,,kitt_peak_1993,depth 0.96; 2 windows
127I2 R(17) 34-0,,frequency,18957.706261,0.000688,,,kitt_peak_1993,depth 1.00; 2 windows
127I2 R(19) 34-0,,frequency,18956.635059,0.001020,,,kitt_peak_1993,depth 1.00; 1 window
127I2 R(21) 34-0,,frequency,18955.441242,0.000662,,,kitt_peak_1993,depth 1.00; 2 windows
127I2 R(22) 34-0,,frequency,18954.795158,0.001015,,,kitt_peak_1993,depth 1.00; 1 window
127I2 R(23) 34-0,,frequency,18954.119329,0.000995,,,kitt_peak_1993,depth 1.00; 1 window
127I2 R(25) 34-0,,frequency,18952.672973,0.000866,,,kitt_peak_1993,depth 1.00; 1 window
127I2 R(30) 34-0,,frequency,18948.510154,0.000966,,,kitt_peak_1993,depth 1.00; 1 window
127I2 R(31) 34-0,,frequency,18947.581696,0.000826,,,kitt_peak_1993,depth 1.00; 1 window
127I2 R(33) 34-0,,frequency,18945.633619,0.000646,,,kitt_peak_1993,depth 1.00; 2 windows
127I2 R(34) 34-0,,frequency,18944.613563,0.000968,,,kitt_peak_1993,depth 1.00; 1 window
127I2 R(36) 34-0,,frequency,18942.474036,0.000875,,,kitt_peak_1993,depth 1.00; 1 window
127I2 R(39) 34-0,,frequency,18939.034260,0.000597,,,kitt_peak_1993,depth 1.00; 2 windows
127I2 R(40) 34-0,,frequency,18937.823423,0.000785,,,kitt_peak_1993,depth 1.00; 1 window
127I2 R(41) 34-0,,frequency,18936.581344,0.000529,,,kitt_peak_1993,depth 1.00; 2 windows
127I2 R(43) 34-0,,frequency,18934.004941,0.000665,,,kitt_peak_1993,depth 1.00; 2 windows
127I2 R(44) 34-0,,frequency,18932.666361,0.000795,,,kitt_peak_1993,depth 1.00; 1 window
127I2 R(45) 34-0,,frequency,18931.298926,0.000537,,,kitt_peak_1993,depth 1.00; 2 windows
127I2 R(46) 34-0,,frequency,18929.899629,0.000910,,,kitt_peak_1993,depth 1.00; 1 window
127I2 R(47) 34-0,,frequency,18928.468191,0.000764,,,kitt_peak_1993,depth 1.00; 1 window
127I2 R(49) 34-0,,frequency,18925.509709,0.000861,,,kitt_peak_1993,depth 1.00; 1 window
127I2 R(50) 34-0,,frequency,18923.984746,0.000566,,,kitt_peak_1993,depth 1.00; 2 windows
127I2 R(51) 34-0,,frequency,18922.427263,0.000691,,,kitt_peak_1993,depth 1.00; 1 window
127I2 R(52) 34-0,,frequency,18920.837409,0.000778,,,kitt_peak_1993,depth 1.00; 1 window
127I2 R(54) 34-0,,frequency,18917.563202,0.000898,,,kitt_peak_1993,depth 1.00; 2 windows
127I2 R(55) 34-0,,frequency,18915.879117,0.000772,,,kitt_peak_1993,depth 1.00; 1 window
127I2 R(56) 34-0,,frequency,18914.162434,0.000887,,,kitt_peak_1993,depth 1.00; 1 window
127I2 R(57) 34-0,,frequency,18912.414850,0.000580,,,kitt_peak_1993,depth 1.00; 2 windows
127I2 R(58) 34-0,,frequency,18910.634368,0.000717,,,kitt_peak_1993,depth 1.00; 1 window
127I2 R(59) 34-0,,frequency,18908.823626,0.000788,,,kitt_peak_1993,depth 1.00; 1 window
127I2 R(60) 34-0,,frequency,18906.979144,0.000724,,,kitt_peak_1993,depth 1.00; 1 window
127I2 R(61) 34-0,,frequency,18905.102809,0.000570,,,kitt_peak_1993,depth 1.00; 2 windows
127I2 R(62) 34-0,,frequency,18903.196390,0.000707,,,kitt_peak_1993,depth 1.00; 1 window
127I2 R(63) 34-0,,frequency,18901.254644,0.000692,,,kitt_peak_1993,depth 1.00; 1 window
127I2 R(64) 34-0,,frequency,18899.285036,0.000791,,,kitt_peak_1993,depth 1.00; 1 window
127I2 R(66) 34-0,,frequency,18895.246147,0.000549,,,kitt_peak_1993,depth 1.00; 2 windows
127I2 R(70) 34-0,,frequency,18886.783757,0.000997,,,kitt_peak_1993,depth 1.00; 1 window
127I2 R(71) 34-0,,frequency,18884.589315,0.000712,,,kitt_peak_1993,depth 1.00; 1 window
127I2 R(72) 34-0,,frequency,18882.365455,0.000890,,,kitt_peak_1993,depth 1.00; 1 window
127I2 R(78) 34-0,,frequency,18868.320861,0.000750,,,kitt_peak_1993,depth 1.00; 1 window
127I2 R(79) 34-0,,frequency,18865.868192,0.000797,,,kitt_peak_1993,depth 1.00; 1 window
127I2 R(80) 34-0,,frequency,18863.382210,0.000925,,,kitt_peak_1993,depth 1.00; 1 window
127I2 R(82) 34-0,,frequency,18858.314562,0.000969,,,kitt_peak_1993,depth 1.00; 1 window
127I2 R(83) 34-0,,frequency,18855.732455,0.000743,,,kitt_peak_1993,depth 1.00; 1 window
127I2 R(85) 34-0,,frequency,18850.469710,0.000706,,,kitt_peak_1993,depth 1.00; 1 window
127I2 R(86) 34-0,,frequency,18847.788006,0.000864,,,kitt_peak_1993,depth 1.00; 1 window
127I2 R(87) 34-0,,frequency,18845.076903,0.000503,,,kitt_peak_1993,depth 1.00; 2 windows
127I2 R(88) 34-0,,frequency,18842.331693,0.000801,,,kitt_peak_1993,depth 1.00; 1 window
127I2 R(89) 34-0,,frequency,18839.553645,0.000801,,,kitt_peak_1993,depth 1.00; 1 window
127I2 R(90) 34-0,,frequency,18836.742415,0.000823,,,kitt_peak_1993,depth 1.00; 1 window
127I2 R(93) 34-0,,frequency,18828.115731,0.000585,,,kitt_peak_1993,depth 1.00; 2 windows
127I2 R(95) 34-0,,frequency,18822.200476,0.000850,,,kitt_peak_1993,depth 1.00; 1 window
127I2 R(96) 34-0,,frequency,18819.194393,0.000956,,,kitt_peak_1993,depth 1.00; 1 window
127I2 R(97) 34-0,,frequency,18816.154784,0.000644,,,kitt_peak_1993,depth 1.00; 2 windows
127I2 R(98) 34-0,,frequency,18813.080897,0.000923,,,kitt_peak_1993,depth 1.00; 1 window
127I2 P(100) 35-0,,frequency,18855.934664,0.000826,,,kitt_peak_1993,depth 0.99; 1 window
127I2 P(101) 35-0,,frequency,18852.619425,0.000671,,,kitt_peak_1993,depth 1.00; 2 windows
127I2 P(102) 35-0,,frequency,18849.267370,0.000841,,,kitt_peak_1993,depth 0.99; 1 window
127I2 P(104) 35-0,,frequency,18842.463186,0.000723,,,kitt_peak_1993,depth 0.99; 2 windows
127I2 P(109) 35-0,,frequency,18824.860567,0.000892,,,kitt_peak_1993,depth 1.00; 1 window
127I2 P(114) 35-0,,frequency,18806.407727,0.000646,,,kitt_peak_1993,depth 0.97; 2 windows
127I2 P(115) 35-0,,frequency,18802.615430,0.000825,,,kitt_peak_1993,depth 0.99; 1 window
127I2 P(119) 35-0,,frequency,18787.098612,0.000839,,,kitt_peak_1993,depth 0.98; 1 window
127I2 P(120) 35-0,,frequency,18783.133568,0.000994,,,kitt_peak_1993,depth 0.93; 1 window
127I2 P(121) 35-0,,frequency,18779.131775,0.000962,,,kitt_peak_1993,depth 0.98; 1 window
127I2 P(122) 35-0,,frequency,18775.100598,0.000937,,,kitt_peak_1993,depth 0.93; 1 window
127I2 P(123) 35-0,,frequency,18771.032089,0.000687,,,kitt_peak_1993,depth 0.97; 2 windows
127I2 P(21) 35-0,,frequency,19014.195530,0.000951,,,kitt_peak_1993,depth 1.00; 1 window
127I2 P(23) 35-0,,frequency,19012.675643,0.000904,,,kitt_peak_1993,depth 1.00; 1 window
127I2 P(25) 35-0,,frequency,19011.026665,0.000607,,,kitt_peak_1993,depth 1.00; 2 windows
127I2 P(29) 35-0,,frequency,19007.347382,0.000978,,,kitt_peak_1993,depth 1.00; 1 window
127I2 P(35) 35-0,,frequency,19000.870939,0.000525,,,kitt_peak_1993,depth 1.00; 2 windows
127I2 P(36) 35-0,,frequency,18999.679104,0.000931,,,kitt_peak_1993,depth 1.00; 1 window
127I2 P(37) 35-0,,frequency,18998.454221,0.000681,,,kitt_peak_1993,depth 1.00; 2 windows
127I2 P(38) 35-0,,frequency,18997.201166,0.000869,,,kitt_peak_1993,depth 1.00; 1 window
127I2 P(39) 35-0,,frequency,18995.911621,0.000845,,,kitt_peak_1993,depth 1.00; 1 window
127I2 P(40) 35-0,,frequency,18994.591261,0.000761,,,kitt_peak_1993,depth 1.00; 1 window
127I2 P(41) 35-0,,frequency,18993.239358,0.000847,,,kitt_peak_1993,depth 1.00; 1 window
127I2 P(42) 35-0,,frequency,18991.854522,0.000625,,,kitt_peak_1993,depth 1.00; 2 windows
127I2 P(43) 35-0,,frequency,18990.439955,0.000937,,,kitt_peak_1993,depth 1.00; 1 window
127I2 P(44) 35-0,,frequency,18988.989106,0.000714,,,kitt_peak_1993,depth 1.00; 2 windows
127I2 P(46) 35-0,,frequency,18985.996936,0.000923,,,kitt_peak_1993,depth 1.00; 1 window
127I2 P(47) 35-0,,frequency,18984.451693,0.000503,,,kitt_peak_1993,depth 1.00; 2 windows
127I2 P(49) 35-0,,frequency,18981.262654,0.000757,,,kitt_peak_1993,depth 1.00; 1 window
127I2 P(51) 35-0,,frequency,18977.948237,0.000717,,,kitt_peak_1993,depth 1.00; 1 window
127I2 P(53) 35-0,,frequency,18974.503836,0.000532,,,kitt_peak_1993,depth 1.00; 2 windows
127I2 P(54) 35-0,,frequency,18972.731921,0.000563,,,kitt_peak_1993,depth 1.00; 2 windows
127I2 P(55) 35-0,,frequency,18970.929063,0.000693,,,kitt_peak_1993,depth 1.00; 1 window
127I2 P(56) 35-0,,frequency,18969.092864,0.000866,,,kitt_peak_1993,depth 1.00; 1 window
127I2 P(57) 35-0,,frequency,18967.224507,0.000497,,,kitt_peak_1993,depth 1.00; 2 windows
127I2 P(58) 35-0,,frequency,18965.324340,0.000581,,,kitt_peak_1993,depth 1.00; 2 windows
127I2 P(59) 35-0,,frequency,18963.391988,0.000830,,,kitt_peak_1993,depth 1.00; 1 window
127I2 P(62) 35-0,,frequency,18957.399476,0.001010,,,kitt_peak_1993,depth 1.00; 1 window
127I2 P(64) 35-0,,frequency,18953.240890,0.000731,,,kitt_peak_1993,depth 1.00; 2 windows
127I2 P(66) 35-0,,frequency,18948.952586,0.000863,,,kitt_peak_1993,depth 1.00; 1 window
127I2 P(67) 35-0,,frequency,18946.759844,0.000942,,,kitt_peak_1993,depth 1.00; 1 window
127I2 P(68) 35-0,,frequency,18944.534920,0.000894,,,kitt_peak_1993,depth 1.00; 1 window
127I2 P(69) 35-0,,frequency,18942.276020,0.000824,,,kitt_peak_1993,depth 1.00; 1 window
127I2 P(70) 35-0,,frequency,18939.986414,0.000980,,,kitt_peak_1993,depth 1.00; 1 window
127I2 P(74) 35-0,,frequency,18930.494242,0.000744,,,kitt_peak_1993,depth 1.00; 1 window
127I2 P(75) 35-0,,frequency,18928.040382,0.000695,,,kitt_peak_1993,depth 1.00; 1 window
127I2 P(78) 35-0,,frequency,18920.479212,0.000807,,,kitt_peak_1993,depth 1.00; 1 window
127I2 P(80) 35-0,,frequency,18915.275676,0.000740,,,kitt_peak_1993,depth 1.00; 1 window
127I2 P(81) 35-0,,frequency,18912.623057,0.000549,,,kitt_peak_1993,depth 1.00; 2 windows
127I2 P(82) 35-0,,frequency,18909.938569,0.000610,,,kitt_peak_1993,depth 1.00; 2 windows
127I2 P(83) 35-0,,frequency,18907.224117,0.000599,,,kitt_peak_1993,depth 1.00; 2 windows
127I2 P(84) 35-0,,frequency,18904.469093,0.000964,,,kitt_peak_1993,depth 1.00; 1 window
127I2 P(85) 35-0,,frequency,18901.686526,0.000613,,,kitt_peak_1993,depth 1.00; 1 window
127I2 P(87) 35-0,,frequency,18896.019818,0.000791,,,kitt_peak_1993,depth 1.00; 1 window
127I2 P(91) 35-0,,frequency,18884.286823,0.000923,,,kitt_peak_1993,depth 1.00; 1 window
127I2 P(93) 35-0,,frequency,18878.219357,0.000806,,,kitt_peak_1993,depth 1.00; 1 window
127I2 P(94) 35-0,,frequency,18875.137581,0.000975,,,kitt_peak_1993,depth 1.00; 1 window
127I2 P(95) 35-0,,frequency,18872.023044,0.000887,,,kitt_peak_1993,depth 1.00; 1 window
127I2 P(96) 35-0,,frequency,18868.871465,0.000993,,,kitt_peak_1993,depth 1.00; 1 window
127I2 P(97) 35-0,,frequency,18865.688163,0.000721,,,kitt_peak_1993,depth 1.00; 1 window
127I2 P(98) 35-0,,frequency,18862.470470,0.000927,,,kitt_peak_1993,depth 0.99; 1 window
127I2 P(99) 35-0,,frequency,18859.223072,0.000911,,,kitt_peak_1993,depth 1.00; 1 window
127I2 R(100) 35-0,,frequency,18864.376607,0.000649,,,kitt_peak_1993,depth 0.99; 2 windows
127I2 R(101) 35-0,,frequency,18861.140201,0.000723,,,kitt_peak_1993,depth 1.00; 1 window
127I2 R(102) 35-0,,frequency,18857.870156,0.000763,,,kitt_peak_1993,depth 0.99; 1 window
127I2 R(103) 35-0,,frequency,18854.564627,0.000593,,,kitt_peak_1993,depth 1.00; 2 windows
127I2 R(105) 35-0,,frequency,18847.852295,0.000903,,,kitt_peak_1993,depth 1.00; 1 window
127I2 R(106) 35-0,,frequency,18844.448065,0.000853,,,kitt_peak_1993,depth 0.99; 1 window
127I2 R(107) 35-0,,frequency,18841.007439,0.000773,,,kitt_peak_1993,depth 1.00; 1 window
127I2 R(110) 35-0,,frequency,18830.483588,0.001014,,,kitt_peak_1993,depth 0.99; 1 window
127I2 R(113) 35-0,,frequency,18819.649537,0.000995,,,kitt_peak_1993,depth 0.99; 1 window
127I2 R(117) 35-0,,frequency,18804.725539,0.001004,,,kitt_peak_1993,depth 0.99; 1 window
127I2 R(119) 35-0,,frequency,18797.054520,0.000690,,,kitt_peak_1993,depth 0.99; 2 windows
127I2 R(121) 35-0,,frequency,18789.246409,0.000821,,,kitt_peak_1993,depth 0.97; 1 window
127I2 R(123) 35-0,,frequency,18781.299155,0.000901,,,kitt_peak_1993,depth 0.97; 1 window
127I2 R(13) 35-0,,frequency,19020.151161,0.000840,,,kitt_peak_1993,depth 0.99; 1 window
127I2 R(137) 35-0,,frequency,18721.743019,0.000897,,,kitt_peak_1993,depth 0.90; 1 window
127I2 R(19) 35-0,,frequency,19017.254624,0.000981,,,kitt_peak_1993,depth 1.00; 1 window
127I2 R(22) 35-0,,frequency,19015.374685,0.000959,,,kitt_peak_1993,depth 1.00; 1 window
127I2 R(23) 35-0,,frequency,19014.683131,0.000786,,,kitt_peak_1993,depth 1.00; 1 window
127I2 R(24) 35-0,,frequency,19013.960677,0.000941,,,kitt_peak_1993,depth 1.00; 1 window
127I2 R(25) 35-0,,frequency,19013.206278,0.000679,,,kitt_peak_1993,depth 1.00; 2 windows
127I2 R(27) 35-0,,frequency,19011.601421,0.000767,,,kitt_peak_1993,depth 1.00; 1 window
127I2 R(31) 35-0,,frequency,19008.007680,0.000611,,,kitt_peak_1993,depth 1.00; 2 windows
127I2 R(32) 35-0,,frequency,19007.028690,0.000873,,,kitt_peak_1993,depth 1.00; 1 window
127I2 R(33) 35-0,,frequency,19006.018076,0.000634,,,kitt_peak_1993,depth 1.00; 2 windows
127I2 R(34) 35-0,,frequency,19004.975876,0.000920,,,kitt_peak_1993,depth 1.00; 1 window
127I2 R(35) 35-0,,frequency,19003.901249,0.000650,,,kitt_peak_1993,depth 1.00; 2 windows
127I2 R(38) 35-0,,frequency,19000.484495,0.000885,,,kitt_peak_1993,depth 1.00; 1 window
127I2 R(39) 35-0,,frequency,18999.281233,0.000773,,,kitt_peak_1993,depth 1.00; 1 window
127I2 R(40) 35-0,,frequency,18998.044753,0.000816,,,kitt_peak_1993,depth 1.00; 1 window
127I2 R(41) 35-0,,frequency,18996.778860,0.000699,,,kitt_peak_1993,depth 1.00; 1 window
127I2 R(43) 35-0,,frequency,18994.147162,0.000541,,,kitt_peak_1993,depth 1.00; 2 windows
127I2 R(45) 35-0,,frequency,18991.389112,0.000640,,,kitt_peak_1993,depth 1.00; 2 windows
127I2 R(47) 35-0,,frequency,18988.498424,0.000673,,,kitt_peak_1993,depth 1.00; 1 window
127I2 R(49) 35-0,,frequency,18985.480353,0.000835,,,kitt_peak_1993,depth 1.00; 1 window
127I2 R(50) 35-0,,frequency,18983.922961,0.000877,,,kitt_peak_1993,depth 1.00; 1 window
127I2 R(51) 35-0,,frequency,18982.334202,0.000715,,,kitt_peak_1993,depth 1.00; 2 windows
127I2 R(52) 35-0,,frequency,18980.711189,0.000739,,,kitt_peak_1993,depth 1.00; 1 window
127I2 R(53) 35-0,,frequency,18979.056874,0.000729,,,kitt_peak_1993,depth 1.00; 1 window
127I2 R(54) 35-0,,frequency,18977.369349,0.000651,,,kitt_peak_1993,depth 1.00; 2 windows
127I2 R(55) 35-0,,frequency,18975.654024,0.000881,,,kitt_peak_1993,depth 1.00; 1 window
127I2 R(57) 35-0,,frequency,18972.115760,0.001005,,,kitt_peak_1993,depth 1.00; 1 window
127I2 R(58) 35-0,,frequency,18970.298271,0.000677,,,kitt_peak_1993,depth 1.00; 2 windows
127I2 R(59) 35-0,,frequency,18968.450486,0.000704,,,kitt_peak_1993,depth 1.00; 1 window
127I2 R(60) 35-0,,frequency,18966.570006,0.000779,,,kitt_peak_1993,depth 1.00; 1 window
127I2 R(61) 35-0,,frequency,18964.656500,0.000846,,,kitt_peak_1993,depth 1.00; 1 window
127I2 R(62) 35-0,,frequency,18962.707971,0.000539,,,kitt_peak_1993,depth 1.00; 2 windows
127I2 R(66) 35-0,,frequency,18954.596867,0.001001,,,kitt_peak_1993,depth 1.00; 1 window
127I2 R(67) 35-0,,frequency,18952.489062,0.000885,,,kitt_peak_1993,depth 1.00; 1 window
127I2 R(69) 35-0,,frequency,18948.171212,0.000633,,,kitt_peak_1993,depth 1.00; 2 windows
127I2 R(71) 35-0,,frequency,18943.723213,0.000594,,,kitt_peak_1993,depth 1.00; 2 windows
127I2 R(72) 35-0,,frequency,18941.451233,0.000683,,,kitt_peak_1993,depth 1.00; 2 windows
127I2 R(73) 35-0,,frequency,18939.145411,0.000639,,,kitt_peak_1993,depth 1.00; 2 windows
127I2 R(74) 35-0,,frequency,18936.805383,0.000975,,,kitt_peak_1993,depth 1.00; 1 window
127I2 R(76) 35-0,,frequency,18932.029819,0.000848,,,kitt_peak_1993,depth 1.00; 1 window
127I2 R(77) 35-0,,frequency,18929.592163,0.000635,,,kitt_peak_1993,depth 1.00; 1 window
127I2 R(78) 35-0,,frequency,18927.122783,0.000650,,,kitt_peak_1993,depth 1.00; 2 windows
127I2 R(81) 35-0,,frequency,18919.513836,0.000534,,,kitt_peak_1993,depth 1.00; 2 windows
127I2 R(82) 35-0,,frequency,18916.911326,0.000664,,,kitt_peak_1993,depth 1.00; 2 windows
127I2 R(83) 35-0,,frequency,18914.275924,0.000740,,,kitt_peak_1993,depth 1.00; 1 window
127I2 R(84) 35-0,,frequency,18911.606832,0.000773,,,kitt_peak_1993,depth 1.00; 1 window
127I2 R(85) 35-0,,frequency,18908.907479,0.000949,,,kitt_peak_1993,depth 1.00; 1 window
127I2 R(86) 35-0,,frequency,18906.169759,0.000857,,,kitt_peak_1993,depth 1.00; 1 window
127I2 R(87) 35-0,,frequency,18903.402272,0.000721,,,kitt_peak_1993,depth 1.00; 1 window
127I2 R(88) 35-0,,frequency,18900.605020,0.000589,,,kitt_peak_1993,depth 1.00; 2 windows
127I2 R(90) 35-0,,frequency,18894.896334,0.000924,,,kitt_peak_1993,depth 1.00; 1 window
127I2 R(94) 35-0,,frequency,18883.091546,0.000989,,,kitt_peak_1993,depth 1.00; 1 window
127I2 R(96) 35-0,,frequency,18876.987560,0.000960,,,kitt_peak_1993,depth 1.00; 1 window
127I2 R(97) 35-0,,frequency,18873.888204,0.000672,,,kitt_peak_1993,depth 1.00; 2 windows
127I2 R(99) 35-0,,frequency,18867.580438,0.000764,,,kitt_peak_1993,depth 1.00; 1 window
127I2 P(101) 36-0,,frequency,18908.052533,0.001011,,,kitt_peak_1993,depth 1.00; 1 window
127I2 P(102) 36-0,,frequency,18904.636525,0.000824,,,kitt_peak_1993,depth 0.99; 1 window
127I2 P(103) 36-0,,frequency,18901.183783,0.000687,,,kitt_peak_1993,depth 1.00; 1 window
127I2 P(105) 36-0,,frequency,18894.177269,0.000921,,,kitt_peak_1993,depth 1.00; 1 window
127I2 P(107) 36-0,,frequency,18887.032736,0.000985,,,kitt_peak_1993,depth 1.00; 1 window
127I2 P(108) 36-0,,frequency,18883.406123,0.001012,,,kitt_peak_1993,depth 0.98; 1 window
127I2 P(109) 36-0,,frequency,18879.746200,0.000944,,,kitt_peak_1993,depth 1.00; 1 window
127I2 P(111) 36-0,,frequency,18872.323061,0.000922,,,kitt_peak_1993,depth 0.99; 1 window
127I2 P(113) 36-0,,frequency,18864.761624,0.000997,,,kitt_peak_1993,depth 0.99; 1 window
127I2 P(115) 36-0,,frequency,18857.057363,0.000636,,,kitt_peak_1993,depth 0.99; 2 windows
127I2 P(117) 36-0,,frequency,18849.214259,0.000849,,,kitt_peak_1993,depth 0.98; 1 window
127I2 P(121) 36-0,,frequency,18833.105779,0.001013,,,kitt_peak_1993,depth 0.96; 1 window
127I2 P(123) 36-0,,frequency,18824.837715,0.000952,,,kitt_peak_1993,depth 0.97; 1 window
127I2 P(127) 36-0,,frequency,18807.876455,0.000922,,,kitt_peak_1993,depth 0.96; 1 window
127I2 P(21) 36-0,,frequency,19072.709153,0.000897,,,kitt_peak_1993,depth 1.00; 1 window
127I2 P(22) 36-0,,frequency,19071.951587,0.000942,,,kitt_peak_1993,depth 0.99; 1 window
127I2 P(27) 36-0,,frequency,19067.678119,0.000930,,,kitt_peak_1993,depth 1.00; 1 window
127I2 P(34) 36-0,,frequency,19060.327830,0.000997,,,kitt_peak_1993,depth 1.00; 1 window
127I2 P(37) 36-0,,frequency,19056.685682,0.000524,,,kitt_peak_1993,depth 1.00; 2 windows
127I2 P(39) 36-0,,frequency,19054.094131,0.000597,,,kitt_peak_1993,depth 1.00; 2 windows
127I2 P(40) 36-0,,frequency,19052.750477,0.000906,,,kitt_peak_1993,depth 1.00; 1 window
127I2 P(41) 36-0,,frequency,19051.374199,0.000530,,,kitt_peak_1993,depth 1.00; 2 windows
127I2 P(42) 36-0,,frequency,19049.964162,0.000762,,,kitt_peak_1993,depth 1.00; 1 window
127I2 P(43) 36-0,,frequency,19048.521143,0.000844,,,kitt_peak_1993,depth 1.00; 1 window
127I2 P(44) 36-0,,frequency,19047.044947,0.000685,,,kitt_peak_1993,depth 1.00; 2 windows
127I2 P(45) 36-0,,frequency,19045.537549,0.000892,,,kitt_peak_1993,depth 1.00; 1 window
127I2 P(47) 36-0,,frequency,19042.424841,0.001000,,,kitt_peak_1993,depth 1.00; 1 window
127I2 P(48) 36-0,,frequency,19040.815317,0.000988,,,kitt_peak_1993,depth 1.00; 1 window
127I2 P(49) 36-0,,frequency,19039.175673,0.000559,,,kitt_peak_1993,depth 1.00; 2 windows
127I2 P(51) 36-0,,frequency,19035.799192,0.000774,,,kitt_peak_1993,depth 1.00; 1 window
127I2 P(53) 36-0,,frequency,19032.288752,0.000559,,,kitt_peak_1993,depth 1.00; 2 windows
127I2 P(55) 36-0,,frequency,19028.647571,0.000697,,,kitt_peak_1993,depth 1.00; 1 window
127I2 P(56) 36-0,,frequency,19026.778251,0.000898,,,kitt_peak_1993,depth 1.00; 1 window
127I2 P(57) 36-0,,frequency,19024.872294,0.000512,,,kitt_peak_1993,depth 1.00; 2 windows
127I2 P(61) 36-0,,frequency,19016.932189,0.000981,,,kitt_peak_1993,depth 1.00; 1 window
127I2 P(62) 36-0,,frequency,19014.859849,0.000895,,,kitt_peak_1993,depth 1.00; 1 window
127I2 P(64) 36-0,,frequency,19010.624549,0.000662,,,kitt_peak_1993,depth 1.00; 2 windows
127I2 P(65) 36-0,,frequency,19008.457558,0.000626,,,kitt_peak_1993,depth 1.00; 2 windows
127I2 P(67) 36-0,,frequency,19004.020071,0.000823,,,kitt_peak_1993,depth 1.00; 1 window
127I2 P(68) 36-0,,frequency,19001.752381,0.000732,,,kitt_peak_1993,depth 1.00; 1 window
127I2 P(69) 36-0,,frequency,18999.452335,0.000780,,,kitt_peak_1993,depth 1.00; 1 window
127I2 P(70) 36-0,,frequency,18997.118795,0.000839,,,kitt_peak_1993,depth 1.00; 1 window
127I2 P(73) 36-0,,frequency,18989.911011,0.000926,,,kitt_peak_1993,depth 1.00; 1 window
127I2 P(74) 36-0,,frequency,18987.444939,0.000844,,,kitt_peak_1993,depth 1.00; 1 window
127I2 P(75) 36-0,,frequency,18984.943613,0.000720,,,kitt_peak_1993,depth 1.00; 1 window
127I2 P(76) 36-0,,frequency,18982.410311,0.000878,,,kitt_peak_1993,depth 1.00; 1 window
127I2 P(77) 36-0,,frequency,18979.840284,0.000491,,,kitt_peak_1993,depth 1.00; 2 windows
127I2 P(79) 36-0,,frequency,18974.603128,0.000597,,,kitt_peak_1993,depth 1.00; 2 windows
127I2 P(81) 36-0,,frequency,18969.229565,0.000755,,,kitt_peak_1993,depth 1.00; 1 window
127I2 P(82) 36-0,,frequency,18966.494943,0.000826,,,kitt_peak_1993,depth 1.00; 1 window
127I2 P(83) 36-0,,frequency,18963.722776,0.000828,,,kitt_peak_1993,depth 1.00; 1 window
127I2 P(84) 36-0,,frequency,18960.918071,0.000872,,,kitt_peak_1993,depth 0.99; 1 window
127I2 P(85) 36-0,,frequency,18958.082466,0.000655,,,kitt_peak_1993,depth 1.00; 2 windows
127I2 P(86) 36-0,,frequency,18955.209265,0.001011,,,kitt_peak_1993,depth 1.00; 1 window
127I2 P(89) 36-0,,frequency,18946.391550,0.000933,,,kitt_peak_1993,depth 1.00; 1 window
127I2 P(90) 36-0,,frequency,18943.384892,0.000724,,,kitt_peak_1993,depth 1.00; 2 windows
127I2 P(91) 36-0,,frequency,18940.343110,0.000904,,,kitt_peak_1993,depth 1.00; 1 window
127I2 P(93) 36-0,,frequency,18934.159036,0.000577,,,kitt_peak_1993,depth 1.00; 2 windows
127I2 P(94) 36-0,,frequency,18931.014717,0.000819,,,kitt_peak_1993,depth 0.99; 1 window
127I2 P(95) 36-0,,frequency,18927.837671,0.000777,,,kitt_peak_1993,depth 1.00; 1 window
127I2 P(97) 36-0,,frequency,18921.380890,0.000901,,,kitt_peak_1993,depth 1.00; 1 window
127I2 R(102) 36-0,,frequency,18913.104363,0.000903,,,kitt_peak_1993,depth 0.99; 1 window
127I2 R(103) 36-0,,frequency,18909.731635,0.001002,,,kitt_peak_1993,depth 1.00; 1 window
127I2 R(105) 36-0,,frequency,18902.884179,0.000560,,,kitt_peak_1993,depth 1.00; 2 windows
127I2 R(111) 36-0,,frequency,18881.499151,0.000670,,,kitt_peak_1993,depth 0.99; 2 windows
127I2 R(113) 36-0,,frequency,18874.090407,0.000701,,,kitt_peak_1993,depth 0.99; 2 windows
127I2 R(17) 36-0,,frequency,19076.886267,0.000988,,,kitt_peak_1993,depth 1.00; 1 window
127I2 R(19) 36-0,,frequency,19075.767241,0.000616,,,kitt_peak_1993,depth 1.00; 2 windows
127I2 R(25) 36-0,,frequency,19071.632174,0.000835,,,kitt_peak_1993,depth 1.00; 1 window
127I2 R(26) 36-0,,frequency,19070.829584,0.000686,,,kitt_peak_1993,depth 1.00; 2 windows
127I2 R(27) 36-0,,frequency,19069.994467,0.000931,,,kitt_peak_1993,depth 1.00; 1 window
127I2 R(31) 36-0,,frequency,19066.324101,0.000573,,,kitt_peak_1993,depth 1.00; 2 windows
127I2 R(32) 36-0,,frequency,19065.324387,0.000844,,,kitt_peak_1993,depth 1.00; 1 window
127I2 R(33) 36-0,,frequency,19064.292202,0.000782,,,kitt_peak_1993,depth 1.00; 1 window
127I2 R(34) 36-0,,frequency,19063.227703,0.000619,,,kitt_peak_1993,depth 1.00; 2 windows
127I2 R(36) 36-0,,frequency,19061.002390,0.000713,,,kitt_peak_1993,depth 1.00; 2 windows
127I2 R(37) 36-0,,frequency,19059.839050,0.000797,,,kitt_peak_1993,depth 1.00; 1 window
127I2 R(39) 36-0,,frequency,19057.414484,0.000943,,,kitt_peak_1993,depth 1.00; 1 window
127I2 R(40) 36-0,,frequency,19056.154575,0.000543,,,kitt_peak_1993,depth 1.00; 2 windows
127I2 R(41) 36-0,,frequency,19054.860755,0.000782,,,kitt_peak_1993,depth 1.00; 1 window
127I2 R(42) 36-0,,frequency,19053.534155,0.000922,,,kitt_peak_1993,depth 1.00; 1 window
127I2 R(43) 36-0,,frequency,19052.175645,0.000784,,,kitt_peak_1993,depth 1.00; 1 window
127I2 R(45) 36-0,,frequency,19049.358516,0.000658,,,kitt_peak_1993,depth 1.00; 2 windows
127I2 R(46) 36-0,,frequency,19047.900393,0.000958,,,kitt_peak_1993,depth 1.00; 1 window
127I2 R(47) 36-0,,frequency,19046.410319,0.000597,,,kitt_peak_1993,depth 1.00; 2 windows
127I2 R(48) 36-0,,frequency,19044.887671,0.000871,,,kitt_peak_1993,depth 1.00; 1 window
127I2 R(49) 36-0,,frequency,19043.330163,0.000761,,,kitt_peak_1993,depth 1.00; 1 window
127I2 R(51) 36-0,,frequency,19040.118271,0.000768,,,kitt_peak_1993,depth 1.00; 1 window
127I2 R(52) 36-0,,frequency,19038.465013,0.001003,,,kitt_peak_1993,depth 1.00; 1 window
127I2 R(53) 36-0,,frequency,19036.775624,0.000847,,,kitt_peak_1993,depth 1.00; 1 window
127I2 R(54) 36-0,,frequency,19035.054398,0.000926,,,kitt_peak_1993,depth 1.00; 1 window
127I2 R(55) 36-0,,frequency,19033.300317,0.000608,,,kitt_peak_1993,depth 1.00; 1 window
127I2 R(56) 36-0,,frequency,19031.512566,0.000758,,,kitt_peak_1993,depth 1.00; 1 window
127I2 R(59) 36-0,,frequency,19025.951773,0.000728,,,kitt_peak_1993,depth 1.00; 1 window
127I2 R(60) 36-0,,frequency,19024.031029,0.000751,,,kitt_peak_1993,depth 1.00; 1 window
127I2 R(62) 36-0,,frequency,19020.091377,0.000624,,,kitt_peak_1993,depth 1.00; 2 windows
127I2 R(65) 36-0,,frequency,19013.933709,0.000874,,,kitt_peak_1993,depth 1.00; 1 window
127I2 R(66) 36-0,,frequency,19011.814371,0.000977,,,kitt_peak_1993,depth 1.00; 1 window
127I2 R(67) 36-0,,frequency,19009.662928,0.000775,,,kitt_peak_1993,depth 1.00; 1 window
127I2 R(68) 36-0,,frequency,19007.477900,0.000928,,,kitt_peak_1993,depth 1.00; 1 window
127I2 R(69) 36-0,,frequency,19005.256867,0.000821,,,kitt_peak_1993,depth 1.00; 1 window
127I2 R(70) 36-0,,frequency,19003.006529,0.000759,,,kitt_peak_1993,depth 1.00; 1 window
127I2 R(71) 36-0,,frequency,19000.720319,0.000725,,,kitt_peak_1993,depth 1.00; 1 window
127I2 R(72) 36-0,,frequency,18998.398378,0.000872,,,kitt_peak_1993,depth 1.00; 1 window
127I2 R(73) 36-0,,frequency,18996.047168,0.000577,,,kitt_peak_1993,depth 1.00; 2 windows
127I2 R(74) 36-0,,frequency,18993.660820,0.000563,,,kitt_peak_1993,depth 1.00; 2 windows
127I2 R(76) 36-0,,frequency,18988.788237,0.000620,,,kitt_peak_1993,depth 1.00; 2 windows
127I2 R(77) 36-0,,frequency,18986.300989,0.000956,,,kitt_peak_1993,depth 1.00; 1 window
127I2 R(78) 36-0,,frequency,18983.780067,0.000880,,,kitt_peak_1993,depth 1.00; 1 window
127I2 R(79) 36-0,,frequency,18981.225269,0.000651,,,kitt_peak_1993,depth 1.00; 1 window
127I2 R(80) 36-0,,frequency,18978.637084,0.001019,,,kitt_peak_1993,depth 1.00; 1 window
127I2 R(81) 36-0,,frequency,18976.016212,0.000943,,,kitt_peak_1993,depth 1.00; 1 window
127I2 R(82) 36-0,,frequency,18973.359783,0.000774,,,kitt_peak_1993,depth 1.00; 1 window
127I2 R(83) 36-0,,frequency,18970.669845,0.000672,,,kitt_peak_1993,depth 1.00; 1 window
127I2 R(84) 36-0,,frequency,18967.946907,0.000619,,,kitt_peak_1993,depth 1.00; 2 windows
127I2 R(85) 36-0,,frequency,18965.190639,0.000514,,,kitt_peak_1993,depth 1.00; 2 windows
127I2 R(86) 36-0,,frequency,18962.398875,0.000808,,,kitt_peak_1993,depth 0.99; 1 window
127I2 R(89) 36-0,,frequency,18953.821959,0.000881,,,kitt_peak_1993,depth 1.00; 1 window
127I2 R(9) 36-0,,frequency,19080.056615,0.001015,,,kitt_peak_1993,depth 0.94; 1 window
127I2 R(90) 36-0,,frequency,18950.895677,0.000667,,,kitt_peak_1993,depth 1.00; 2 windows
127I2 R(94) 36-0,,frequency,18938.847607,0.001018,,,kitt_peak_1993,depth 0.99; 1 window
127I2 R(95) 36-0,,frequency,18935.749890,0.000851,,,kitt_peak_1993,depth 1.00; 1 window
127I2 R(96) 36-0,,frequency,18932.616181,0.000908,,,kitt_peak_1993,depth 0.99; 1 window
127I2 R(97) 36-0,,frequency,18929.451918,0.000582,,,kitt_peak_1993,depth 1.00; 2 windows
127I2 R(98) 36-0,,frequency,18926.252084,0.000923,,,kitt_peak_1993,depth 0.99; 1 window
127I2 P(101) 37-0,,frequency,18961.324943,0.000996,,,kitt_peak_1993,depth 0.99; 1 window
127I2 P(109) 37-0,,frequency,18932.455704,0.000900,,,kitt_peak_1993,depth 0.99; 1 window
127I2 P(111) 37-0,,frequency,18924.885520,0.001000,,,kitt_peak_1993,depth 0.99; 1 window
127I2 P(117) 37-0,,frequency,18901.310472,0.000753,,,kitt_peak_1993,depth 0.98; 1 window
127I2 P(118) 37-0,,frequency,18897.255871,0.000981,,,kitt_peak_1993,depth 0.90; 1 window
127I2 P(13) 37-0,,frequency,19134.092457,0.000976,,,kitt_peak_1993,depth 0.98; 1 window
127I2 P(15) 37-0,,frequency,19133.047860,0.000708,,,kitt_peak_1993,depth 0.99; 2 windows
127I2 P(18) 37-0,,frequency,19131.234250,0.000926,,,kitt_peak_1993,depth 0.98; 1 window
127I2 P(22) 37-0,,frequency,19128.352875,0.000952,,,kitt_peak_1993,depth 0.99; 1 window
127I2 P(23) 37-0,,frequency,19127.548710,0.000857,,,kitt_peak_1993,depth 1.00; 1 window
127I2 P(27) 37-0,,frequency,19124.004316,0.000962,,,kitt_peak_1993,depth 1.00; 1 window
127I2 P(28) 37-0,,frequency,19123.033512,0.000933,,,kitt_peak_1993,depth 1.00; 1 window
127I2 P(32) 37-0,,frequency,19118.823541,0.000597,,,kitt_peak_1993,depth 1.00; 2 windows
127I2 P(34) 37-0,,frequency,19116.519207,0.000643,,,kitt_peak_1993,depth 1.00; 2 windows
127I2 P(36) 37-0,,frequency,19114.081697,0.000668,,,kitt_peak_1993,depth 1.00; 2 windows
127I2 P(37) 37-0,,frequency,19112.810926,0.000815,,,kitt_peak_1993,depth 1.00; 1 window
127I2 P(38) 37-0,,frequency,19111.510410,0.000707,,,kitt_peak_1993,depth 1.00; 2 windows
127I2 P(41) 37-0,,frequency,19107.402645,0.000811,,,kitt_peak_1993,depth 1.00; 1 window
127I2 P(43) 37-0,,frequency,19104.496452,0.000609,,,kitt_peak_1993,depth 1.00; 2 windows
127I2 P(44) 37-0,,frequency,19102.993384,0.000868,,,kitt_peak_1993,depth 1.00; 1 window
127I2 P(45) 37-0,,frequency,19101.459034,0.000858,,,kitt_peak_1993,depth 1.00; 1 window
127I2 P(46) 37-0,,frequency,19099.888607,0.000958,,,kitt_peak_1993,depth 1.00; 1 window
127I2 P(47) 37-0,,frequency,19098.284424,0.000685,,,kitt_peak_1993,depth 1.00; 1 window
127I2 P(48) 37-0,,frequency,19096.647893,0.000974,,,kitt_peak_1993,depth 1.00; 1 window
127I2 P(51) 37-0,,frequency,19091.538028,0.000600,,,kitt_peak_1993,depth 1.00; 1 window
127I2 P(52) 37-0,,frequency,19089.764555,0.000689,,,kitt_peak_1993,depth 1.00; 2 windows
127I2 P(53) 37-0,,frequency,19087.959667,0.000961,,,kitt_peak_1993,depth 1.00; 1 window
127I2 P(54) 37-0,,frequency,19086.123251,0.000973,,,kitt_peak_1993,depth 1.00; 1 window
127I2 P(61) 37-0,,frequency,19072.312548,0.000902,,,kitt_peak_1993,depth 1.00; 1 window
127I2 P(62) 37-0,,frequency,19070.205633,0.001017,,,kitt_peak_1993,depth 1.00; 1 window
127I2 P(63) 37-0,,frequency,19068.064460,0.000661,,,kitt_peak_1993,depth 1.00; 2 windows
127I2 P(64) 37-0,,frequency,19065.886923,0.000986,,,kitt_peak_1993,depth 1.00; 1 window
127I2 P(68) 37-0,,frequency,19056.846155,0.000882,,,kitt_peak_1993,depth 1.00; 1 window
127I2 P(69) 37-0,,frequency,19054.500681,0.000771,,,kitt_peak_1993,depth 1.00; 1 window
127I2 P(70) 37-0,,frequency,19052.121201,0.000871,,,kitt_peak_1993,depth 1.00; 1 window
127I2 P(71) 37-0,,frequency,19049.708620,0.000711,,,kitt_peak_1993,depth 1.00; 1 window
127I2 P(73) 37-0,,frequency,19044.780890,0.000753,,,kitt_peak_1993,depth 1.00; 1 window
127I2 P(74) 37-0,,frequency,19042.264276,0.000642,,,kitt_peak_1993,depth 1.00; 2 windows
127I2 P(75) 37-0,,frequency,19039.714955,0.000469,,,kitt_peak_1993,depth 1.00; 2 windows
127I2 P(76) 37-0,,frequency,19037.131126,0.000647,,,kitt_peak_1993,depth 1.00; 2 windows
127I2 P(77) 37-0,,frequency,19034.513164,0.000505,,,kitt_peak_1993,depth 1.00; 2 windows
127I2 P(78) 37-0,,frequency,19031.860397,0.000981,,,kitt_peak_1993,depth 1.00; 1 window
127I2 P(79) 37-0,,frequency,19029.173347,0.000657,,,kitt_peak_1993,depth 1.00; 1 window
127I2 P(80) 37-0,,frequency,19026.453620,0.000926,,,kitt_peak_1993,depth 1.00; 1 window
127I2 P(81) 37-0,,frequency,19023.698277,0.000606,,,kitt_peak_1993,depth 1.00; 1 window
127I2 P(86) 37-0,,frequency,19009.404614,0.000916,,,kitt_peak_1993,depth 1.00; 1 window
127I2 P(88) 37-0,,frequency,19003.446931,0.000697,,,kitt_peak_1993,depth 1.00; 2 windows
127I2 P(89) 37-0,,frequency,19000.416024,0.000875,,,kitt_peak_1993,depth 1.00; 1 window
127I2 P(90) 37-0,,frequency,18997.350709,0.000947,,,kitt_peak_1993,depth 1.00; 1 window
127I2 P(91) 37-0,,frequency,18994.250176,0.000675,,,kitt_peak_1993,depth 1.00; 2 windows
127I2 P(92) 37-0,,frequency,18991.115132,0.000960,,,kitt_peak_1993,depth 0.99; 1 window
127I2 P(94) 37-0,,frequency,18984.739047,0.001005,,,kitt_peak_1993,depth 0.99; 1 window
127I2 P(95) 37-0,,frequency,18981.499691,0.000697,,,kitt_peak_1993,depth 1.00; 1 window
127I2 P(97) 37-0,,frequency,18974.914514,0.000629,,,kitt_peak_1993,depth 1.00; 2 windows
127I2 P(99) 37-0,,frequency,18968.190451,0.000904,,,kitt_peak_1993,depth 1.00; 1 window
127I2 R(100) 37-0,,frequency,18972.950375,0.000978,,,kitt_peak_1993,depth 0.99; 1 window
127I2 R(101) 37-0,,frequency,18969.578479,0.000649,,,kitt_peak_1993,depth 1.00; 2 windows
127I2 R(103) 37-0,,frequency,18962.727863,0.000613,,,kitt_peak_1993,depth 1.00; 2 windows
127I2 R(107) 37-0,,frequency,18948.605295,0.001009,,,kitt_peak_1993,depth 1.00; 1 window
127I2 R(110) 37-0,,frequency,18937.635699,0.000899,,,kitt_peak_1993,depth 0.96; 1 window
127I2 R(111) 37-0,,frequency,18933.910035,0.000672,,,kitt_peak_1993,depth 0.99; 2 windows
127I2 R(113) 37-0,,frequency,18926.348214,0.000935,,,kitt_peak_1993,depth 0.98; 1 window
127I2 R(115) 37-0,,frequency,18918.641891,0.000998,,,kitt_peak_1993,depth 0.98; 1 window
127I2 R(117) 37-0,,frequency,18910.791753,0.000867,,,kitt_peak_1993,depth 0.98; 1 window
127I2 R(119) 37-0,,frequency,18902.799324,0.000657,,,kitt_peak_1993,depth 0.98; 2 windows
127I2 R(15) 37-0,,frequency,19134.334912,0.000942,,,kitt_peak_1993,depth 0.99; 1 window
127I2 R(19) 37-0,,frequency,19132.181508,0.000848,,,kitt_peak_1993,depth 1.00; 1 window
127I2 R(21) 37-0,,frequency,19130.907026,0.000649,,,kitt_peak_1993,depth 1.00; 2 windows
127I2 R(24) 37-0,,frequency,19128.744572,0.000861,,,kitt_peak_1993,depth 1.00; 1 window
127I2 R(25) 37-0,,frequency,19127.958186,0.000991,,,kitt_peak_1993,depth 1.00; 1 window
127I2 R(27) 37-0,,frequency,19126.285046,0.000636,,,kitt_peak_1993,depth 1.00; 2 windows
127I2 R(29) 37-0,,frequency,19124.477097,0.000871,,,kitt_peak_1993,depth 1.00; 1 window
127I2 R(30) 37-0,,frequency,19123.526380,0.000681,,,kitt_peak_1993,depth 1.00; 2 windows
127I2 R(31) 37-0,,frequency,19122.536842,0.000907,,,kitt_peak_1993,depth 1.00; 1 window
127I2 R(32) 37-0,,frequency,19121.516165,0.000619,,,kitt_peak_1993,depth 1.00; 2 windows
127I2 R(33) 37-0,,frequency,19120.462659,0.000781,,,kitt_peak_1993,depth 1.00; 1 window
127I2 R(34) 37-0,,frequency,19119.376747,0.000869,,,kitt_peak_1993,depth 1.00; 1 window
127I2 R(37) 37-0,,frequency,19115.916114,0.000897,,,kitt_peak_1993,depth 1.00; 1 window
127I2 R(38) 37-0,,frequency,19114.696519,0.000766,,,kitt_peak_1993,depth 1.00; 1 window
127I2 R(39) 37-0,,frequency,19113.443999,0.000904,,,kitt_peak_1993,depth 1.00; 1 window
127I2 R(40) 37-0,,frequency,19112.156872,0.000949,,,kitt_peak_1993,depth 1.00; 1 window
127I2 R(41) 37-0,,frequency,19110.837608,0.000844,,,kitt_peak_1993,depth 1.00; 1 window
127I2 R(42) 37-0,,frequency,19109.482873,0.000976,,,kitt_peak_1993,depth 1.00; 1 window
127I2 R(43) 37-0,,frequency,19108.095513,0.000677,,,kitt_peak_1993,depth 1.00; 1 window
127I2 R(46) 37-0,,frequency,19103.732928,0.000802,,,kitt_peak_1993,depth 1.00; 1 window
127I2 R(47) 37-0,,frequency,19102.211264,0.000634,,,kitt_peak_1993,depth 1.00; 2 windows
127I2 R(49) 37-0,,frequency,19099.068359,0.000777,,,kitt_peak_1993,depth 1.00; 1 window
127I2 R(50) 37-0,,frequency,19097.447056,0.000684,,,kitt_peak_1993,depth 1.00; 2 windows
127I2 R(51) 37-0,,frequency,19095.791657,0.000749,,,kitt_peak_1993,depth 1.00; 1 window
127I2 R(52) 37-0,,frequency,19094.101602,0.000693,,,kitt_peak_1993,depth 1.00; 1 window
127I2 R(55) 37-0,,frequency,19088.832383,0.000672,,,kitt_peak_1993,depth 1.00; 1 window
127I2 R(56) 37-0,,frequency,19087.006636,0.000743,,,kitt_peak_1993,depth 1.00; 1 window
127I2 R(57) 37-0,,frequency,19085.150465,0.000485,,,kitt_peak_1993,depth 1.00; 2 windows
127I2 R(58) 37-0,,frequency,19083.257688,0.000719,,,kitt_peak_1993,depth 1.00; 1 window
127I2 R(59) 37-0,,frequency,19081.334081,0.000663,,,kitt_peak_1993,depth 1.00; 1 window
127I2 R(62) 37-0,,frequency,19075.353247,0.000635,,,kitt_peak_1993,depth 1.00; 2 windows
127I2 R(63) 37-0,,frequency,19073.295326,0.000995,,,kitt_peak_1993,depth 1.00; 1 window
127I2 R(65) 37-0,,frequency,19069.070603,0.000896,,,kitt_peak_1993,depth 1.00; 1 window
127I2 R(66) 37-0,,frequency,19066.908952,0.000962,,,kitt_peak_1993,depth 1.00; 1 window
127I2 R(69) 37-0,,frequency,19060.218349,0.000799,,,kitt_peak_1993,depth 1.00; 1 window
127I2 R(71) 37-0,,frequency,19055.587304,0.000719,,,kitt_peak_1993,depth 1.00; 1 window
127I2 R(72) 37-0,,frequency,19053.219528,0.000898,,,kitt_peak_1993,depth 1.00; 1 window
127I2 R(73) 37-0,,frequency,19050.817662,0.000743,,,kitt_peak_1993,depth 1.00; 1 window
127I2 R(74) 37-0,,frequency,19048.384519,0.000902,,,kitt_peak_1993,depth 1.00; 1 window
127I2 R(77) 37-0,,frequency,19040.871562,0.000840,,,kitt_peak_1993,depth 1.00; 1 window
127I2 R(78) 37-0,,frequency,19038.300792,0.000834,,,kitt_peak_1993,depth 1.00; 1 window
127I2 R(79) 37-0,,frequency,19035.694257,0.000764,,,kitt_peak_1993,depth 1.00; 1 window
127I2 R(81) 37-0,,frequency,19030.376846,0.000827,,,kitt_peak_1993,depth 1.00; 1 window
127I2 R(82) 37-0,,frequency,19027.668677,0.000596,,,kitt_peak_1993,depth 1.00; 2 windows
127I2 R(83) 37-0,,frequency,19024.921148,0.000514,,,kitt_peak_1993,depth 1.00; 2 windows
127I2 R(86) 37-0,,frequency,19016.481606,0.001005,,,kitt_peak_1993,depth 1.00; 1 window
127I2 R(89) 37-0,,frequency,19007.728701,0.000778,,,kitt_peak_1993,depth 1.00; 1 window
127I2 R(90) 37-0,,frequency,19004.742076,0.001009,,,kitt_peak_1993,depth 1.00; 1 window
127I2 R(92) 37-0,,frequency,18998.664201,0.000692,,,kitt_peak_1993,depth 1.00; 2 windows
127I2 R(95) 37-0,,frequency,18989.283896,0.000576,,,kitt_peak_1993,depth 1.00; 2 windows
127I2 R(98) 37-0,,frequency,18979.590467,0.000610,,,kitt_peak_1993,depth 0.99; 2 windows
127I2 P(105) 38-0,,frequency,18998.011455,0.000808,,,kitt_peak_1993,depth 1.00; 1 window
127I2 P(108) 38-0,,frequency,18986.807668,0.000984,,,kitt_peak_1993,depth 0.96; 1 window
127I2 P(109) 38-0,,frequency,18983.000851,0.000838,,,kitt_peak_1993,depth 0.99; 1 window
127I2 P(11) 38-0,,frequency,19189.426270,0.000987,,,kitt_peak_1993,depth 0.94; 1 window
127I2 P(114) 38-0,,frequency,18963.417836,0.000981,,,kitt_peak_1993,depth 0.94; 1 window
127I2 P(14) 38-0,,frequency,19187.983641,0.000995,,,kitt_peak_1993,depth 0.92; 1 window
127I2 P(17) 38-0,,frequency,19186.245292,0.000663,,,kitt_peak_1993,depth 0.99; 2 windows
127I2 P(19) 38-0,,frequency,19184.913291,0.000868,,,kitt_peak_1993,depth 1.00; 1 window
127I2 P(21) 38-0,,frequency,19183.447492,0.000607,,,kitt_peak_1993,depth 1.00; 2 windows
127I2 P(23) 38-0,,frequency,19181.845562,0.000937,,,kitt_peak_1993,depth 1.00; 1 window
127I2 P(27) 38-0,,frequency,19178.237399,0.000914,,,kitt_peak_1993,depth 1.00; 1 window
127I2 P(29) 38-0,,frequency,19176.231032,0.000616,,,kitt_peak_1993,depth 1.00; 2 windows
127I2 P(35) 38-0,,frequency,19169.392425,0.000623,,,kitt_peak_1993,depth 1.00; 2 windows
127I2 P(37) 38-0,,frequency,19166.841649,0.000499,,,kitt_peak_1993,depth 1.00; 2 windows
127I2 P(38) 38-0,,frequency,19165.513689,0.000774,,,kitt_peak_1993,depth 1.00; 1 window
127I2 P(39) 38-0,,frequency,19164.153887,0.000606,,,kitt_peak_1993,depth 1.00; 2 windows
127I2 P(40) 38-0,,frequency,19162.760892,0.000861,,,kitt_peak_1993,depth 1.00; 1 window
127I2 P(42) 38-0,,frequency,19159.869836,0.000660,,,kitt_peak_1993,depth 1.00; 2 windows
127I2 P(43) 38-0,,frequency,19158.373999,0.000743,,,kitt_peak_1993,depth 1.00; 1 window
127I2 P(44) 38-0,,frequency,19156.845786,0.000641,,,kitt_peak_1993,depth 1.00; 2 windows
127I2 P(46) 38-0,,frequency,19153.678629,0.000733,,,kitt_peak_1993,depth 1.00; 1 window
127I2 P(47) 38-0,,frequency,19152.046960,0.000682,,,kitt_peak_1993,depth 1.00; 2 windows
127I2 P(48) 38-0,,frequency,19150.379697,0.000757,,,kitt_peak_1993,depth 1.00; 1 window
127I2 P(51) 38-0,,frequency,19145.172329,0.000687,,,kitt_peak_1993,depth 1.00; 2 windows
127I2 P(52) 38-0,,frequency,19143.367323,0.000848,,,kitt_peak_1993,depth 1.00; 1 window
127I2 P(53) 38-0,,frequency,19141.528717,0.000699,,,kitt_peak_1993,depth 1.00; 1 window
127I2 P(55) 38-0,,frequency,19137.747850,0.000585,,,kitt_peak_1993,depth 1.00; 2 windows
127I2 P(58) 38-0,,frequency,19131.820991,0.000944,,,kitt_peak_1993,depth 1.00; 1 window
127I2 P(60) 38-0,,frequency,19127.698660,0.000869,,,kitt_peak_1993,depth 1.00; 1 window
127I2 P(61) 38-0,,frequency,19125.585321,0.000985,,,kitt_peak_1993,depth 1.00; 1 window
127I2 P(62) 38-0,,frequency,19123.438174,0.001010,,,kitt_peak_1993,depth 1.00; 1 window
127I2 P(63) 38-0,,frequency,19121.254373,0.000683,,,kitt_peak_1993,depth 1.00; 2 windows
127I2 P(64) 38-0,,frequency,19119.037708,0.000704,,,kitt_peak_1993,depth 1.00; 2 windows
127I2 P(65) 38-0,,frequency,19116.785773,0.000701,,,kitt_peak_1993,depth 1.00; 1 window
127I2 P(68) 38-0,,frequency,19109.825242,0.000901,,,kitt_peak_1993,depth 1.00; 1 window
127I2 P(70) 38-0,,frequency,19105.009526,0.000931,,,kitt_peak_1993,depth 1.00; 1 window
127I2 P(71) 38-0,,frequency,19102.550187,0.000710,,,kitt_peak_1993,depth 1.00; 1 window
127I2 P(73) 38-0,,frequency,19097.529084,0.000660,,,kitt_peak_1993,depth 1.00; 2 windows
127I2 P(76) 38-0,,frequency,19089.729377,0.000564,,,kitt_peak_1993,depth 1.00; 2 windows
127I2 P(77) 38-0,,frequency,19087.061483,0.000758,,,kitt_peak_1993,depth 1.00; 1 window
127I2 P(85) 38-0,,frequency,19064.452106,0.000907,,,kitt_peak_1993,depth 1.00; 1 window
127I2 P(87) 38-0,,frequency,19058.447459,0.000592,,,kitt_peak_1993,depth 1.00; 2 windows
127I2 P(89) 38-0,,frequency,19052.302048,0.000908,,,kitt_peak_1993,depth 1.00; 1 window
127I2 P(90) 38-0,,frequency,19049.177334,0.000597,,,kitt_peak_1993,depth 0.99; 2 windows
127I2 P(91) 38-0,,frequency,19046.016545,0.000937,,,kitt_peak_1993,depth 1.00; 1 window
127I2 P(92) 38-0,,frequency,19042.818548,0.000995,,,kitt_peak_1993,depth 0.99; 1 window
127I2 P(93) 38-0,,frequency,19039.586706,0.000514,,,kitt_peak_1993,depth 1.00; 2 windows
127I2 P(97) 38-0,,frequency,19026.300731,0.000963,,,kitt_peak_1993,depth 1.00; 1 window
127I2 R(100) 38-0,,frequency,19024.000165,0.000912,,,kitt_peak_1993,depth 0.98; 1 window
127I2 R(109) 38-0,,frequency,18991.719947,0.000699,,,kitt_peak_1993,depth 0.99; 2 windows
127I2 R(111) 38-0,,frequency,18984.148206,0.000678,,,kitt_peak_1993,depth 0.99; 2 windows
127I2 R(112) 38-0,,frequency,18980.305298,0.000957,,,kitt_peak_1993,depth 0.96; 1 window
127I2 R(113) 38-0,,frequency,18976.426963,0.000927,,,kitt_peak_1993,depth 0.99; 1 window
127I2 R(13) 38-0,,frequency,19189.604233,0.000981,,,kitt_peak_1993,depth 0.97; 1 window
127I2 R(16) 38-0,,frequency,19188.207257,0.001000,,,kitt_peak_1993,depth 0.95; 1 window
127I2 R(17) 38-0,,frequency,19187.674560,0.000911,,,kitt_peak_1993,depth 0.99; 1 window
127I2 R(22) 38-0,,frequency,19184.502102,0.000919,,,kitt_peak_1993,depth 0.99; 1 window
127I2 R(25) 38-0,,frequency,19182.191141,0.000887,,,kitt_peak_1993,depth 1.00; 1 window
127I2 R(27) 38-0,,frequency,19180.483836,0.000863,,,kitt_peak_1993,depth 1.00; 1 window
127I2 R(28) 38-0,,frequency,19179.575586,0.000813,,,kitt_peak_1993,depth 1.00; 1 window
127I2 R(32) 38-0,,frequency,19175.615569,0.000849,,,kitt_peak_1993,depth 1.00; 1 window
127I2 R(34) 38-0,,frequency,19173.431590,0.000778,,,kitt_peak_1993,depth 1.00; 1 window
127I2 R(36) 38-0,,frequency,19171.110843,0.000969,,,kitt_peak_1993,depth 1.00; 1 window
127I2 R(37) 38-0,,frequency,19169.898058,0.000813,,,kitt_peak_1993,depth 1.00; 1 window
127I2 R(39) 38-0,,frequency,19167.374114,0.000849,,,kitt_peak_1993,depth 1.00; 1 window
127I2 R(41) 38-0,,frequency,19164.713290,0.000500,,,kitt_peak_1993,depth 1.00; 2 windows
127I2 R(43) 38-0,,frequency,19161.915890,0.000613,,,kitt_peak_1993,depth 1.00; 2 windows
127I2 R(44) 38-0,,frequency,19160.466042,0.000738,,,kitt_peak_1993,depth 1.00; 1 window
127I2 R(46) 38-0,,frequency,19157.464331,0.000692,,,kitt_peak_1993,depth 1.00; 2 windows
127I2 R(47) 38-0,,frequency,19155.911813,0.000776,,,kitt_peak_1993,depth 1.00; 1 window
127I2 R(48) 38-0,,frequency,19154.324864,0.000839,,,kitt_peak_1993,depth 1.00; 1 window
127I2 R(49) 38-0,,frequency,19152.703401,0.000487,,,kitt_peak_1993,depth 1.00; 2 windows
127I2 R(51) 38-0,,frequency,19149.360394,0.000782,,,kitt_peak_1993,depth 1.00; 1 window
127I2 R(53) 38-0,,frequency,19145.876659,0.000772,,,kitt_peak_1993,depth 1.00; 1 window
127I2 R(54) 38-0,,frequency,19144.085133,0.000736,,,kitt_peak_1993,depth 1.00; 1 window
127I2 R(55) 38-0,,frequency,19142.257308,0.000715,,,kitt_peak_1993,depth 1.00; 1 window
127I2 R(57) 38-0,,frequency,19138.501497,0.000778,,,kitt_peak_1993,depth 1.00; 1 window
127I2 R(59) 38-0,,frequency,19134.606587,0.000822,,,kitt_peak_1993,depth 1.00; 1 window
127I2 R(60) 38-0,,frequency,19132.605985,0.000890,,,kitt_peak_1993,depth 1.00; 1 window
127I2 R(62) 38-0,,frequency,19128.506281,0.000951,,,kitt_peak_1993,depth 1.00; 1 window
127I2 R(63) 38-0,,frequency,19126.403107,0.000852,,,kitt_peak_1993,depth 1.00; 1 window
127I2 R(66) 38-0,,frequency,19119.885347,0.000857,,,kitt_peak_1993,depth 1.00; 1 window
127I2 R(67) 38-0,,frequency,19117.644046,0.000824,,,kitt_peak_1993,depth 1.00; 1 window
127I2 R(69) 38-0,,frequency,19113.058222,0.000821,,,kitt_peak_1993,depth 1.00; 1 window
127I2 R(70) 38-0,,frequency,19110.713383,0.000992,,,kitt_peak_1993,depth 1.00; 1 window
127I2 R(73) 38-0,,frequency,19103.468603,0.000751,,,kitt_peak_1993,depth 1.00; 1 window
127I2 R(75) 38-0,,frequency,19098.462964,0.000690,,,kitt_peak_1993,depth 1.00; 1 window
127I2 R(76) 38-0,,frequency,19095.907935,0.000854,,,kitt_peak_1993,depth 1.00; 1 window
127I2 R(80) 38-0,,frequency,19085.339073,0.000629,,,kitt_peak_1993,depth 1.00; 2 windows
127I2 R(81) 38-0,,frequency,19082.605979,0.000620,,,kitt_peak_1993,depth 1.00; 2 windows
127I2 R(83) 38-0,,frequency,19077.040198,0.000928,,,kitt_peak_1993,depth 1.00; 1 window
127I2 R(85) 38-0,,frequency,19071.334155,0.000919,,,kitt_peak_1993,depth 1.00; 1 window
127I2 R(86) 38-0,,frequency,19068.427471,0.001013,,,kitt_peak_1993,depth 1.00; 1 window
127I2 R(87) 38-0,,frequency,19065.484060,0.000955,,,kitt_peak_1993,depth 1.00; 1 window
127I2 R(88) 38-0,,frequency,19062.508167,0.000931,,,kitt_peak_1993,depth 1.00; 1 window
127I2 R(89) 38-0,,frequency,19059.495710,0.000792,,,kitt_peak_1993,depth 1.00; 1 window
127I2 R(91) 38-0,,frequency,19053.362789,0.000773,,,kitt_peak_1993,depth 1.00; 1 window
127I2 R(92) 38-0,,frequency,19050.243143,0.000989,,,kitt_peak_1993,depth 0.99; 1 window
127I2 R(95) 38-0,,frequency,19040.670199,0.000879,,,kitt_peak_1993,depth 1.00; 1 window
127I2 R(96) 38-0,,frequency,19037.409163,0.000676,,,kitt_peak_1993,depth 0.99; 2 windows
127I2 R(97) 38-0,,frequency,19034.109421,0.000995,,,kitt_peak_1993,depth 1.00; 1 window
127I2 R(98) 38-0,,frequency,19030.775764,0.000979,,,kitt_peak_1993,depth 0.99; 1 window
127I2 R(99) 38-0,,frequency,19027.406327,0.000582,,,kitt_peak_1993,depth 1.00; 2 windows
127I2 P(100) 39-0,,frequency,19065.008750,0.000988,,,kitt_peak_1993,depth 0.98; 1 window
127I2 P(106) 39-0,,frequency,19042.929887,0.000970,,,kitt_peak_1993,depth 0.97; 1 window
127I2 P(19) 39-0,,frequency,19237.187597,0.000840,,,kitt_peak_1993,depth 0.99; 1 window
127I2 P(21) 39-0,,frequency,19235.695052,0.000857,,,kitt_peak_1993,depth 1.00; 1 window
127I2 P(23) 39-0,,frequency,19234.066503,0.000584,,,kitt_peak_1993,depth 1.00; 2 windows
127I2 P(25) 39-0,,frequency,19232.298316,0.000822,,,kitt_peak_1993,depth 1.00; 1 window
127I2 P(26) 39-0,,frequency,19231.363204,0.000613,,,kitt_peak_1993,depth 0.99; 2 windows
127I2 P(27) 39-0,,frequency,19230.393744,0.000917,,,kitt_peak_1993,depth 1.00; 1 window
127I2 P(28) 39-0,,frequency,19229.388792,0.000614,,,kitt_peak_1993,depth 1.00; 2 windows
127I2 P(29) 39-0,,frequency,19228.349282,0.000869,,,kitt_peak_1993,depth 1.00; 1 window
127I2 P(30) 39-0,,frequency,19227.276167,0.000940,,,kitt_peak_1993,depth 0.99; 1 window
127I2 P(31) 39-0,,frequency,19226.168577,0.000787,,,kitt_peak_1993,depth 1.00; 1 window
127I2 P(33) 39-0,,frequency,19223.847063,0.000787,,,kitt_peak_1993,depth 1.00; 1 window
127I2 P(34) 39-0,,frequency,19222.633174,0.000859,,,kitt_peak_1993,depth 1.00; 1 window
127I2 P(35) 39-0,,frequency,19221.386853,0.000739,,,kitt_peak_1993,depth 1.00; 1 window
127I2 P(37) 39-0,,frequency,19218.789738,0.000760,,,kitt_peak_1993,depth 1.00; 1 window
127I2 P(38) 39-0,,frequency,19217.438844,0.001013,,,kitt_peak_1993,depth 1.00; 1 window
127I2 P(39) 39-0,,frequency,19216.054209,0.000834,,,kitt_peak_1993,depth 1.00; 1 window
127I2 P(41) 39-0,,frequency,19213.179349,0.000679,,,kitt_peak_1993,depth 1.00; 1 window
127I2 P(44) 39-0,,frequency,19208.606952,0.000985,,,kitt_peak_1993,depth 1.00; 1 window
127I2 P(47) 39-0,,frequency,19203.719338,0.000677,,,kitt_peak_1993,depth 1.00; 1 window
127I2 P(50) 39-0,,frequency,19198.519547,0.000971,,,kitt_peak_1993,depth 1.00; 1 window
127I2 P(52) 39-0,,frequency,19194.878945,0.000735,,,kitt_peak_1993,depth 1.00; 1 window
127I2 P(57) 39-0,,frequency,19185.161941,0.000902,,,kitt_peak_1993,depth 1.00; 1 window
127I2 P(58) 39-0,,frequency,19183.118020,0.000964,,,kitt_peak_1993,depth 1.00; 1 window
127I2 P(60) 39-0,,frequency,19178.913106,0.000659,,,kitt_peak_1993,depth 1.00; 2 windows
127I2 P(61) 39-0,,frequency,19176.762532,0.000906,,,kitt_peak_1993,depth 1.00; 1 window
127I2 P(62) 39-0,,frequency,19174.571083,0.000748,,,kitt_peak_1993,depth 1.00; 1 window
127I2 P(64) 39-0,,frequency,19170.088838,0.000946,,,kitt_peak_1993,depth 1.00; 1 window
127I2 P(67) 39-0,,frequency,19163.098881,0.000733,,,kitt_peak_1993,depth 1.00; 1 window
127I2 P(69) 39-0,,frequency,19158.263806,0.000750,,,kitt_peak_1993,depth 1.00; 1 window
127I2 P(70) 39-0,,frequency,19155.793779,0.000904,,,kitt_peak_1993,depth 1.00; 1 window
127I2 P(72) 39-0,,frequency,19150.743217,0.000789,,,kitt_peak_1993,depth 1.00; 1 window
127I2 P(73) 39-0,,frequency,19148.167362,0.000734,,,kitt_peak_1993,depth 1.00; 1 window
127I2 P(75) 39-0,,frequency,19142.903791,0.000532,,,kitt_peak_1993,depth 1.00; 2 windows
127I2 P(76) 39-0,,frequency,19140.220333,0.000610,,,kitt_peak_1993,depth 1.00; 2 windows
127I2 P(78) 39-0,,frequency,19134.741857,0.000926,,,kitt_peak_1993,depth 1.00; 1 window
127I2 P(79) 39-0,,frequency,19131.953012,0.000892,,,kitt_peak_1993,depth 1.00; 1 window
127I2 P(82) 39-0,,frequency,19123.363294,0.001007,,,kitt_peak_1993,depth 1.00; 1 window
127I2 P(85) 39-0,,frequency,19114.449260,0.000835,,,kitt_peak_1993,depth 1.00; 1 window
127I2 P(86) 39-0,,frequency,19111.409246,0.000712,,,kitt_peak_1993,depth 0.99; 2 windows
127I2 P(89) 39-0,,frequency,19102.064322,0.000621,,,kitt_peak_1993,depth 1.00; 2 windows
127I2 P(91) 39-0,,frequency,19095.655222,0.000951,,,kitt_peak_1993,depth 1.00; 1 window
127I2 P(93) 39-0,,frequency,19089.098570,0.000790,,,kitt_peak_1993,depth 1.00; 1 window
127I2 P(95) 39-0,,frequency,19082.396958,0.000940,,,kitt_peak_1993,depth 0.99; 1 window
127I2 R(103) 39-0,,frequency,19062.256747,0.000912,,,kitt_peak_1993,depth 0.99; 1 window
127I2 R(107) 39-0,,frequency,19047.538011,0.000858,,,kitt_peak_1993,depth 0.99; 1 window
127I2 R(108) 39-0,,frequency,19043.765669,0.001021,,,kitt_peak_1993,depth 0.96; 1 window
127I2 R(109) 39-0,,frequency,19039.956822,0.000849,,,kitt_peak_1993,depth 0.99; 1 window
127I2 R(111) 39-0,,frequency,19032.224895,0.001013,,,kitt_peak_1993,depth 0.99; 1 window
127I2 R(113) 39-0,,frequency,19024.344822,0.000884,,,kitt_peak_1993,depth 0.98; 1 window
127I2 R(17) 39-0,,frequency,19239.948414,0.000892,,,kitt_peak_1993,depth 0.99; 1 window
127I2 R(19) 39-0,,frequency,19238.754705,0.000667,,,kitt_peak_1993,depth 0.99; 2 windows
127I2 R(22) 39-0,,frequency,19236.705677,0.000695,,,kitt_peak_1993,depth 0.99; 2 windows
127I2 R(25) 39-0,,frequency,19234.347432,0.000610,,,kitt_peak_1993,depth 1.00; 2 windows
127I2 R(26) 39-0,,frequency,19233.491999,0.000882,,,kitt_peak_1993,depth 0.99; 1 window
127I2 R(27) 39-0,,frequency,19232.602563,0.000905,,,kitt_peak_1993,depth 1.00; 1 window
127I2 R(29) 39-0,,frequency,19230.716680,0.000945,,,kitt_peak_1993,depth 1.00; 1 window
127I2 R(30) 39-0,,frequency,19229.724661,0.000938,,,kitt_peak_1993,depth 1.00; 1 window
127I2 R(31) 39-0,,frequency,19228.697362,0.000918,,,kitt_peak_1993,depth 1.00; 1 window
127I2 R(33) 39-0,,frequency,19226.535453,0.000536,,,kitt_peak_1993,depth 1.00; 2 windows
127I2 R(35) 39-0,,frequency,19224.236686,0.000596,,,kitt_peak_1993,depth 1.00; 2 windows
127I2 R(36) 39-0,,frequency,19223.032640,0.000945,,,kitt_peak_1993,depth 1.00; 1 window
127I2 R(39) 39-0,,frequency,19219.221453,0.000503,,,kitt_peak_1993,depth 1.00; 2 windows
127I2 R(43) 39-0,,frequency,19213.650455,0.000745,,,kitt_peak_1993,depth 1.00; 1 window
127I2 R(46) 39-0,,frequency,19209.106012,0.000816,,,kitt_peak_1993,depth 1.00; 1 window
127I2 R(49) 39-0,,frequency,19204.249359,0.000717,,,kitt_peak_1993,depth 1.00; 1 window
127I2 R(50) 39-0,,frequency,19202.560196,0.000643,,,kitt_peak_1993,depth 1.00; 2 windows
127I2 R(51) 39-0,,frequency,19200.835780,0.000743,,,kitt_peak_1993,depth 1.00; 1 window
127I2 R(52) 39-0,,frequency,19199.077542,0.000764,,,kitt_peak_1993,depth 1.00; 1 window
127I2 R(53) 39-0,,frequency,19197.282286,0.000642,,,kitt_peak_1993,depth 1.00; 1 window
127I2 R(54) 39-0,,frequency,19195.453897,0.001014,,,kitt_peak_1993,depth 1.00; 1 window
127I2 R(55) 39-0,,frequency,19193.588672,0.000663,,,kitt_peak_1993,depth 1.00; 1 window
127I2 R(57) 39-0,,frequency,19189.755742,0.000840,,,kitt_peak_1993,depth 1.00; 1 window
127I2 R(58) 39-0,,frequency,19187.787562,0.000952,,,kitt_peak_1993,depth 1.00; 1 window
127I2 R(60) 39-0,,frequency,19183.741709,0.000653,,,kitt_peak_1993,depth 1.00; 2 windows
127I2 R(62) 39-0,,frequency,19179.555597,0.000796,,,kitt_peak_1993,depth 1.00; 1 window
127I2 R(63) 39-0,,frequency,19177.411528,0.000902,,,kitt_peak_1993,depth 1.00; 1 window
127I2 R(64) 39-0,,frequency,19175.229376,0.000916,,,kitt_peak_1993,depth 1.00; 1 window
127I2 R(65) 39-0,,frequency,19173.012850,0.000744,,,kitt_peak_1993,depth 1.00; 1 window
127I2 R(66) 39-0,,frequency,19170.761509,0.000946,,,kitt_peak_1993,depth 1.00; 1 window
127I2 R(68) 39-0,,frequency,19166.154893,0.000982,,,kitt_peak_1993,depth 1.00; 1 window
127I2 R(69) 39-0,,frequency,19163.795124,0.000795,,,kitt_peak_1993,depth 1.00; 1 window
127I2 R(70) 39-0,,frequency,19161.400310,0.000981,,,kitt_peak_1993,depth 1.00; 1 window
127I2 R(72) 39-0,,frequency,19156.507851,0.000820,,,kitt_peak_1993,depth 1.00; 1 window
127I2 R(73) 39-0,,frequency,19154.006895,0.000855,,,kitt_peak_1993,depth 1.00; 1 window
127I2 R(74) 39-0,,frequency,19151.471573,0.000839,,,kitt_peak_1993,depth 1.00; 1 window
127I2 R(75) 39-0,,frequency,19148.899471,0.000785,,,kitt_peak_1993,depth 1.00; 1 window
127I2 R(77) 39-0,,frequency,19143.651381,0.000755,,,kitt_peak_1993,depth 1.00; 1 window
127I2 R(78) 39-0,,frequency,19140.971679,0.000774,,,kitt_peak_1993,depth 1.00; 1 window
127I2 R(81) 39-0,,frequency,19132.720239,0.000907,,,kitt_peak_1993,depth 1.00; 1 window
127I2 R(85) 39-0,,frequency,19121.215720,0.000673,,,kitt_peak_1993,depth 1.00; 2 windows
127I2 R(89) 39-0,,frequency,19109.133840,0.000551,,,kitt_peak_1993,depth 1.00; 2 windows
127I2 R(92) 39-0,,frequency,19099.692116,0.000623,,,kitt_peak_1993,depth 0.99; 2 windows
127I2 R(93) 39-0,,frequency,19096.471622,0.000719,,,kitt_peak_1993,depth 1.00; 1 window
127I2 R(94) 39-0,,frequency,19093.215212,0.000969,,,kitt_peak_1993,depth 0.99; 1 window
127I2 R(95) 39-0,,frequency,19089.921431,0.000603,,,kitt_peak_1993,depth 1.00; 2 windows
127I2 R(96) 39-0,,frequency,19086.592120,0.000735,,,kitt_peak_1993,depth 0.99; 1 window
127I2 R(97) 39-0,,frequency,19083.226262,0.000761,,,kitt_peak_1993,depth 1.00; 1 window
127I2 P(102) 40-0,,frequency,19104.578592,0.000696,,,kitt_peak_1993,depth 0.97; 2 windows
127I2 P(13) 40-0,,frequency,19291.111043,0.000985,,,kitt_peak_1993,depth 0.95; 1 window
127I2 P(17) 40-0,,frequency,19288.777566,0.000812,,,kitt_peak_1993,depth 0.99; 1 window
127I2 P(18) 40-0,,frequency,19288.102885,0.001011,,,kitt_peak_1993,depth 0.96; 1 window
127I2 P(20) 40-0,,frequency,19286.656618,0.001016,,,kitt_peak_1993,depth 0.97; 1 window
127I2 P(21) 40-0,,frequency,19285.882704,0.000928,,,kitt_peak_1993,depth 1.00; 1 window
127I2 P(23) 40-0,,frequency,19284.224551,0.000631,,,kitt_peak_1993,depth 1.00; 2 windows
127I2 P(25) 40-0,,frequency,19282.423317,0.000778,,,kitt_peak_1993,depth 1.00; 1 window
127I2 P(27) 40-0,,frequency,19280.485703,0.000864,,,kitt_peak_1993,depth 1.00; 1 window
127I2 P(28) 40-0,,frequency,19279.462683,0.000590,,,kitt_peak_1993,depth 0.99; 2 windows
127I2 P(29) 40-0,,frequency,19278.404725,0.000674,,,kitt_peak_1993,depth 1.00; 1 window
127I2 P(32) 40-0,,frequency,19275.019830,0.000696,,,kitt_peak_1993,depth 0.99; 2 windows
127I2 P(33) 40-0,,frequency,19273.821617,0.000816,,,kitt_peak_1993,depth 1.00; 1 window
127I2 P(34) 40-0,,frequency,19272.583586,0.000645,,,kitt_peak_1993,depth 1.00; 2 windows
127I2 P(35) 40-0,,frequency,19271.316903,0.000680,,,kitt_peak_1993,depth 1.00; 1 window
127I2 P(37) 40-0,,frequency,19268.671365,0.000785,,,kitt_peak_1993,depth 1.00; 1 window
127I2 P(39) 40-0,,frequency,19265.885111,0.001011,,,kitt_peak_1993,depth 1.00; 1 window
127I2 P(41) 40-0,,frequency,19262.955691,0.000524,,,kitt_peak_1993,depth 1.00; 2 windows
127I2 P(43) 40-0,,frequency,19259.887204,0.000751,,,kitt_peak_1993,depth 1.00; 1 window
127I2 P(45) 40-0,,frequency,19256.677980,0.000729,,,kitt_peak_1993,depth 1.00; 1 window
127I2 P(47) 40-0,,frequency,19253.321377,0.000495,,,kitt_peak_1993,depth 1.00; 2 windows
127I2 P(49) 40-0,,frequency,19249.825242,0.000915,,,kitt_peak_1993,depth 1.00; 1 window
127I2 P(50) 40-0,,frequency,19248.023895,0.000512,,,kitt_peak_1993,depth 1.00; 2 windows
127I2 P(53) 40-0,,frequency,19242.408806,0.000881,,,kitt_peak_1993,depth 1.00; 1 window
127I2 P(57) 40-0,,frequency,19234.417563,0.000771,,,kitt_peak_1993,depth 1.00; 1 window
127I2 P(60) 40-0,,frequency,19228.048233,0.000969,,,kitt_peak_1993,depth 1.00; 1 window
127I2 P(61) 40-0,,frequency,19225.853967,0.000903,,,kitt_peak_1993,depth 1.00; 1 window
127I2 P(63) 40-0,,frequency,19221.357813,0.000782,,,kitt_peak_1993,depth 1.00; 1 window
127I2 P(64) 40-0,,frequency,19219.055519,0.000964,,,kitt_peak_1993,depth 1.00; 1 window
127I2 P(65) 40-0,,frequency,19216.718720,0.000731,,,kitt_peak_1993,depth 1.00; 1 window
127I2 P(67) 40-0,,frequency,19211.933502,0.000902,,,kitt_peak_1993,depth 1.00; 1 window
127I2 P(68) 40-0,,frequency,19209.486160,0.000824,,,kitt_peak_1993,depth 1.00; 1 window
127I2 P(71) 40-0,,frequency,19201.932935,0.000761,,,kitt_peak_1993,depth 1.00; 1 window
127I2 P(72) 40-0,,frequency,19199.341505,0.000831,,,kitt_peak_1993,depth 1.00; 1 window
127I2 P(75) 40-0,,frequency,19191.349850,0.000941,,,kitt_peak_1993,depth 1.00; 1 window
127I2 P(79) 40-0,,frequency,19180.186819,0.001020,,,kitt_peak_1993,depth 1.00; 1 window
127I2 P(81) 40-0,,frequency,19174.387584,0.000917,,,kitt_peak_1993,depth 1.00; 1 window
127I2 P(82) 40-0,,frequency,19171.427776,0.000922,,,kitt_peak_1993,depth 0.99; 1 window
127I2 P(83) 40-0,,frequency,19168.438349,0.000745,,,kitt_peak_1993,depth 1.00; 1 window
127I2 P(85) 40-0,,frequency,19162.345305,0.000640,,,kitt_peak_1993,depth 1.00; 2 windows
127I2 P(86) 40-0,,frequency,19159.245657,0.000968,,,kitt_peak_1993,depth 0.99; 1 window
127I2 P(89) 40-0,,frequency,19149.717601,0.000536,,,kitt_peak_1993,depth 1.00; 2 windows
127I2 P(91) 40-0,,frequency,19143.180295,0.000981,,,kitt_peak_1993,depth 1.00; 1 window
127I2 P(95) 40-0,,frequency,19129.667656,0.000892,,,kitt_peak_1993,depth 1.00; 1 window
127I2 P(97) 40-0,,frequency,19122.684049,0.000905,,,kitt_peak_1993,depth 1.00; 1 window
127I2 P(98) 40-0,,frequency,19119.139256,0.001007,,,kitt_peak_1993,depth 0.98; 1 window
127I2 R(105) 40-0,,frequency,19101.381486,0.000944,,,kitt_peak_1993,depth 0.99; 1 window
127I2 R(107) 40-0,,frequency,19093.792882,0.000941,,,kitt_peak_1993,depth 0.99; 1 window
127I2 R(108) 40-0,,frequency,19089.941646,0.000555,,,kitt_peak_1993,depth 0.95; 2 windows
127I2 R(115) 40-0,,frequency,19061.914543,0.001022,,,kitt_peak_1993,depth 0.97; 1 window
127I2 R(117) 40-0,,frequency,19053.559747,0.000889,,,kitt_peak_1993,depth 0.96; 1 window
127I2 R(15) 40-0,,frequency,19291.240518,0.000671,,,kitt_peak_1993,depth 0.98; 2 windows
127I2 R(19) 40-0,,frequency,19288.941197,0.000654,,,kitt_peak_1993,depth 0.99; 2 windows
127I2 R(21) 40-0,,frequency,19287.583349,0.000863,,,kitt_peak_1993,depth 1.00; 1 window
127I2 R(23) 40-0,,frequency,19286.077677,0.000913,,,kitt_peak_1993,depth 1.00; 1 window
127I2 R(25) 40-0,,frequency,19284.439664,0.000576,,,kitt_peak_1993,depth 1.00; 2 windows
127I2 R(27) 40-0,,frequency,19282.657098,0.000905,,,kitt_peak_1993,depth 1.00; 1 window
127I2 R(28) 40-0,,frequency,19281.714795,0.000702,,,kitt_peak_1993,depth 0.99; 2 windows
127I2 R(29) 40-0,,frequency,19280.733457,0.000849,,,kitt_peak_1993,depth 1.00; 1 window
127I2 R(30) 40-0,,frequency,19279.718845,0.000983,,,kitt_peak_1993,depth 0.99; 1 window
127I2 R(31) 40-0,,frequency,19278.669621,0.000816,,,kitt_peak_1993,depth 1.00; 1 window
127I2 R(34) 40-0,,frequency,19275.308361,0.000821,,,kitt_peak_1993,depth 0.99; 1 window
127I2 R(37) 40-0,,frequency,19271.628809,0.000971,,,kitt_peak_1993,depth 1.00; 1 window
127I2 R(38) 40-0,,frequency,19270.334771,0.000658,,,kitt_peak_1993,depth 1.00; 2 windows
127I2 R(39) 40-0,,frequency,19268.999463,0.000711,,,kitt_peak_1993,depth 1.00; 1 window
127I2 R(42) 40-0,,frequency,19264.787989,0.000740,,,kitt_peak_1993,depth 1.00; 1 window
127I2 R(43) 40-0,,frequency,19263.313552,0.000713,,,kitt_peak_1993,depth 1.00; 1 window
127I2 R(44) 40-0,,frequency,19261.804434,0.000732,,,kitt_peak_1993,depth 1.00; 1 window
127I2 R(45) 40-0,,frequency,19260.257767,0.000573,,,kitt_peak_1993,depth 1.00; 2 windows
127I2 R(47) 40-0,,frequency,19257.059845,0.000754,,,kitt_peak_1993,depth 1.00; 1 window
127I2 R(48) 40-0,,frequency,19255.407767,0.000543,,,kitt_peak_1993,depth 1.00; 2 windows
127I2 R(49) 40-0,,frequency,19253.719334,0.000721,,,kitt_peak_1993,depth 1.00; 1 window
127I2 R(50) 40-0,,frequency,19251.995389,0.000830,,,kitt_peak_1993,depth 1.00; 1 window
127I2 R(53) 40-0,,frequency,19246.610633,0.000575,,,kitt_peak_1993,depth 1.00; 1 window
127I2 R(54) 40-0,,frequency,19244.744662,0.000763,,,kitt_peak_1993,depth 1.00; 1 window
127I2 R(55) 40-0,,frequency,19242.844492,0.001006,,,kitt_peak_1993,depth 1.00; 1 window
127I2 R(58) 40-0,,frequency,19236.921845,0.000859,,,kitt_peak_1993,depth 1.00; 1 window
127I2 R(66) 40-0,,frequency,19219.549646,0.000638,,,kitt_peak_1993,depth 1.00; 2 windows
127I2 R(67) 40-0,,frequency,19217.215976,0.000532,,,kitt_peak_1993,depth 1.00; 2 windows
127I2 R(68) 40-0,,frequency,19214.846805,0.000580,,,kitt_peak_1993,depth 1.00; 2 windows
127I2 R(69) 40-0,,frequency,19212.441267,0.000579,,,kitt_peak_1993,depth 1.00; 2 windows
127I2 R(70) 40-0,,frequency,19209.998061,0.000628,,,kitt_peak_1993,depth 1.00; 2 windows
127I2 R(73) 40-0,,frequency,19202.453670,0.000623,,,kitt_peak_1993,depth 1.00; 2 windows
127I2 R(74) 40-0,,frequency,19199.865967,0.000688,,,kitt_peak_1993,depth 1.00; 1 window
127I2 R(75) 40-0,,frequency,19197.240973,0.000672,,,kitt_peak_1993,depth 1.00; 1 window
127I2 R(76) 40-0,,frequency,19194.582205,0.000938,,,kitt_peak_1993,depth 0.99; 1 window
127I2 R(80) 40-0,,frequency,19183.575064,0.000638,,,kitt_peak_1993,depth 1.00; 2 windows
127I2 R(81) 40-0,,frequency,19180.731210,0.000802,,,kitt_peak_1993,depth 1.00; 1 window
127I2 R(85) 40-0,,frequency,19168.990859,0.000555,,,kitt_peak_1993,depth 1.00; 2 windows
127I2 R(86) 40-0,,frequency,19165.966783,0.000898,,,kitt_peak_1993,depth 0.99; 1 window
127I2 R(87) 40-0,,frequency,19162.899709,0.000857,,,kitt_peak_1993,depth 1.00; 1 window
127I2 R(88) 40-0,,frequency,19159.799172,0.000667,,,kitt_peak_1993,depth 0.99; 2 windows
127I2 R(89) 40-0,,frequency,19156.662513,0.000825,,,kitt_peak_1993,depth 1.00; 1 window
127I2 R(90) 40-0,,frequency,19153.487354,0.000858,,,kitt_peak_1993,depth 0.99; 1 window
127I2 R(91) 40-0,,frequency,19150.274754,0.000950,,,kitt_peak_1993,depth 1.00; 1 window
127I2 R(93) 40-0,,frequency,19143.738942,0.000770,,,kitt_peak_1993,depth 1.00; 1 window
127I2 R(99) 40-0,,frequency,19123.237954,0.000696,,,kitt_peak_1993,depth 1.00; 2 windows
127I2 P(101) 41-0,,frequency,19153.021586,0.000933,,,kitt_peak_1993,depth 0.99; 1 window
127I2 P(25) 41-0,,frequency,19330.507765,0.000961,,,kitt_peak_1993,depth 1.00; 1 window
127I2 P(27) 41-0,,frequency,19328.533575,0.000898,,,kitt_peak_1993,depth 1.00; 1 window
127I2 P(30) 41-0,,frequency,19325.302110,0.000679,,,kitt_peak_1993,depth 0.99; 2 windows
127I2 P(31) 41-0,,frequency,19324.153247,0.000876,,,kitt_peak_1993,depth 1.00; 1 window
127I2 P(32) 41-0,,frequency,19322.970734,0.000678,,,kitt_peak_1993,depth 0.99; 2 windows
127I2 P(34) 41-0,,frequency,19320.489661,0.000733,,,kitt_peak_1993,depth 0.99; 2 windows
127I2 P(35) 41-0,,frequency,19319.196129,0.000942,,,kitt_peak_1993,depth 1.00; 1 window
127I2 P(37) 41-0,,frequency,19316.504821,0.000805,,,kitt_peak_1993,depth 1.00; 1 window
127I2 P(38) 41-0,,frequency,19315.103821,0.000783,,,kitt_peak_1993,depth 0.99; 1 window
127I2 P(39) 41-0,,frequency,19313.666842,0.000786,,,kitt_peak_1993,depth 1.00; 1 window
127I2 P(40) 41-0,,frequency,19312.194092,0.000931,,,kitt_peak_1993,depth 0.99; 1 window
127I2 P(41) 41-0,,frequency,19310.684610,0.000635,,,kitt_peak_1993,depth 1.00; 2 windows
127I2 P(42) 41-0,,frequency,19309.139339,0.000895,,,kitt_peak_1993,depth 1.00; 1 window
127I2 P(43) 41-0,,frequency,19307.558331,0.000711,,,kitt_peak_1993,depth 1.00; 1 window
127I2 P(46) 41-0,,frequency,19302.597481,0.000992,,,kitt_peak_1993,depth 1.00; 1 window
127I2 P(48) 41-0,,frequency,19299.107192,0.000555,,,kitt_peak_1993,depth 0.99; 2 windows
127I2 P(49) 41-0,,frequency,19297.311284,0.000900,,,kitt_peak_1993,depth 1.00; 1 window
127I2 P(50) 41-0,,frequency,19295.474735,0.000670,,,kitt_peak_1993,depth 1.00; 1 window
127I2 P(53) 41-0,,frequency,19289.752365,0.000969,,,kitt_peak_1993,depth 1.00; 1 window
127I2 P(55) 41-0,,frequency,19285.754731,0.000819,,,kitt_peak_1993,depth 1.00; 1 window
127I2 P(56) 41-0,,frequency,19283.700569,0.001018,,,kitt_peak_1993,depth 1.00; 1 window
127I2 P(57) 41-0,,frequency,19281.611261,0.000674,,,kitt_peak_1993,depth 1.00; 2 windows
127I2 P(58) 41-0,,frequency,19279.483553,0.000642,,,kitt_peak_1993,depth 1.00; 2 windows
127I2 P(62) 41-0,,frequency,19270.615973,0.000828,,,kitt_peak_1993,depth 1.00; 1 window
127I2 P(65) 41-0,,frequency,19263.575642,0.000641,,,kitt_peak_1993,depth 1.00; 1 window
127I2 P(66) 41-0,,frequency,19261.155476,0.000827,,,kitt_peak_1993,depth 1.00; 1 window
127I2 P(70) 41-0,,frequency,19251.110149,0.000519,,,kitt_peak_1993,depth 1.00; 2 windows
127I2 P(72) 41-0,,frequency,19245.864861,0.000603,,,kitt_peak_1993,depth 0.99; 2 windows
127I2 P(73) 41-0,,frequency,19243.186787,0.000921,,,kitt_peak_1993,depth 1.00; 1 window
127I2 P(75) 41-0,,frequency,19237.722764,0.001010,,,kitt_peak_1993,depth 1.00; 1 window
127I2 P(77) 41-0,,frequency,19232.106671,0.000894,,,kitt_peak_1993,depth 1.00; 1 window
127I2 P(80) 41-0,,frequency,19223.405150,0.000984,,,kitt_peak_1993,depth 0.99; 1 window
127I2 P(82) 41-0,,frequency,19217.417085,0.000591,,,kitt_peak_1993,depth 0.99; 2 windows
127I2 P(84) 41-0,,frequency,19211.280653,0.000842,,,kitt_peak_1993,depth 0.99; 1 window
127I2 P(85) 41-0,,frequency,19208.155315,0.000869,,,kitt_peak_1993,depth 1.00; 1 window
127I2 P(88) 41-0,,frequency,19198.554246,0.000827,,,kitt_peak_1993,depth 0.98; 1 window
127I2 P(92) 41-0,,frequency,19185.226438,0.000932,,,kitt_peak_1993,depth 0.99; 1 window
127I2 P(93) 41-0,,frequency,19181.801057,0.000977,,,kitt_peak_1993,depth 1.00; 1 window
127I2 P(95) 41-0,,frequency,19174.837728,0.001020,,,kitt_peak_1993,depth 1.00; 1 window
127I2 P(99) 41-0,,frequency,19160.444730,0.000878,,,kitt_peak_1993,depth 0.99; 1 window
127I2 R(106) 41-0,,frequency,19141.820780,0.001001,,,kitt_peak_1993,depth 0.94; 1 window
127I2 R(107) 41-0,,frequency,19137.929851,0.000864,,,kitt_peak_1993,depth 0.98; 1 window
127I2 R(115) 41-0,,frequency,19105.384311,0.000842,,,kitt_peak_1993,depth 0.96; 1 window
127I2 R(21) 41-0,,frequency,19335.695355,0.001021,,,kitt_peak_1993,depth 0.99; 1 window
127I2 R(25) 41-0,,frequency,19332.488534,0.000706,,,kitt_peak_1993,depth 1.00; 2 windows
127I2 R(26) 41-0,,frequency,19331.596126,0.000971,,,kitt_peak_1993,depth 0.98; 1 window
127I2 R(27) 41-0,,frequency,19330.667171,0.000945,,,kitt_peak_1993,depth 1.00; 1 window
127I2 R(29) 41-0,,frequency,19328.704132,0.000894,,,kitt_peak_1993,depth 1.00; 1 window
127I2 R(35) 41-0,,frequency,19321.950836,0.000817,,,kitt_peak_1993,depth 1.00; 1 window
127I2 R(39) 41-0,,frequency,19316.726680,0.000913,,,kitt_peak_1993,depth 1.00; 1 window
127I2 R(41) 41-0,,frequency,19313.898605,0.000716,,,kitt_peak_1993,depth 1.00; 1 window
127I2 R(45) 41-0,,frequency,19307.806692,0.000731,,,kitt_peak_1993,depth 1.00; 1 window
127I2 R(48) 41-0,,frequency,19302.857662,0.001022,,,kitt_peak_1993,depth 1.00; 1 window
127I2 R(51) 41-0,,frequency,19297.582197,0.000995,,,kitt_peak_1993,depth 1.00; 1 window
127I2 R(54) 41-0,,frequency,19291.978077,0.000819,,,kitt_peak_1993,depth 1.00; 1 window
127I2 R(55) 41-0,,frequency,19290.036822,0.000978,,,kitt_peak_1993,depth 1.00; 1 window
127I2 R(56) 41-0,,frequency,19288.057113,0.000907,,,kitt_peak_1993,depth 1.00; 1 window
127I2 R(58) 41-0,,frequency,19283.995168,0.000912,,,kitt_peak_1993,depth 1.00; 1 window
127I2 R(59) 41-0,,frequency,19281.908017,0.000577,,,kitt_peak_1993,depth 1.00; 2 windows
127I2 R(63) 41-0,,frequency,19273.191373,0.000955,,,kitt_peak_1993,depth 1.00; 1 window
127I2 R(64) 41-0,,frequency,19270.921071,0.000809,,,kitt_peak_1993,depth 1.00; 1 window
127I2 R(65) 41-0,,frequency,19268.613077,0.000744,,,kitt_peak_1993,depth 1.00; 1 window
127I2 R(67) 41-0,,frequency,19263.887804,0.000664,,,kitt_peak_1993,depth 1.00; 1 window
127I2 R(68) 41-0,,frequency,19261.468721,0.000812,,,kitt_peak_1993,depth 1.00; 1 window
127I2 R(69) 41-0,,frequency,19259.015791,0.000749,,,kitt_peak_1993,depth 1.00; 1 window
127I2 R(70) 41-0,,frequency,19256.523865,0.000761,,,kitt_peak_1993,depth 1.00; 1 window
127I2 R(73) 41-0,,frequency,19248.825586,0.000701,,,kitt_peak_1993,depth 1.00; 1 window
127I2 R(77) 41-0,,frequency,19238.041212,0.000912,,,kitt_peak_1993,depth 1.00; 1 window
127I2 R(80) 41-0,,frequency,19229.561208,0.000917,,,kitt_peak_1993,depth 0.99; 1 window
127I2 R(81) 41-0,,frequency,19226.659535,0.000709,,,kitt_peak_1993,depth 1.00; 2 windows
127I2 R(83) 41-0,,frequency,19220.744503,0.000801,,,kitt_peak_1993,depth 1.00; 1 window
127I2 R(84) 41-0,,frequency,19217.731966,0.000837,,,kitt_peak_1993,depth 0.99; 1 window
127I2 R(85) 41-0,,frequency,19214.679392,0.000697,,,kitt_peak_1993,depth 1.00; 2 windows
127I2 R(86) 41-0,,frequency,19211.591729,0.000883,,,kitt_peak_1993,depth 0.99; 1 window
127I2 R(87) 41-0,,frequency,19208.464483,0.000881,,,kitt_peak_1993,depth 1.00; 1 window
127I2 R(89) 41-0,,frequency,19202.098384,0.000819,,,kitt_peak_1993,depth 1.00; 1 window
127I2 R(90) 41-0,,frequency,19198.856629,0.000792,,,kitt_peak_1993,depth 0.98; 1 window
127I2 R(92) 41-0,,frequency,19192.262726,0.000927,,,kitt_peak_1993,depth 0.97; 1 window
127I2 R(93) 41-0,,frequency,19188.907316,0.001018,,,kitt_peak_1993,depth 0.99; 1 window
127I2 R(98) 41-0,,frequency,19171.565802,0.000669,,,kitt_peak_1993,depth 0.97; 2 windows
127I2 P(100) 42-0,,frequency,19199.489919,0.000973,,,kitt_peak_1993,depth 0.95; 1 window
127I2 P(109) 42-0,,frequency,19163.822182,0.000901,,,kitt_peak_1993,depth 0.96; 1 window
127I2 P(15) 42-0,,frequency,19384.422867,0.001002,,,kitt_peak_1993,depth 0.95; 1 window
127I2 P(19) 42-0,,frequency,19381.720860,0.000903,,,kitt_peak_1993,depth 0.98; 1 window
127I2 P(22) 42-0,,frequency,19379.310387,0.000986,,,kitt_peak_1993,depth 0.97; 1 window
127I2 P(28) 42-0,,frequency,19373.501727,0.000655,,,kitt_peak_1993,depth 0.99; 2 windows
127I2 P(30) 42-0,,frequency,19371.271632,0.000988,,,kitt_peak_1993,depth 0.98; 1 window
127I2 P(34) 42-0,,frequency,19366.372039,0.000773,,,kitt_peak_1993,depth 0.99; 1 window
127I2 P(36) 42-0,,frequency,19363.703788,0.000641,,,kitt_peak_1993,depth 0.99; 2 windows
127I2 P(40) 42-0,,frequency,19357.921405,0.000822,,,kitt_peak_1993,depth 0.99; 1 window
127I2 P(42) 42-0,,frequency,19354.811859,0.000775,,,kitt_peak_1993,depth 0.99; 1 window
127I2 P(44) 42-0,,frequency,19351.553837,0.000704,,,kitt_peak_1993,depth 1.00; 2 windows
127I2 P(47) 42-0,,frequency,19346.389797,0.000587,,,kitt_peak_1993,depth 1.00; 2 windows
127I2 P(48) 42-0,,frequency,19344.590934,0.000622,,,kitt_peak_1993,depth 0.99; 2 windows
127I2 P(53) 42-0,,frequency,19335.061175,0.000601,,,kitt_peak_1993,depth 1.00; 2 windows
127I2 P(55) 42-0,,frequency,19330.988862,0.000839,,,kitt_peak_1993,depth 1.00; 1 window
127I2 P(57) 42-0,,frequency,19326.765737,0.000896,,,kitt_peak_1993,depth 1.00; 1 window
127I2 P(59) 42-0,,frequency,19322.396935,0.000899,,,kitt_peak_1993,depth 1.00; 1 window
127I2 P(65) 42-0,,frequency,19308.392705,0.000681,,,kitt_peak_1993,depth 1.00; 2 windows
127I2 P(67) 42-0,,frequency,19303.422188,0.000643,,,kitt_peak_1993,depth 1.00; 2 windows
127I2 P(69) 42-0,,frequency,19298.301411,0.000751,,,kitt_peak_1993,depth 1.00; 1 window
127I2 P(77) 42-0,,frequency,19276.318276,0.000792,,,kitt_peak_1993,depth 1.00; 1 window
127I2 P(79) 42-0,,frequency,19270.445844,0.000783,,,kitt_peak_1993,depth 1.00; 1 window
127I2 P(81) 42-0,,frequency,19264.414794,0.000677,,,kitt_peak_1993,depth 1.00; 1 window
127I2 P(83) 42-0,,frequency,19258.236324,0.000671,,,kitt_peak_1993,depth 1.00; 2 windows
127I2 P(85) 42-0,,frequency,19251.901219,0.000821,,,kitt_peak_1993,depth 1.00; 1 window
127I2 P(86) 42-0,,frequency,19248.679409,0.000621,,,kitt_peak_1993,depth 0.98; 2 windows
127I2 P(87) 42-0,,frequency,19245.414135,0.000922,,,kitt_peak_1993,depth 0.99; 1 window
127I2 P(90) 42-0,,frequency,19235.398037,0.000900,,,kitt_peak_1993,depth 0.98; 1 window
127I2 R(102) 42-0,,frequency,19199.441106,0.000940,,,kitt_peak_1993,depth 0.94; 1 window
127I2 R(111) 42-0,,frequency,19163.678808,0.000997,,,kitt_peak_1993,depth 0.96; 1 window
127I2 R(127) 42-0,,frequency,19092.047051,0.000715,,,kitt_peak_1993,depth 0.87; 2 windows
127I2 R(15) 42-0,,frequency,19385.606133,0.000946,,,kitt_peak_1993,depth 0.96; 1 window
127I2 R(19) 42-0,,frequency,19383.207329,0.000949,,,kitt_peak_1993,depth 0.98; 1 window
127I2 R(24) 42-0,,frequency,19379.388339,0.000856,,,kitt_peak_1993,depth 0.98; 1 window
127I2 R(28) 42-0,,frequency,19375.673248,0.000682,,,kitt_peak_1993,depth 0.99; 2 windows
127I2 R(29) 42-0,,frequency,19374.650336,0.000979,,,kitt_peak_1993,depth 1.00; 1 window
127I2 R(30) 42-0,,frequency,19373.597509,0.000948,,,kitt_peak_1993,depth 0.99; 1 window
127I2 R(36) 42-0,,frequency,19366.481528,0.000750,,,kitt_peak_1993,depth 0.99; 1 window
127I2 R(37) 42-0,,frequency,19365.167154,0.000758,,,kitt_peak_1993,depth 1.00; 1 window
127I2 R(38) 42-0,,frequency,19363.814849,0.000565,,,kitt_peak_1993,depth 0.99; 2 windows
127I2 R(39) 42-0,,frequency,19362.426944,0.000793,,,kitt_peak_1993,depth 1.00; 1 window
127I2 R(41) 42-0,,frequency,19359.541300,0.000751,,,kitt_peak_1993,depth 1.00; 1 window
127I2 R(42) 42-0,,frequency,19358.040897,0.000726,,,kitt_peak_1993,depth 0.99; 1 window
127I2 R(43) 42-0,,frequency,19356.505970,0.000485,,,kitt_peak_1993,depth 1.00; 2 windows
127I2 R(44) 42-0,,frequency,19354.933218,0.000740,,,kitt_peak_1993,depth 0.99; 1 window
127I2 R(45) 42-0,,frequency,19353.324661,0.000734,,,kitt_peak_1993,depth 1.00; 1 window
127I2 R(49) 42-0,,frequency,19346.515532,0.000471,,,kitt_peak_1993,depth 1.00; 2 windows
127I2 R(51) 42-0,,frequency,19342.891053,0.000922,,,kitt_peak_1993,depth 1.00; 1 window
127I2 R(52) 42-0,,frequency,19341.023325,0.000782,,,kitt_peak_1993,depth 0.99; 1 window
127I2 R(53) 42-0,,frequency,19339.116374,0.001014,,,kitt_peak_1993,depth 1.00; 1 window
127I2 R(54) 42-0,,frequency,19337.173912,0.000667,,,kitt_peak_1993,depth 1.00; 2 windows
127I2 R(55) 42-0,,frequency,19335.191593,0.000907,,,kitt_peak_1993,depth 1.00; 1 window
127I2 R(57) 42-0,,frequency,19331.121359,0.000968,,,kitt_peak_1993,depth 1.00; 1 window
127I2 R(61) 42-0,,frequency,19322.527549,0.000598,,,kitt_peak_1993,depth 1.00; 2 windows
127I2 R(62) 42-0,,frequency,19320.286426,0.000699,,,kitt_peak_1993,depth 0.99; 2 windows
127I2 R(63) 42-0,,frequency,19318.006858,0.000633,,,kitt_peak_1993,depth 1.00; 2 windows
127I2 R(64) 42-0,,frequency,19315.690203,0.000716,,,kitt_peak_1993,depth 0.99; 2 windows
127I2 R(65) 42-0,,frequency,19313.336415,0.000608,,,kitt_peak_1993,depth 1.00; 2 windows
127I2 R(69) 42-0,,frequency,19303.542777,0.000554,,,kitt_peak_1993,depth 1.00; 2 windows
127I2 R(71) 42-0,,frequency,19298.418768,0.000929,,,kitt_peak_1993,depth 1.00; 1 window
127I2 R(73) 42-0,,frequency,19293.145868,0.000865,,,kitt_peak_1993,depth 1.00; 1 window
127I2 R(81) 42-0,,frequency,19270.531501,0.000830,,,kitt_peak_1993,depth 1.00; 1 window
127I2 R(86) 42-0,,frequency,19255.152363,0.000858,,,kitt_peak_1993,depth 0.98; 1 window
127I2 R(88) 42-0,,frequency,19248.730751,0.000645,,,kitt_peak_1993,depth 0.98; 2 windows
127I2 R(89) 42-0,,frequency,19245.461646,0.000864,,,kitt_peak_1993,depth 0.99; 1 window
127I2 R(92) 42-0,,frequency,19235.425431,0.000892,,,kitt_peak_1993,depth 0.98; 1 window
127I2 P(109) 43-0,,frequency,19203.794415,0.000968,,,kitt_peak_1993,depth 0.95; 1 window
127I2 P(52) 43-0,,frequency,19380.378074,0.000572,,,kitt_peak_1993,depth 0.99; 2 windows
127I2 P(53) 43-0,,frequency,19378.360480,0.000974,,,kitt_peak_1993,depth 1.00; 1 window
127I2 P(54) 43-0,,frequency,19376.304193,0.000820,,,kitt_peak_1993,depth 0.99; 1 window
127I2 P(57) 43-0,,frequency,19369.908738,0.000799,,,kitt_peak_1993,depth 1.00; 1 window
127I2 P(59) 43-0,,frequency,19365.458149,0.000778,,,kitt_peak_1993,depth 1.00; 1 window
127I2 P(61) 43-0,,frequency,19360.852375,0.000945,,,kitt_peak_1993,depth 1.00; 1 window
127I2 P(63) 43-0,,frequency,19356.095560,0.000553,,,kitt_peak_1993,depth 1.00; 2 windows
127I2 P(64) 43-0,,frequency,19353.659445,0.000671,,,kitt_peak_1993,depth 0.99; 2 windows
127I2 P(65) 43-0,,frequency,19351.186800,0.000618,,,kitt_peak_1993,depth 1.00; 2 windows
127I2 P(66) 43-0,,frequency,19348.675922,0.000858,,,kitt_peak_1993,depth 0.99; 1 window
127I2 P(73) 43-0,,frequency,19330.011537,0.000650,,,kitt_peak_1993,depth 1.00; 2 windows
127I2 P(79) 43-0,,frequency,19312.515024,0.001011,,,kitt_peak_1993,depth 1.00; 1 window
127I2 P(80) 43-0,,frequency,19309.462899,0.001020,,,kitt_peak_1993,depth 0.98; 1 window
127I2 P(81) 43-0,,frequency,19306.366666,0.000944,,,kitt_peak_1993,depth 0.99; 1 window
127I2 P(84) 43-0,,frequency,19296.860363,0.000910,,,kitt_peak_1993,depth 0.97; 1 window
127I2 P(87) 43-0,,frequency,19287.000749,0.000662,,,kitt_peak_1993,depth 1.00; 2 windows
127I2 P(92) 43-0,,frequency,19269.781005,0.000686,,,kitt_peak_1993,depth 0.97; 2 windows
127I2 P(95) 43-0,,frequency,19258.973874,0.000808,,,kitt_peak_1993,depth 0.99; 1 window
127I2 P(96) 43-0,,frequency,19255.295307,0.000645,,,kitt_peak_1993,depth 0.95; 2 windows
127I2 R(100) 43-0,,frequency,19247.482597,0.001021,,,kitt_peak_1993,depth 0.93; 1 window
127I2 R(103) 43-0,,frequency,19235.920022,0.000958,,,kitt_peak_1993,depth 0.98; 1 window
127I2 R(107) 43-0,,frequency,19219.942132,0.000717,,,kitt_peak_1993,depth 0.97; 2 windows
127I2 R(56) 43-0,,frequency,19376.277169,0.000993,,,kitt_peak_1993,depth 0.99; 1 window
127I2 R(62) 43-0,,frequency,19363.126570,0.001021,,,kitt_peak_1993,depth 0.99; 1 window
127I2 R(63) 43-0,,frequency,19360.800752,0.000783,,,kitt_peak_1993,depth 1.00; 1 window
127I2 R(67) 43-0,,frequency,19351.117423,0.000826,,,kitt_peak_1993,depth 1.00; 1 window
127I2 R(68) 43-0,,frequency,19348.602014,0.000928,,,kitt_peak_1993,depth 0.99; 1 window
127I2 R(70) 43-0,,frequency,19343.451656,0.000922,,,kitt_peak_1993,depth 0.99; 1 window
127I2 R(73) 43-0,,frequency,19335.436696,0.000914,,,kitt_peak_1993,depth 1.00; 1 window
127I2 R(74) 43-0,,frequency,19332.688836,0.000965,,,kitt_peak_1993,depth 0.99; 1 window
127I2 R(76) 43-0,,frequency,19327.074689,0.000942,,,kitt_peak_1993,depth 0.99; 1 window
127I2 R(77) 43-0,,frequency,19324.209722,0.000974,,,kitt_peak_1993,depth 1.00; 1 window
127I2 R(80) 43-0,,frequency,19315.381073,0.000983,,,kitt_peak_1993,depth 0.98; 1 window
127I2 R(85) 43-0,,frequency,19299.886342,0.000764,,,kitt_peak_1993,depth 0.99; 1 window
127I2 R(86) 43-0,,frequency,19296.670088,0.000576,,,kitt_peak_1993,depth 0.98; 2 windows
127I2 R(87) 43-0,,frequency,19293.415601,0.001011,,,kitt_peak_1993,depth 0.99; 1 window
127I2 R(91) 43-0,,frequency,19279.995133,0.000897,,,kitt_peak_1993,depth 0.99; 1 window
127I2 R(99) 43-0,,frequency,19251.252953,0.000749,,,kitt_peak_1993,depth 0.98; 1 window
127I2 P(101) 44-0,,frequency,19274.866270,0.000995,,,kitt_peak_1993,depth 0.96; 1 window
127I2 P(106) 44-0,,frequency,19254.462280,0.000976,,,kitt_peak_1993,depth 0.89; 1 window
127I2 P(17) 44-0,,frequency,19469.535103,0.000995,,,kitt_peak_1993,depth 0.97; 1 window
127I2 P(19) 44-0,,frequency,19468.055535,0.001006,,,kitt_peak_1993,depth 0.98; 1 window
127I2 P(30) 44-0,,frequency,19457.236129,0.001015,,,kitt_peak_1993,depth 0.98; 1 window
127I2 P(31) 44-0,,frequency,19456.023441,0.000823,,,kitt_peak_1993,depth 1.00; 1 window
127I2 P(35) 44-0,,frequency,19450.791796,0.000743,,,kitt_peak_1993,depth 1.00; 1 window
127I2 P(39) 44-0,,frequency,19444.951246,0.000660,,,kitt_peak_1993,depth 0.99; 2 windows
127I2 P(41) 44-0,,frequency,19441.801815,0.000988,,,kitt_peak_1993,depth 1.00; 1 window
127I2 P(42) 44-0,,frequency,19440.169908,0.000633,,,kitt_peak_1993,depth 0.99; 2 windows
127I2 P(44) 44-0,,frequency,19436.787848,0.000907,,,kitt_peak_1993,depth 0.98; 1 window
127I2 P(47) 44-0,,frequency,19431.431033,0.000870,,,kitt_peak_1993,depth 1.00; 1 window
127I2 P(53) 44-0,,frequency,19419.676142,0.000937,,,kitt_peak_1993,depth 1.00; 1 window
127I2 P(55) 44-0,,frequency,19415.449558,0.000753,,,kitt_peak_1993,depth 1.00; 1 window
127I2 P(56) 44-0,,frequency,19413.281798,0.000926,,,kitt_peak_1993,depth 0.99; 1 window
127I2 P(59) 44-0,,frequency,19406.534559,0.000965,,,kitt_peak_1993,depth 1.00; 1 window
127I2 P(62) 44-0,,frequency,19399.438131,0.000698,,,kitt_peak_1993,depth 0.99; 2 windows
127I2 P(63) 44-0,,frequency,19396.994893,0.000545,,,kitt_peak_1993,depth 1.00; 2 windows
127I2 P(64) 44-0,,frequency,19394.512360,0.000571,,,kitt_peak_1993,depth 0.99; 2 windows
127I2 P(65) 44-0,,frequency,19391.989778,0.000562,,,kitt_peak_1993,depth 1.00; 2 windows
127I2 P(69) 44-0,,frequency,19381.516541,0.000909,,,kitt_peak_1993,depth 1.00; 1 window
127I2 P(70) 44-0,,frequency,19378.796808,0.000936,,,kitt_peak_1993,depth 0.99; 1 window
127I2 P(73) 44-0,,frequency,19370.416563,0.000924,,,kitt_peak_1993,depth 1.00; 1 window
127I2 P(75) 44-0,,frequency,19364.625752,0.000879,,,kitt_peak_1993,depth 0.99; 1 window
127I2 P(76) 44-0,,frequency,19361.673774,0.000828,,,kitt_peak_1993,depth 0.98; 1 window
127I2 P(77) 44-0,,frequency,19358.681321,0.000654,,,kitt_peak_1993,depth 1.00; 2 windows
127I2 P(78) 44-0,,frequency,19355.651489,0.000937,,,kitt_peak_1993,depth 0.98; 1 window
127I2 P(79) 44-0,,frequency,19352.576033,0.000808,,,kitt_peak_1993,depth 1.00; 1 window
127I2 P(80) 44-0,,frequency,19349.465487,0.000583,,,kitt_peak_1993,depth 0.98; 2 windows
127I2 P(87) 44-0,,frequency,19326.571263,0.000836,,,kitt_peak_1993,depth 0.99; 1 window
127I2 P(93) 44-0,,frequency,19305.385330,0.000898,,,kitt_peak_1993,depth 0.98; 1 window
127I2 R(105) 44-0,,frequency,19266.108529,0.000956,,,kitt_peak_1993,depth 0.97; 1 window
127I2 R(107) 44-0,,frequency,19257.869797,0.000965,,,kitt_peak_1993,depth 0.96; 1 window
127I2 R(15) 44-0,,frequency,19471.992185,0.001015,,,kitt_peak_1993,depth 0.93; 1 window
127I2 R(19) 44-0,,frequency,19469.490284,0.000666,,,kitt_peak_1993,depth 0.98; 2 windows
127I2 R(25) 44-0,,frequency,19464.596677,0.001017,,,kitt_peak_1993,depth 0.99; 1 window
127I2 R(33) 44-0,,frequency,19455.940038,0.000794,,,kitt_peak_1993,depth 1.00; 1 window
127I2 R(34) 44-0,,frequency,19454.674900,0.001016,,,kitt_peak_1993,depth 0.98; 1 window
127I2 R(36) 44-0,,frequency,19452.063531,0.000950,,,kitt_peak_1993,depth 0.99; 1 window
127I2 R(37) 44-0,,frequency,19450.694591,0.000717,,,kitt_peak_1993,depth 1.00; 1 window
127I2 R(43) 44-0,,frequency,19441.680379,0.000937,,,kitt_peak_1993,depth 1.00; 1 window
127I2 R(44) 44-0,,frequency,19440.042016,0.000564,,,kitt_peak_1993,depth 0.99; 2 windows
127I2 R(45) 44-0,,frequency,19438.367536,0.000615,,,kitt_peak_1993,depth 1.00; 2 windows
127I2 R(59) 44-0,,frequency,19410.863616,0.000853,,,kitt_peak_1993,depth 1.00; 1 window
127I2 R(60) 44-0,,frequency,19408.608026,0.000788,,,kitt_peak_1993,depth 0.99; 1 window
127I2 R(61) 44-0,,frequency,19406.311469,0.000807,,,kitt_peak_1993,depth 1.00; 1 window
127I2 R(65) 44-0,,frequency,19396.749718,0.000864,,,kitt_peak_1993,depth 1.00; 1 window
127I2 R(66) 44-0,,frequency,19394.256010,0.000908,,,kitt_peak_1993,depth 0.99; 1 window
127I2 R(67) 44-0,,frequency,19391.726733,0.000790,,,kitt_peak_1993,depth 1.00; 1 window
127I2 R(70) 44-0,,frequency,19383.905748,0.000905,,,kitt_peak_1993,depth 0.98; 1 window
127I2 R(73) 44-0,,frequency,19375.730209,0.000559,,,kitt_peak_1993,depth 1.00; 2 windows
127I2 R(78) 44-0,,frequency,19361.311547,0.000964,,,kitt_peak_1993,depth 0.98; 1 window
127I2 R(82) 44-0,,frequency,19349.063524,0.000701,,,kitt_peak_1993,depth 0.98; 2 windows
127I2 R(83) 44-0,,frequency,19345.900844,0.000910,,,kitt_peak_1993,depth 0.99; 1 window
127I2 R(85) 44-0,,frequency,19339.457239,0.000594,,,kitt_peak_1993,depth 0.99; 2 windows
127I2 R(89) 44-0,,frequency,19326.088360,0.000926,,,kitt_peak_1993,depth 0.99; 1 window
127I2 R(93) 44-0,,frequency,19312.072366,0.000969,,,kitt_peak_1993,depth 0.99; 1 window
127I2 R(95) 44-0,,frequency,19304.820891,0.000897,,,kitt_peak_1993,depth 0.98; 1 window
127I2 R(97) 44-0,,frequency,19297.407410,0.000890,,,kitt_peak_1993,depth 0.97; 1 window
127I2 P(25) 45-0,,frequency,19502.879724,0.000655,,,kitt_peak_1993,depth 0.99; 2 windows
127I2 P(28) 45-0,,frequency,19499.640986,0.000975,,,kitt_peak_1993,depth 0.96; 1 window
127I2 P(35) 45-0,,frequency,19490.728347,0.000702,,,kitt_peak_1993,depth 0.99; 2 windows
127I2 P(39) 45-0,,frequency,19484.783384,0.000801,,,kitt_peak_1993,depth 0.99; 1 window
127I2 P(41) 45-0,,frequency,19481.574599,0.000763,,,kitt_peak_1993,depth 0.99; 1 window
127I2 P(43) 45-0,,frequency,19478.210352,0.000963,,,kitt_peak_1993,depth 0.99; 1 window
127I2 P(44) 45-0,,frequency,19476.470078,0.000670,,,kitt_peak_1993,depth 0.98; 2 windows
127I2 P(47) 45-0,,frequency,19471.014135,0.000773,,,kitt_peak_1993,depth 1.00; 1 window
127I2 P(48) 45-0,,frequency,19469.115958,0.000710,,,kitt_peak_1993,depth 0.99; 2 windows
127I2 P(49) 45-0,,frequency,19467.182690,0.000993,,,kitt_peak_1993,depth 1.00; 1 window
127I2 P(54) 45-0,,frequency,19456.907106,0.000658,,,kitt_peak_1993,depth 0.99; 2 windows
127I2 P(56) 45-0,,frequency,19452.522244,0.000662,,,kitt_peak_1993,depth 0.99; 2 windows
127I2 P(58) 45-0,,frequency,19447.980144,0.000969,,,kitt_peak_1993,depth 0.99; 1 window
127I2 P(61) 45-0,,frequency,19440.873129,0.000968,,,kitt_peak_1993,depth 1.00; 1 window
127I2 P(63) 45-0,,frequency,19435.935310,0.000588,,,kitt_peak_1993,depth 1.00; 2 windows
127I2 P(69) 45-0,,frequency,19420.163141,0.000765,,,kitt_peak_1993,depth 1.00; 1 window
127I2 P(71) 45-0,,frequency,19414.584863,0.000705,,,kitt_peak_1993,depth 0.99; 1 window
127I2 P(74) 45-0,,frequency,19405.921105,0.000958,,,kitt_peak_1993,depth 0.96; 1 window
127I2 P(75) 45-0,,frequency,19402.950517,0.000789,,,kitt_peak_1993,depth 0.99; 1 window
127I2 P(79) 45-0,,frequency,19390.670568,0.000867,,,kitt_peak_1993,depth 0.99; 1 window
127I2 P(85) 45-0,,frequency,19371.033025,0.000625,,,kitt_peak_1993,depth 0.98; 2 windows
127I2 P(88) 45-0,,frequency,19360.666892,0.001000,,,kitt_peak_1993,depth 0.96; 1 window
127I2 P(93) 45-0,,frequency,19342.561077,0.000962,,,kitt_peak_1993,depth 0.98; 1 window
127I2 R(105) 45-0,,frequency,19302.197457,0.000952,,,kitt_peak_1993,depth 0.95; 1 window
127I2 R(115) 45-0,,frequency,19258.439304,0.000928,,,kitt_peak_1993,depth 0.90; 1 window
127I2 R(26) 45-0,,frequency,19503.740299,0.000882,,,kitt_peak_1993,depth 0.96; 1 window
127I2 R(28) 45-0,,frequency,19501.692071,0.000858,,,kitt_peak_1993,depth 0.97; 1 window
127I2 R(29) 45-0,,frequency,19500.607772,0.000696,,,kitt_peak_1993,depth 0.99; 2 windows
127I2 R(30) 45-0,,frequency,19499.479687,0.000946,,,kitt_peak_1993,depth 0.97; 1 window
127I2 R(31) 45-0,,frequency,19498.316522,0.000609,,,kitt_peak_1993,depth 0.99; 2 windows
127I2 R(36) 45-0,,frequency,19491.923196,0.000881,,,kitt_peak_1993,depth 0.96; 1 window
127I2 R(37) 45-0,,frequency,19490.527001,0.000573,,,kitt_peak_1993,depth 0.99; 2 windows
127I2 R(41) 45-0,,frequency,19484.552874,0.000690,,,kitt_peak_1993,depth 0.99; 1 window
127I2 R(43) 45-0,,frequency,19481.328671,0.000871,,,kitt_peak_1993,depth 0.99; 1 window
127I2 R(45) 45-0,,frequency,19477.950299,0.000860,,,kitt_peak_1993,depth 1.00; 1 window
127I2 R(51) 45-0,,frequency,19466.871696,0.000571,,,kitt_peak_1993,depth 1.00; 2 windows
127I2 R(52) 45-0,,frequency,19464.890371,0.000911,,,kitt_peak_1993,depth 0.97; 1 window
127I2 R(59) 45-0,,frequency,19449.891306,0.000545,,,kitt_peak_1993,depth 1.00; 2 windows
127I2 R(61) 45-0,,frequency,19445.253123,0.000664,,,kitt_peak_1993,depth 1.00; 2 windows
127I2 R(63) 45-0,,frequency,19440.453099,0.000647,,,kitt_peak_1993,depth 1.00; 2 windows
127I2 R(64) 45-0,,frequency,19437.991793,0.000603,,,kitt_peak_1993,depth 0.99; 2 windows
127I2 R(65) 45-0,,frequency,19435.490603,0.000645,,,kitt_peak_1993,depth 1.00; 2 windows
127I2 R(66) 45-0,,frequency,19432.957017,0.000641,,,kitt_peak_1993,depth 0.98; 2 windows
127I2 R(70) 45-0,,frequency,19422.394976,0.000986,,,kitt_peak_1993,depth 0.99; 1 window
127I2 R(72) 45-0,,frequency,19416.875647,0.000840,,,kitt_peak_1993,depth 0.98; 1 window
127I2 R(74) 45-0,,frequency,19411.195190,0.000968,,,kitt_peak_1993,depth 0.98; 1 window
127I2 R(80) 45-0,,frequency,19393.178994,0.000894,,,kitt_peak_1993,depth 0.97; 1 window
127I2 R(81) 45-0,,frequency,19390.033376,0.000681,,,kitt_peak_1993,depth 0.99; 2 windows
127I2 R(83) 45-0,,frequency,19383.622766,0.000857,,,kitt_peak_1993,depth 0.99; 1 window
127I2 R(87) 45-0,,frequency,19370.312011,0.000897,,,kitt_peak_1993,depth 0.98; 1 window
127I2 R(88) 45-0,,frequency,19366.880465,0.000782,,,kitt_peak_1993,depth 0.96; 1 window
127I2 R(89) 45-0,,frequency,19363.407169,0.000644,,,kitt_peak_1993,depth 0.99; 2 windows
127I2 R(90) 45-0,,frequency,19359.891212,0.000919,,,kitt_peak_1993,depth 0.96; 1 window
127I2 R(91) 45-0,,frequency,19356.336899,0.000629,,,kitt_peak_1993,depth 0.98; 2 windows
127I2 R(93) 45-0,,frequency,19349.103727,0.000988,,,kitt_peak_1993,depth 0.97; 1 window
127I2 R(94) 45-0,,frequency,19345.426802,0.000964,,,kitt_peak_1993,depth 0.93; 1 window
127I2 P(35) 46-0,,frequency,19528.758576,0.000911,,,kitt_peak_1993,depth 1.00; 1 window
127I2 P(38) 46-0,,frequency,19524.269017,0.000731,,,kitt_peak_1993,depth 0.96; 2 windows
127I2 P(41) 46-0,,frequency,19519.435879,0.000606,,,kitt_peak_1993,depth 1.00; 2 windows
127I2 P(45) 46-0,,frequency,19512.422861,0.001100,,,kitt_peak_1993,depth 1.00; 2 windows
127I2 P(47) 46-0,,frequency,19508.680859,0.000909,,,kitt_peak_1993,depth 1.00; 1 window
127I2 P(56) 46-0,,frequency,19489.849071,0.000929,,,kitt_peak_1993,depth 0.97; 1 window
127I2 P(58) 46-0,,frequency,19485.222084,0.000951,,,kitt_peak_1993,depth 0.97; 1 window
127I2 P(59) 46-0,,frequency,19482.848804,0.000965,,,kitt_peak_1993,depth 0.99; 1 window
127I2 P(65) 46-0,,frequency,19467.751980,0.000716,,,kitt_peak_1993,depth 1.00; 1 window
127I2 P(67) 46-0,,frequency,19462.396560,0.000921,,,kitt_peak_1993,depth 0.99; 1 window
127I2 P(71) 46-0,,frequency,19451.194425,0.000864,,,kitt_peak_1993,depth 1.00; 1 window
127I2 P(75) 46-0,,frequency,19439.337466,0.000888,,,kitt_peak_1993,depth 0.99; 1 window
127I2 P(76) 46-0,,frequency,19436.270399,0.000955,,,kitt_peak_1993,depth 0.96; 1 window
127I2 P(87) 46-0,,frequency,19399.802088,0.001018,,,kitt_peak_1993,depth 0.98; 1 window
127I2 P(89) 46-0,,frequency,19392.632658,0.000552,,,kitt_peak_1993,depth 0.98; 2 windows
127I2 P(93) 46-0,,frequency,19377.784968,0.000970,,,kitt_peak_1993,depth 0.98; 1 window
127I2 P(96) 46-0,,frequency,19366.205931,0.000991,,,kitt_peak_1993,depth 0.92; 1 window
127I2 P(99) 46-0,,frequency,19354.240687,0.000983,,,kitt_peak_1993,depth 0.96; 1 window
127I2 R(101) 46-0,,frequency,19352.953438,0.000933,,,kitt_peak_1993,depth 0.96; 1 window
127I2 R(17) 46-0,,frequency,19549.405361,0.000904,,,kitt_peak_1993,depth 0.93; 1 window
127I2 R(19) 46-0,,frequency,19548.023895,0.000950,,,kitt_peak_1993,depth 0.95; 1 window
127I2 R(35) 46-0,,frequency,19531.258032,0.001017,,,kitt_peak_1993,depth 0.99; 1 window
127I2 R(37) 46-0,,frequency,19528.445409,0.000786,,,kitt_peak_1993,depth 1.00; 1 window
127I2 R(38) 46-0,,frequency,19526.983401,0.000998,,,kitt_peak_1993,depth 0.98; 1 window
127I2 R(42) 46-0,,frequency,19520.726477,0.000949,,,kitt_peak_1993,depth 0.97; 1 window
127I2 R(43) 46-0,,frequency,19519.063945,0.001002,,,kitt_peak_1993,depth 1.00; 1 window
127I2 R(52) 46-0,,frequency,19502.293296,0.000825,,,kitt_peak_1993,depth 0.99; 1 window
127I2 R(53) 46-0,,frequency,19500.225530,0.000727,,,kitt_peak_1993,depth 1.00; 2 windows
127I2 R(54) 46-0,,frequency,19498.123989,0.000842,,,kitt_peak_1993,depth 0.98; 1 window
127I2 R(56) 46-0,,frequency,19493.795324,0.000987,,,kitt_peak_1993,depth 0.98; 1 window
127I2 R(60) 46-0,,frequency,19484.651807,0.000812,,,kitt_peak_1993,depth 0.97; 1 window
127I2 R(61) 46-0,,frequency,19482.264956,0.000880,,,kitt_peak_1993,depth 0.99; 1 window
127I2 R(63) 46-0,,frequency,19477.368420,0.000974,,,kitt_peak_1993,depth 0.99; 1 window
127I2 R(67) 46-0,,frequency,19467.088609,0.000648,,,kitt_peak_1993,depth 1.00; 2 windows
127I2 R(68) 46-0,,frequency,19464.419389,0.000995,,,kitt_peak_1993,depth 0.97; 1 window
127I2 R(71) 46-0,,frequency,19456.154562,0.000947,,,kitt_peak_1993,depth 1.00; 1 window
127I2 R(73) 46-0,,frequency,19450.442809,0.000749,,,kitt_peak_1993,depth 1.00; 1 window
127I2 R(74) 46-0,,frequency,19447.519946,0.001007,,,kitt_peak_1993,depth 0.97; 1 window
127I2 R(76) 46-0,,frequency,19441.564083,0.001001,,,kitt_peak_1993,depth 0.96; 1 window
127I2 R(78) 46-0,,frequency,19435.436691,0.000918,,,kitt_peak_1993,depth 0.94; 1 window
127I2 R(85) 46-0,,frequency,19412.690411,0.000870,,,kitt_peak_1993,depth 0.98; 1 window
127I2 R(91) 46-0,,frequency,19391.560841,0.000881,,,kitt_peak_1993,depth 0.98; 1 window
127I2 P(19) 47-0,,frequency,19583.113454,0.001020,,,kitt_peak_1993,depth 0.95; 1 window
127I2 P(29) 47-0,,frequency,19572.946028,0.000844,,,kitt_peak_1993,depth 0.96; 1 window
127I2 P(37) 47-0,,frequency,19561.904973,0.000911,,,kitt_peak_1993,depth 0.99; 1 window
127I2 P(40) 47-0,,frequency,19557.100835,0.001007,,,kitt_peak_1993,depth 0.96; 1 window
127I2 P(43) 47-0,,frequency,19551.929625,0.000717,,,kitt_peak_1993,depth 0.99; 1 window
127I2 P(47) 47-0,,frequency,19544.467178,0.000873,,,kitt_peak_1993,depth 0.97; 1 window
127I2 P(49) 47-0,,frequency,19540.488487,0.000932,,,kitt_peak_1993,depth 1.00; 1 window
127I2 P(50) 47-0,,frequency,19538.446017,0.000979,,,kitt_peak_1993,depth 0.99; 1 window
127I2 P(53) 47-0,,frequency,19532.047218,0.000882,,,kitt_peak_1993,depth 0.99; 1 window
127I2 P(55) 47-0,,frequency,19527.578274,0.000925,,,kitt_peak_1993,depth 1.00; 1 window
127I2 P(59) 47-0,,frequency,19518.153289,0.000762,,,kitt_peak_1993,depth 1.00; 1 window
127I2 P(61) 47-0,,frequency,19513.194255,0.000898,,,kitt_peak_1993,depth 0.99; 1 window
127I2 P(63) 47-0,,frequency,19508.068403,0.000798,,,kitt_peak_1993,depth 0.99; 1 window
127I2 P(64) 47-0,,frequency,19505.443784,0.000692,,,kitt_peak_1993,depth 0.98; 2 windows
127I2 P(69) 47-0,,frequency,19491.697029,0.001021,,,kitt_peak_1993,depth 0.98; 1 window
127I2 P(71) 47-0,,frequency,19485.903137,0.000638,,,kitt_peak_1993,depth 0.99; 2 windows
127I2 P(76) 47-0,,frequency,19470.699334,0.000937,,,kitt_peak_1993,depth 0.96; 1 window
127I2 P(78) 47-0,,frequency,19464.324920,0.000990,,,kitt_peak_1993,depth 0.94; 1 window
127I2 P(85) 47-0,,frequency,19440.671933,0.000856,,,kitt_peak_1993,depth 0.98; 1 window
127I2 P(89) 47-0,,frequency,19426.222300,0.001014,,,kitt_peak_1993,depth 0.97; 1 window
127I2 P(94) 47-0,,frequency,19407.193191,0.001014,,,kitt_peak_1993,depth 0.91; 1 window
127I2 R(109) 47-0,,frequency,19350.780936,0.001014,,,kitt_peak_1993,depth 0.90; 1 window
127I2 R(29) 47-0,,frequency,19574.975848,0.000873,,,kitt_peak_1993,depth 0.97; 1 window
127I2 R(31) 47-0,,frequency,19572.596272,0.000883,,,kitt_peak_1993,depth 0.97; 1 window
127I2 R(35) 47-0,,frequency,19567.356064,0.000981,,,kitt_peak_1993,depth 0.98; 1 window
127I2 R(46) 47-0,,frequency,19549.581332,0.000895,,,kitt_peak_1993,depth 0.97; 1 window
127I2 R(51) 47-0,,frequency,19539.877205,0.000928,,,kitt_peak_1993,depth 1.00; 1 window
127I2 R(64) 47-0,,frequency,19509.832899,0.000674,,,kitt_peak_1993,depth 0.98; 2 windows
127I2 R(65) 47-0,,frequency,19507.234024,0.000666,,,kitt_peak_1993,depth 1.00; 2 windows
127I2 R(68) 47-0,,frequency,19499.179415,0.000923,,,kitt_peak_1993,depth 0.97; 1 window
127I2 R(71) 47-0,,frequency,19490.755203,0.000563,,,kitt_peak_1993,depth 0.99; 2 windows
127I2 R(81) 47-0,,frequency,19459.932310,0.000956,,,kitt_peak_1993,depth 0.98; 1 window
127I2 R(91) 47-0,,frequency,19424.862481,0.000942,,,kitt_peak_1993,depth 0.97; 1 window
127I2 R(92) 47-0,,frequency,19421.118961,0.000718,,,kitt_peak_1993,depth 0.93; 2 windows
127I2 P(101) 48-0,,frequency,19409.519445,0.001000,,,kitt_peak_1993,depth 0.93; 1 window
127I2 P(39) 48-0,,frequency,19592.946068,0.000746,,,kitt_peak_1993,depth 0.99; 1 window
127I2 P(43) 48-0,,frequency,19586.006505,0.000938,,,kitt_peak_1993,depth 0.98; 1 window
127I2 P(47) 48-0,,frequency,19578.407015,0.001016,,,kitt_peak_1993,depth 0.99; 1 window
127I2 P(49) 48-0,,frequency,19574.356534,0.000980,,,kitt_peak_1993,depth 0.98; 1 window
127I2 P(57) 48-0,,frequency,19556.495357,0.000816,,,kitt_peak_1993,depth 0.99; 1 window
127I2 P(59) 48-0,,frequency,19551.610456,0.000811,,,kitt_peak_1993,depth 0.98; 1 window
127I2 P(63) 48-0,,frequency,19541.333543,0.000951,,,kitt_peak_1993,depth 1.00; 1 window
127I2 P(73) 48-0,,frequency,19512.689058,0.000686,,,kitt_peak_1993,depth 0.99; 2 windows
127I2 P(81) 48-0,,frequency,19486.693835,0.000966,,,kitt_peak_1993,depth 0.98; 1 window
127I2 P(87) 48-0,,frequency,19465.384938,0.000997,,,kitt_peak_1993,depth 0.94; 1 window
127I2 R(109) 48-0,,frequency,19380.681610,0.000989,,,kitt_peak_1993,depth 0.88; 1 window
127I2 R(31) 48-0,,frequency,19606.960630,0.000947,,,kitt_peak_1993,depth 0.99; 1 window
127I2 R(37) 48-0,,frequency,19598.688925,0.000988,,,kitt_peak_1993,depth 0.98; 1 window
127I2 R(45) 48-0,,frequency,19585.340522,0.000949,,,kitt_peak_1993,depth 0.99; 1 window
127I2 R(47) 48-0,,frequency,19581.590500,0.000824,,,kitt_peak_1993,depth 0.99; 1 window
127I2 R(48) 48-0,,frequency,19579.652277,0.000964,,,kitt_peak_1993,depth 0.97; 1 window
127I2 R(51) 48-0,,frequency,19573.591083,0.000765,,,kitt_peak_1993,depth 0.98; 1 window
127I2 R(61) 48-0,,frequency,19550.653562,0.000592,,,kitt_peak_1993,depth 0.99; 2 windows
127I2 R(63) 48-0,,frequency,19545.558403,0.000866,,,kitt_peak_1993,depth 0.96; 1 window
127I2 R(69) 48-0,,frequency,19529.270623,0.000902,,,kitt_peak_1993,depth 0.99; 1 window
127I2 R(75) 48-0,,frequency,19511.437833,0.000960,,,kitt_peak_1993,depth 0.99; 1 window
127I2 R(77) 48-0,,frequency,19505.159194,0.000664,,,kitt_peak_1993,depth 0.99; 2 windows
127I2 R(81) 48-0,,frequency,19492.056730,0.000951,,,kitt_peak_1993,depth 0.96; 1 window
127I2 R(82) 48-0,,frequency,19488.676882,0.000725,,,kitt_peak_1993,depth 0.94; 2 windows
127I2 R(83) 48-0,,frequency,19485.250417,0.000883,,,kitt_peak_1993,depth 0.96; 1 window
127I2 R(84) 48-0,,frequency,19481.784384,0.001010,,,kitt_peak_1993,depth 0.89; 1 window
127I2 P(45) 49-0,,frequency,19614.496446,0.000911,,,kitt_peak_1993,depth 0.99; 1 window
127I2 P(55) 49-0,,frequency,19593.034349,0.000748,,,kitt_peak_1993,depth 0.99; 1 window
127I2 P(63) 49-0,,frequency,19572.788013,0.000990,,,kitt_peak_1993,depth 0.97; 1 window
127I2 P(71) 49-0,,frequency,19549.786874,0.000779,,,kitt_peak_1993,depth 0.98; 1 window
127I2 P(81) 49-0,,frequency,19517.117381,0.000972,,,kitt_peak_1993,depth 0.98; 1 window
127I2 P(83) 49-0,,frequency,19510.055389,0.000705,,,kitt_peak_1993,depth 0.97; 2 windows
127I2 P(95) 49-0,,frequency,19463.941883,0.001000,,,kitt_peak_1993,depth 0.92; 1 window
127I2 R(55) 49-0,,frequency,19596.651141,0.000918,,,kitt_peak_1993,depth 0.98; 1 window
127I2 R(57) 49-0,,frequency,19591.975367,0.000919,,,kitt_peak_1993,depth 0.99; 1 window
127I2 R(73) 49-0,,frequency,19548.347403,0.000997,,,kitt_peak_1993,depth 0.97; 1 window
127I2 R(83) 49-0,,frequency,19515.404879,0.000999,,,kitt_peak_1993,depth 0.93; 1 window
127I2 P(47) 50-0,,frequency,19640.906853,0.000927,,,kitt_peak_1993,depth 0.98; 1 window
127I2 P(71) 50-0,,frequency,19579.032512,0.000964,,,kitt_peak_1993,depth 0.98; 1 window
127I2 R(49) 50-0,,frequency,19639.871733,0.000988,,,kitt_peak_1993,depth 0.98; 1 window
127I2 R(71) 50-0,,frequency,19583.540168,0.000996,,,kitt_peak_1993,depth 0.98; 1 window
127I2 R(79) 50-0,,frequency,19557.744406,0.001017,,,kitt_peak_1993,depth 0.95; 1 window
127I2 P(63) 51-0,,frequency,19630.401699,0.001010,,,kitt_peak_1993,depth 0.96; 1 window
127I2 P(75) 51-0,,frequency,19593.521234,0.000794,,,kitt_peak_1993,depth 0.97; 1 window
