N,sigma_cm1,eps_mk,v_upper,v_lower,J_lower,branch,model_cm1,obs_minus_model_MHz,S_model
4,11000.5435,2.5,1,24,119,P,11000.54360,-3.0,6.557e-22
10,11001.7415,1.2,2,25,74,R,11001.73935,64.3,4.894e-22
12,11001.9298,1.0,1,24,118,P,11001.92925,16.5,4.691e-22
17,11004.0216,1.6,2,25,71,R,11004.01555,181.2,6.712e-22
18,11004.5848,0.9,2,25,60,P,11004.58352,38.5,4.269e-22
20,11005.6650,0.8,2,24,183,P,11005.66185,94.5,4.774e-22
23,11006.0261,1.2,2,25,58,P,11006.02612,-0.6,4.172e-22
26,11006.7327,1.2,2,25,57,P,11006.73065,61.4,5.770e-22
27,11006.8971,0.9,2,25,67,R,11006.89341,110.6,6.503e-22
29,11007.3598,1.8,1,24,114,P,11007.35935,13.5,4.712e-22
31,11008.1124,1.2,2,25,55,P,11008.10617,186.7,5.626e-22
34,11008.9335,1.5,2,25,64,R,11008.93405,-16.6,4.522e-22
35,11009.0115,1.1,1,24,123,R,11009.00626,157.2,6.623e-22
37,11009.4423,2.0,2,25,53,P,11009.43698,159.4,5.476e-22
38,11009.5966,1.4,2,25,63,R,11009.59185,142.5,6.270e-22
43,11010.2439,1.6,2,25,62,R,11010.23843,163.9,4.435e-22
49,11011.6358,1.5,1,24,121,R,11011.63081,149.5,6.651e-22
50,11011.9653,1.6,2,25,49,P,11011.96450,23.9,5.160e-22
51,11012.1120,0.8,2,25,59,R,11012.11097,30.9,6.013e-22
54,11012.9268,1.2,1,24,120,R,11012.92614,19.7,4.759e-22
56,11013.8874,1.2,2,25,56,R,11013.88270,141.0,4.146e-22
57,11014.2120,1.1,1,24,119,R,11014.21018,54.6,6.674e-22
58,11014.3171,1.3,2,25,45,P,11014.31328,114.6,4.823e-22
60,11015.4233,1.5,2,25,43,P,11015.42065,79.4,4.646e-22
66,11017.6307,1.3,2,25,49,R,11017.62491,173.5,5.269e-22
68,11017.9929,1.2,1,24,116,R,11017.99454,-49.2,4.787e-22
71,11018.4761,1.6,2,25,37,P,11018.47481,38.8,4.088e-22
73,11018.5985,2.9,2,25,47,R,11018.59342,152.4,5.103e-22
74,11019.2343,1.7,1,24,115,R,11019.23342,26.3,6.709e-22
84,11021.3701,1.5,1,24,103,P,11021.36505,151.3,6.590e-22
86,11021.6785,0.8,1,24,113,R,11021.67734,34.6,6.720e-22
94,11024.0767,1.5,1,24,111,R,11024.07616,16.0,6.727e-22
99,11025.2756,,1,23,201,P,11025.27811,-75.3,5.861e-22
102,11026.1234,1.6,1,24,99,P,11026.12135,61.4,6.553e-22
104,11026.3392,1.9,2,24,183,R,11026.34173,-75.8,4.739e-22
105,11026.4322,3.8,1,24,109,R,11026.42990,68.8,6.729e-22
107,11027.2833,2.1,1,24,98,P,11027.28240,27.1,4.672e-22
110,11027.6544,1.2,1,23,200,P,11027.65476,-10.7,4.240e-22
112,11028.4372,1.1,1,24,97,P,11028.43224,148.8,6.528e-22
113,11028.7387,0.9,1,24,107,R,11028.73858,3.5,6.727e-22
114,11028.8574,1.0,1,22,263,P,11028.86009,-80.6,2.738e-22
119,11030.0184,2.3,1,23,199,P,11030.01954,-34.1,6.011e-22
120,11030.7012,1.1,1,24,95,P,11030.69830,87.0,6.498e-22
123,11031.8187,1.1,1,24,94,P,11031.81452,125.2,4.629e-22
125,11032.3756,1.0,1,23,198,P,11032.37246,94.2,4.347e-22
128,11033.2256,1.7,1,24,103,R,11033.22084,142.7,6.709e-22
130,11034.0132,2.8,1,24,92,P,11034.01338,-5.5,4.602e-22
132,11034.9899,1.6,2,24,169,P,11034.98928,18.6,5.672e-22
133,11035.0976,1.5,1,24,91,P,11035.09602,47.5,6.422e-22
134,11035.3975,1.5,1,24,101,R,11035.39446,91.2,6.693e-22
138,11036.4661,1.4,1,24,100,R,11036.46440,51.0,4.774e-22
139,11036.5325,1.1,2,24,178,R,11036.53553,-90.8,3.615e-22
141,11036.9962,1.5,2,24,168,P,11036.99565,16.5,4.097e-22
142,11037.0405,1.3,1,23,196,P,11037.04274,-67.0,4.455e-22
143,11037.5267,2.5,1,24,99,R,11037.52310,108.0,6.672e-22
145,11038.2809,1.0,1,24,88,P,11038.27676,124.1,4.538e-22
146,11038.5420,1.4,2,24,177,R,11038.53864,100.8,5.126e-22
147,11038.8485,2.2,1,23,205,R,11038.85224,-112.1,5.635e-22
148,11038.9926,1.0,2,24,167,P,11038.99025,70.5,5.800e-22
149,11039.3160,1.5,1,24,87,P,11039.31463,41.1,6.327e-22
150,11039.6052,0.8,1,24,97,R,11039.60677,-47.2,6.647e-22
152,11040.3402,1.5,1,24,86,P,11040.34131,-33.3,4.500e-22
155,11041.3607,1.7,1,24,85,P,11041.35681,116.7,6.272e-22
158,11042.6513,1.2,1,24,94,R,11042.64803,98.2,4.714e-22
161,11043.9602,1.7,1,23,193,P,11043.95933,26.0,6.467e-22
164,11044.3373,1.3,1,24,82,P,11044.33620,32.9,4.414e-22
165,11044.6216,0.8,1,24,92,R,11044.61938,66.6,4.687e-22
166,11044.9018,1.3,2,24,164,P,11044.90349,-50.6,4.279e-22
170,11046.2415,1.2,1,23,192,P,11046.24120,9.0,4.674e-22
171,11046.2687,1.1,1,24,80,P,11046.26657,63.9,4.366e-22
173,11047.4980,1.9,1,24,89,R,11047.49223,173.0,6.496e-22
175,11048.1540,1.7,1,24,78,P,11048.15223,53.0,4.314e-22
176,11048.5142,1.3,1,23,191,P,11048.51124,88.6,6.620e-22
177,11048.7872,0.8,2,24,162,P,11048.78689,9.2,4.370e-22
180,11049.3539,1.2,1,24,87,R,11049.35137,76.0,6.445e-22
184,11050.7084,1.3,2,24,161,P,11050.71098,-77.4,6.180e-22
188,11051.9765,1.7,1,22,265,R,11051.98091,-132.1,2.623e-22
192,11053.8031,1.8,1,24,82,R,11053.80300,2.9,4.498e-22
193,11054.1364,3.0,2,24,169,R,11054.13664,-7.1,5.644e-22
194,11054.4058,1.5,1,24,71,P,11054.40021,167.6,5.746e-22
195,11054.6634,1.6,1,24,81,R,11054.65971,110.7,6.264e-22
200,11056.3430,1.1,1,24,79,R,11056.33952,104.4,6.193e-22
205,11058.5307,1.1,1,24,66,P,11058.52815,76.4,3.927e-22
206,11058.7736,2.2,1,24,76,R,11058.77525,-49.4,4.341e-22
207,11059.2606,1.0,1,23,196,R,11059.26426,-109.9,4.513e-22
209,11059.5662,1.6,1,24,75,R,11059.56477,42.9,6.037e-22
212,11060.8769,1.8,1,24,63,P,11060.87104,175.8,5.335e-22
217,11062.0122,2.0,2,24,155,P,11062.00920,90.0,6.551e-22
238,11070.1891,1.9,1,23,191,R,11070.18716,58.3,6.706e-22
244,11072.5700,1.8,2,24,159,R,11072.56983,5.0,6.284e-22
245,11072.7034,1.9,1,23,180,P,11072.70287,16.0,5.334e-22
246,11072.8868,1.0,2,24,149,P,11072.88582,29.4,6.906e-22
251,11074.8284,1.2,1,23,179,P,11074.83143,-90.7,7.545e-22
254,11076.4201,1.2,2,24,147,P,11076.41782,68.3,7.020e-22
255,11076.9461,1.6,1,23,178,P,11076.94823,-63.8,5.444e-22
259,11077.8707,2.0,2,24,156,R,11077.86986,25.1,4.622e-22
264,11079.7638,1.0,1,24,41,R,11079.76008,111.4,3.934e-22
266,11081.1470,1.9,1,23,176,P,11081.14658,12.7,5.553e-22
271,11083.2303,1.4,1,23,175,P,11083.22813,65.0,7.851e-22
272,11083.3456,2.0,2,24,143,P,11083.34171,116.7,7.241e-22
276,11084.9824,2.0,1,23,184,R,11084.98034,61.8,5.181e-22
277,11085.0979,1.8,0,23,109,R,11085.09631,47.7,2.423e-22
279,11085.2975,1.1,1,23,174,P,11085.29795,-13.4,5.662e-22
281,11086.7349,1.4,2,24,141,P,11086.73365,37.4,7.348e-22
284,11087.3582,0.9,1,23,173,P,11087.35603,65.2,8.003e-22
288,11088.6161,1.8,1,22,253,R,11088.61875,-79.4,3.368e-22
290,11089.4025,1.6,1,23,172,P,11089.40237,3.8,5.770e-22
293,11090.0812,1.8,2,24,139,P,11090.07897,66.9,7.451e-22
294,11090.4952,1.2,1,22,243,P,11090.49428,27.7,4.084e-22
297,11090.7368,2.6,5,26,135,P,11090.73308,111.7,2.830e-22
299,11091.4389,1.4,1,23,171,P,11091.43700,57.1,8.153e-22
302,11092.9667,1.7,5,26,143,R,11092.96845,-52.3,2.683e-22
304,11093.3793,1.7,2,24,137,P,11093.37769,48.4,7.551e-22
307,11094.7757,1.2,2,24,146,R,11094.77247,96.8,5.048e-22
308,11095.0016,2.0,0,22,207,R,11094.99763,118.9,2.922e-22
314,11097.4747,1.7,1,23,168,P,11097.47054,124.6,5.984e-22
316,11098.0110,0.8,2,24,144,R,11098.01218,-35.4,5.128e-22
318,11098.2368,1.6,2,24,134,P,11098.23845,-49.5,5.496e-22
320,11099.1971,1.4,1,23,177,R,11099.19319,117.2,7.800e-22
321,11099.4608,1.4,1,23,167,P,11099.45830,74.8,8.451e-22
323,11099.6185,1.6,2,24,143,R,11099.61446,121.1,7.235e-22
325,11099.8359,1.4,2,24,133,P,11099.83544,13.8,7.740e-22
329,11101.4260,1.0,2,24,132,P,11101.42080,156.0,5.560e-22
333,11102.7888,1.4,2,24,141,R,11102.78389,147.1,7.343e-22
335,11103.4006,1.1,1,23,165,P,11103.39871,56.6,8.598e-22
339,11106.1066,1.1,2,24,129,P,11106.10713,-15.8,7.913e-22
340,11107.2923,1.2,1,23,163,P,11107.29233,-1.0,8.742e-22
343,11108.9866,0.8,2,24,137,R,11108.98236,127.2,7.550e-22
344,11109.1745,2.2,2,24,127,P,11109.17327,37.0,7.993e-22
345,11109.2192,1.4,1,23,162,P,11109.22161,-72.3,6.296e-22
348,11110.5017,2.3,2,24,136,R,11110.50275,-31.3,5.429e-22
349,11110.6887,1.3,2,24,126,P,11110.68892,-6.6,5.737e-22
350,11110.8849,1.3,1,22,236,P,11110.88381,32.6,3.318e-22
351,11110.9192,3.4,1,23,171,R,11110.91509,123.3,8.262e-22
352,11111.1402,1.2,1,23,161,P,11111.13920,29.8,8.885e-22
354,11112.0135,1.3,2,24,135,R,11112.01145,61.4,7.649e-22
355,11112.1932,0.8,2,24,125,P,11112.19297,7.0,8.069e-22
356,11112.8297,1.3,1,23,170,R,11112.82748,66.4,5.956e-22
357,11113.0447,1.2,1,23,160,P,11113.04512,-12.5,6.397e-22
362,11114.7274,1.5,1,23,169,R,11114.72811,-21.3,8.414e-22
367,11115.1708,1.0,2,24,123,P,11115.16626,136.2,8.140e-22
369,11116.4682,1.7,2,24,132,R,11116.46750,20.8,5.564e-22
374,11117.7621,2.3,0,22,197,R,11117.76410,-59.9,3.266e-22
375,11117.9278,5.2,2,24,131,R,11117.92951,-51.4,7.835e-22
377,11118.4942,1.7,1,23,167,R,11118.49406,4.2,8.565e-22
378,11118.6946,1.3,1,23,157,P,11118.69282,53.4,9.163e-22
383,11119.5433,1.4,2,24,120,P,11119.53922,122.3,5.884e-22
385,11120.3590,1.5,1,23,166,R,11120.35939,-11.8,6.171e-22
389,11120.8533,1.3,5,26,125,R,11120.85209,36.3,2.989e-22
390,11120.9721,0.9,2,24,119,P,11120.97369,-47.8,8.267e-22
393,11122.3957,1.1,2,24,118,P,11122.39658,-26.5,5.925e-22
396,11123.6645,1.4,2,24,127,R,11123.66094,106.6,8.005e-22
398,11124.5686,3.0,5,26,113,P,11124.56608,75.4,3.096e-22
400,11125.0724,1.6,1,22,231,P,11125.07509,-80.6,5.074e-22
402,11125.8878,1.0,1,23,163,R,11125.88489,87.3,8.860e-22
405,11126.2530,1.5,1,22,240,R,11126.25414,-34.3,3.093e-22
408,11127.7050,1.2,1,23,162,R,11127.70323,53.0,6.381e-22
410,11127.9717,1.7,2,24,114,P,11127.97235,-19.5,5.997e-22
412,11129.2069,2.0,2,24,123,R,11129.20597,28.0,8.156e-22
413,11129.3379,1.1,2,24,113,P,11129.33736,16.3,8.417e-22
414,11129.5122,1.0,1,23,161,R,11129.50984,70.8,9.005e-22
415,11129.6746,1.2,1,23,151,P,11129.67339,36.2,9.560e-22
416,11130.0896,4.2,5,26,109,P,11130.09168,-62.2,3.118e-22
417,11131.3023,1.2,1,23,160,R,11131.30471,-72.4,6.483e-22
418,11131.4662,2.9,1,23,150,P,11131.46272,104.3,6.874e-22
422,11131.9839,2.0,5,26,117,R,11131.98460,-20.9,3.080e-22
423,11132.0357,1.3,2,24,111,P,11132.03267,90.8,8.456e-22
424,11133.0926,1.0,1,23,159,R,11133.08786,142.1,9.147e-22
425,11133.2394,0.8,1,23,149,P,11133.24041,-30.4,9.686e-22
427,11134.5691,0.9,2,24,119,R,11134.56480,128.8,8.288e-22
428,11134.6843,3.6,2,24,109,P,11134.68173,76.9,8.488e-22
430,11134.8629,1.6,1,23,158,R,11134.85929,108.4,6.584e-22
431,11135.0078,1.2,1,23,148,P,11135.00647,39.8,6.962e-22
432,11135.9913,2.0,2,24,108,P,11135.98893,71.1,6.073e-22
433,11136.2080,1.3,1,22,227,P,11136.20526,82.2,5.434e-22
435,11136.6168,1.7,1,23,157,R,11136.61899,-65.7,9.287e-22
436,11136.7607,0.7,1,23,147,P,11136.76090,-6.0,9.808e-22
437,11137.1774,1.4,2,24,117,R,11137.17447,87.9,8.347e-22
438,11137.2825,3.3,2,24,107,P,11137.28457,-62.0,8.514e-22
439,11137.4082,1.8,1,22,236,R,11137.40722,29.5,3.328e-22
441,11138.3665,1.3,1,23,156,R,11138.36698,-14.4,6.683e-22
443,11139.3463,1.5,0,22,187,R,11139.34565,19.5,3.612e-22
444,11139.7360,1.3,2,24,115,R,11139.73767,-50.0,8.399e-22
445,11139.8417,1.6,2,24,105,P,11139.84119,15.2,8.534e-22
448,11140.1049,1.5,1,23,155,R,11140.10326,49.1,9.425e-22
449,11140.2379,2.0,1,23,145,P,11140.23488,90.6,9.926e-22
451,11141.2157,1.0,0,21,247,P,11141.21134,130.7,3.104e-22
453,11141.6979,2.5,1,22,225,P,11141.69622,50.3,5.619e-22
454,11141.8274,1.1,1,23,154,R,11141.82784,-13.1,6.780e-22
455,11141.9577,1.5,1,23,144,P,11141.95444,97.8,7.131e-22
457,11142.2581,1.2,2,24,113,R,11142.25442,110.2,8.446e-22
458,11142.3518,1.1,2,24,103,P,11142.35163,5.1,8.548e-22
460,11143.4975,1.1,2,24,112,R,11143.49539,63.2,6.048e-22
461,11143.5934,0.9,2,24,102,P,11143.58953,115.9,6.108e-22
462,11143.6622,0.9,1,23,143,P,11143.66238,-5.4,1.004e-21
467,11145.2400,1.0,1,23,152,R,11145.24188,-56.4,6.875e-22
469,11145.9402,2.8,2,24,110,R,11145.94253,-69.9,6.076e-22
470,11146.0301,0.9,2,24,100,P,11146.03072,-18.7,6.111e-22
473,11146.9299,1.2,1,23,151,R,11146.93136,-43.9,9.690e-22
474,11147.0430,1.1,1,23,141,P,11147.04343,-12.9,1.015e-21
475,11147.1478,2.1,2,24,109,R,11147.14871,-27.2,8.523e-22
477,11147.6451,1.9,0,22,183,R,11147.64768,-77.4,3.750e-22
478,11147.7725,1.0,0,22,173,P,11147.76959,87.4,3.988e-22
481,11148.3468,2.5,2,24,108,R,11148.34329,105.2,6.099e-22
482,11148.4265,1.3,2,24,98,P,11148.42577,21.8,6.108e-22
483,11148.6114,0.7,1,23,150,R,11148.60915,67.3,6.968e-22
484,11148.7169,1.1,1,23,140,P,11148.71654,10.7,7.289e-22
489,11150.2759,0.9,1,23,149,R,11150.27526,19.2,9.818e-22
490,11150.3795,1.0,1,23,139,P,11150.37806,43.3,1.026e-21
491,11150.7003,1.5,2,24,106,R,11150.69769,78.2,6.117e-22
492,11150.7740,1.0,2,24,96,P,11150.77470,-21.0,6.100e-22
494,11151.8582,1.9,2,24,105,R,11151.85752,20.5,8.574e-22
497,11153.0809,0.8,2,24,94,P,11153.07753,101.1,6.088e-22
498,11153.5726,1.1,1,23,147,R,11153.57243,5.2,9.942e-22
499,11153.6672,2.4,1,23,137,P,11153.66628,27.4,1.036e-21
502,11154.1419,2.1,2,24,103,R,11154.14242,-15.7,8.590e-22
509,11156.3815,1.6,2,24,101,R,11156.38103,14.0,8.600e-22
511,11156.8203,1.4,1,23,145,R,11156.82290,-78.0,1.006e-21
512,11156.9104,1.5,1,23,135,P,11156.90814,67.6,1.045e-21
513,11157.5479,1.1,2,24,90,P,11157.54494,88.8,6.047e-22
515,11158.4292,1.1,1,23,144,R,11158.43064,-43.1,7.230e-22
516,11158.5122,1.9,1,23,134,P,11158.51169,15.2,7.500e-22
517,11158.5738,1.3,2,24,99,R,11158.57336,13.1,8.602e-22
518,11158.6327,1.4,2,24,89,P,11158.63300,-9.1,8.446e-22
521,11160.1064,0.8,1,23,133,P,11160.10366,82.2,1.054e-21
526,11161.6858,1.5,1,23,132,P,11161.68404,52.6,7.563e-22
527,11161.8314,6.3,2,24,86,P,11161.82814,97.6,5.984e-22
528,11162.8237,1.6,2,24,95,R,11162.81927,132.7,8.587e-22
531,11163.2559,1.4,1,23,131,P,11163.25285,91.3,1.063e-21
532,11163.8509,1.9,2,24,94,R,11163.85186,-28.7,6.127e-22
533,11163.9002,1.1,2,24,84,P,11163.90071,-15.2,5.945e-22
535,11164.4180,1.9,1,22,226,R,11164.41609,57.3,3.963e-22
537,11164.8113,1.1,1,23,130,P,11164.81009,36.3,7.622e-22
538,11164.8764,1.1,2,24,93,R,11164.87289,105.1,8.568e-22
542,11166.3569,1.1,1,23,129,P,11166.35575,34.4,1.071e-21
543,11166.8782,1.1,2,24,91,R,11166.88032,-63.6,8.542e-22
545,11167.8318,1.4,1,23,138,R,11167.83228,-14.4,7.465e-22
546,11167.8937,3.4,1,23,128,P,11167.88985,115.4,7.677e-22
549,11168.8437,3.5,2,24,89,R,11168.84157,63.8,8.509e-22
550,11168.8820,1.4,2,24,79,P,11168.88089,33.3,8.152e-22
552,11169.4129,1.3,1,23,127,P,11169.41238,15.5,1.078e-21
556,11170.7943,1.5,2,24,77,P,11170.79251,53.7,8.070e-22
557,11170.8764,1.3,1,23,136,R,11170.87300,101.8,7.537e-22
559,11172.3767,1.7,1,23,135,R,11172.37591,23.6,1.060e-21
560,11172.4250,1.1,1,23,125,P,11172.42277,66.9,1.085e-21
563,11173.9126,2.1,1,23,124,P,11173.91062,59.3,7.775e-22
565,11174.4539,1.9,2,24,83,R,11174.44846,163.1,8.363e-22
566,11174.4816,2.0,2,24,73,P,11174.47790,110.9,7.883e-22
567,11174.8680,1.9,1,22,222,R,11174.87147,-104.1,4.235e-22
572,11176.8158,1.7,1,23,132,R,11176.81489,27.4,7.669e-22
577,11178.3066,1.3,1,23,121,P,11178.30489,51.3,1.097e-21
578,11178.8083,3.4,2,24,78,R,11178.80390,131.9,5.850e-22
585,11182.0836,2.3,2,24,74,R,11182.08098,78.7,5.725e-22
599,11186.7706,1.2,1,23,125,R,11186.76599,138.1,1.101e-21
603,11188.7894,1.7,2,24,55,P,11188.79023,-25.0,6.661e-22
605,11189.9527,1.1,0,22,151,P,11189.95192,23.4,4.635e-22
606,11190.1492,1.3,2,24,63,R,11190.14402,155.4,7.377e-22
610,11190.8611,0.9,1,23,122,R,11190.85676,130.2,7.929e-22
613,11192.1038,0.9,2,24,60,R,11192.10171,62.5,5.116e-22
614,11192.2026,0.7,1,23,111,P,11192.20245,4.4,1.115e-21
618,11193.3544,1.6,2,24,58,R,11193.34944,148.8,5.007e-22
619,11193.5252,0.8,1,23,120,R,11193.52600,-24.0,7.967e-22
623,11194.5531,1.3,2,24,56,R,11194.55125,55.6,4.893e-22
626,11195.7068,1.3,2,24,54,R,11195.70716,-10.7,4.774e-22
629,11196.3826,2.0,1,22,204,P,11196.38349,-26.6,5.546e-22
630,11196.8201,3.3,2,24,52,R,11196.81718,87.6,4.649e-22
632,11197.0332,1.3,0,22,157,R,11197.03129,57.3,4.579e-22
635,11197.6731,1.9,1,22,213,R,11197.67210,29.9,6.838e-22
642,11199.3892,1.1,2,24,37,P,11199.39050,-39.1,4.866e-22
644,11199.9959,0.8,1,23,115,R,11199.99652,-18.5,1.126e-21
646,11200.4856,4.5,0,22,145,P,11200.48093,140.0,4.781e-22
652,11202.1015,1.1,2,24,41,R,11202.10252,-30.6,5.430e-22
655,11202.9155,1.4,2,24,39,R,11202.91453,29.1,5.213e-22
658,11203.6822,1.7,2,24,37,R,11203.68072,44.3,4.990e-22
659,11203.7423,1.6,1,23,112,R,11203.74003,68.1,8.071e-22
660,11203.9008,3.7,0,22,143,P,11203.89800,84.0,4.826e-22
676,11210.9158,1.2,1,23,106,R,11210.91512,20.2,8.094e-22
681,11213.4145,1.3,1,22,197,P,11213.41472,-6.6,8.547e-22
683,11214.3453,5.0,1,23,103,R,11214.34686,-46.7,1.132e-21
684,11214.7157,1.1,1,22,206,R,11214.71559,3.2,5.420e-22
686,11215.4398,1.7,1,23,92,P,11215.43649,99.3,7.821e-22
688,11216.5478,1.6,1,23,91,P,11216.54445,100.4,1.092e-21
690,11217.1008,1.5,1,22,205,R,11217.10122,-12.7,7.698e-22
691,11217.6414,1.4,1,23,90,P,11217.64094,13.8,7.775e-22
692,11217.6758,2.3,1,23,100,R,11217.67481,29.8,8.066e-22
695,11218.7308,1.7,1,23,89,P,11218.72596,145.2,1.085e-21
696,11218.7616,1.0,1,23,99,R,11218.76107,15.8,1.128e-21
698,11219.8378,1.6,1,23,98,R,11219.83582,59.4,8.044e-22
699,11220.8635,2.1,1,23,87,P,11220.86158,57.5,1.077e-21
700,11220.9009,1.2,1,23,97,R,11220.89904,55.6,1.124e-21
703,11221.8364,1.8,1,22,203,R,11221.83569,21.3,7.920e-22
707,11222.8783,2.7,1,22,193,P,11222.87940,-33.0,9.005e-22
708,11222.9535,2.0,1,23,85,P,11222.95134,64.6,1.068e-21
709,11222.9909,1.4,1,23,95,R,11222.99095,-1.6,1.120e-21
714,11224.9940,1.8,1,23,83,P,11224.99526,-37.7,1.059e-21
716,11226.0019,1.1,1,23,82,P,11226.00003,56.2,7.527e-22
717,11226.5266,1.1,0,22,129,P,11226.52367,87.9,5.076e-22
718,11227.5412,1.4,1,22,191,P,11227.53895,67.5,9.236e-22
719,11227.9806,0.9,1,23,80,P,11227.97519,162.1,7.449e-22
721,11228.9497,2.4,1,23,79,P,11228.94560,123.1,1.037e-21
722,11228.9918,1.5,1,23,89,R,11228.99048,39.6,1.102e-21
723,11229.5762,1.2,0,22,127,P,11229.57137,144.9,5.102e-22
724,11229.9536,1.1,1,23,88,R,11229.95015,103.5,7.846e-22
725,11231.1583,1.1,1,22,199,R,11231.15762,20.5,8.370e-22
727,11231.7909,1.2,1,23,76,P,11231.78810,84.0,7.275e-22
728,11231.8332,1.2,1,23,86,R,11231.83500,-53.9,7.788e-22
729,11232.1513,1.4,1,22,189,P,11232.15003,38.0,9.468e-22
730,11232.7607,0.8,1,23,85,R,11232.76019,15.4,1.086e-21
734,11234.4383,1.5,1,22,188,P,11234.43741,26.7,6.846e-22
735,11234.5275,1.9,1,23,73,P,11234.52758,-2.4,9.978e-22
736,11234.5780,1.3,1,23,83,R,11234.57610,57.0,1.076e-21
737,11235.4179,1.1,1,23,72,P,11235.41785,1.4,7.074e-22
738,11235.7434,2.3,1,22,197,R,11235.74518,-53.3,8.599e-22
739,11236.3018,1.1,1,23,71,P,11236.29669,153.3,9.829e-22
740,11236.3475,1.8,1,23,81,R,11236.34607,42.8,1.066e-21
742,11236.7148,1.6,1,22,187,P,11236.71269,63.3,9.702e-22
743,11237.1644,1.5,1,23,70,P,11237.16408,9.6,6.965e-22
744,11237.2137,1.3,1,23,80,R,11237.21384,-4.1,7.574e-22
747,11238.0701,1.4,1,23,79,R,11238.07013,-0.8,1.055e-21
754,11241.2305,1.5,1,22,185,P,11241.22696,106.0,9.936e-22
755,11241.3851,1.7,1,23,75,R,11241.38053,137.0,1.029e-21
759,11242.9174,1.2,1,23,63,P,11242.91566,52.3,9.145e-22
760,11242.9717,1.5,1,23,73,R,11242.96691,143.5,1.015e-21
761,11243.6959,1.9,1,23,62,P,11243.69159,129.3,6.464e-22
765,11245.2616,2.2,1,23,70,R,11245.26051,32.7,7.091e-22
767,11245.6924,1.4,1,22,183,P,11245.69290,-15.0,1.017e-21
768,11245.9547,1.3,1,23,59,P,11245.95082,116.3,8.751e-22
769,11246.0059,1.8,1,23,69,R,11246.00212,113.4,9.847e-22
771,11246.7312,1.1,1,23,68,R,11246.73227,-32.1,6.975e-22
773,11247.0011,1.0,1,22,192,R,11247.00040,21.0,6.556e-22
774,11247.4027,1.2,1,23,57,P,11247.39986,85.3,8.542e-22
775,11247.4515,2.0,1,23,67,R,11247.45097,16.0,9.680e-22
776,11247.9110,1.4,1,22,182,P,11247.90776,97.2,7.349e-22
779,11249.2167,1.8,1,22,191,R,11249.21486,55.1,9.295e-22
780,11249.4923,1.5,1,23,54,P,11249.48776,136.2,5.866e-22
782,11250.1081,1.2,1,22,181,P,11250.11054,-73.2,1.041e-21
783,11250.2124,1.5,1,23,63,R,11250.21122,35.2,9.321e-22
785,11251.4197,2.2,1,22,190,R,11251.41714,76.7,6.723e-22
786,11251.4727,1.3,1,23,51,P,11251.47290,-5.9,7.865e-22
787,11251.5220,1.2,1,23,61,R,11251.52266,-19.8,9.129e-22
788,11252.1634,0.9,1,23,60,R,11252.16121,65.6,6.449e-22
789,11252.3041,1.1,1,22,180,P,11252.30126,85.0,7.517e-22
790,11252.4063,1.2,0,22,121,R,11252.40594,10.8,5.274e-22
793,11252.7897,1.7,1,23,59,R,11252.78832,41.4,8.928e-22
795,11253.6082,0.9,1,22,189,R,11253.60725,28.5,9.531e-22
796,11254.0107,1.2,1,23,57,R,11254.00821,74.7,8.718e-22
797,11254.4845,1.0,1,22,179,P,11254.47993,137.1,1.064e-21
798,11255.1858,0.9,1,23,55,R,11255.18234,103.6,8.501e-22
801,11256.6467,1.2,1,22,178,P,11256.64654,4.8,7.685e-22
803,11256.8577,1.1,1,23,52,R,11256.85778,-2.5,5.828e-22
804,11257.3962,1.8,1,23,51,R,11257.39340,84.0,8.042e-22
805,11257.6361,2.0,0,22,117,R,11257.63292,95.2,5.300e-22
807,11258.8005,1.2,1,22,177,P,11258.80110,-18.0,1.088e-21
811,11260.1815,1.2,0,22,115,R,11260.17724,127.6,5.308e-22
816,11262.2468,1.3,1,22,185,R,11262.24605,22.5,1.000e-21
820,11263.0790,1.9,1,22,175,P,11263.07410,147.0,1.111e-21
822,11264.3760,1.1,1,22,184,R,11264.37537,18.9,7.230e-22
828,11266.4923,1.7,1,22,183,R,11266.49255,-7.5,1.024e-21
829,11266.5675,1.2,2,23,141,P,11266.57000,-75.0,6.064e-22
830,11267.3031,1.0,1,22,173,P,11267.29896,124.3,1.134e-21
831,11267.4147,1.5,0,22,99,P,11267.41143,98.1,5.139e-22
840,11270.7352,1.2,0,21,199,P,11270.73185,100.5,6.053e-22
842,11271.4765,1.3,1,22,171,P,11271.47572,23.5,1.158e-21
845,11273.5456,1.6,1,22,170,P,11273.54607,-14.2,8.352e-22
847,11274.8410,1.4,1,22,179,R,11274.83999,30.3,1.072e-21
848,11275.6028,1.3,1,22,169,P,11275.60442,-48.6,1.181e-21
850,11276.8949,1.2,1,22,178,R,11276.89656,-49.6,7.740e-22
852,11277.6513,1.1,1,22,168,P,11277.65076,16.2,8.517e-22
854,11278.9446,1.2,1,22,177,R,11278.94101,107.5,1.096e-21
855,11279.6866,1.3,1,22,167,P,11279.68510,44.9,1.204e-21
858,11281.7106,0.8,1,22,166,P,11281.70744,94.6,8.680e-22
861,11282.9939,1.6,1,22,175,R,11282.99363,8.1,1.119e-21
862,11283.2126,2.2,2,23,131,P,11283.21020,71.8,6.561e-22
863,11283.7163,1.1,1,22,165,P,11283.71780,-44.8,1.227e-21
866,11285.0010,1.0,1,22,174,R,11285.00180,-23.9,8.079e-22
868,11285.7183,1.0,1,22,164,P,11285.71616,64.2,8.842e-22
869,11286.9952,1.3,1,22,173,R,11286.99788,-80.4,1.143e-21
872,11288.7969,1.4,0,21,201,R,11288.79227,138.9,6.046e-22
873,11288.9806,1.1,1,22,172,R,11288.98188,-38.4,8.248e-22
875,11289.6744,1.4,1,22,162,P,11289.67694,-76.2,9.003e-22
877,11290.9556,1.1,1,22,171,R,11290.95381,53.7,1.167e-21
878,11291.6442,1.5,1,22,161,P,11291.63937,144.8,1.271e-21
881,11292.9142,1.0,1,22,170,R,11292.91366,16.1,8.416e-22
884,11294.8648,1.2,1,22,169,R,11294.86145,100.3,1.190e-21
885,11295.1364,1.6,2,23,133,R,11295.13594,13.9,6.401e-22
887,11295.5260,1.0,1,22,159,P,11295.52832,-69.6,1.294e-21
888,11296.8002,1.5,1,22,168,R,11296.79718,90.4,8.583e-22
890,11297.4565,2.1,1,22,158,P,11297.45485,49.4,9.317e-22
892,11298.7311,1.1,0,21,187,P,11298.73245,-40.6,6.891e-22
893,11299.3704,1.2,1,22,157,P,11299.36942,29.2,1.315e-21
894,11300.6343,2.8,1,22,166,R,11300.63248,54.6,8.749e-22
895,11301.2741,1.0,1,22,156,P,11301.27205,61.6,9.471e-22
898,11303.1648,0.9,1,22,155,P,11303.16272,62.5,1.337e-21
900,11304.4180,0.9,1,22,164,R,11304.41959,-47.8,8.913e-22
904,11305.0432,1.0,1,22,154,P,11305.04144,52.6,9.622e-22
906,11306.2974,1.5,1,22,163,R,11306.29509,69.2,1.259e-21
908,11307.3577,1.8,2,23,115,P,11307.35887,-35.0,7.168e-22
910,11307.6849,2.1,0,21,183,P,11307.68060,128.9,7.171e-22
912,11308.7624,0.9,1,22,152,P,11308.76308,-20.4,9.770e-22
915,11310.0132,1.1,1,22,161,R,11310.01000,95.8,1.282e-21
916,11310.6057,1.3,1,22,151,P,11310.60600,-8.9,1.378e-21
918,11311.8502,1.2,1,22,160,R,11311.84942,23.3,9.236e-22
919,11312.4344,1.2,1,22,150,P,11312.43698,-77.5,9.915e-22
920,11313.6812,1.4,1,22,159,R,11313.67683,131.1,1.304e-21
922,11315.4934,1.0,1,22,158,R,11315.49222,35.5,9.395e-22
923,11316.0675,1.6,1,22,148,P,11316.06319,129.2,1.006e-21
925,11317.2973,1.6,1,22,157,R,11317.29560,51.0,1.326e-21
928,11319.0875,1.2,1,22,156,R,11319.08698,15.7,9.551e-22
929,11319.6417,1.4,1,22,146,P,11319.64173,-0.8,1.019e-21
931,11320.2620,1.5,1,21,225,P,11320.26051,44.6,6.352e-22
932,11320.7434,1.6,0,21,177,P,11320.74261,23.7,7.587e-22
933,11320.8692,2.9,1,22,155,R,11320.86635,85.3,1.348e-21
934,11321.4173,0.9,1,22,145,P,11321.41313,125.0,1.437e-21
935,11322.6348,1.0,1,22,154,R,11322.63374,31.8,9.704e-22
938,11323.4813,1.3,2,23,103,P,11323.47765,109.5,7.419e-22
939,11324.3882,1.7,1,22,153,R,11324.38913,-28.0,1.369e-21
940,11324.9221,1.2,1,22,143,P,11324.92022,56.3,1.455e-21
941,11326.1355,1.3,1,22,152,R,11326.13254,88.7,9.855e-22
943,11326.6570,1.2,1,22,142,P,11326.65592,32.4,1.046e-21
944,11327.8654,1.2,1,22,151,R,11327.86397,43.0,1.390e-21
946,11328.3785,1.0,1,22,141,P,11328.37972,-36.6,1.473e-21
947,11328.4712,2.1,2,23,99,P,11328.47199,-23.7,7.455e-22
948,11328.5950,1.1,0,21,183,R,11328.59788,-86.3,7.325e-22
950,11329.5819,1.6,1,22,150,R,11329.58342,-45.5,1.000e-21
953,11330.0909,1.0,1,22,140,P,11330.09163,-22.0,1.058e-21
954,11331.2943,1.1,1,22,149,R,11331.29089,102.1,1.410e-21
955,11331.7937,1.2,1,22,139,P,11331.79166,61.3,1.490e-21
957,11332.7806,1.7,0,21,181,R,11332.77877,54.8,7.466e-22
958,11332.9879,1.4,1,22,148,R,11332.98640,45.0,1.015e-21
959,11333.3711,1.7,0,21,171,P,11333.37326,-64.8,7.993e-22
960,11333.4782,1.3,1,22,138,P,11333.47980,-47.9,1.070e-21
962,11334.6724,1.5,1,22,147,R,11334.66994,73.6,1.430e-21
963,11334.7543,9.0,1,21,229,R,11334.75342,26.5,5.864e-22
964,11335.1541,1.1,1,22,137,P,11335.15606,-58.6,1.507e-21
965,11336.3427,1.2,1,22,146,R,11336.34153,35.2,1.029e-21
966,11336.8183,0.8,1,22,136,P,11336.82044,-64.1,1.082e-21
967,11336.9092,3.1,0,21,179,R,11336.91143,-66.8,7.607e-22
968,11337.4904,2.3,0,21,169,P,11337.48779,78.2,8.126e-22
971,11337.9988,1.0,1,22,145,R,11338.00115,-70.6,1.450e-21
972,11338.4751,1.0,1,22,135,P,11338.47295,64.5,1.523e-21
973,11339.5243,1.3,0,21,168,P,11339.52714,-85.0,5.852e-22
974,11339.6506,1.0,1,22,144,R,11339.64883,53.1,1.042e-21
975,11339.8113,1.9,2,23,99,R,11339.81134,-1.2,7.441e-22
976,11340.1184,0.9,1,22,134,P,11340.11359,144.3,1.093e-21
977,11340.9945,1.6,0,21,177,R,11340.99589,-41.7,7.747e-22
978,11341.2865,1.1,1,22,143,R,11341.28456,58.3,1.468e-21
979,11341.5554,1.1,0,21,167,P,11341.55454,25.9,8.258e-22
981,11342.0122,1.4,2,23,97,R,11342.01171,14.8,7.453e-22
982,11342.3233,1.8,2,23,87,P,11342.32156,52.3,7.406e-22
983,11342.9105,1.0,1,22,142,R,11342.90834,64.8,1.055e-21
984,11343.3605,1.2,1,22,132,P,11343.35927,36.9,1.104e-21
985,11344.5241,1.1,1,22,141,R,11344.52018,117.5,1.487e-21
986,11344.9666,1.1,1,22,131,P,11344.96432,68.4,1.552e-21
987,11345.0322,1.2,0,21,175,R,11345.03220,0.0,7.886e-22
989,11346.1199,1.3,1,22,140,R,11346.12009,-5.6,1.068e-21
990,11346.2722,1.1,2,23,93,R,11346.27039,54.2,7.459e-22
995,11348.1407,1.1,1,22,129,P,11348.13885,55.5,1.566e-21
996,11348.6099,2.3,2,23,81,P,11348.60967,6.9,7.287e-22
998,11349.2841,1.1,1,22,138,R,11349.28411,-0.3,1.081e-21
1000,11349.5468,1.2,0,21,163,P,11349.54480,59.9,8.515e-22
1001,11349.7094,1.8,1,22,128,P,11349.70834,31.9,1.123e-21
1002,11350.3400,2.2,2,23,89,R,11350.33982,5.3,7.437e-22
1004,11350.8513,0.8,1,22,137,R,11350.84823,92.0,1.521e-21
1005,11351.2679,1.1,1,22,127,P,11351.26598,57.6,1.578e-21
1006,11352.3078,3.1,2,23,87,R,11352.30362,125.4,7.415e-22
1007,11352.3997,1.4,1,22,136,R,11352.40043,-22.0,1.092e-21
1008,11352.8129,1.0,1,22,126,P,11352.81178,33.7,1.132e-21
1011,11353.9418,0.9,1,22,135,R,11353.94072,32.5,1.537e-21
1012,11354.2211,3.9,2,23,85,R,11354.22016,28.2,7.387e-22
1013,11354.3498,1.4,1,22,125,P,11354.34573,121.9,1.590e-21
1015,11355.4119,0.8,0,21,160,P,11355.41231,-12.4,6.216e-22
1016,11355.4681,1.3,1,22,134,R,11355.46909,-29.7,1.104e-21
1018,11355.8657,1.0,1,22,124,P,11355.86785,-64.6,1.140e-21
1019,11356.2699,1.4,1,21,221,R,11356.26876,34.3,6.788e-22
1021,11356.9900,1.3,1,22,133,R,11356.98555,133.3,1.553e-21
1022,11357.3784,1.0,1,22,123,P,11357.37814,7.8,1.601e-21
1024,11358.4922,1.1,1,22,132,R,11358.49011,62.7,1.114e-21
1025,11358.8798,1.7,1,22,122,P,11358.87659,96.2,1.147e-21
1028,11359.9803,1.3,1,22,131,R,11359.98276,-73.9,1.567e-21
1029,11360.3627,1.2,1,22,121,P,11360.36322,-15.5,1.611e-21
1032,11361.1740,1.6,0,21,157,P,11361.17264,40.8,8.884e-22
1033,11361.4670,1.6,1,22,130,R,11361.46352,104.3,1.125e-21
1034,11361.8381,1.1,1,22,120,P,11361.83802,2.5,1.154e-21
1035,11362.9357,0.9,1,22,129,R,11362.93238,99.4,1.581e-21
1036,11363.0739,3.9,0,21,156,P,11363.06895,148.5,6.388e-22
1040,11364.3925,1.6,1,22,128,R,11364.38936,94.3,1.134e-21
1041,11364.4900,2.0,0,21,165,R,11364.49277,-83.1,8.560e-22
1044,11365.8368,1.5,1,22,127,R,11365.83444,70.8,1.594e-21
1045,11366.1915,0.9,1,22,117,P,11366.19149,0.3,1.628e-21
1046,11367.2227,1.9,0,20,231,P,11367.22031,71.7,6.964e-22
1048,11367.6201,0.8,1,22,116,P,11367.61902,32.5,1.165e-21
1049,11367.8588,1.3,2,23,69,R,11367.85361,155.5,6.894e-22
1051,11368.2417,2.5,0,21,163,R,11368.24096,22.3,8.690e-22
1053,11369.0359,1.1,1,22,115,P,11369.03473,35.0,1.635e-21
1055,11370.4397,0.9,1,22,114,P,11370.43864,31.8,1.170e-21
1056,11371.1176,1.9,1,21,206,P,11371.11687,21.9,6.254e-22
1057,11371.4970,0.9,1,22,123,R,11371.49597,30.9,1.617e-21
1058,11371.8321,1.9,1,22,113,P,11371.83074,40.8,1.640e-21
1063,11373.2123,1.3,1,22,112,P,11373.21104,37.8,1.173e-21
1064,11373.5420,2.1,2,23,61,R,11373.53952,74.3,6.469e-22
1065,11373.6677,2.2,1,21,205,P,11373.66806,-10.7,8.893e-22
1066,11373.7764,1.6,0,21,160,R,11373.77345,88.6,6.343e-22
1067,11374.1983,1.3,0,21,150,P,11374.19716,34.1,6.630e-22
1068,11374.2549,1.8,1,22,121,R,11374.25550,-17.9,1.628e-21
1069,11374.5824,1.7,1,22,111,P,11374.57954,85.8,1.645e-21
1072,11375.6163,1.7,1,22,120,R,11375.61747,-34.9,1.166e-21
1073,11375.9385,1.0,1,22,110,P,11375.93624,67.8,1.176e-21
1076,11377.8149,2.3,0,21,148,P,11377.81156,100.1,6.706e-22
1077,11378.3079,1.1,1,22,118,R,11378.30582,62.3,1.172e-21
1078,11378.6141,0.8,1,22,108,P,11378.61426,-4.7,1.179e-21
1079,11378.7363,1.3,1,21,203,P,11378.73294,100.7,9.171e-22
1080,11379.2004,2.5,0,21,157,R,11379.19830,63.1,9.064e-22
1082,11379.6323,1.5,1,22,117,R,11379.63222,2.5,1.645e-21
1083,11379.9379,0.9,1,22,107,P,11379.93558,69.5,1.651e-21
1084,11380.9508,1.5,1,22,116,R,11380.94676,121.0,1.178e-21
1089,11382.0210,1.7,1,21,211,R,11382.02162,-18.4,8.053e-22
1091,11382.5435,1.1,1,22,105,P,11382.54287,18.8,1.652e-21
1092,11382.7600,1.9,0,21,155,R,11382.75512,146.3,9.183e-22
1093,11383.1492,4.2,0,21,145,P,11383.14418,150.4,9.542e-22
1094,11383.5420,1.4,1,22,114,R,11383.54031,50.6,1.182e-21
1095,11383.8277,1.2,1,22,104,P,11383.82884,-34.3,1.180e-21
1097,11384.8209,1.2,1,22,113,R,11384.81932,47.2,1.658e-21
1099,11385.1022,1.2,1,22,103,P,11385.10304,-25.0,1.652e-21
1100,11386.0867,0.9,1,22,112,R,11386.08650,6.1,1.186e-21
1101,11386.2622,2.6,0,21,153,R,11386.26419,-59.6,9.300e-22
1102,11386.3661,1.0,1,22,102,P,11386.36545,19.5,1.180e-21
1103,11386.6436,2.2,0,21,143,P,11386.63999,108.1,9.639e-22
1104,11387.3448,1.6,1,22,111,R,11387.34183,88.9,1.663e-21
1105,11387.6166,2.3,1,22,101,P,11387.61609,15.3,1.651e-21
1106,11387.8392,1.6,0,20,233,R,11387.83523,119.0,6.878e-22
1107,11388.5839,1.0,1,22,110,R,11388.58534,-43.2,1.190e-21
1108,11388.7105,1.6,1,21,199,P,11388.71293,-72.8,9.738e-22
1109,11388.8552,1.0,1,22,100,P,11388.85496,7.3,1.178e-21
1110,11389.5029,1.6,1,21,208,R,11389.50123,50.0,6.039e-22
1111,11389.7254,2.5,0,21,151,R,11389.72554,-4.1,9.413e-22
1113,11390.0854,0.9,1,22,99,P,11390.08205,100.3,1.648e-21
1114,11391.0363,1.3,1,22,108,R,11391.03687,-17.0,1.192e-21
1115,11391.2991,0.9,1,22,98,P,11391.29738,51.4,1.176e-21
1116,11392.2447,1.0,1,22,107,R,11392.24489,-5.8,1.670e-21
1117,11392.5041,1.4,1,22,97,P,11392.50095,94.5,1.645e-21
1118,11393.1406,1.4,0,21,149,R,11393.13919,42.1,9.523e-22
1119,11393.4424,1.0,1,22,106,R,11393.44110,39.0,1.193e-21
1120,11393.4901,2.4,0,21,139,P,11393.48948,18.5,9.820e-22
1121,11393.6269,2.1,1,21,197,P,11393.62814,-37.1,1.003e-21
1122,11393.6967,1.3,1,22,96,P,11393.69275,118.4,1.173e-21
1124,11394.6290,1.0,1,22,105,R,11394.62549,105.3,1.671e-21
1125,11394.8728,1.1,1,22,95,P,11394.87279,0.3,1.640e-21
1127,11395.7995,1.2,1,22,104,R,11395.79806,43.2,1.194e-21
1128,11396.0425,1.8,1,22,94,P,11396.04107,42.7,1.169e-21
1131,11396.9617,1.0,1,22,103,R,11396.95882,86.3,1.672e-21
1132,11397.2008,1.4,1,22,93,P,11397.19760,95.9,1.633e-21
1133,11397.9246,1.5,0,20,220,P,11397.92068,117.6,5.858e-22
1134,11398.1089,1.3,1,22,102,R,11398.10777,33.8,1.194e-21
1136,11398.3425,1.1,1,22,92,P,11398.34237,3.8,1.164e-21
1137,11398.5005,1.0,0,21,136,P,11398.50234,-55.1,7.104e-22
1138,11399.2499,2.2,1,22,101,R,11399.24492,149.4,1.671e-21
1139,11399.2978,1.8,1,21,204,R,11399.29785,-1.4,6.433e-22
1141,11399.8264,1.3,0,21,145,R,11399.82357,84.8,9.731e-22
1142,11400.1505,1.5,0,21,135,P,11400.14964,25.8,9.984e-22
1143,11400.3705,1.1,1,22,100,R,11400.37026,7.2,1.193e-21
1144,11400.5969,1.7,1,22,90,P,11400.59666,7.1,1.158e-21
1145,11400.9084,1.5,1,21,194,P,11400.90760,23.9,7.475e-22
1147,11401.4813,1.5,1,22,99,R,11401.48380,-74.9,1.668e-21
1148,11401.7115,0.9,1,22,89,P,11401.70618,159.4,1.617e-21
1153,11402.8024,1.4,1,22,88,P,11402.80396,-46.8,1.151e-21
1154,11403.0969,2.1,0,21,143,R,11403.09435,76.5,9.830e-22
1157,11403.8920,1.1,1,22,87,P,11403.88999,60.1,1.606e-21
1158,11404.1197,1.8,1,21,202,R,11404.12076,-31.8,6.634e-22
1159,11404.7161,1.4,0,21,142,R,11404.71190,125.9,7.055e-22
1160,11404.7513,1.3,1,22,96,R,11404.75364,-70.1,1.188e-21
1161,11404.9651,1.4,1,22,86,P,11404.96428,24.4,1.143e-21
1162,11405.6989,1.7,1,21,192,P,11405.69842,14.3,7.687e-22
1163,11405.8206,1.1,1,22,95,R,11405.82000,18.0,1.660e-21
1165,11406.3209,1.6,0,21,141,R,11406.31756,100.0,9.924e-22
1166,11406.5135,1.2,1,21,201,R,11406.51339,3.1,9.429e-22
1167,11406.6224,1.4,0,21,131,P,11406.62067,51.7,1.013e-21
1168,11406.8761,1.3,1,22,94,R,11406.87457,45.7,1.184e-21
1169,11407.0752,1.6,1,22,84,P,11407.07765,-73.4,1.134e-21
1170,11407.9165,0.8,1,22,93,R,11407.91736,-25.9,1.654e-21
1171,11408.0766,1.6,1,21,191,P,11408.07520,41.9,1.091e-21
1172,11408.1210,1.6,1,22,83,P,11408.11673,128.1,1.581e-21
1173,11408.2068,1.6,0,21,130,P,11408.20891,-63.2,7.258e-22
1175,11408.7073,1.5,0,20,216,P,11408.70841,-33.1,6.197e-22
1176,11408.9478,1.1,1,22,92,R,11408.94837,-17.0,1.179e-21
1177,11409.1465,1.3,1,22,82,P,11409.14407,72.8,1.124e-21
1178,11409.4975,1.5,0,21,139,R,11409.49324,127.7,1.001e-21
1179,11409.6587,2.6,0,20,225,R,11409.65560,93.1,7.768e-22
1180,11409.9702,1.1,1,22,91,R,11409.96759,78.2,1.647e-21
1181,11410.1629,1.8,1,22,81,P,11410.15968,96.5,1.567e-21
1182,11410.9737,1.3,1,22,90,R,11410.97504,-40.1,1.173e-21
1183,11411.1635,1.2,1,22,80,P,11411.16356,-1.9,1.114e-21
1185,11411.9704,1.2,1,22,89,R,11411.97071,-9.2,1.638e-21
1186,11412.1588,1.0,1,22,79,P,11412.15572,92.4,1.551e-21
1189,11412.9557,1.4,1,22,88,R,11412.95460,32.8,1.166e-21
1190,11413.1398,3.7,1,22,78,P,11413.13614,109.6,1.102e-21
1192,11413.9277,1.3,1,22,87,R,11413.92673,29.1,1.628e-21
1193,11414.1051,1.2,1,22,77,P,11414.10484,7.7,1.534e-21
1194,11414.8857,1.3,1,22,86,R,11414.88709,-41.6,1.159e-21
1195,11415.0628,1.0,1,22,76,P,11415.06182,29.3,1.089e-21
1197,11415.7037,1.7,0,21,135,R,11415.70211,47.7,1.018e-21
1198,11415.8378,1.0,1,22,85,R,11415.83568,63.7,1.616e-21
1200,11416.0107,1.4,1,22,75,P,11416.00708,108.5,1.515e-21
1202,11416.7744,2.7,1,22,84,R,11416.77250,56.9,1.150e-21
1203,11416.9431,1.3,1,22,74,P,11416.94062,74.4,1.075e-21
1204,11417.4601,2.4,1,21,187,P,11417.45826,55.1,1.151e-21
1205,11417.6987,0.9,1,22,83,R,11417.69757,34.0,1.603e-21
1206,11417.8639,1.1,1,22,73,P,11417.86244,43.9,1.495e-21
1208,11418.6113,1.1,1,22,82,R,11418.61087,12.9,1.140e-21
1211,11418.9999,1.5,0,21,123,P,11418.99617,112.0,1.035e-21
1213,11419.5145,1.0,1,22,81,R,11419.51242,62.4,1.589e-21
1214,11419.6754,1.1,1,22,71,P,11419.67093,134.1,1.473e-21
1216,11420.4037,1.2,1,22,80,R,11420.40221,44.7,1.129e-21
1217,11420.6093,1.9,1,21,195,R,11420.60609,96.3,1.030e-21
1218,11421.2802,1.3,1,22,79,R,11421.28025,-1.4,1.573e-21
1219,11421.4369,1.8,1,22,69,P,11421.43256,130.0,1.451e-21
1220,11421.9733,1.8,0,21,121,P,11421.97214,34.8,1.039e-21
1221,11422.0773,1.4,1,21,185,P,11422.07544,55.8,1.182e-21
1222,11422.1478,1.2,1,22,78,R,11422.14653,38.0,1.118e-21
1223,11423.0023,1.8,1,22,77,R,11423.00107,36.8,1.556e-21
1224,11423.1510,1.0,1,22,67,P,11423.14736,109.1,1.426e-21
1225,11423.8444,1.1,1,22,76,R,11423.84386,16.1,1.105e-21
1226,11424.3646,1.4,1,21,184,P,11424.36546,-25.6,8.549e-22
1228,11424.8155,1.5,1,22,65,P,11424.81533,5.1,1.401e-21
1229,11424.9028,1.3,0,21,119,P,11424.90100,54.0,1.043e-21
1230,11425.2037,1.5,1,21,193,R,11425.20358,3.7,1.060e-21
1232,11425.6310,1.2,1,22,64,P,11425.63176,-22.6,9.911e-22
1233,11426.3050,1.9,1,22,73,R,11426.30177,96.8,1.518e-21
1235,11426.6431,1.8,1,21,183,P,11426.64310,-0.0,1.212e-21
1237,11427.2288,2.2,1,22,62,P,11427.22950,-21.1,9.714e-22
1238,11427.5497,1.6,0,21,127,R,11427.55068,-29.4,1.045e-21
1239,11427.7837,1.2,0,21,117,P,11427.78276,28.1,1.046e-21
1240,11427.8797,1.4,1,22,71,R,11427.88168,-59.4,1.496e-21
1241,11428.0108,1.6,1,22,61,P,11428.01082,-0.7,1.346e-21
1242,11428.6571,1.3,1,22,70,R,11428.65403,92.0,1.061e-21
1243,11429.2091,2.7,0,21,116,P,11429.20599,93.1,7.480e-22
1244,11429.4128,1.4,1,22,69,R,11429.41465,-55.4,1.474e-21
1245,11429.5415,0.9,1,22,59,P,11429.53837,93.7,1.316e-21
1246,11429.7513,2.0,1,21,191,R,11429.75112,5.5,1.090e-21
1247,11430.1655,1.5,1,22,68,R,11430.16353,59.0,1.044e-21
1248,11430.3958,1.5,0,21,125,R,11430.39441,41.8,1.050e-21
1249,11430.9040,1.3,1,22,67,R,11430.90069,99.3,1.450e-21
1250,11431.1618,2.8,1,21,181,P,11431.16130,15.1,1.243e-21
1251,11431.6255,1.9,1,22,66,R,11431.62612,-18.5,1.027e-21
1253,11432.3431,1.6,1,22,65,R,11432.33982,98.4,1.424e-21
1255,11433.0442,1.5,1,22,64,R,11433.04179,72.1,1.008e-21
1257,11433.7348,1.2,1,22,63,R,11433.73205,82.5,1.398e-21
1258,11433.8410,1.3,1,22,53,P,11433.84035,19.3,1.220e-21
1259,11434.2481,1.3,1,21,189,R,11434.24875,-19.6,1.120e-21
1260,11434.5161,1.2,1,22,52,P,11434.51643,-10.0,8.589e-22
1262,11435.0793,1.0,1,22,61,R,11435.07740,57.1,1.370e-21
1263,11435.1824,2.3,1,22,51,P,11435.18082,47.3,1.185e-21
1264,11435.6281,2.0,1,21,179,P,11435.63007,-59.1,1.273e-21
1265,11435.9433,1.6,0,21,121,R,11435.93994,100.8,1.059e-21
1266,11436.1476,2.6,0,21,111,P,11436.14572,56.4,1.051e-21
1267,11436.3787,1.6,1,22,59,R,11436.37587,84.7,1.340e-21
1269,11437.1088,1.9,1,22,48,P,11437.10388,147.6,8.077e-22
1270,11437.3441,1.3,0,20,205,P,11437.34536,-37.8,1.004e-21
1271,11437.6284,1.7,1,22,57,R,11437.62749,27.2,1.309e-21
1272,11438.6438,1.1,0,21,119,R,11438.64180,60.1,1.063e-21
1273,11438.6990,1.4,1,21,187,R,11438.69654,73.8,1.150e-21
1274,11438.8365,1.0,1,22,55,R,11438.83227,126.9,1.277e-21
1276,11439.4201,1.2,1,22,54,R,11439.41709,90.2,9.007e-22
1279,11440.5533,1.8,1,22,52,R,11440.55162,50.4,8.765e-22
1281,11441.1034,2.3,1,22,51,R,11441.10132,62.2,1.210e-21
1282,11441.1845,1.0,1,22,41,P,11441.18212,71.4,9.943e-22
1283,11441.4903,1.9,0,21,107,P,11441.48594,130.6,1.051e-21
1284,11441.6428,1.7,1,22,50,R,11441.63933,104.0,8.514e-22
1285,11442.1705,1.2,1,22,49,R,11442.16563,145.9,1.174e-21
1288,11442.7945,1.3,0,21,106,P,11442.79164,85.9,7.501e-22
1289,11443.0954,1.4,1,21,185,R,11443.09452,26.3,1.181e-21
1290,11443.1822,2.2,1,22,47,R,11443.18314,-28.2,1.137e-21
1291,11443.2557,2.2,1,22,37,P,11443.25562,2.4,9.104e-22
1293,11443.6760,1.2,1,22,46,R,11443.67435,49.5,7.987e-22
1294,11444.0871,2.0,0,21,105,P,11444.08559,45.3,1.049e-21
1295,11444.1583,1.6,1,22,45,R,11444.15386,133.1,1.099e-21
1296,11444.4164,1.7,1,21,175,P,11444.41952,-93.6,1.335e-21
1298,11445.0766,3.9,1,22,43,R,11445.07780,-36.0,1.060e-21
1300,11445.9555,1.3,1,22,41,R,11445.95497,15.8,1.020e-21
1301,11446.4687,2.0,0,21,113,R,11446.46403,140.1,1.070e-21
1302,11446.5860,1.9,1,21,174,P,11446.58606,-1.9,9.646e-22
1303,11446.7859,1.7,1,22,39,R,11446.78538,15.5,9.782e-22
1305,11447.4436,1.7,1,21,183,R,11447.44275,25.4,1.212e-21
1306,11447.5688,1.4,1,22,37,R,11447.56904,-7.3,9.359e-22
1307,11448.7428,1.9,1,21,173,P,11448.74028,75.5,1.366e-21
1311,11450.8811,1.1,1,21,172,P,11450.88219,-32.6,9.866e-22
1314,11451.6075,1.8,0,21,99,P,11451.60289,138.2,1.042e-21
1315,11451.7452,1.3,1,21,181,R,11451.74127,117.7,1.243e-21
1316,11452.3358,1.1,0,20,199,P,11452.33148,129.5,1.082e-21
1318,11453.0125,1.2,1,21,171,P,11453.01179,21.4,1.397e-21
1320,11454.0190,1.6,0,21,97,P,11454.01484,124.8,1.037e-21
1322,11455.1291,1.1,1,21,170,P,11455.12908,0.6,1.009e-21
1323,11455.8008,1.4,0,20,207,R,11455.80194,-34.1,9.967e-22
1324,11455.9923,1.1,1,21,179,R,11455.99013,64.9,1.274e-21
1325,11456.2378,1.8,0,21,105,R,11456.23340,131.8,1.070e-21
1326,11456.3801,1.9,0,21,95,P,11456.37990,5.9,1.033e-21
1327,11457.2348,1.0,1,21,169,P,11457.23407,21.8,1.427e-21
1328,11458.0950,1.0,1,21,178,R,11458.09596,-28.7,9.208e-22
1329,11458.7001,1.6,0,21,93,P,11458.69811,59.7,1.027e-21
1331,11460.1902,1.9,1,21,177,R,11460.18938,24.6,1.305e-21
1332,11460.6807,1.4,0,20,205,R,11460.67854,64.6,1.022e-21
1333,11460.8378,1.5,0,21,101,R,11460.83552,68.3,1.065e-21
1334,11461.4046,0.9,1,21,167,P,11461.40719,-77.5,1.458e-21
1337,11464.3423,1.0,1,21,175,R,11464.33906,97.2,1.336e-21
1341,11467.3878,1.3,0,21,95,R,11467.38595,55.4,1.053e-21
1342,11467.5736,1.8,1,21,164,P,11467.57473,-34.0,1.074e-21
1344,11468.4398,1.1,1,21,173,R,11468.43921,17.8,1.367e-21
1345,11469.2564,1.6,0,20,192,P,11469.25180,137.8,8.382e-22
1347,11470.2845,2.2,0,20,201,R,11470.28194,76.7,1.075e-21
1348,11470.4683,1.2,1,21,172,R,11470.47072,-72.7,9.874e-22
1350,11472.4925,2.1,1,21,171,R,11472.48988,78.6,1.398e-21
1352,11472.6517,3.4,0,20,200,R,11472.65162,2.5,7.771e-22
1353,11473.6293,1.4,1,21,161,P,11473.63185,-76.4,1.548e-21
1354,11474.5004,0.9,1,21,170,R,11474.49667,111.8,1.010e-21
1355,11475.0070,1.9,0,20,199,R,11475.00884,-55.1,1.101e-21
1356,11475.6253,1.3,1,21,160,P,11475.62637,-32.0,1.117e-21
1357,11476.3185,1.2,0,20,189,P,11476.31806,13.1,1.213e-21
1359,11477.3582,1.6,0,20,198,R,11477.35360,137.8,7.960e-22
1360,11477.6102,1.1,1,21,159,P,11477.60863,47.0,1.578e-21
1362,11478.6516,1.6,0,20,188,P,11478.64881,83.5,8.760e-22
1363,11479.3080,2.7,0,21,73,P,11479.30602,59.4,9.270e-22
1364,11479.5801,1.3,1,21,158,P,11479.57865,43.4,1.138e-21
1366,11480.4441,1.2,1,21,167,R,11480.44294,34.7,1.460e-21
1367,11480.9679,0.9,0,20,187,P,11480.96724,19.7,1.240e-21
1368,11481.5379,1.4,1,21,157,P,11481.53643,44.0,1.607e-21
1370,11482.4001,1.7,1,21,166,R,11482.40035,-7.5,1.054e-21
1371,11484.3146,3.2,0,20,195,R,11484.31326,40.1,1.154e-21
1372,11484.3467,1.9,1,21,165,R,11484.34542,38.3,1.491e-21
1374,11485.4160,0.7,1,21,155,P,11485.41527,21.7,1.636e-21
1375,11485.5662,2.0,0,20,185,P,11485.56714,-28.2,1.266e-21
1377,11486.1746,1.3,0,21,75,R,11486.16973,146.1,9.597e-22
1378,11486.2782,1.2,1,21,164,R,11486.27817,1.0,1.076e-21
1379,11486.6097,1.5,0,20,194,R,11486.60829,42.4,8.341e-22
1381,11487.8533,1.4,0,20,184,P,11487.84863,140.1,9.140e-22
1382,11488.1996,1.6,1,21,163,R,11488.19859,30.3,1.521e-21
1383,11488.8910,1.5,0,20,193,R,11488.89089,3.3,1.181e-21
1384,11489.2450,1.4,1,21,153,P,11489.24520,-6.0,1.665e-21
1385,11489.3637,1.4,0,21,71,R,11489.36425,-16.3,9.315e-22
1386,11490.1149,1.5,0,20,183,P,11490.11781,-87.1,1.293e-21
1390,11492.0032,2.0,1,21,161,R,11492.00248,21.6,1.551e-21
1392,11493.0279,1.0,1,21,151,P,11493.02624,49.8,1.693e-21
1393,11493.4191,1.6,0,20,191,R,11493.41886,7.1,1.208e-21
1394,11493.6982,2.1,0,19,249,P,11493.69546,82.3,8.231e-22
1395,11493.8847,1.8,1,21,160,R,11493.88596,-37.8,1.119e-21
1396,11494.6194,1.5,0,20,181,P,11494.61927,3.8,1.319e-21
1397,11494.8982,1.5,1,21,150,P,11494.89844,-7.1,1.219e-21
1398,11495.7589,1.4,1,21,159,R,11495.75714,52.8,1.581e-21
1400,11496.7582,1.1,1,21,149,P,11496.75843,-6.9,1.720e-21
1401,11496.8492,1.0,0,20,180,P,11496.85157,-71.1,9.518e-22
1402,11497.6141,1.3,1,21,158,R,11497.61602,-57.5,1.140e-21
1404,11498.6074,1.3,1,21,148,P,11498.60621,35.5,1.238e-21
1407,11499.4651,1.4,1,21,157,R,11499.46260,74.8,1.611e-21
1408,11500.1166,1.1,0,20,188,R,11500.11781,-36.3,8.917e-22
1409,11500.4436,0.9,1,21,147,P,11500.44180,54.0,1.747e-21
1412,11502.2662,1.5,1,21,146,P,11502.26519,30.3,1.257e-21
1413,11502.3277,1.5,0,20,187,R,11502.32601,50.5,1.262e-21
1415,11503.4744,1.1,0,20,177,P,11503.47478,-11.5,1.372e-21
1416,11504.0791,1.0,1,21,145,P,11504.07639,81.4,1.773e-21
1419,11505.8783,1.2,1,21,144,P,11505.87539,87.1,1.276e-21
1422,11507.6625,1.3,1,21,143,P,11507.66222,8.4,1.799e-21
1423,11507.8307,2.5,0,20,175,P,11507.82890,53.8,1.398e-21
1424,11508.5122,0.9,1,21,152,R,11508.51129,27.3,1.202e-21
1425,11509.4400,1.2,1,21,142,P,11509.43686,94.1,1.294e-21
1427,11510.2881,1.2,1,21,151,R,11510.28421,116.6,1.698e-21
1428,11511.0379,1.1,0,20,183,R,11511.03509,84.4,1.316e-21
1429,11511.2006,1.0,1,21,141,P,11511.19933,38.1,1.824e-21
1430,11512.0450,1.3,1,21,150,R,11512.04487,3.9,1.223e-21
1431,11512.1328,1.7,0,20,173,P,11512.13399,-35.6,1.424e-21
1432,11512.4014,2.1,0,19,243,P,11512.40358,-65.4,9.155e-22
1434,11513.1858,1.6,0,20,182,R,11513.18145,130.6,9.494e-22
1435,11513.7938,1.4,1,21,149,R,11513.79327,15.8,1.725e-21
1436,11514.2670,1.2,0,20,172,P,11514.26815,-34.6,1.026e-21
1437,11514.6891,2.1,1,21,139,P,11514.68775,40.5,1.848e-21
1439,11515.3169,2.0,0,20,181,R,11515.31545,43.4,1.343e-21
1440,11516.3923,,0,20,171,P,11516.39007,66.8,1.450e-21
1443,11518.1292,0.8,1,21,137,P,11518.12751,50.8,1.871e-21
1444,11518.4988,1.4,0,20,170,P,11518.49975,-28.5,1.045e-21
1445,11518.5371,2.4,0,19,241,P,11518.53556,46.2,9.478e-22
1446,11518.9661,1.2,1,21,146,R,11518.96499,33.3,1.262e-21
1447,11519.5466,1.8,0,20,179,R,11519.54643,5.0,1.369e-21
1448,11519.8295,1.2,1,21,136,P,11519.82915,10.6,1.345e-21
1449,11520.6015,1.7,0,20,169,P,11520.59719,129.1,1.476e-21
1450,11520.6649,1.4,1,21,145,R,11520.66441,14.7,1.779e-21
1451,11521.5197,1.1,1,21,135,P,11521.51863,32.0,1.894e-21
1452,11522.3529,1.3,1,21,144,R,11522.35159,39.1,1.280e-21
1453,11523.1962,1.1,1,21,134,P,11523.19597,6.9,1.360e-21
1454,11523.7297,1.8,0,20,177,R,11523.72807,49.0,1.396e-21
1455,11524.0274,1.1,1,21,143,R,11524.02655,25.5,1.805e-21
1456,11524.7589,1.3,0,20,167,P,11524.75539,105.2,1.501e-21
1457,11524.8627,1.3,1,21,133,P,11524.86116,46.2,1.915e-21
1458,11525.6901,1.0,1,21,142,R,11525.68928,24.6,1.299e-21
1459,11526.5156,1.1,1,21,132,P,11526.51420,41.9,1.375e-21
1460,11526.8146,1.4,0,20,166,P,11526.81615,-46.5,1.081e-21
1461,11527.3424,1.0,1,21,141,R,11527.33979,78.3,1.831e-21
1463,11528.1558,1.5,1,21,131,P,11528.15511,20.7,1.936e-21
1464,11528.2795,2.1,1,20,215,P,11528.27953,-1.0,6.907e-22
1465,11528.8664,1.7,0,20,165,P,11528.86470,51.1,1.526e-21
1466,11528.9774,1.4,1,21,140,R,11528.97808,-20.3,1.317e-21
1467,11529.7838,1.1,1,21,130,P,11529.78388,-2.3,1.390e-21
1469,11530.6048,1.1,1,21,139,R,11530.60415,19.4,1.855e-21
1470,11530.9002,1.4,0,20,164,P,11530.90103,-24.8,1.099e-21
1471,11531.4040,1.3,1,21,129,P,11531.40051,104.5,1.955e-21
1472,11531.9443,1.7,0,20,173,R,11531.94347,25.0,1.449e-21
1473,11532.2179,1.4,1,21,138,R,11532.21802,-3.6,1.334e-21
1474,11532.9266,1.2,0,20,163,P,11532.92515,43.5,1.550e-21
1475,11533.0043,1.2,1,21,128,P,11533.00502,-21.6,1.403e-21
1476,11533.8212,0.9,1,21,137,R,11533.81968,45.5,1.879e-21
1477,11533.9657,1.5,0,20,172,R,11533.96654,-25.2,1.044e-21
1478,11534.5966,1.5,1,21,127,P,11534.59740,-24.0,1.974e-21
1479,11535.4064,1.5,1,21,136,R,11535.40914,-82.2,1.350e-21
1480,11535.9779,1.2,0,20,171,R,11535.97732,17.5,1.475e-21
1481,11536.1798,1.6,1,21,126,P,11536.17766,64.2,1.416e-21
1482,11536.6187,2.0,0,19,235,P,11536.62026,-46.9,1.049e-21
1483,11536.9406,1.2,0,20,161,P,11536.93678,114.5,1.575e-21
1484,11536.9885,1.1,1,21,135,R,11536.98640,62.9,1.902e-21
1485,11537.7508,1.3,1,21,125,P,11537.74579,150.1,1.991e-21
1486,11537.9756,1.8,0,20,170,R,11537.97580,-5.9,1.063e-21
1487,11538.5541,1.5,1,21,134,R,11538.55147,78.8,1.367e-21
1488,11538.9232,1.2,0,20,160,P,11538.92430,-33.0,1.133e-21
1490,11539.9622,1.4,0,20,169,R,11539.96199,6.4,1.501e-21
1491,11540.1055,1.2,1,21,133,R,11540.10435,34.4,1.924e-21
1492,11540.8459,1.6,1,21,123,P,11540.84572,5.3,2.007e-21
1493,11540.9011,1.4,0,20,159,P,11540.89963,44.1,1.599e-21
1494,11541.6477,1.3,1,21,132,R,11541.64504,79.6,1.382e-21
1495,11542.3797,1.0,1,21,122,P,11542.37752,65.3,1.439e-21
1496,11542.5422,1.5,0,19,233,P,11542.54498,-83.2,1.084e-21
1498,11543.1721,1.1,1,21,131,R,11543.17356,-43.7,1.945e-21
1500,11544.6876,1.5,1,21,130,R,11544.68989,-68.6,1.397e-21
1502,11545.8469,1.8,0,20,166,R,11545.84686,1.1,1.100e-21
1503,11546.1975,0.9,1,21,129,R,11546.19405,103.5,1.965e-21
1504,11546.7537,2.4,0,20,156,P,11546.75250,35.9,1.167e-21
1505,11546.9010,1.6,1,21,119,P,11546.90029,21.2,2.036e-21
1506,11547.6872,1.1,1,21,128,R,11547.68604,34.8,1.410e-21
1507,11547.7871,1.3,0,20,165,R,11547.78394,94.8,1.552e-21
1508,11548.3840,1.4,1,21,118,P,11548.38368,9.5,1.459e-21
1509,11548.4193,2.1,0,19,231,P,11548.41803,38.0,1.120e-21
1510,11548.6814,1.3,0,20,155,P,11548.67910,68.9,1.645e-21
1511,11549.1673,1.0,1,21,127,R,11549.16586,43.2,1.984e-21
1513,11549.8584,1.0,1,21,117,P,11549.85498,102.5,2.048e-21
1514,11550.5936,1.2,0,20,154,P,11550.59353,2.0,1.183e-21
1515,11550.6341,1.1,1,21,126,R,11550.63352,17.4,1.424e-21
1517,11551.6212,1.0,0,20,163,R,11551.62130,-3.1,1.577e-21
1518,11552.0923,0.8,1,21,125,R,11552.08902,98.3,2.002e-21
1519,11552.4970,1.2,0,20,153,P,11552.49580,36.1,1.667e-21
1520,11552.7623,1.3,1,21,115,P,11552.76130,29.9,2.060e-21
1522,11554.1971,1.0,1,21,114,P,11554.19634,22.9,1.475e-21
1523,11554.3882,2.0,0,20,152,P,11554.38589,69.1,1.199e-21
1524,11554.5288,1.4,0,19,238,R,11554.53080,-60.1,7.226e-22
1525,11554.9658,1.6,1,21,123,R,11554.96356,67.3,2.019e-21
1526,11555.4111,1.1,0,20,161,R,11555.40964,43.8,1.602e-21
1527,11555.6206,1.5,1,21,113,P,11555.61929,39.4,2.069e-21
1528,11556.2632,1.6,0,20,151,P,11556.26383,-19.0,1.689e-21
1529,11556.3828,1.2,1,21,122,R,11556.38260,6.0,1.448e-21
1530,11557.0338,1.2,1,21,112,P,11557.03016,109.2,1.481e-21
1532,11558.1312,1.9,0,20,150,P,11558.12962,47.4,1.214e-21
1533,11558.4323,0.9,1,21,111,P,11558.42895,100.4,2.078e-21
1534,11559.1498,1.2,0,20,159,R,11559.14899,24.4,1.626e-21
1535,11559.1845,1.7,1,21,120,R,11559.18425,7.4,1.458e-21
1536,11559.8172,1.8,1,21,110,P,11559.81567,45.8,1.487e-21
1538,11560.5684,1.0,1,21,119,R,11560.56687,45.8,2.048e-21
1539,11560.9994,1.5,0,20,158,R,11561.00030,-27.0,1.170e-21
1540,11561.1934,0.9,1,21,109,P,11561.19032,92.3,2.084e-21
1541,11561.8279,1.1,0,20,148,P,11561.82474,94.9,1.229e-21
1542,11561.9375,1.2,1,21,118,R,11561.93736,4.3,1.468e-21
1543,11562.5548,1.0,1,21,108,P,11562.55290,56.9,1.491e-21
1544,11562.8437,1.9,0,20,157,R,11562.83938,129.5,1.650e-21
1545,11563.2968,1.6,1,21,117,R,11563.29571,32.7,2.061e-21
1546,11563.6547,1.4,0,20,147,P,11563.65408,18.7,1.731e-21
1547,11563.9049,1.1,1,21,107,P,11563.90342,44.4,2.090e-21
1548,11564.6457,1.2,1,21,116,R,11564.64193,113.0,1.477e-21
1550,11565.4706,1.5,0,20,146,P,11565.47128,-20.3,1.244e-21
1551,11565.9801,1.6,1,21,115,R,11565.97603,122.0,2.073e-21
1552,11566.4822,1.3,0,20,155,R,11566.48086,40.2,1.673e-21
1553,11566.5690,1.3,1,21,105,P,11566.56827,22.0,2.094e-21
1555,11567.8866,1.0,1,21,104,P,11567.88260,119.8,1.496e-21
1556,11568.2851,1.4,0,20,154,R,11568.28327,54.9,1.203e-21
1557,11568.6095,1.1,1,21,113,R,11568.60787,48.9,2.083e-21
1558,11569.0705,1.3,0,20,144,P,11569.06927,36.8,1.258e-21
1559,11569.1881,1.0,1,21,103,P,11569.18489,96.4,2.096e-21
1560,11569.9051,1.2,1,21,112,R,11569.90562,-15.5,1.491e-21
1562,11570.4740,1.3,1,21,102,P,11570.47511,-33.4,1.497e-21
1563,11570.8518,1.5,0,20,143,P,11570.85007,51.7,1.770e-21
1564,11571.1931,0.8,1,21,111,R,11571.19125,55.5,2.092e-21
1566,11571.7511,1.6,1,21,101,P,11571.75330,-65.8,2.096e-21
1567,11572.4639,1.3,1,21,110,R,11572.46477,-26.2,1.497e-21
1568,11572.6196,1.5,0,20,142,P,11572.61875,25.5,1.271e-21
1569,11573.0210,1.2,1,21,100,P,11573.01943,47.1,1.497e-21
1570,11573.6170,1.2,0,20,151,R,11573.61721,-6.3,1.718e-21
1571,11573.7271,1.0,1,21,109,R,11573.72619,27.2,2.099e-21
1572,11574.2737,0.9,1,21,99,P,11574.27352,5.5,2.095e-21
1573,11574.3771,1.2,0,20,141,P,11574.37531,53.8,1.789e-21
1574,11574.5661,1.9,0,19,231,R,11574.56403,62.0,1.136e-21
1575,11574.9734,1.4,1,21,108,R,11574.97551,-63.3,1.502e-21
1576,11575.5171,1.2,1,21,98,P,11575.51556,46.1,1.496e-21
1577,11576.1210,1.3,0,20,140,P,11576.11974,37.7,1.284e-21
1578,11576.2129,1.1,1,21,107,R,11576.21273,5.1,2.105e-21
1579,11576.7472,1.1,1,21,97,P,11576.74557,48.8,2.093e-21
1580,11577.0146,2.5,0,19,221,P,11577.01068,117.4,1.309e-21
1581,11577.1118,2.0,0,20,149,R,11577.11215,-10.5,1.740e-21
1582,11577.4391,1.0,1,21,106,R,11577.43785,37.4,1.505e-21
1583,11577.8497,2.5,0,20,139,P,11577.85206,-70.9,1.807e-21
1584,11577.9645,1.1,1,21,96,P,11577.96354,28.7,1.493e-21
1585,11578.6533,0.9,1,21,105,R,11578.65088,72.5,2.110e-21
1586,11579.1722,1.2,1,21,95,P,11579.16948,81.7,2.088e-21
1587,11579.5743,1.0,0,20,138,P,11579.57227,60.7,1.296e-21
1588,11580.3642,1.5,1,21,94,P,11580.36338,24.6,1.489e-21
1589,11580.5590,1.4,0,20,147,R,11580.55831,20.7,1.761e-21
1590,11581.0441,1.1,1,21,103,R,11581.04067,102.8,2.112e-21
1591,11581.2806,1.6,0,20,137,P,11581.28038,6.7,1.823e-21
1592,11581.5469,1.1,1,21,93,P,11581.54525,49.4,2.082e-21
1594,11582.2186,1.2,1,21,102,R,11582.21744,34.9,1.509e-21
1595,11582.2654,2.0,0,20,146,R,11582.26311,68.7,1.265e-21
1596,11582.5747,1.6,0,19,219,P,11582.57511,-12.2,1.349e-21
1597,11582.7152,1.1,1,21,92,P,11582.71510,3.1,1.484e-21
1599,11583.3854,1.0,1,21,101,R,11583.38212,98.2,2.114e-21
1600,11583.8740,1.1,1,21,91,P,11583.87292,32.5,2.074e-21
1601,11583.9568,1.7,0,20,145,R,11583.95573,32.2,1.781e-21
1602,11584.5364,1.6,1,21,100,R,11584.53473,50.1,1.510e-21
1603,11584.6626,1.1,0,20,135,P,11584.66027,69.8,1.839e-21
1605,11585.3365,1.5,0,19,218,P,11585.33811,-48.1,9.777e-22
1606,11585.6781,1.1,1,21,99,R,11585.67526,85.1,2.113e-21
1607,11586.1565,1.2,1,21,89,P,11586.15249,120.3,2.064e-21
1608,11586.3334,1.1,0,20,134,P,11586.33207,39.8,1.319e-21
1609,11586.8040,1.2,1,21,98,R,11586.80372,8.4,1.509e-21
1610,11587.2790,1.2,1,21,88,P,11587.27424,142.6,1.471e-21
1611,11587.3079,1.3,0,20,143,R,11587.30443,104.1,1.800e-21
1612,11587.9221,1.1,1,21,97,R,11587.92011,59.7,2.111e-21
1613,11587.9955,1.1,0,20,133,P,11587.99178,111.5,1.855e-21
1614,11588.0894,1.5,0,19,217,P,11588.08830,32.9,1.389e-21
1615,11588.3857,1.2,1,21,87,P,11588.38398,51.4,2.053e-21
1616,11588.4828,1.3,0,19,226,R,11588.48404,-37.1,8.782e-22
1617,11588.9601,1.6,0,20,142,R,11588.96052,-12.7,1.293e-21
1618,11589.0237,1.2,1,21,96,R,11589.02443,-21.9,1.506e-21
1619,11589.4819,1.2,1,21,86,P,11589.48171,5.7,1.462e-21
1620,11589.6414,1.3,0,20,132,P,11589.63939,60.1,1.330e-21
1621,11590.1146,0.9,1,21,95,R,11590.11669,-62.5,2.107e-21
1623,11590.5710,1.7,1,21,85,P,11590.56742,107.3,2.040e-21
1624,11590.6033,2.1,0,20,141,R,11590.60445,-34.5,1.819e-21
1625,11590.8229,1.9,0,19,216,P,11590.82570,-84.1,1.007e-21
1626,11591.1995,2.1,1,21,94,R,11591.19688,78.6,1.503e-21
1627,11591.2752,0.8,0,20,131,P,11591.27492,8.3,1.869e-21
1628,11591.6423,1.6,1,21,84,P,11591.64112,35.2,1.452e-21
1629,11592.2672,1.5,1,21,93,R,11592.26501,65.5,2.101e-21
1630,11592.7041,1.4,1,21,83,P,11592.70282,38.4,2.025e-21
1631,11592.8996,1.7,0,20,130,P,11592.89837,37.0,1.340e-21
1633,11593.8581,0.9,0,20,139,R,11593.85582,68.2,1.837e-21
1634,11594.3679,1.6,1,21,91,R,11594.36512,83.5,2.094e-21
1635,11594.5102,1.0,0,20,129,P,11594.50973,14.2,1.882e-21
1636,11594.7907,1.2,1,21,81,P,11594.79019,15.3,2.008e-21
1637,11594.9276,2.7,1,20,189,P,11594.92338,126.6,1.069e-21
1638,11595.3966,1.3,1,21,90,R,11595.39709,-14.6,1.493e-21
1639,11595.4632,1.2,0,20,138,R,11595.46328,-2.3,1.318e-21
1640,11596.1079,1.3,0,20,128,P,11596.10901,-33.3,1.349e-21
1641,11596.2625,1.3,0,19,214,P,11596.26216,10.3,1.036e-21
1643,11596.4187,1.7,1,21,89,R,11596.41701,50.6,2.085e-21
1644,11596.6804,1.2,0,19,223,R,11596.68076,-10.7,1.288e-21
1645,11596.8303,1.1,1,21,79,P,11596.82955,22.5,1.989e-21
1646,11597.0615,1.2,0,20,137,R,11597.05858,87.6,1.854e-21
1647,11597.4260,1.1,1,21,88,R,11597.42489,33.3,1.485e-21
1649,11597.8333,1.5,1,21,78,P,11597.83123,62.0,1.413e-21
1650,11598.4220,1.4,1,21,87,R,11598.42072,38.4,2.074e-21
1651,11598.6407,1.5,0,20,136,R,11598.64173,-31.0,1.330e-21
1652,11598.8236,1.9,1,21,77,P,11598.82092,80.4,1.968e-21
1653,11598.9631,1.9,0,19,213,P,11598.96122,56.4,1.471e-21
1654,11599.2731,1.7,0,20,126,P,11599.27136,52.2,1.357e-21
1656,11599.6963,1.1,1,20,187,P,11599.69305,97.4,1.101e-21
1657,11599.7990,1.0,1,21,76,P,11599.79861,11.8,1.398e-21
1659,11600.2147,1.2,0,20,135,R,11600.21274,58.6,1.871e-21
1660,11600.3804,1.2,1,21,85,R,11600.37626,124.0,2.061e-21
1661,11600.7657,1.4,1,21,75,P,11600.76430,41.8,1.946e-21
1662,11600.8343,1.5,0,20,125,P,11600.83443,-3.9,1.905e-21
1663,11600.9887,2.1,0,18,271,P,11600.98905,-10.4,7.717e-22
1664,11601.3377,1.1,1,21,84,R,11601.33598,51.6,1.467e-21
1665,11601.6466,1.5,0,19,212,P,11601.64751,-27.4,1.066e-21
1666,11601.7766,2.4,0,20,134,R,11601.77162,149.4,1.342e-21
1667,11602.0795,2.4,0,19,221,R,11602.08066,-34.9,1.328e-21
1668,11602.2844,1.3,1,21,83,R,11602.28366,22.2,2.046e-21
1669,11602.3869,1.5,0,20,124,P,11602.38543,44.0,1.365e-21
1670,11602.6634,1.4,1,21,73,P,11602.65973,110.1,1.921e-21
1671,11603.2227,1.4,1,21,82,R,11603.21931,101.7,1.456e-21
1672,11603.3198,1.1,0,20,133,R,11603.31835,43.4,1.886e-21
1673,11603.5877,1.6,1,21,72,P,11603.58946,-52.6,1.363e-21
1674,11603.9284,1.3,0,20,123,P,11603.92437,120.7,1.916e-21
1675,11604.1462,1.2,1,21,81,R,11604.14292,98.2,2.030e-21
1676,11604.3204,1.1,0,19,211,P,11604.32105,-19.5,1.513e-21
1677,11604.5051,1.3,1,21,71,P,11604.50720,-62.9,1.895e-21
1679,11604.8545,1.0,0,20,132,R,11604.85296,46.3,1.352e-21
1680,11605.0553,1.5,1,21,80,R,11605.05451,23.5,1.444e-21
1681,11605.4141,1.4,1,21,70,P,11605.41296,34.3,1.344e-21
1682,11605.4512,1.1,0,20,122,P,11605.45126,-1.7,1.372e-21
1683,11605.9560,1.3,1,21,79,R,11605.95408,57.6,2.012e-21
1684,11606.3074,1.5,1,21,69,P,11606.30673,20.0,1.867e-21
1685,11606.3765,1.9,0,20,131,R,11606.37543,32.1,1.900e-21
1686,11606.8410,1.0,1,21,78,R,11606.84162,-18.7,1.430e-21
1688,11607.1892,1.7,1,21,68,P,11607.18853,20.2,1.323e-21
1689,11607.4293,1.2,0,19,219,R,11607.42899,9.4,1.368e-21
1690,11607.7197,1.0,1,21,77,R,11607.71714,76.6,1.991e-21
1691,11607.8848,1.2,0,20,130,R,11607.88578,-29.4,1.362e-21
1692,11608.0616,1.3,1,21,67,P,11608.05834,97.7,1.837e-21
1693,11608.4702,1.3,0,20,120,P,11608.46886,40.3,1.378e-21
1694,11608.5823,1.6,1,21,76,R,11608.58065,49.6,1.415e-21
1695,11608.9147,1.6,1,21,66,P,11608.91618,-44.3,1.301e-21
1696,11609.0797,1.8,1,20,183,P,11609.08031,-18.2,1.166e-21
1697,11609.3862,1.3,0,20,129,R,11609.38401,65.7,1.914e-21
1698,11609.4354,1.4,1,21,75,R,11609.43213,98.0,1.969e-21
1699,11609.6294,1.6,0,19,209,P,11609.62988,-14.3,1.556e-21
1700,11609.7654,1.4,1,21,65,P,11609.76204,100.7,1.805e-21
1701,11609.9580,1.0,0,20,119,P,11609.95958,-47.3,1.932e-21
1702,11610.0823,1.2,0,19,218,R,11610.08382,-45.7,9.916e-22
1703,11610.2734,1.3,1,21,74,R,11610.27160,53.9,1.398e-21
1704,11610.5950,1.5,1,21,64,P,11610.59593,-27.7,1.278e-21
1705,11610.8720,1.7,0,20,128,R,11610.87012,56.4,1.372e-21
1706,11611.1036,1.0,1,21,73,R,11611.09906,136.0,1.946e-21
1709,11612.3458,1.0,0,20,127,R,11612.34412,50.5,1.926e-21
1710,11612.7219,0.9,1,21,71,R,11612.71795,118.4,1.920e-21
1711,11612.9071,1.3,0,20,117,P,11612.90488,66.5,1.939e-21
1712,11613.0251,1.5,1,21,61,P,11613.02575,-19.5,1.736e-21
1715,11614.2901,1.5,1,21,69,R,11614.28882,38.5,1.892e-21
1716,11614.3602,1.2,0,20,116,P,11614.35947,21.9,1.387e-21
1717,11614.5879,1.7,1,21,59,P,11614.58578,63.4,1.699e-21
1718,11614.8881,1.8,0,19,207,P,11614.88774,10.7,1.599e-21
1719,11615.0566,1.4,1,21,68,R,11615.05624,10.7,1.341e-21
1720,11615.2572,2.1,0,20,125,R,11615.25578,42.6,1.938e-21
1723,11616.0973,1.2,1,21,57,P,11616.09796,-19.6,1.660e-21
1725,11616.6953,1.2,0,20,124,R,11616.69345,55.4,1.388e-21
1726,11617.2358,1.7,0,20,114,P,11617.23253,98.1,1.391e-21
1728,11617.4952,1.5,0,19,206,P,11617.49758,-71.4,1.158e-21
1729,11617.5672,1.3,1,21,55,P,11617.56227,147.8,1.620e-21
1730,11617.9721,1.6,0,19,215,R,11617.97112,29.3,1.450e-21
1731,11618.0046,1.7,1,21,64,R,11618.00596,-40.9,1.296e-21
1732,11618.1188,1.7,0,20,123,R,11618.11903,-6.8,1.948e-21
1735,11618.7124,1.8,1,21,63,R,11618.71341,-30.2,1.798e-21
1736,11618.9800,1.7,1,21,53,P,11618.97874,37.7,1.577e-21
1738,11619.5328,1.1,0,20,122,R,11619.53250,9.0,1.395e-21
1743,11621.6705,1.2,1,21,49,P,11621.66819,69.2,1.487e-21
1744,11622.0725,1.7,1,21,58,R,11622.07079,51.3,1.220e-21
1746,11622.7056,3.3,1,21,57,R,11622.70631,-21.2,1.688e-21
1747,11622.7851,1.9,1,20,177,P,11622.78164,103.7,1.265e-21
1748,11622.8350,1.8,0,20,110,P,11622.83427,21.9,1.395e-21
1749,11622.9427,1.8,1,21,47,P,11622.94119,45.3,1.440e-21
1751,11623.7007,1.2,0,20,119,R,11623.70038,9.7,1.965e-21
1752,11623.9424,1.7,1,21,55,R,11623.94141,29.8,1.648e-21
1753,11624.1664,2.3,1,21,45,P,11624.16638,0.7,1.391e-21
1754,11624.2084,1.2,0,20,109,P,11624.20464,112.7,1.953e-21
1755,11625.1300,1.5,1,21,53,R,11625.12859,42.1,1.606e-21
1756,11625.2538,1.4,0,19,203,P,11625.25081,89.6,1.686e-21
1757,11625.3426,1.5,1,21,43,P,11625.34377,-35.0,1.341e-21
1758,11625.5622,1.4,0,20,108,P,11625.56299,-23.7,1.396e-21
1759,11625.7072,2.2,1,21,52,R,11625.70423,89.2,1.132e-21
1760,11625.7423,2.0,0,19,212,R,11625.74276,-13.9,1.081e-21
1761,11626.2698,1.3,1,21,51,R,11626.26788,57.5,1.562e-21
1762,11626.4193,1.6,0,20,117,R,11626.41853,23.1,1.972e-21
1763,11626.8199,1.5,1,21,50,R,11626.81957,10.0,1.100e-21
1764,11626.9111,1.1,0,20,107,P,11626.90932,53.3,1.954e-21
1767,11627.7601,1.3,0,20,116,R,11627.75949,18.3,1.411e-21
1768,11628.3115,1.8,0,19,211,R,11628.30764,115.7,1.535e-21
1769,11628.4039,1.9,1,21,47,R,11628.40280,32.9,1.470e-21
1770,11629.0899,0.8,0,20,115,R,11629.08837,45.8,1.977e-21
1773,11630.3556,1.2,0,19,201,P,11630.35612,-15.5,1.731e-21
1774,11630.4061,1.3,0,20,114,R,11630.40519,27.4,1.414e-21
1777,11631.7099,1.0,0,20,113,R,11631.70993,-0.9,1.982e-21
1779,11632.1757,1.1,0,20,103,P,11632.17452,35.2,1.950e-21
1781,11633.0061,1.4,0,20,112,R,11633.00261,104.7,1.417e-21
1785,11634.7389,1.6,0,20,101,P,11634.73508,114.4,1.947e-21
1786,11635.4113,1.2,0,19,199,P,11635.41067,18.9,1.776e-21
1788,11635.9267,1.1,0,19,208,R,11635.92537,39.9,1.143e-21
1789,11635.9975,1.1,0,20,100,P,11635.99736,4.1,1.389e-21
1790,11636.0313,1.0,1,20,171,P,11636.02860,81.1,1.366e-21
1791,11636.8104,1.0,0,20,109,R,11636.80828,63.7,1.987e-21
1793,11637.2477,1.7,0,20,99,P,11637.24764,1.8,1.941e-21
1794,11637.9173,1.5,0,19,198,P,11637.91893,-48.9,1.284e-21
1795,11638.0525,1.4,0,20,108,R,11638.05272,-6.6,1.419e-21
1797,11638.1905,,1,20,170,P,11638.19233,-54.8,9.874e-22
1798,11638.4395,1.9,0,19,207,R,11638.43900,15.0,1.622e-21
1799,11638.4861,1.7,0,20,98,P,11638.48592,5.3,1.384e-21
1801,11639.2832,1.4,0,20,107,R,11639.28511,-57.4,1.987e-21
1802,11639.7147,1.4,0,20,97,P,11639.71221,74.5,1.935e-21
1803,11640.3461,2.3,1,20,169,P,11640.34348,78.7,1.399e-21
1805,11640.5054,1.3,0,20,106,R,11640.50546,-1.8,1.419e-21
1807,11641.7149,1.4,0,20,105,R,11641.71376,34.2,1.986e-21
1808,11642.1298,1.1,0,20,95,P,11642.12882,29.3,1.927e-21
1809,11642.9103,1.5,0,20,104,R,11642.91002,8.5,1.418e-21
1810,11643.4274,2.1,0,19,205,R,11643.42789,-14.6,1.666e-21
1811,11644.0974,1.0,0,20,103,R,11644.09423,94.9,1.984e-21
1812,11644.5002,1.2,0,20,93,P,11644.49748,81.5,1.917e-21
1814,11645.6657,1.0,0,20,92,P,11645.66384,55.9,1.365e-21
1815,11645.9026,1.3,0,19,204,R,11645.90316,-16.7,1.206e-21
1816,11646.4291,1.3,0,20,101,R,11646.42656,76.1,1.980e-21
1817,11646.8203,1.3,0,20,91,P,11646.81821,62.6,1.906e-21
1819,11647.8259,1.5,0,19,194,P,11647.82533,17.0,1.349e-21
1820,11647.9604,1.4,0,20,90,P,11647.96061,-6.2,1.357e-21
1822,11648.7143,1.3,0,20,99,R,11648.71076,106.1,1.975e-21
1823,11648.8193,2.3,1,20,165,P,11648.82233,-90.8,1.466e-21
1824,11649.0934,1.2,0,20,89,P,11649.09103,71.2,1.893e-21
1825,11649.8332,1.3,0,20,98,R,11649.83482,-48.6,1.408e-21
1826,11650.2087,1.1,0,20,88,P,11650.20947,-23.1,1.348e-21
1827,11650.2686,1.5,0,19,193,P,11650.27030,-51.1,1.911e-21
1828,11651.3158,1.4,0,20,87,P,11651.31594,-4.3,1.879e-21
1829,11652.0455,0.8,0,20,96,R,11652.04687,-41.2,1.403e-21
1830,11652.7031,1.5,0,19,192,P,11652.70264,13.9,1.382e-21
1831,11653.1358,1.3,0,20,95,R,11653.13487,27.9,1.960e-21
1832,11653.2540,1.5,0,19,201,R,11653.25235,49.6,1.755e-21
1833,11653.4932,1.2,0,20,85,P,11653.49298,6.5,1.864e-21
1834,11654.2132,1.3,0,20,94,R,11654.21085,70.5,1.397e-21
1835,11655.1249,1.1,0,19,191,P,11655.12233,77.0,1.957e-21
1836,11655.2769,1.5,0,20,93,R,11655.27482,62.5,1.951e-21
1838,11655.6761,1.2,0,19,200,R,11655.67656,-13.8,1.270e-21
1839,11656.3251,1.4,0,20,92,R,11656.32677,-50.1,1.389e-21
1840,11657.1033,1.5,1,20,161,P,11657.10024,91.8,1.533e-21
1841,11657.3673,1.6,0,20,91,R,11657.36672,17.4,1.939e-21
1842,11657.5294,1.3,0,19,190,P,11657.52940,-0.0,1.414e-21
1843,11657.7040,1.1,0,20,81,P,11657.70348,15.7,1.828e-21
1844,11658.0909,1.4,0,19,199,R,11658.08803,86.1,1.801e-21
1845,11658.3950,1.6,0,20,90,R,11658.39466,10.2,1.381e-21
1846,11658.7257,1.3,0,20,80,P,11658.72620,-14.9,1.299e-21
1848,11659.4145,1.5,0,20,89,R,11659.41060,117.0,1.927e-21
1849,11659.6010,1.2,1,20,169,R,11659.60051,14.7,1.389e-21
1850,11659.7399,1.5,0,20,79,P,11659.73696,88.1,1.808e-21
1851,11659.9207,1.1,0,19,189,P,11659.92385,-94.3,2.003e-21
1852,11660.4169,1.1,0,20,88,R,11660.41453,71.0,1.371e-21
1853,11660.4877,1.3,0,19,198,R,11660.48675,28.4,1.303e-21
1854,11661.1637,1.6,1,20,159,P,11661.16394,-7.1,1.566e-21
1855,11661.4081,1.0,0,20,87,R,11661.40647,48.9,1.913e-21
1857,11661.7247,1.4,0,20,77,P,11661.72263,62.2,1.786e-21
1858,11662.3050,1.2,0,19,188,P,11662.30568,-20.2,1.447e-21
1859,11662.3882,1.5,0,20,86,R,11662.38641,53.7,1.361e-21
1860,11662.7009,1.6,0,20,76,P,11662.69753,101.0,1.268e-21
1861,11662.8714,1.1,0,19,197,R,11662.87274,-40.3,1.846e-21
1862,11663.3551,1.5,0,20,85,R,11663.35435,22.4,1.897e-21
1864,11664.6742,1.2,0,19,187,P,11664.67489,-20.8,2.049e-21
1865,11665.1793,1.1,1,20,157,P,11665.17752,53.5,1.598e-21
1867,11665.5519,1.8,0,20,73,P,11665.55055,40.6,1.738e-21
1869,11667.0307,1.6,0,19,186,P,11667.03150,-24.1,1.480e-21
1870,11667.1073,2.3,0,20,81,R,11667.10623,32.0,1.861e-21
1871,11667.3960,1.1,0,20,71,P,11667.39283,95.0,1.712e-21
1872,11667.6108,1.3,0,19,195,R,11667.60655,127.4,1.892e-21
1873,11668.9120,1.3,0,20,79,R,11668.91026,52.1,1.841e-21
1874,11669.1439,1.5,1,20,155,P,11669.14102,86.5,1.631e-21
1875,11669.1889,1.5,0,20,69,P,11669.18735,46.6,1.684e-21
1876,11669.3771,1.4,0,19,185,P,11669.37551,47.5,2.095e-21
1877,11670.6665,1.9,0,20,77,R,11670.66637,3.8,1.819e-21
1878,11670.9362,1.3,0,20,67,P,11670.93411,62.8,1.655e-21
1879,11671.7097,1.5,0,19,184,P,11671.70693,83.0,1.513e-21
1880,11672.2903,1.3,0,19,193,R,11672.28950,24.1,1.939e-21
1881,11672.3744,1.8,0,20,75,R,11672.37458,-5.5,1.796e-21
1882,11672.6328,1.6,0,20,65,P,11672.63312,-9.6,1.624e-21
1883,11673.0552,2.7,1,20,153,P,11673.05447,21.9,1.663e-21
1885,11674.2856,1.8,0,20,63,P,11674.28441,35.8,1.592e-21
1886,11674.6139,2.7,0,19,192,R,11674.61191,59.6,1.401e-21
1887,11674.9917,1.4,1,20,152,P,11674.99244,-22.2,1.199e-21
1888,11675.4748,1.1,1,20,161,R,11675.47087,117.8,1.523e-21
1889,11675.6475,1.3,0,20,71,R,11675.64737,4.0,1.745e-21
1890,11675.8880,1.6,0,20,61,P,11675.88797,0.9,1.558e-21
1891,11676.3344,1.7,0,19,182,P,11676.33200,72.0,1.546e-21
1894,11678.6270,1.4,0,19,181,P,11678.62566,40.1,2.188e-21
1895,11678.7320,1.4,0,20,67,R,11678.72873,98.0,1.687e-21
1896,11678.9555,2.1,0,20,57,P,11678.95197,105.7,1.486e-21
1897,11679.2210,1.4,0,19,190,R,11679.21866,70.2,1.434e-21
1898,11679.3143,1.4,1,20,159,R,11679.31244,55.7,1.556e-21
1900,11680.7331,1.4,1,20,149,P,11680.73138,51.5,1.726e-21
1901,11680.9088,1.1,0,19,180,P,11680.90675,61.4,1.579e-21
1902,11681.5055,2.1,0,19,189,R,11681.50300,74.8,2.032e-21
1904,11682.9914,1.7,0,20,61,R,11682.99212,-21.7,1.590e-21
1905,11683.1067,1.8,1,20,157,R,11683.10369,90.2,1.589e-21
1907,11683.7766,1.8,0,19,188,R,11683.77467,57.8,1.468e-21
1911,11685.4300,1.2,0,19,178,P,11685.43123,-37.0,1.612e-21
1912,11685.5978,1.3,0,20,57,R,11685.59544,70.8,1.518e-21
1913,11686.0337,1.7,0,19,187,R,11686.03366,1.1,2.078e-21
1915,11687.6743,1.0,0,19,177,P,11687.67464,-10.1,2.280e-21
1917,11688.1726,2.5,0,20,43,P,11688.17422,-48.6,1.192e-21
1918,11688.2794,1.2,0,19,186,R,11688.27999,-17.8,1.501e-21
1919,11689.1437,1.5,0,20,51,R,11689.14225,43.5,1.400e-21
1922,11690.0471,1.4,1,20,144,P,11690.04665,13.4,1.287e-21
1924,11691.8742,1.0,1,20,143,P,11691.87230,57.0,1.816e-21
1925,11692.1243,1.2,0,19,175,P,11692.12379,15.4,2.326e-21
1926,11692.7365,1.0,0,19,184,R,11692.73467,54.8,1.535e-21
1928,11694.1755,1.5,1,20,151,R,11694.17588,-11.5,1.687e-21
1930,11694.9454,1.0,0,19,183,R,11694.94304,70.8,2.172e-21
1931,11695.4838,2.2,1,20,141,P,11695.48622,-72.5,1.845e-21
1932,11696.5223,1.8,0,19,173,P,11696.52277,-14.0,2.371e-21
1933,11697.1400,1.4,0,19,182,R,11697.13876,37.2,1.568e-21
1934,11697.7660,1.9,1,20,149,R,11697.76623,-6.8,1.718e-21
1935,11698.7036,1.2,0,19,172,P,11698.70346,4.3,1.710e-21
1937,11699.3217,2.0,0,19,181,R,11699.32184,-4.3,2.219e-21
1938,11699.5458,1.9,1,20,148,R,11699.54260,96.0,1.238e-21
1939,11700.8126,0.9,1,20,138,P,11700.81372,-33.6,1.347e-21
1940,11700.8714,1.4,0,19,171,P,11700.87162,-6.5,2.417e-21
1941,11701.3081,1.7,1,20,147,R,11701.30644,49.7,1.749e-21
1942,11702.5656,2.0,1,20,137,P,11702.56467,27.9,1.900e-21
1943,11703.0283,1.5,0,19,170,P,11703.02726,31.3,1.742e-21
1944,11703.6512,1.2,0,19,179,R,11703.65012,32.3,2.266e-21
1945,11704.7989,1.5,1,20,145,R,11704.79657,70.0,1.780e-21
1946,11705.1739,1.4,0,19,169,P,11705.17038,105.6,2.462e-21
1947,11705.7946,1.4,0,19,178,R,11705.79533,-21.8,1.635e-21
1948,11706.0294,1.4,1,20,135,P,11706.02927,4.0,1.926e-21
1949,11707.3007,1.5,0,19,168,P,11707.30099,-8.6,1.774e-21
1950,11707.9293,1.0,0,19,177,R,11707.92792,41.4,2.312e-21
1951,11708.2353,1.7,1,20,143,R,11708.23663,-39.9,1.810e-21
1953,11710.0488,1.1,0,19,176,R,11710.04790,27.0,1.668e-21
1954,11711.1325,1.3,1,20,132,P,11711.13296,-13.9,1.403e-21
1955,11711.5265,1.0,0,19,166,P,11711.52468,54.5,1.806e-21
1956,11711.6264,1.6,1,20,141,R,11711.62668,-8.3,1.839e-21
1957,11712.1569,1.4,0,19,175,R,11712.15528,48.6,2.359e-21
1958,11712.8109,1.2,1,20,131,P,11712.80936,46.3,1.976e-21
1959,11712.9442,2.4,0,18,237,P,11712.94228,57.5,1.491e-21
1961,11713.6198,1.0,0,19,165,P,11713.61778,60.6,2.550e-21
1962,11714.2523,1.4,0,19,174,R,11714.25006,67.2,1.701e-21
1963,11714.9693,1.2,1,20,139,R,11714.96674,76.9,1.868e-21
1964,11715.6974,1.2,0,19,164,P,11715.69838,-29.5,1.837e-21
1965,11716.0021,1.4,0,18,236,P,11716.00147,18.9,1.084e-21
1966,11716.1271,1.2,1,20,129,P,11716.12491,65.7,2.000e-21
1967,11716.3317,1.6,0,19,173,R,11716.33225,-16.4,2.405e-21
1968,11716.6187,2.0,1,20,138,R,11716.61803,20.0,1.344e-21
1970,11718.2583,0.9,1,20,137,R,11718.25684,43.6,1.895e-21
1971,11718.4030,1.2,0,19,172,R,11718.40185,34.6,1.734e-21
1972,11719.0483,1.7,0,18,235,P,11719.04742,26.3,1.544e-21
1973,11719.3935,2.1,1,20,127,P,11719.39083,79.9,2.022e-21
1974,11719.8201,1.1,0,19,162,P,11719.82213,-60.8,1.868e-21
1975,11719.8848,1.4,1,20,136,R,11719.88318,48.6,1.364e-21
1976,11720.4583,1.6,0,19,171,R,11720.45886,-16.9,2.451e-21
1977,11721.5007,2.0,1,20,135,R,11721.49704,109.8,1.922e-21
1978,11721.8667,1.2,0,19,161,P,11721.86528,42.7,2.637e-21
1979,11722.5055,1.3,0,19,170,R,11722.50330,65.9,1.767e-21
1980,11722.6099,1.3,1,20,125,P,11722.60717,81.9,2.043e-21
1981,11723.0977,1.4,1,20,134,R,11723.09842,-21.7,1.382e-21
1982,11723.8962,1.3,0,19,160,P,11723.89595,7.5,1.899e-21
1983,11724.5375,1.0,0,19,169,R,11724.53517,69.9,2.496e-21
1984,11724.6902,2.3,1,20,133,R,11724.68735,85.6,1.948e-21
1985,11725.0993,1.7,0,18,233,P,11725.09965,-10.5,1.598e-21
1986,11725.7750,1.4,1,20,123,P,11725.77393,32.0,2.064e-21
1987,11725.9163,1.6,0,19,159,P,11725.91415,64.5,2.679e-21
1988,11726.5552,1.3,0,19,168,R,11726.55447,21.9,1.799e-21
1989,11727.3397,2.1,1,20,122,P,11727.33874,28.9,1.481e-21
1990,11727.8294,1.6,1,20,131,R,11727.82780,47.9,1.973e-21
1991,11727.9202,1.1,0,19,158,P,11727.91988,9.5,1.929e-21
1992,11728.5610,1.3,0,19,167,R,11728.56121,-6.3,2.542e-21
1993,11728.8915,1.4,1,20,121,P,11728.89116,10.2,2.082e-21
1994,11729.3804,1.5,1,20,130,R,11729.37935,31.5,1.418e-21
1995,11729.9146,1.3,0,19,157,P,11729.91316,43.3,2.721e-21
1996,11730.4314,1.4,1,20,120,P,11730.43120,5.9,1.494e-21
1997,11730.5530,1.1,0,19,166,R,11730.55539,-71.7,1.832e-21
1998,11730.9184,2.0,1,20,129,R,11730.91844,-1.3,1.998e-21
1999,11731.8945,1.2,0,19,156,P,11731.89397,15.9,1.958e-21
2000,11731.9604,1.4,1,20,119,P,11731.95887,45.8,2.100e-21
2001,11732.4446,1.5,1,20,128,R,11732.44509,-14.7,1.435e-21
2002,11732.5390,1.0,0,19,165,R,11732.53702,59.2,2.586e-21
2004,11733.8653,1.0,0,19,155,P,11733.86233,89.1,2.762e-21
2005,11733.9605,1.7,1,20,127,R,11733.95930,36.1,2.021e-21
2006,11734.0797,1.0,0,18,230,P,11734.07893,23.0,1.200e-21
2007,11734.5038,2.3,0,19,164,R,11734.50611,-69.2,1.863e-21
2008,11734.9782,1.7,1,20,117,P,11734.97710,33.1,2.116e-21
2009,11735.8177,1.0,0,19,154,P,11735.81824,-16.1,1.987e-21
2011,11736.7631,2.0,0,18,238,R,11736.76445,-40.4,1.056e-21
2012,11736.9523,1.9,1,20,125,R,11736.95039,57.2,2.043e-21
2014,11737.7620,1.3,0,19,153,P,11737.76170,8.9,2.802e-21
2015,11737.9494,1.6,1,20,115,P,11737.94586,106.1,2.131e-21
2017,11739.4112,1.5,1,20,114,P,11739.41170,-15.1,1.527e-21
2018,11739.6948,1.5,0,19,152,P,11739.69272,62.2,2.016e-21
2019,11739.8934,1.5,1,20,123,R,11739.89176,49.0,2.063e-21
2020,11740.3379,0.9,0,19,161,R,11740.33813,-7.0,2.674e-21
2021,11740.8667,1.3,1,20,113,P,11740.86519,45.3,2.144e-21
2022,11741.6132,1.3,0,19,151,P,11741.61131,56.7,2.841e-21
2023,11742.2586,1.1,0,19,160,R,11742.25708,45.5,1.926e-21
2024,11742.7874,1.5,1,20,121,R,11742.78344,118.7,2.083e-21
2025,11742.9418,1.3,0,18,227,P,11742.93954,67.8,1.766e-21
2026,11743.5171,1.2,0,19,150,P,11743.51746,-10.9,2.043e-21
2027,11743.7364,1.6,1,20,111,P,11743.73511,38.8,2.156e-21
2028,11744.1650,1.1,0,19,159,R,11744.16351,44.7,2.717e-21
2029,11744.2102,1.5,1,20,120,R,11744.21065,-13.6,1.494e-21
2030,11745.1506,1.5,1,20,110,P,11745.15154,-28.3,1.544e-21
2031,11745.4120,1.1,0,19,149,P,11745.41119,24.4,2.880e-21
2033,11745.8666,1.3,0,18,226,P,11745.86674,-4.1,1.282e-21
2034,11746.0591,1.4,0,19,158,R,11746.05742,50.5,1.956e-21
2035,11746.5576,1.7,1,20,109,P,11746.55563,58.9,2.166e-21
2036,11747.2909,1.2,0,19,148,P,11747.29249,-47.5,2.070e-21
2037,11747.9430,0.8,0,19,157,R,11747.93881,125.5,2.760e-21
2038,11748.4185,1.4,1,20,117,R,11748.41783,20.2,2.118e-21
2039,11748.7806,1.6,0,18,225,P,11748.78078,-5.5,1.825e-21
2040,11749.1625,0.9,0,19,147,P,11749.16136,34.1,2.917e-21
2041,11749.3282,1.8,1,20,107,P,11749.32680,42.0,2.175e-21
2043,11750.6930,1.3,1,20,106,P,11750.69388,-26.3,1.556e-21
2044,11751.0173,1.2,0,19,146,P,11751.01782,-15.7,2.096e-21
2045,11751.1614,1.8,1,20,115,R,11751.16059,24.3,2.133e-21
2046,11751.4612,1.8,0,18,233,R,11751.45993,38.0,1.613e-21
2048,11752.0487,1.9,1,20,105,P,11752.04862,2.3,2.182e-21
2049,11752.8628,1.3,0,19,145,P,11752.86187,27.8,2.953e-21
2050,11753.3925,1.2,1,20,104,P,11753.39104,43.8,1.560e-21
2051,11753.5081,1.0,0,19,154,R,11753.50797,3.8,2.015e-21
2052,11753.8532,1.3,1,20,113,R,11753.85377,-17.2,2.147e-21
2053,11754.3585,1.4,0,18,232,R,11754.35912,-18.7,1.172e-21
2054,11754.5707,1.8,0,18,223,P,11754.56944,37.7,1.885e-21
2056,11755.3397,1.2,0,19,153,R,11755.33936,10.0,2.842e-21
2057,11756.0385,2.3,1,20,102,P,11756.03889,-11.8,1.564e-21
2059,11757.1570,1.3,0,19,152,R,11757.15827,-38.0,2.044e-21
2061,11757.3449,1.2,1,20,101,P,11757.34434,16.9,2.191e-21
2062,11757.4440,1.3,0,18,222,P,11757.44407,-2.2,1.368e-21
2063,11757.8019,2.0,1,20,110,R,11757.80064,37.6,1.547e-21
2064,11758.3222,1.0,0,19,142,P,11758.31958,78.6,2.146e-21
2065,11758.6374,1.9,1,20,100,P,11758.63746,-1.8,1.565e-21
2066,11758.9660,0.9,0,19,151,R,11758.96469,39.4,2.882e-21
2067,11759.0931,1.4,1,20,109,R,11759.09151,47.8,2.171e-21
2068,11759.4934,1.6,3,21,135,P,11759.49622,-84.6,1.087e-21
2069,11759.9201,1.3,1,20,99,P,11759.91827,54.9,2.192e-21
2071,11760.3082,1.4,0,18,221,P,11760.30558,78.5,1.945e-21
2072,11760.3717,1.5,1,20,108,R,11760.36999,51.1,1.554e-21
2073,11760.7597,1.4,0,19,150,R,11760.75862,32.3,2.072e-21
2074,11761.1857,1.2,1,20,98,P,11761.18676,-31.9,1.566e-21
2075,11761.6379,1.1,1,20,107,R,11761.63611,53.7,2.180e-21
2076,11761.8969,1.2,0,19,140,P,11761.89606,25.3,2.170e-21
2077,11762.4450,1.2,1,20,97,P,11762.44295,61.5,2.192e-21
2078,11762.5402,1.1,0,19,149,R,11762.54009,3.4,2.920e-21
2079,11762.9803,4.2,0,18,229,R,11762.97705,97.5,1.726e-21
2081,11764.1323,1.1,1,20,105,R,11764.13124,31.9,2.188e-21
2082,11764.3085,1.1,0,19,148,R,11764.30908,-17.2,2.100e-21
2083,11764.9195,1.8,1,20,95,P,11764.91839,33.2,2.190e-21
2084,11765.3604,1.7,1,20,104,R,11765.36025,4.4,1.565e-21
2085,11765.4239,1.1,0,19,138,P,11765.42297,27.8,2.192e-21
2086,11765.9891,2.0,0,18,219,P,11765.98925,-4.6,2.007e-21
2087,11766.0690,1.4,0,19,147,R,11766.06560,102.0,2.958e-21
2088,11766.1355,1.4,1,20,94,P,11766.13766,-64.8,1.563e-21
2089,11766.5792,1.5,1,20,103,R,11766.57691,68.6,2.194e-21
2090,11767.1702,1.1,0,19,137,P,11767.16786,70.3,3.085e-21
2091,11767.3457,2.2,1,20,93,P,11767.34463,32.2,2.187e-21
2092,11767.7832,8.4,1,20,102,R,11767.78122,59.5,1.569e-21
2093,11767.8080,1.2,0,19,146,R,11767.80966,-49.7,2.126e-21
2094,11768.6538,2.6,0,18,227,R,11768.65604,-67.2,1.784e-21
2095,11768.8093,1.5,0,18,218,P,11768.81144,-64.1,1.456e-21
2096,11768.9007,1.0,0,19,136,P,11768.90036,10.2,2.214e-21
2097,11768.9744,1.4,1,20,101,R,11768.97316,37.1,2.198e-21
2098,11769.5410,1.3,0,19,145,R,11769.54126,-7.7,2.995e-21
2099,11769.7217,2.4,1,20,91,P,11769.72166,1.1,2.181e-21
2101,11770.1541,1.5,1,20,100,R,11770.15276,40.1,1.571e-21
2102,11770.6213,1.0,0,19,135,P,11770.62049,24.4,3.114e-21
2103,11771.2617,1.3,0,19,144,R,11771.26040,38.8,2.152e-21
2104,11771.3215,1.4,1,20,99,R,11771.32001,44.6,2.201e-21
2105,11771.4727,2.8,0,18,226,R,11771.47568,-89.2,1.295e-21
2106,11771.6201,1.5,0,18,217,P,11771.62053,-12.8,2.070e-21
2107,11772.0520,1.4,1,20,89,P,11772.04953,74.2,2.173e-21
2108,11772.3286,1.3,0,19,134,P,11772.32824,10.7,2.234e-21
2109,11772.4749,1.4,1,20,98,R,11772.47492,-0.6,1.572e-21
2110,11772.9694,0.9,0,19,143,R,11772.96710,68.9,3.030e-21
2111,11773.1948,1.5,1,20,88,P,11773.19502,-6.7,1.549e-21
2112,11773.6179,1.1,1,20,97,R,11773.61749,12.4,2.202e-21
2113,11774.0239,1.1,0,19,133,P,11774.02363,8.0,3.142e-21
2114,11774.2821,1.6,0,18,225,R,11774.28208,0.6,1.843e-21
2115,11774.3302,1.6,1,20,87,P,11774.32823,59.0,2.163e-21
2116,11774.4162,1.7,0,18,216,P,11774.41653,-9.9,1.501e-21
2117,11774.6614,1.0,0,19,142,R,11774.66135,1.5,2.177e-21
2118,11775.7080,1.2,0,19,132,P,11775.70666,40.3,2.254e-21
2119,11775.8664,1.8,1,20,95,R,11775.86560,23.9,2.200e-21
2120,11776.3459,1.1,0,19,141,R,11776.34316,82.1,3.064e-21
2121,11776.5588,1.2,1,20,85,P,11776.55780,30.0,2.152e-21
2122,11777.1992,1.7,0,18,215,P,11777.19946,-7.7,2.134e-21
2123,11777.3786,1.0,0,19,131,P,11777.37732,38.5,3.168e-21
2124,11778.0128,1.0,0,19,140,R,11778.01253,8.1,2.201e-21
2126,11778.7411,1.5,1,20,83,P,11778.73825,85.5,2.138e-21
2127,11779.0355,1.0,0,19,130,P,11779.03562,-3.6,2.272e-21
2128,11779.6684,1.2,0,19,139,R,11779.66947,-32.0,3.097e-21
2129,11779.8110,1.2,1,20,82,P,11779.81006,28.3,1.522e-21
2130,11779.9675,1.2,0,18,214,P,11779.96931,-54.3,1.547e-21
2131,11780.2147,1.1,1,20,91,R,11780.21386,25.1,2.192e-21
2132,11780.6829,0.9,0,19,129,P,11780.68157,39.8,3.193e-21
2133,11780.8686,1.8,1,20,81,P,11780.86959,-29.7,2.122e-21
2134,11781.2706,1.3,1,20,90,R,11781.27012,14.5,1.564e-21
2135,11781.3156,1.1,0,19,138,R,11781.31397,48.7,2.224e-21
2136,11781.9178,1.5,1,20,80,P,11781.91685,28.4,1.510e-21
2138,11782.7280,1.6,0,18,213,P,11782.72610,56.9,2.198e-21
2139,11782.9488,0.9,0,19,137,R,11782.94606,82.3,3.129e-21
2140,11783.3448,1.4,1,20,88,R,11783.34567,-26.0,1.558e-21
2141,11783.9378,1.0,0,19,127,P,11783.93642,41.4,3.216e-21
2142,11784.3669,1.5,1,20,87,R,11784.36497,57.9,2.177e-21
2143,11784.5646,1.1,0,19,136,R,11784.56572,-33.4,2.246e-21
2144,11784.9868,1.7,1,20,77,P,11784.98503,53.0,2.085e-21
2146,11785.4720,1.7,0,18,212,P,11785.46984,64.9,1.594e-21
2147,11785.5472,1.0,0,19,126,P,11785.54533,56.2,2.305e-21
2148,11785.9877,2.0,1,20,76,P,11785.98323,134.0,1.481e-21
2150,11786.3704,1.7,1,20,85,R,11786.36664,112.7,2.166e-21
2151,11786.9732,1.8,1,20,75,P,11786.96916,121.0,2.063e-21
2152,11787.1424,0.9,0,19,125,P,11787.14189,15.2,3.237e-21
2153,11787.3534,1.4,1,20,84,R,11787.34902,131.4,1.543e-21
2154,11787.7686,1.1,0,19,134,R,11787.76779,24.4,2.266e-21
2155,11788.1142,1.2,0,18,220,R,11788.11594,-52.1,1.426e-21
2157,11788.3224,1.2,1,20,83,R,11788.31909,99.3,2.153e-21
2158,11788.7265,1.0,0,19,124,P,11788.72612,11.4,2.320e-21
2159,11788.9058,1.9,1,20,73,P,11788.90425,46.4,2.039e-21
2161,11789.3524,1.4,0,19,133,R,11789.35020,65.8,3.187e-21
2162,11790.2253,2.1,1,20,81,R,11790.22233,89.2,2.138e-21
2163,11790.2989,1.0,0,19,123,P,11790.29801,26.7,3.257e-21
2164,11790.7935,2.5,1,20,71,P,11790.79032,95.4,2.013e-21
2165,11790.8443,1.2,0,18,219,R,11790.84313,35.0,2.027e-21
2167,11791.1583,1.4,1,20,80,R,11791.15550,84.0,1.521e-21
2168,11791.8574,1.1,0,19,122,P,11791.85757,-5.1,2.333e-21
2169,11792.0758,2.4,1,20,79,R,11792.07638,-17.3,2.121e-21
2170,11792.4797,1.2,0,19,131,R,11792.47783,56.2,3.214e-21
2171,11792.6301,1.2,1,20,69,P,11792.62737,81.7,1.985e-21
2172,11792.9862,1.4,1,20,78,R,11792.98496,37.1,1.509e-21
2173,11793.4089,1.3,0,19,121,P,11793.40480,122.8,3.274e-21
2175,11793.6222,1.5,0,18,209,P,11793.62277,-17.1,2.331e-21
2176,11794.0230,1.0,0,19,130,R,11794.02304,-1.1,2.305e-21
2177,11794.4174,1.6,1,20,67,P,11794.41543,59.0,1.955e-21
2178,11794.9418,1.0,0,19,120,P,11794.93971,62.6,2.345e-21
2180,11795.5574,1.1,0,19,129,R,11795.55585,46.4,3.239e-21
2181,11795.6391,2.2,1,20,75,R,11795.63699,63.2,2.081e-21
2182,11796.1565,1.5,1,20,65,P,11796.15451,59.8,1.922e-21
2183,11796.2604,1.5,0,18,217,R,11796.25801,71.6,2.091e-21
2184,11796.4629,1.1,0,19,119,P,11796.46230,18.1,3.290e-21
2185,11797.0766,1.1,0,19,128,R,11797.07628,9.7,2.322e-21
2186,11797.3457,1.6,1,20,73,R,11797.34359,63.3,2.058e-21
2187,11797.8465,1.8,1,20,63,P,11797.84461,56.7,1.888e-21
2188,11797.9716,1.0,0,19,118,P,11797.97256,-28.8,2.355e-21
2189,11798.5849,0.9,0,19,127,R,11798.58432,17.5,3.263e-21
2190,11798.6718,1.5,1,20,62,P,11798.67130,15.0,1.336e-21
2191,11798.9966,1.0,0,18,207,P,11798.99291,110.8,2.398e-21
2192,11799.4745,1.0,0,19,117,P,11799.47051,119.6,3.303e-21
2193,11800.0801,1.2,0,19,126,R,11800.07997,3.9,2.338e-21
2194,11800.6122,1.5,1,20,69,R,11800.60946,82.2,2.005e-21
2195,11800.9565,1.2,0,19,116,P,11800.95615,10.6,2.364e-21
2196,11801.0802,1.2,1,20,59,P,11801.07795,67.3,1.813e-21
2197,11801.3972,1.5,1,20,68,R,11801.39524,58.7,1.422e-21
2198,11801.5632,1.2,0,19,125,R,11801.56324,-1.3,3.284e-21
2199,11801.6211,1.5,0,18,215,R,11801.62026,25.2,2.155e-21
2200,11801.6587,1.8,0,18,206,P,11801.65845,7.6,1.737e-21
2201,11802.1701,1.1,1,20,67,R,11802.16876,40.2,1.976e-21
2202,11802.4282,1.6,0,19,115,P,11802.42947,-38.1,3.315e-21
2203,11802.6209,1.5,1,20,57,P,11802.62122,-9.6,1.773e-21
2204,11802.9306,1.4,1,20,66,R,11802.93001,17.7,1.400e-21
2205,11803.0336,1.0,0,19,124,R,11803.03414,-16.1,2.353e-21
2206,11803.6799,1.5,1,20,65,R,11803.67899,27.2,1.945e-21
2207,11803.8911,1.0,0,19,114,P,11803.89049,18.3,2.371e-21
2208,11804.2801,2.1,0,18,214,R,11804.28167,-47.0,1.563e-21
2209,11804.3108,1.3,0,18,205,P,11804.31098,-5.4,2.466e-21
2210,11804.4938,1.3,0,19,123,R,11804.49266,34.1,3.304e-21
2211,11805.1405,1.7,1,20,63,R,11805.14018,9.6,1.911e-21
2212,11805.3420,1.0,0,19,113,P,11805.33920,83.8,3.324e-21
2213,11805.9398,1.1,0,19,122,R,11805.93882,29.5,2.367e-21
2214,11806.5549,1.1,1,20,61,R,11806.55233,77.1,1.875e-21
2215,11806.7779,1.4,0,19,112,P,11806.77562,68.5,2.377e-21
2216,11806.9483,1.8,0,18,204,P,11806.95051,-66.4,1.786e-21
2217,11807.2399,1.2,1,20,60,R,11807.24002,-3.5,1.326e-21
2218,11807.3729,0.9,0,19,121,R,11807.37260,8.9,3.322e-21
2219,11807.9202,5.1,1,20,59,R,11807.91545,142.3,1.838e-21
2220,11808.2025,1.3,0,19,111,P,11808.19973,83.1,3.331e-21
2221,11808.3035,1.6,1,20,49,P,11808.30516,-49.7,1.593e-21
2222,11808.7941,1.2,0,19,120,R,11808.79403,2.2,2.379e-21
2224,11809.5751,1.1,0,18,203,P,11809.57705,-58.5,2.535e-21
2225,11809.6083,1.1,1,20,47,P,11809.60391,131.5,1.543e-21
2226,11810.2055,1.3,0,19,119,R,11810.20309,72.2,3.338e-21
2228,11811.0109,1.2,0,19,109,P,11811.01107,-5.1,3.336e-21
2229,11811.6012,1.3,0,19,118,R,11811.59980,41.9,2.389e-21
2231,11812.3985,1.0,0,19,108,P,11812.39831,5.8,2.384e-21
2232,11812.8824,1.3,1,20,51,R,11812.87802,131.2,1.668e-21
2233,11812.9845,1.0,0,19,117,R,11812.98416,10.2,3.352e-21
2234,11813.7741,1.0,0,19,107,P,11813.77325,25.4,3.339e-21
2235,11814.3143,1.8,1,20,39,P,11814.31027,120.7,1.327e-21
2236,11814.3573,1.2,0,19,116,R,11814.35617,34.0,2.399e-21
2239,11815.7172,1.1,0,19,115,R,11815.71583,41.1,3.364e-21
2240,11816.0895,1.8,1,20,45,R,11816.08587,108.7,1.521e-21
2241,11816.4873,1.1,0,19,105,P,11816.48629,30.2,3.339e-21
2244,11817.5205,5.8,3,21,97,P,11817.51602,134.2,1.166e-21
2245,11817.8246,1.5,0,19,104,P,11817.82439,6.3,2.384e-21
2247,11818.4017,1.2,0,19,113,R,11818.39813,107.2,3.373e-21
2248,11819.1526,1.4,0,19,103,P,11819.15021,71.6,3.337e-21
2249,11819.7238,0.9,0,19,112,R,11819.72077,90.9,2.412e-21
2251,11820.0602,2.4,3,21,95,P,11820.06055,-10.5,1.162e-21
2252,11820.4615,0.9,0,19,102,P,11820.46376,-67.7,2.382e-21
2253,11821.0326,1.2,0,19,111,R,11821.03108,45.7,3.381e-21
2255,11821.7645,1.0,0,19,101,P,11821.76503,-16.0,3.332e-21
2256,11822.3289,1.2,0,19,110,R,11822.32906,-4.7,2.417e-21
2257,11822.5446,1.5,0,18,207,R,11822.54416,13.1,2.423e-21
2258,11823.0574,1.1,0,19,100,P,11823.05404,100.7,2.378e-21
2259,11823.6130,0.9,0,19,109,R,11823.61471,-51.2,3.386e-21
2260,11824.3301,1.2,0,19,99,P,11824.33078,-20.3,3.325e-21
2263,11825.0666,1.8,0,18,197,P,11825.06376,85.1,2.746e-21
2265,11825.5966,1.3,0,19,98,P,11825.59525,40.4,2.372e-21
2266,11826.1519,1.1,0,19,107,R,11826.14904,85.6,3.389e-21
2267,11826.2000,1.3,3,21,99,R,11826.19665,100.4,1.185e-21
2268,11826.8465,1.4,0,19,97,P,11826.84746,-28.9,3.315e-21
2270,11827.5979,1.7,0,18,196,P,11827.59952,-48.5,1.987e-21
2271,11827.6444,2.0,0,18,205,R,11827.64416,7.0,2.492e-21
2272,11828.0905,1.0,0,19,96,P,11828.08742,92.5,2.364e-21
2273,11828.5676,1.3,3,21,97,R,11828.56733,8.0,1.182e-21
2274,11828.6364,1.1,0,19,105,R,11828.63411,68.8,3.389e-21
2275,11829.3147,1.0,0,19,95,P,11829.31511,-12.3,3.303e-21
2277,11829.8584,1.2,0,19,104,R,11829.85817,6.9,2.420e-21
2278,11830.1235,1.0,0,18,195,P,11830.12233,35.0,2.818e-21
2279,11830.1749,1.5,0,18,204,R,11830.17456,10.2,1.805e-21
2280,11830.5302,1.1,0,19,94,P,11830.53055,-10.4,2.354e-21
2281,11830.8873,1.5,3,21,95,R,11830.88714,4.8,1.178e-21
2282,11831.0715,1.1,0,19,103,R,11831.06992,47.3,3.387e-21
2283,11831.3968,2.2,0,17,257,P,11831.39194,145.7,1.363e-21
2284,11831.7346,1.3,0,19,93,P,11831.73373,25.9,3.288e-21
2286,11832.2684,1.2,0,19,102,R,11832.26937,-29.0,2.418e-21
2287,11832.6316,1.3,0,18,194,P,11832.63221,-18.4,2.039e-21
2288,11832.6927,1.3,0,18,203,R,11832.69189,24.2,2.562e-21
2289,11832.9242,1.1,0,19,92,P,11832.92467,-14.1,2.343e-21
2292,11834.1033,1.1,0,19,91,P,11834.10336,-1.7,3.271e-21
2293,11834.6323,1.3,0,19,100,R,11834.63135,28.3,2.414e-21
2294,11835.1299,1.0,0,18,193,P,11835.12916,22.2,2.890e-21
2295,11835.1951,1.3,0,18,202,R,11835.19617,-32.1,1.855e-21
2296,11835.2702,1.6,0,19,90,P,11835.26980,12.1,2.330e-21
2297,11835.3765,4.5,3,21,91,R,11835.37422,68.5,1.168e-21
2298,11835.7953,0.9,0,19,99,R,11835.79390,42.0,3.376e-21
2299,11836.4266,1.2,0,19,89,P,11836.42399,78.1,3.251e-21
2300,11836.4567,8.2,3,21,81,P,11836.45311,107.5,1.107e-21
2301,11836.9436,1.0,0,19,98,R,11836.94415,-16.5,2.408e-21
2302,11837.5642,1.1,0,19,88,P,11837.56595,-52.5,2.314e-21
2303,11837.6140,1.5,0,18,192,P,11837.61318,24.5,2.090e-21
2304,11837.6884,1.1,0,18,201,R,11837.68740,30.0,2.632e-21
2305,11838.0824,1.1,0,19,97,R,11838.08211,8.8,3.366e-21
2307,11838.6984,1.2,0,19,87,P,11838.69567,82.0,3.228e-21
2308,11839.2080,1.0,0,19,96,R,11839.20778,6.7,2.401e-21
2309,11839.6593,3.0,3,21,87,R,11839.65809,36.3,1.153e-21
2310,11839.8159,1.4,0,19,86,P,11839.81314,82.6,2.297e-21
2311,11840.0848,1.2,0,18,191,P,11840.08429,15.3,2.963e-21
2312,11840.1672,1.5,0,18,200,R,11840.16559,48.3,1.905e-21
2313,11840.3227,1.0,0,19,95,R,11840.32116,46.3,3.354e-21
2314,11840.9198,1.4,0,19,85,P,11840.91839,42.4,3.203e-21
2315,11841.4222,0.9,0,19,94,R,11841.42225,-1.6,2.391e-21
2316,11841.7259,2.6,3,21,85,R,11841.72389,60.3,1.145e-21
2317,11842.0155,1.2,0,19,84,P,11842.01139,123.1,2.278e-21
2318,11842.5137,1.7,0,19,93,R,11842.51107,78.9,3.340e-21
2319,11842.6320,1.6,0,18,199,R,11842.63075,37.6,2.703e-21
2320,11843.0940,1.5,0,19,83,P,11843.09217,54.8,3.175e-21
2321,11843.5853,1.1,0,19,92,R,11843.58761,-69.1,2.380e-21
2322,11844.1656,1.6,0,19,82,P,11844.16072,146.3,2.257e-21
2323,11844.6547,1.6,0,19,91,R,11844.65187,85.0,3.323e-21
2324,11844.9881,1.0,0,18,189,P,11844.98777,9.9,3.036e-21
2325,11845.0830,1.2,0,18,198,R,11845.08288,3.7,1.957e-21
2326,11845.2171,1.2,0,19,81,P,11845.21704,1.8,3.144e-21
2329,11846.7434,1.1,0,19,89,R,11846.74357,-5.0,3.303e-21
2330,11847.2942,1.1,0,19,79,P,11847.29301,35.7,3.111e-21
2331,11847.4208,1.0,0,18,188,P,11847.42015,19.4,2.194e-21
2332,11847.5238,1.0,0,18,197,R,11847.52198,54.4,2.775e-21
2333,11847.7699,1.1,0,19,88,R,11847.77101,-33.3,2.351e-21
2334,11848.2355,1.0,0,17,252,P,11848.23313,71.0,1.077e-21
2335,11848.3126,1.1,0,19,78,P,11848.31266,-1.7,2.210e-21
2336,11848.7891,1.1,0,19,87,R,11848.78619,87.3,3.281e-21
2337,11849.3217,1.3,0,19,77,P,11849.32009,48.3,3.075e-21
2338,11849.7885,1.2,0,19,86,R,11849.78910,-18.1,2.334e-21
2339,11849.8390,1.1,0,18,187,P,11849.83965,-19.4,3.109e-21
2340,11849.9488,1.1,0,18,196,R,11849.94808,21.6,2.008e-21
2342,11850.7803,1.2,0,19,85,R,11850.77976,16.3,3.255e-21
2343,11851.2991,1.1,0,19,75,P,11851.29830,24.1,3.036e-21
2344,11851.5672,1.9,0,17,251,P,11851.56028,207.4,1.538e-21
2345,11851.7605,1.7,0,19,84,R,11851.75815,70.4,2.316e-21
2347,11852.3641,1.5,0,18,195,R,11852.36117,87.9,2.848e-21
2348,11852.7270,1.1,0,19,83,R,11852.72429,81.3,3.227e-21
2349,11853.2307,1.1,0,19,73,P,11853.22765,91.6,2.995e-21
2353,11854.7625,1.2,0,18,194,R,11854.76126,37.2,2.060e-21
2354,11855.1089,1.2,0,19,71,P,11855.10815,22.5,2.950e-21
2355,11855.5529,1.3,0,19,80,R,11855.54918,111.6,2.272e-21
2356,11856.0284,1.3,0,19,70,P,11856.03009,-50.7,2.091e-21
2357,11856.4693,0.9,0,19,79,R,11856.46631,89.7,3.164e-21
2358,11856.9413,1.2,0,19,69,P,11856.93983,44.2,2.904e-21
2359,11857.0196,1.2,0,18,184,P,11857.02081,-36.3,2.299e-21
2360,11857.1500,1.1,0,18,193,R,11857.14835,49.4,2.921e-21
2361,11857.3708,1.4,0,19,78,R,11857.37119,-11.8,2.247e-21
2362,11857.8375,1.1,0,19,68,P,11857.83736,4.3,2.057e-21
2363,11858.2649,1.1,0,19,77,R,11858.26384,31.9,3.128e-21
2364,11858.7230,1.2,0,19,67,P,11858.72268,9.5,2.854e-21
2365,11859.1435,1.0,0,19,76,R,11859.14424,-22.1,2.220e-21
2366,11859.3905,1.2,0,18,183,P,11859.38878,51.5,3.256e-21
2367,11859.5230,1.1,0,18,192,R,11859.52246,16.2,2.112e-21
2369,11860.0150,1.2,0,19,75,R,11860.01240,78.1,3.089e-21
2370,11860.3061,2.4,0,17,257,R,11860.29800,242.9,1.369e-21
2371,11860.4585,1.3,0,19,65,P,11860.45674,52.9,2.802e-21
2372,11860.8697,1.0,0,19,74,R,11860.86832,41.4,2.192e-21
2373,11861.3043,1.6,0,19,64,P,11861.30546,-34.9,1.982e-21
2375,11861.8837,1.1,0,18,191,R,11861.88359,3.4,2.994e-21
2376,11862.1447,1.4,0,19,63,P,11862.14199,81.1,2.747e-21
2377,11862.5435,1.1,0,19,72,R,11862.54346,1.1,2.161e-21
2378,11862.9672,1.8,0,19,62,P,11862.96633,26.0,1.942e-21
2379,11863.3620,1.0,0,19,71,R,11863.36269,-20.6,3.003e-21
2380,11863.7802,1.2,0,19,61,P,11863.77847,51.8,2.690e-21
2381,11864.0887,1.1,0,18,181,P,11864.08613,77.0,3.330e-21
2382,11864.1697,1.2,0,19,70,R,11864.16968,0.6,2.129e-21
2383,11864.2292,1.0,0,18,190,R,11864.23174,-76.2,2.165e-21
2384,11864.5792,1.2,0,19,60,P,11864.57842,23.3,1.900e-21
2385,11864.7367,2.2,0,17,247,P,11864.73224,133.7,1.664e-21
2386,11864.9684,1.5,0,19,69,R,11864.96445,118.5,2.957e-21
2387,11865.3685,1.3,0,19,59,P,11865.36618,69.5,2.630e-21
2388,11865.7477,1.5,0,19,68,R,11865.74699,21.3,2.094e-21
2390,11866.4152,1.0,0,18,180,P,11866.41552,-9.6,2.405e-21
2391,11866.5183,1.4,0,19,67,R,11866.51731,29.7,2.907e-21
2392,11866.5666,1.2,0,18,189,R,11866.56693,-9.8,3.068e-21
2393,11866.9048,1.8,0,19,57,P,11866.90513,-9.9,2.567e-21
2394,11867.2749,1.5,0,19,66,R,11867.27541,-15.1,2.058e-21
2397,11868.3951,1.2,0,19,55,P,11868.39533,-7.0,2.502e-21
2399,11868.8885,1.3,0,18,188,R,11868.88915,-19.5,2.218e-21
2401,11869.4780,1.5,0,19,63,R,11869.47638,48.5,2.800e-21
2402,11869.8391,2.4,0,19,53,P,11869.83680,69.1,2.435e-21
2404,11870.8839,1.5,0,19,61,R,11870.88263,38.1,2.743e-21
2405,11871.0353,1.1,0,18,178,P,11871.03576,-13.8,2.457e-21
2408,11871.5668,1.5,0,19,60,R,11871.56743,-19.0,1.938e-21
2409,11871.9061,1.0,0,19,50,P,11871.90763,-45.8,1.664e-21
2410,11872.2419,1.3,0,19,59,R,11872.24003,56.1,2.683e-21
2411,11872.5757,1.3,0,19,49,P,11872.57355,64.6,2.293e-21
2412,11872.9007,1.2,0,19,58,R,11872.90042,8.5,1.894e-21
2413,11873.3286,1.1,0,18,177,P,11873.32662,59.4,3.477e-21
2414,11873.4939,1.3,0,18,186,R,11873.49474,-25.1,2.271e-21
2415,11873.5478,1.4,0,19,57,R,11873.54860,-23.9,2.620e-21
2416,11873.8711,1.1,0,19,47,P,11873.86885,67.4,2.218e-21
2417,11874.1853,1.3,0,19,56,R,11874.18458,21.7,1.849e-21
2418,11874.8097,1.3,0,19,55,R,11874.80835,40.5,2.555e-21
2419,11875.1169,1.7,0,19,45,P,11875.11545,43.4,2.142e-21
2420,11875.6052,1.1,0,18,176,P,11875.60465,16.6,2.510e-21
2421,11875.7805,1.7,0,18,185,R,11875.77811,71.6,3.216e-21
2422,11876.0210,1.6,0,19,53,R,11876.01930,51.1,2.488e-21
2423,11876.3143,1.5,0,19,43,P,11876.31336,28.2,2.063e-21
2425,11877.1815,1.2,0,19,51,R,11877.18145,1.5,2.418e-21
2426,11877.4636,1.6,0,19,41,P,11877.46258,30.5,1.982e-21
2428,11877.8709,0.9,0,18,175,P,11877.86984,31.6,3.551e-21
2429,11878.0458,1.9,0,18,184,R,11878.04855,-82.5,2.324e-21
2430,11878.2962,1.4,0,19,49,R,11878.29482,41.3,2.346e-21
2431,11878.5660,2.5,0,19,39,P,11878.56313,86.2,1.899e-21
2432,11878.8314,2.0,0,19,48,R,11878.83322,-54.6,1.649e-21
2433,11879.3632,3.9,0,19,47,R,11879.35943,113.2,2.271e-21
2434,11879.6175,1.5,0,19,37,P,11879.61500,75.1,1.814e-21
2435,11880.1231,0.9,0,18,174,P,11880.12222,26.4,2.562e-21
2436,11880.3066,1.1,0,18,183,R,11880.30606,16.2,3.291e-21
2437,11880.3776,1.3,0,19,45,R,11880.37527,69.9,2.195e-21
2438,11880.6191,2.0,0,19,35,P,11880.61820,27.0,1.727e-21
2440,11882.3627,1.1,0,18,173,P,11882.36178,27.6,3.624e-21
2441,11882.5526,1.4,0,18,182,R,11882.55065,58.6,2.377e-21
2443,11883.1316,1.2,0,19,39,R,11883.13035,37.6,1.952e-21
2444,11884.5890,1.1,0,18,172,P,11884.58853,14.1,2.615e-21
2445,11884.7837,1.1,0,18,181,R,11884.78231,41.7,3.366e-21
2446,11886.8062,1.2,0,18,171,P,11886.80247,111.8,3.697e-21
2447,11887.0007,1.3,0,18,180,R,11887.00106,-10.9,2.431e-21
2448,11888.4524,2.4,1,19,137,P,11888.45215,7.5,1.438e-21
2449,11889.0039,1.2,0,18,170,P,11889.00361,8.7,2.667e-21
2450,11889.2073,1.3,0,18,179,R,11889.20691,11.7,3.440e-21
2451,11890.4302,3.0,0,17,239,P,11890.42234,235.6,1.936e-21
2452,11891.1913,1.4,0,18,169,P,11891.19195,-19.6,3.770e-21
2453,11891.4010,1.2,0,18,178,R,11891.39985,34.4,2.484e-21
2456,11893.3670,1.2,0,18,168,P,11893.36751,-15.2,2.718e-21
2458,11895.5295,1.2,0,18,167,P,11895.53027,-23.2,3.842e-21
2459,11895.7455,0.9,0,18,176,R,11895.74706,-46.8,2.537e-21
2460,11896.7138,1.5,0,17,237,P,11896.70910,141.0,2.008e-21
2461,11897.6801,1.0,0,18,166,P,11897.68026,-4.7,2.769e-21
2462,11897.9026,0.9,0,18,175,R,11897.90134,37.9,3.589e-21
2464,11900.0425,1.0,0,18,174,R,11900.04273,-7.0,2.590e-21
2465,11901.9412,1.0,0,18,164,P,11901.94190,-21.0,2.820e-21
2466,11902.1742,1.1,0,18,173,R,11902.17126,88.2,3.664e-21
2467,11902.9485,2.0,0,17,235,P,11902.94169,204.2,2.082e-21
2468,11904.0537,1.1,0,18,163,P,11904.05357,3.8,3.984e-21
2469,11904.2864,1.2,0,18,172,R,11904.28692,-15.5,2.643e-21
2470,11905.6292,2.1,1,19,127,P,11905.63103,-55.0,1.552e-21
2471,11906.0408,1.5,0,17,234,P,11906.03769,93.1,1.514e-21
2472,11906.1529,1.0,0,18,162,P,11906.15248,12.6,2.870e-21
2473,11906.3923,1.0,0,18,171,R,11906.38971,77.5,3.737e-21
2474,11908.2376,1.3,0,18,161,P,11908.23863,-30.9,4.053e-21
2475,11908.4790,1.2,0,18,170,R,11908.47966,-19.6,2.696e-21
2476,11909.1217,1.6,0,17,233,P,11909.12019,45.3,2.158e-21
2477,11910.3138,1.1,0,18,160,P,11910.31203,53.1,2.920e-21
2478,11910.5566,1.4,0,18,169,R,11910.55675,-4.4,3.811e-21
2479,11912.1923,1.4,0,17,232,P,11912.18918,93.6,1.569e-21
2480,11912.3738,1.1,0,18,159,P,11912.37268,33.5,4.122e-21
2481,11912.6215,1.0,0,18,168,R,11912.62099,15.3,2.748e-21
2482,11914.4220,1.0,0,18,158,P,11914.42059,42.3,2.969e-21
2483,11914.6726,1.2,0,18,167,R,11914.67240,6.1,3.884e-21
2484,11915.2455,1.1,0,17,231,P,11915.24467,24.9,2.236e-21
2485,11916.4566,0.8,0,18,157,P,11916.45576,25.2,4.190e-21
2486,11916.7121,1.0,0,18,166,R,11916.71097,34.0,2.800e-21
2487,11917.4295,1.6,0,17,239,R,11917.42356,178.0,1.946e-21
2489,11918.7376,1.1,0,18,165,R,11918.73671,26.7,3.956e-21
2490,11920.4862,1.3,0,18,155,P,11920.48790,-50.9,4.257e-21
2491,11920.7495,0.9,0,18,164,R,11920.74963,-3.8,2.851e-21
2492,11922.4855,1.4,0,18,154,P,11922.48488,18.6,3.064e-21
2493,11922.7539,1.0,0,18,163,R,11922.74973,125.1,4.028e-21
2494,11923.4978,1.3,0,17,237,R,11923.49699,24.3,2.018e-21
2495,11924.3303,1.3,0,17,228,P,11924.33025,1.5,1.682e-21
2496,11924.4702,0.8,0,18,153,P,11924.46914,31.8,4.323e-21
2497,11924.7357,1.6,0,18,162,R,11924.73701,-39.3,2.902e-21
2498,11926.4407,1.0,0,18,152,P,11926.44068,0.5,3.111e-21
2499,11926.7111,1.0,0,18,161,R,11926.71149,-11.7,4.099e-21
2500,11927.3365,1.7,0,17,227,P,11927.33184,139.7,2.396e-21
2501,11928.3996,1.1,0,18,151,P,11928.39952,2.5,4.387e-21
2502,11928.6743,1.0,0,18,160,R,11928.67316,34.1,2.953e-21
2503,11930.3426,1.7,0,18,150,P,11930.34564,-91.2,3.156e-21
2504,11930.4873,1.5,1,19,111,P,11930.48296,130.1,1.687e-21
2505,11930.6232,0.9,0,18,159,R,11930.62204,34.8,4.168e-21
2506,11932.2804,1.2,0,18,149,P,11932.27906,40.0,4.450e-21
2507,11932.5582,1.2,0,18,158,R,11932.55812,2.4,3.002e-21
2508,11933.3002,1.8,0,17,225,P,11933.29467,165.8,2.479e-21
2509,11934.1998,0.8,0,18,148,P,11934.19979,0.4,3.200e-21
2510,11934.4834,1.1,0,18,157,R,11934.48142,59.5,4.237e-21
2512,11936.1090,1.0,0,18,147,P,11936.10782,35.5,4.511e-21
2513,11936.2579,1.2,0,17,224,P,11936.25592,59.3,1.801e-21
2514,11936.3927,0.9,0,18,156,R,11936.39193,23.2,3.051e-21
2515,11938.0041,0.8,0,18,146,P,11938.00315,28.4,3.243e-21
2516,11938.2904,0.9,0,18,155,R,11938.28966,22.3,4.305e-21
2517,11939.2062,1.7,0,17,223,P,11939.20375,73.5,2.564e-21
2518,11939.8854,1.1,0,18,145,P,11939.88581,-12.2,4.570e-21
2519,11940.1768,0.9,0,18,154,R,11940.17461,65.5,3.099e-21
2520,11941.3932,1.5,0,17,231,R,11941.39067,75.9,2.248e-21
2521,11941.6939,2.0,1,19,103,P,11941.69682,-87.4,1.726e-21
2522,11941.7562,1.2,0,18,144,P,11941.75578,12.7,3.285e-21
2523,11942.0477,1.1,0,18,153,R,11942.04680,26.9,4.371e-21
2525,11943.6142,0.9,0,18,143,P,11943.61307,34.0,4.628e-21
2526,11943.9059,1.0,0,18,152,R,11943.90623,-9.8,3.146e-21
2527,11944.3283,2.2,0,17,230,R,11944.32541,86.6,1.634e-21
2529,11945.0619,1.2,0,17,221,P,11945.05914,82.8,2.650e-21
2530,11945.4578,1.1,0,18,142,P,11945.45768,3.5,3.326e-21
2531,11945.7546,1.1,0,18,151,R,11945.75289,51.2,4.437e-21
2532,11947.2900,1.0,0,18,141,P,11947.28963,11.1,4.684e-21
2533,11947.5885,1.0,0,18,150,R,11947.58680,50.9,3.192e-21
2534,11947.9676,1.3,0,17,220,P,11947.96672,26.3,1.924e-21
2535,11949.1088,0.8,0,18,140,P,11949.10891,-3.3,3.365e-21
2536,11949.4089,0.9,0,18,149,R,11949.40796,28.1,4.500e-21
2537,11949.5801,1.6,1,19,97,P,11949.57820,57.0,1.740e-21
2539,11950.9167,0.9,0,18,139,P,11950.91553,35.1,4.738e-21
2540,11951.2162,0.9,0,18,148,R,11951.21638,-5.3,3.237e-21
2541,11952.7106,0.9,0,18,138,P,11952.70949,33.3,3.403e-21
2542,11953.0116,1.1,0,18,147,R,11953.01205,-13.5,4.562e-21
2543,11953.0506,4.6,0,17,227,R,11953.04834,67.6,2.410e-21
2544,11953.5544,1.7,1,19,103,R,11953.55260,54.0,1.719e-21
2545,11953.7437,1.6,0,17,218,P,11953.74170,59.9,1.987e-21
2546,11954.4910,1.0,0,18,137,P,11954.49079,6.1,4.789e-21
2547,11954.5780,2.7,1,19,93,P,11954.58088,-86.3,1.742e-21
2548,11954.7929,1.0,0,18,146,R,11954.79499,-62.6,3.281e-21
2549,11956.0035,1.7,1,19,101,R,11956.00311,11.6,1.726e-21
2550,11956.2606,1.2,0,18,136,P,11956.25945,34.5,3.439e-21
2551,11956.5665,0.8,0,18,145,R,11956.56519,39.2,4.623e-21
2552,11956.6121,1.1,0,17,217,P,11956.60912,89.4,2.827e-21
2553,11958.0176,1.3,0,18,135,P,11958.01546,64.2,4.839e-21
2554,11958.3238,1.2,0,18,144,R,11958.32267,33.9,3.323e-21
2555,11958.7981,1.6,0,17,225,R,11958.79597,64.0,2.493e-21
2557,11959.4643,1.4,0,17,216,P,11959.46316,34.2,2.051e-21
2558,11959.7592,1.0,0,18,134,P,11959.75882,11.3,3.473e-21
2559,11960.0672,0.9,0,18,143,R,11960.06742,-6.6,4.681e-21
2560,11961.4910,1.0,0,18,133,P,11961.48955,43.6,4.886e-21
2562,11961.8005,0.9,0,18,142,R,11961.79946,31.3,3.364e-21
2563,11962.3073,1.8,0,17,215,P,11962.30383,104.0,2.918e-21
2564,11963.2062,0.9,0,18,132,P,11963.20764,-43.1,3.506e-21
2565,11963.5188,1.0,0,18,141,R,11963.51878,0.7,4.738e-21
2566,11964.4909,1.7,0,17,223,R,11964.48953,40.9,2.578e-21
2567,11964.9135,0.9,0,18,131,P,11964.91309,12.2,4.931e-21
2569,11965.2258,1.0,0,18,140,R,11965.22539,12.4,3.404e-21
2571,11966.6068,0.8,0,18,130,P,11966.60592,26.3,3.537e-21
2572,11966.9212,1.2,0,18,139,R,11966.91929,57.3,4.793e-21
2574,11967.9464,1.4,0,17,213,P,11967.94511,38.7,3.010e-21
2575,11968.2873,0.9,0,18,129,P,11968.28612,35.2,4.973e-21
2576,11968.3837,1.4,1,19,81,P,11968.38316,16.3,1.708e-21
2577,11968.5978,1.1,0,18,138,R,11968.60049,-80.7,3.443e-21
2578,11969.9524,1.0,0,18,128,P,11969.95371,-39.2,3.566e-21
2579,11970.1307,1.1,0,17,221,R,11970.12912,47.4,2.665e-21
2580,11970.2704,1.1,0,18,137,R,11970.26900,42.1,4.846e-21
2581,11971.6098,1.0,0,18,127,P,11971.60867,33.9,5.012e-21
2582,11971.9245,0.9,0,18,136,R,11971.92481,-9.2,3.479e-21
2583,11972.9307,1.1,0,17,220,R,11972.92869,60.3,1.935e-21
2584,11973.2508,0.8,0,18,126,P,11973.25102,-6.6,3.594e-21
2585,11973.5701,1.4,0,18,135,R,11973.56793,65.1,4.896e-21
2587,11974.8829,0.8,0,18,125,P,11974.88076,64.2,5.049e-21
2588,11975.1981,1.1,0,18,134,R,11975.19836,-7.9,3.514e-21
2590,11975.7199,1.3,0,17,219,R,11975.71479,153.3,2.754e-21
2591,11976.4982,0.8,0,18,124,P,11976.49789,9.3,3.619e-21
2592,11976.8192,0.8,0,18,133,R,11976.81612,92.4,4.944e-21
2593,11978.1043,1.0,0,18,123,P,11978.10241,56.5,5.083e-21
2594,11978.4213,0.8,0,18,132,R,11978.42120,3.1,3.548e-21
2595,11978.4933,1.4,0,17,218,R,11978.48742,176.2,1.999e-21
2597,11979.0686,1.4,0,17,209,P,11979.06760,30.1,3.199e-21
2598,11979.6945,1.0,0,18,122,P,11979.69434,4.8,3.642e-21
2599,11980.0152,0.9,0,18,131,R,11980.01360,47.9,4.989e-21
2600,11981.2750,2.9,0,18,121,P,11981.27367,39.9,5.113e-21
2601,11981.5937,0.9,0,18,130,R,11981.59334,10.9,3.579e-21
2602,11981.8162,1.3,0,17,208,P,11981.81491,38.6,2.320e-21
2603,11982.8405,0.9,0,18,120,P,11982.84040,3.0,3.663e-21
2604,11983.1619,0.9,0,18,129,R,11983.16041,44.8,5.032e-21
2606,11984.3962,0.9,0,18,119,P,11984.39454,49.7,5.141e-21
2607,11984.5521,1.5,0,17,207,P,11984.54892,95.3,3.296e-21
2608,11984.7163,1.3,0,18,128,R,11984.71481,44.5,3.609e-21
2609,11985.9363,0.9,0,18,118,P,11985.93610,6.1,3.681e-21
2610,11986.2577,1.0,0,18,127,R,11986.25657,34.0,5.073e-21
2613,11987.2710,1.7,0,17,206,P,11987.26963,41.0,2.389e-21
2614,11987.4664,0.9,0,18,117,P,11987.46507,40.0,5.166e-21
2615,11987.7854,1.0,0,18,126,R,11987.78566,-7.9,3.637e-21
2616,11988.9829,1.1,0,18,116,P,11988.98145,43.4,3.698e-21
2617,11989.3036,0.9,0,18,125,R,11989.30211,44.7,5.110e-21
2618,11989.4492,1.1,0,17,214,R,11989.44350,170.8,2.130e-21
2620,11990.4866,0.9,0,18,115,P,11990.48526,40.1,5.187e-21
2621,11990.5791,2.5,1,19,57,P,11990.57438,141.5,1.449e-21
2622,11990.8043,0.9,0,18,124,R,11990.80591,-48.2,3.663e-21
2623,11991.9769,0.9,0,18,114,P,11991.97649,12.2,3.711e-21
2624,11992.1506,1.2,0,17,213,R,11992.14895,49.6,3.029e-21
2625,11992.2991,1.0,0,18,123,R,11992.29707,61.0,5.145e-21
2626,11992.6738,1.3,0,17,204,P,11992.67118,78.6,2.460e-21
2627,11993.4564,1.1,0,18,113,P,11993.45516,37.3,5.204e-21
2629,11993.7737,1.2,0,18,122,R,11993.77558,-56.5,3.686e-21
2630,11994.8397,3.2,0,17,212,R,11994.84098,-38.3,2.197e-21
2631,11994.9218,0.8,0,18,112,P,11994.92125,16.6,3.723e-21
2632,11995.2429,0.9,0,18,121,R,11995.24147,43.0,5.176e-21
2633,11995.3547,1.0,0,17,203,P,11995.35203,80.1,3.493e-21
2634,11996.3741,0.9,0,18,111,P,11996.37477,-20.1,5.219e-21
2635,11996.6953,0.8,0,18,120,R,11996.69472,17.5,3.708e-21
2636,11997.5215,1.4,0,17,211,R,11997.51960,57.0,3.124e-21
2637,11997.8177,1.1,0,18,110,P,11997.81573,59.0,3.732e-21
2638,11998.0199,1.2,0,17,202,P,11998.01961,8.8,2.531e-21
2639,11998.1374,0.9,0,18,119,R,11998.13534,61.7,5.205e-21
2641,11999.5644,1.3,0,18,118,R,11999.56334,31.8,3.727e-21
2642,12000.1890,1.3,0,17,210,R,12000.18482,125.2,2.265e-21
2644,12000.9787,1.1,0,18,117,R,12000.97871,-0.4,5.230e-21
2646,12002.0652,0.8,0,18,107,P,12002.06326,58.1,5.237e-21
2647,12002.3815,0.9,0,18,116,R,12002.38147,0.8,3.744e-21
2648,12002.8385,1.1,0,17,209,R,12002.83666,55.2,3.220e-21
2649,12003.3166,1.4,0,17,200,P,12003.31498,48.7,2.603e-21
2650,12003.4561,1.1,0,18,106,P,12003.45400,63.0,3.742e-21
2651,12003.7728,1.0,0,18,115,R,12003.77162,35.4,5.252e-21
2652,12004.8305,1.1,0,18,105,P,12004.83218,-50.5,5.240e-21
2653,12005.1503,1.0,0,18,114,R,12005.14915,34.4,3.758e-21
2654,12005.4755,1.6,0,17,208,R,12005.47511,11.8,2.334e-21
2655,12005.9464,1.5,0,17,199,P,12005.94278,108.6,3.695e-21
2656,12006.1976,1.0,0,18,104,P,12006.19782,-6.7,3.743e-21
2657,12006.5145,1.2,0,18,113,R,12006.51408,12.7,5.270e-21
2658,12007.5523,1.0,0,18,103,P,12007.55092,41.4,5.239e-21
2659,12007.8681,1.0,0,18,112,R,12007.86640,51.0,3.770e-21
2660,12008.1042,1.3,0,17,207,R,12008.10018,120.5,3.317e-21
2661,12008.5592,1.2,0,17,198,P,12008.55734,55.9,2.676e-21
2662,12008.8919,1.0,0,18,102,P,12008.89147,12.7,3.741e-21
2663,12009.2059,1.0,0,18,111,R,12009.20612,-6.6,5.285e-21
2665,12010.2213,1.0,0,18,101,P,12010.21949,54.2,5.235e-21
2666,12010.5367,0.9,0,18,110,R,12010.53324,103.7,3.780e-21
2667,12010.7113,1.1,0,17,206,R,12010.71189,-17.6,2.405e-21
2668,12011.1616,1.3,0,17,197,P,12011.15866,88.2,3.798e-21
2669,12011.5355,0.9,0,18,100,P,12011.53497,15.9,3.737e-21
2670,12011.8465,1.1,0,18,109,R,12011.84777,-38.1,5.297e-21
2671,12012.8398,0.9,0,18,99,P,12012.83792,56.4,5.227e-21
2672,12013.1514,0.8,0,18,108,R,12013.14971,50.8,3.787e-21
2673,12013.3124,1.7,0,17,205,R,12013.31023,65.0,3.416e-21
2674,12013.7481,0.9,0,17,196,P,12013.74674,40.6,2.749e-21
2675,12014.1286,0.9,0,18,98,P,12014.12833,8.0,3.729e-21
2676,12014.4415,0.8,0,18,107,R,12014.43905,73.3,5.305e-21
2677,12015.4079,1.1,0,18,97,P,12015.40622,50.3,5.214e-21
2678,12015.7161,1.1,0,18,106,R,12015.71582,8.5,3.791e-21
2679,12015.8968,1.3,0,17,204,R,12015.89522,47.3,2.476e-21
2680,12016.3267,1.5,0,17,195,P,12016.32161,152.7,3.901e-21
2681,12016.6705,1.1,0,18,96,P,12016.67158,-32.5,3.719e-21
2683,12016.9822,0.9,0,18,105,R,12016.98000,66.0,5.309e-21
2684,12017.9256,1.2,0,18,95,P,12017.92442,35.3,5.198e-21
2685,12018.2309,0.9,0,18,104,R,12018.23160,-21.1,3.792e-21
2686,12018.4676,1.2,0,17,203,R,12018.46687,21.9,3.516e-21
2688,12019.1642,0.9,0,18,94,P,12019.16474,-16.3,3.706e-21
2689,12019.4720,0.9,0,18,103,R,12019.47063,41.1,5.309e-21
2690,12020.3016,2.1,3,20,83,P,12020.29865,88.6,1.304e-21
2691,12020.3916,1.2,0,18,93,P,12020.39254,-28.3,5.177e-21
2692,12020.6965,1.1,0,18,102,R,12020.69708,-17.5,3.791e-21
2693,12021.0244,1.0,0,17,202,R,12021.02518,-23.2,2.548e-21
2694,12021.4320,1.1,0,17,193,P,12021.43168,9.5,4.006e-21
2695,12021.6072,1.2,0,18,92,P,12021.60783,-18.8,3.690e-21
2696,12021.9125,0.9,0,18,101,R,12021.91097,45.9,5.305e-21
2697,12022.8118,0.9,0,18,91,P,12022.81060,36.1,5.153e-21
2698,12023.1121,0.9,0,18,100,R,12023.11229,-5.6,3.787e-21
2699,12023.5733,1.1,0,17,201,R,12023.57015,94.4,3.618e-21
2701,12023.9707,1.6,0,17,192,P,12023.96691,113.7,2.899e-21
2702,12024.0007,1.2,0,18,90,P,12024.00086,-4.7,3.671e-21
2703,12024.3032,1.1,0,18,99,R,12024.30104,64.8,5.297e-21
2704,12025.1799,0.9,0,18,89,P,12025.17861,38.8,5.124e-21
2705,12025.4754,0.9,0,18,98,R,12025.47723,-54.9,3.780e-21
2706,12026.1042,1.3,0,17,200,R,12026.10180,71.9,2.620e-21
2707,12026.3445,1.0,0,18,88,P,12026.34385,19.5,3.648e-21
2708,12026.4913,1.3,0,17,191,P,12026.48893,70.9,4.111e-21
2709,12026.6434,1.2,0,18,97,R,12026.64087,76.0,5.286e-21
2710,12027.4972,1.0,0,18,87,P,12027.49659,18.3,5.091e-21
2711,12027.7911,0.8,0,18,96,R,12027.79194,-25.3,3.770e-21
2713,12028.9292,1.0,0,18,95,R,12028.93047,-38.1,5.270e-21
2714,12028.9993,1.5,0,17,190,P,12028.99777,46.0,2.974e-21
2715,12029.7669,1.0,0,18,85,P,12029.76456,70.0,5.053e-21
2716,12030.0560,1.1,0,18,94,R,12030.05645,-13.4,3.757e-21
2717,12030.8792,0.9,0,18,84,P,12030.87980,-18.1,3.595e-21
2718,12031.1272,1.2,0,17,198,R,12031.12516,61.2,2.694e-21
2719,12031.1705,1.0,0,18,93,R,12031.16988,18.7,5.250e-21
2720,12031.4948,1.4,0,17,189,P,12031.49341,41.6,4.217e-21
2721,12031.9841,1.0,0,18,83,P,12031.98255,46.6,5.011e-21
2722,12032.2685,1.0,0,18,92,R,12032.27076,-67.8,3.742e-21
2723,12033.0725,1.0,0,18,82,P,12033.07280,-8.9,3.563e-21
2724,12033.3595,1.0,0,18,91,R,12033.35911,11.8,5.226e-21
2725,12033.6192,1.6,0,17,197,R,12033.61688,69.5,3.824e-21
2726,12033.9773,1.4,0,17,188,P,12033.97588,42.6,3.050e-21
2727,12034.1526,1.0,0,18,81,P,12034.15055,61.4,4.965e-21
2728,12034.4336,1.0,0,18,90,R,12034.43491,-39.3,3.723e-21
2729,12035.2159,1.0,0,18,80,P,12035.21582,2.3,3.529e-21
2730,12035.4994,1.0,0,18,89,R,12035.49818,36.7,5.197e-21
2731,12036.0965,1.2,0,17,196,R,12036.09531,35.8,2.768e-21
2732,12036.2688,1.6,0,18,79,P,12036.26860,5.9,4.914e-21
2733,12036.4468,1.2,0,17,187,P,12036.44517,48.9,4.323e-21
2734,12036.5520,1.3,0,18,88,R,12036.54891,92.6,3.701e-21
2735,12037.3066,1.0,0,18,78,P,12037.30890,-68.9,3.491e-21
2736,12037.5884,0.9,0,18,87,R,12037.58711,38.6,5.164e-21
2737,12038.3376,0.9,0,18,77,P,12038.33671,26.7,4.859e-21
2738,12038.5610,1.6,0,17,195,R,12038.56044,16.7,3.928e-21
2739,12038.6132,1.1,0,18,86,R,12038.61279,12.4,3.676e-21
2740,12038.8999,1.2,0,17,186,P,12038.90129,-41.7,3.126e-21
2741,12039.3523,1.1,0,18,76,P,12039.35204,7.8,3.450e-21
2742,12039.6267,1.2,0,18,85,R,12039.62593,22.9,5.127e-21
2743,12040.3555,0.8,0,18,75,P,12040.35489,18.3,4.800e-21
2744,12040.6247,0.9,0,18,84,R,12040.62656,-55.7,3.648e-21
2745,12041.0132,1.1,0,17,194,R,12041.01230,27.1,2.843e-21
2747,12041.6159,1.1,0,18,83,R,12041.61466,37.2,5.086e-21
2748,12042.3254,0.8,0,18,73,P,12042.32316,67.2,4.736e-21
2749,12042.5941,1.4,0,18,82,R,12042.59024,115.6,3.617e-21
2750,12043.2892,1.1,0,18,72,P,12043.28858,18.6,3.359e-21
2751,12043.3772,1.6,2,18,203,P,12043.37411,92.5,1.296e-21
2752,12043.4542,1.2,0,17,193,R,12043.45087,99.7,4.034e-21
2754,12043.7742,0.9,0,17,184,P,12043.77405,4.4,3.203e-21
2756,12044.2423,1.1,0,18,71,P,12044.24153,23.1,4.668e-21
2757,12044.5057,0.9,0,18,80,R,12044.50386,55.1,3.583e-21
2758,12045.1853,1.5,0,18,70,P,12045.18201,98.7,3.309e-21
2759,12045.4440,0.9,0,18,79,R,12045.44190,62.9,4.990e-21
2760,12045.8775,1.2,0,17,192,R,12045.87618,39.4,2.919e-21
2761,12046.1117,1.1,0,18,69,P,12046.11002,50.5,4.596e-21
2762,12046.1928,1.0,0,17,183,P,12046.19071,62.8,4.538e-21
2763,12046.3682,1.2,0,18,78,R,12046.36743,23.0,3.545e-21
2764,12047.0243,1.2,0,18,68,P,12047.02556,-37.7,3.256e-21
2765,12047.2825,1.0,0,18,77,R,12047.28046,61.2,4.936e-21
2766,12047.9310,1.1,0,18,67,P,12047.92863,70.9,4.519e-21
2767,12048.1822,1.2,0,18,76,R,12048.18098,36.7,3.505e-21
2768,12048.2896,1.2,0,17,191,R,12048.28823,41.0,4.140e-21
2769,12048.5960,1.1,0,17,182,P,12048.59421,53.6,3.280e-21
2770,12048.8207,1.2,0,18,66,P,12048.81925,43.6,3.199e-21
2771,12049.0691,1.0,0,18,75,R,12049.06899,3.3,4.877e-21
2772,12049.3129,1.3,0,16,247,P,12049.31131,47.8,2.035e-21
2773,12049.6995,1.1,0,18,65,P,12049.69740,63.1,4.438e-21
2774,12049.9448,1.1,0,18,74,R,12049.94450,8.9,3.461e-21
2775,12050.5630,1.2,0,18,64,P,12050.56308,-2.5,3.140e-21
2776,12050.6878,1.0,0,17,190,R,12050.68703,23.2,2.995e-21
2777,12050.8090,0.9,0,18,73,R,12050.80752,44.4,4.813e-21
2778,12050.9889,1.4,0,17,181,P,12050.98458,129.5,4.645e-21
2780,12051.4166,1.2,0,18,63,P,12051.41631,8.6,4.352e-21
2781,12051.6581,1.3,0,18,72,R,12051.65804,1.8,3.414e-21
2782,12052.2570,1.3,0,18,62,P,12052.25709,-2.6,3.077e-21
2783,12052.4957,1.1,0,18,71,R,12052.49606,-10.9,4.746e-21
2785,12053.3225,1.2,0,18,70,R,12053.32160,27.1,3.364e-21
2786,12053.3624,0.9,0,17,180,P,12053.36182,17.4,3.357e-21
2787,12053.9030,1.1,0,18,60,P,12053.90126,52.1,3.012e-21
2788,12054.1368,1.3,0,18,69,R,12054.13464,64.8,4.673e-21
2790,12054.9358,1.0,0,18,68,R,12054.93519,18.2,3.311e-21
2791,12055.4463,1.1,0,17,188,R,12055.44487,42.8,3.072e-21
2793,12056.2752,1.2,0,18,57,P,12056.27413,32.1,4.071e-21
2794,12056.4985,1.4,0,18,66,R,12056.49884,-10.3,3.255e-21
2795,12057.0425,1.1,0,18,56,P,12057.04019,69.4,2.872e-21
2796,12057.2640,1.2,0,18,65,R,12057.26194,61.7,4.516e-21
2798,12058.0138,1.1,0,18,64,R,12058.01256,37.1,3.196e-21
2799,12058.0806,1.6,0,17,178,P,12058.07691,110.5,3.434e-21
2800,12058.5346,1.6,0,18,54,P,12058.53496,-10.7,2.798e-21
2801,12058.7513,1.4,0,18,63,R,12058.75070,17.9,4.431e-21
2802,12059.2615,2.2,0,18,53,P,12059.26367,-65.1,3.863e-21
2803,12059.4765,1.2,0,18,62,R,12059.47637,4.0,3.134e-21
2804,12059.9820,1.6,0,18,52,P,12059.97995,61.6,2.721e-21
2805,12060.1499,1.6,0,17,186,R,12060.14978,3.6,3.149e-21
2806,12060.1898,1.2,0,18,61,R,12060.18956,7.3,4.342e-21
2807,12060.4175,1.0,0,17,177,P,12060.41479,81.4,4.861e-21
2808,12060.6854,1.4,0,18,51,P,12060.68378,48.7,3.754e-21
2809,12060.8919,1.4,0,18,60,R,12060.89027,48.8,3.068e-21
2810,12061.3744,1.2,0,18,50,P,12061.37516,-22.9,2.641e-21
2811,12061.5790,1.1,0,18,59,R,12061.57852,14.5,4.249e-21
2812,12062.0536,2.1,0,18,49,P,12062.05411,-15.3,3.640e-21
2813,12062.2554,0.9,0,18,58,R,12062.25429,33.3,3.000e-21
2814,12062.4824,1.2,0,17,185,R,12062.48240,0.1,4.462e-21
2817,12062.9180,0.9,0,18,57,R,12062.91760,12.1,4.151e-21
2818,12063.3744,1.3,0,18,47,P,12063.37469,-8.7,3.523e-21
2819,12063.5703,1.2,0,18,56,R,12063.56844,55.9,2.929e-21
2820,12064.0158,1.8,0,18,46,P,12064.01632,-15.7,2.473e-21
2821,12064.2079,1.2,0,18,55,R,12064.20681,32.6,4.049e-21
2822,12064.6461,1.4,0,18,45,P,12064.64552,17.3,3.402e-21
2823,12064.8044,2.1,0,17,184,R,12064.80180,78.1,3.226e-21
2824,12064.8298,2.7,0,18,54,R,12064.83272,-87.6,2.855e-21
2825,12065.0524,1.0,0,17,175,P,12065.05120,35.8,4.969e-21
2826,12065.2628,1.1,0,18,44,P,12065.26229,15.4,2.386e-21
2827,12065.4446,1.7,0,18,53,R,12065.44617,-47.2,3.944e-21
2828,12065.8682,1.4,0,18,43,P,12065.86661,47.5,3.277e-21
2829,12066.0485,1.2,0,18,52,R,12066.04716,40.1,2.778e-21
2830,12066.4614,1.7,0,18,42,P,12066.45851,86.6,2.296e-21
2832,12067.0397,1.4,0,18,41,P,12067.03798,51.7,3.149e-21
2833,12067.1094,1.1,0,17,183,R,12067.10799,42.4,4.571e-21
2834,12067.2130,1.5,0,18,50,R,12067.21177,36.9,2.699e-21
2835,12067.3501,1.1,0,17,174,P,12067.34976,10.1,3.588e-21
2837,12067.7770,1.3,0,18,49,R,12067.77539,48.3,3.721e-21
2838,12068.1630,1.8,0,18,39,P,12068.15961,101.5,3.018e-21
2839,12068.3274,1.6,0,18,48,R,12068.32655,25.4,2.616e-21
2840,12068.7026,1.7,0,18,38,P,12068.70179,24.4,2.108e-21
2841,12068.8653,1.5,0,18,47,R,12068.86527,1.0,3.604e-21
2843,12069.6396,0.9,0,17,173,P,12069.63523,131.1,5.076e-21
2844,12069.9045,1.6,0,18,45,R,12069.90534,-25.1,3.483e-21
2845,12070.2558,1.6,0,18,35,P,12070.25374,61.6,2.746e-21
2846,12070.4061,1.5,0,18,44,R,12070.40670,-18.0,2.444e-21
2847,12070.7486,1.5,0,18,34,P,12070.74621,71.6,1.912e-21
2848,12070.8970,1.2,0,18,43,R,12070.89562,41.5,3.359e-21
2849,12071.2280,2.1,0,18,33,P,12071.22625,52.4,2.606e-21
2850,12071.6859,1.3,0,17,181,R,12071.68076,154.1,4.680e-21
2851,12071.8362,2.2,0,18,41,R,12071.83611,2.6,3.231e-21
2852,12071.9107,0.9,0,17,172,P,12071.90760,92.8,3.664e-21
2853,12072.1497,2.1,0,18,31,P,12072.14906,19.1,2.462e-21
2854,12072.2893,0.9,0,18,40,R,12072.28769,48.2,2.261e-21
2855,12072.7280,1.6,0,18,39,R,12072.72683,35.0,3.100e-21
2856,12073.5693,1.4,0,18,37,R,12073.56779,45.3,2.966e-21
2857,12073.9501,2.1,0,17,180,R,12073.94736,82.2,3.382e-21
2858,12074.1702,1.2,0,17,171,P,12074.16690,99.0,5.184e-21
2859,12074.3607,1.9,0,18,35,R,12074.35899,51.2,2.828e-21
2860,12074.6178,2.0,0,18,25,P,12074.61936,-46.8,2.017e-21
2861,12075.1013,1.3,0,18,33,R,12075.10045,25.5,2.688e-21
2862,12075.7909,1.4,0,18,31,R,12075.79217,-38.0,2.545e-21
2863,12076.2018,1.3,0,17,179,R,12076.20077,30.8,4.789e-21
2865,12078.4424,1.1,0,17,178,R,12078.44101,41.8,3.459e-21
2866,12078.6465,0.9,0,17,169,P,12078.64626,7.3,5.291e-21
2867,12080.6700,1.0,0,17,177,R,12080.66807,57.9,4.898e-21
2868,12080.8662,1.0,0,17,168,P,12080.86634,-4.1,3.817e-21
2869,12082.8834,1.5,0,17,176,R,12082.88196,43.1,3.537e-21
2870,12083.0754,1.1,0,17,167,P,12083.07335,61.4,5.397e-21
2871,12083.5904,1.5,0,16,245,R,12083.58654,115.7,2.119e-21
2872,12085.0841,1.2,0,17,175,R,12085.08270,42.1,5.007e-21
2873,12085.2689,0.8,0,17,166,P,12085.26731,47.6,3.893e-21
2874,12087.2706,1.0,0,17,174,R,12087.27028,9.7,3.615e-21
2875,12087.4501,0.9,0,17,165,P,12087.44822,56.4,5.502e-21
2876,12089.4473,1.3,0,17,173,R,12089.44471,77.8,5.116e-21
2877,12089.6160,1.2,0,17,164,P,12089.61608,-2.5,3.968e-21
2878,12091.4531,1.6,0,16,234,P,12091.45298,3.5,1.870e-21
2879,12091.6058,1.1,0,17,172,R,12091.60599,-5.8,3.693e-21
2880,12091.7751,1.1,0,17,163,P,12091.77090,125.8,5.607e-21
2881,12093.7556,0.9,0,17,171,R,12093.75414,43.7,5.224e-21
2882,12093.9145,1.1,0,17,162,P,12093.91269,54.3,4.042e-21
2883,12094.6005,1.8,0,16,233,P,12094.59776,82.0,2.667e-21
2884,12095.8894,1.4,0,17,170,R,12095.88916,7.2,3.770e-21
2885,12096.0434,0.9,0,17,161,P,12096.04144,58.6,5.711e-21
2887,12098.0141,1.3,0,17,169,R,12098.01105,91.5,5.332e-21
2888,12098.1591,0.7,0,17,160,P,12098.15717,57.8,4.116e-21
2889,12100.1213,1.2,0,17,168,R,12100.11982,44.4,3.847e-21
2890,12100.2639,1.1,0,17,159,P,12100.25988,120.5,5.813e-21
2891,12100.8452,2.3,0,16,231,P,12100.84595,-22.5,2.767e-21
2892,12102.2168,1.1,0,17,167,R,12102.21548,39.7,5.440e-21
2893,12102.3516,1.0,0,17,158,P,12102.34957,60.8,4.188e-21
2894,12102.5274,1.6,0,16,239,R,12102.52306,130.0,2.384e-21
2895,12104.2989,1.2,0,17,166,R,12104.29802,26.3,3.924e-21
2897,12104.4289,1.3,0,17,157,P,12104.42625,79.4,5.914e-21
2898,12106.3701,1.1,0,17,165,R,12106.36746,79.0,5.547e-21
2899,12106.4902,1.0,0,17,156,P,12106.48992,8.3,4.260e-21
2900,12107.0402,1.4,0,16,229,P,12107.03903,35.1,2.869e-21
2901,12108.4230,1.3,0,17,164,R,12108.42381,-24.2,4.000e-21
2902,12108.5413,1.3,0,17,155,P,12108.54059,21.2,6.014e-21
2903,12108.7286,2.2,0,16,237,R,12108.72368,147.5,2.477e-21
2904,12110.4700,1.1,0,17,163,R,12110.46706,88.2,5.652e-21
2905,12110.5791,1.0,0,17,154,P,12110.57827,25.0,4.331e-21
2906,12112.4962,1.0,0,17,162,R,12112.49722,-30.6,4.075e-21
2907,12112.6054,0.8,0,17,153,P,12112.60295,73.6,6.112e-21
2908,12113.1776,1.9,0,16,227,P,12113.17707,15.8,2.974e-21
2909,12114.5145,1.1,0,17,161,R,12114.51430,5.9,5.757e-21
2910,12114.6145,1.0,0,17,152,P,12114.61464,-4.1,4.400e-21
2911,12114.8708,1.8,0,16,235,R,12114.86865,64.6,2.572e-21
2912,12116.5171,1.2,0,17,160,R,12116.51831,-36.2,4.150e-21
2913,12116.6152,0.9,0,17,151,P,12116.61335,55.6,6.208e-21
2914,12118.5119,0.9,0,17,159,R,12118.50924,79.8,5.861e-21
2915,12118.5978,1.2,0,17,150,P,12118.59908,-38.2,4.468e-21
2917,12120.4877,1.1,0,17,158,R,12120.48710,17.9,4.223e-21
2918,12120.5743,1.3,0,17,149,P,12120.57183,74.0,6.302e-21
2919,12120.9581,2.4,0,16,233,R,12120.95804,1.7,2.670e-21
2920,12122.4535,0.9,0,17,157,R,12122.45191,47.8,5.963e-21
2921,12122.5330,1.0,0,17,148,P,12122.53161,41.5,4.534e-21
2922,12124.4047,1.2,0,17,156,R,12124.40365,31.4,4.296e-21
2923,12124.4782,0.8,0,17,147,P,12124.47843,-7.0,6.394e-21
2924,12125.2909,2.0,0,16,223,P,12125.28833,77.1,3.190e-21
2925,12126.3438,0.9,0,17,155,R,12126.34235,43.5,6.064e-21
2926,12126.4133,0.9,0,17,146,P,12126.41229,30.2,4.599e-21
2927,12126.9942,3.5,0,16,231,R,12126.99195,67.5,2.771e-21
2929,12128.3350,0.8,0,17,145,P,12128.33319,54.2,6.484e-21
2930,12130.1817,0.9,0,17,153,R,12130.18061,32.7,6.164e-21
2931,12130.2416,0.9,0,17,144,P,12130.24114,13.8,4.663e-21
2932,12131.2623,1.3,0,16,221,P,12131.26167,18.7,3.302e-21
2933,12132.0814,1.1,0,17,152,R,12132.08018,36.5,4.438e-21
2934,12132.1378,1.0,0,17,143,P,12132.13614,49.8,6.571e-21
2935,12132.9694,1.9,0,16,229,R,12132.97043,-31.0,2.874e-21
2936,12133.9685,1.0,0,17,151,R,12133.96672,53.3,6.261e-21
2937,12134.0167,0.8,0,17,142,P,12134.01819,-44.8,4.724e-21
2938,12135.8388,1.1,0,17,150,R,12135.84024,-43.1,4.507e-21
2939,12135.8885,0.8,0,17,141,P,12135.88731,35.7,6.656e-21
2940,12135.9382,1.4,0,16,228,R,12135.93892,-21.5,2.090e-21
2941,12137.1802,1.5,0,16,219,P,12137.18026,-1.8,3.416e-21
2942,12137.7024,1.0,0,17,149,R,12137.70073,50.1,6.357e-21
2943,12137.7442,1.0,0,17,140,P,12137.74349,21.4,4.783e-21
2944,12138.1311,3.1,2,18,165,P,12138.12825,85.4,1.981e-21
2945,12138.8935,1.5,0,16,227,R,12138.89358,-2.3,2.979e-21
2947,12139.5511,1.4,0,17,148,R,12139.54820,86.8,4.574e-21
2948,12139.5884,1.0,0,17,139,P,12139.58673,49.9,6.737e-21
2949,12141.3843,1.1,0,17,147,R,12141.38267,48.9,6.450e-21
2950,12141.4176,1.2,0,17,138,P,12141.41705,16.4,4.841e-21
2951,12141.8324,2.4,0,16,226,R,12141.83441,-60.4,2.166e-21
2952,12143.0413,2.0,0,16,217,P,12143.04414,-85.2,3.532e-21
2953,12143.2345,1.7,0,17,137,P,12143.23445,1.5,6.816e-21
2954,12144.7658,1.7,0,16,225,R,12144.76144,130.6,3.086e-21
2956,12145.9555,1.6,0,16,216,P,12145.95559,-2.8,2.565e-21
2958,12146.9626,1.6,2,18,161,P,12146.96470,-63.0,2.049e-21
2959,12147.6738,1.5,0,16,224,R,12147.67468,-26.2,2.244e-21
2961,12148.8523,1.5,0,16,215,P,12148.85339,-32.8,3.650e-21
2963,12150.5771,2.5,0,16,223,R,12150.57411,89.5,3.196e-21
2964,12151.7384,1.3,0,16,214,P,12151.73755,25.4,2.650e-21
2967,12153.8653,0.7,0,17,131,P,12153.86764,-70.2,7.033e-21
2968,12154.6081,1.2,0,16,213,P,12154.60807,0.8,3.771e-21
2970,12156.3313,1.8,0,16,221,R,12156.33166,-10.7,3.308e-21
2972,12157.4654,1.2,0,16,212,P,12157.46497,12.9,2.737e-21
2974,12159.1899,1.4,0,16,220,R,12159.18977,3.7,2.404e-21
2975,12160.3090,1.3,0,16,211,P,12160.30825,22.6,3.894e-21
2977,12162.0366,1.5,0,16,219,R,12162.03414,73.8,3.423e-21
2979,12163.1426,2.0,0,16,210,P,12163.13791,140.6,2.825e-21
2980,12163.9920,1.4,2,18,153,P,12163.99257,-17.2,2.177e-21
2984,12165.9559,1.5,0,16,209,P,12165.95397,57.9,4.018e-21
2986,12167.6818,1.9,0,16,217,R,12167.68163,5.1,3.540e-21
2987,12168.7553,1.6,0,16,208,P,12168.75643,-34.0,2.915e-21
2990,12170.4862,1.3,0,16,216,R,12170.48478,42.7,2.571e-21
2992,12171.5461,1.2,0,16,207,P,12171.54531,23.7,4.145e-21
2993,12172.1828,1.3,0,17,129,R,12172.18311,-9.2,7.166e-21
2994,12173.2763,0.9,0,16,215,R,12173.27420,63.0,3.659e-21
2996,12174.3211,1.1,0,16,206,P,12174.32060,14.9,3.006e-21
2997,12175.3174,2.9,0,17,118,P,12175.31452,86.4,5.274e-21
2998,12175.3472,1.2,0,17,127,R,12175.34635,25.6,7.229e-21
2999,12176.0494,2.0,0,16,214,R,12176.04991,-15.2,2.656e-21
3000,12176.8757,1.6,0,17,117,P,12176.87423,44.2,7.403e-21
3001,12176.9059,2.7,0,17,126,R,12176.90858,-80.4,5.185e-21
3002,12177.0821,1.7,0,16,205,P,12177.08232,-6.6,4.273e-21
3003,12178.4233,1.5,0,17,116,P,12178.42109,66.3,5.301e-21
3004,12178.4589,1.1,0,17,125,R,12178.45790,30.0,7.288e-21
3005,12178.8139,1.6,0,16,213,R,12178.81191,59.6,3.780e-21
3007,12179.8289,1.9,0,16,204,P,12179.83047,-47.1,3.099e-21
3008,12179.9559,0.9,0,17,115,P,12179.95510,23.9,7.439e-21
3009,12179.9934,1.3,0,17,124,R,12179.99430,-27.1,5.226e-21
3010,12181.4778,1.5,0,17,114,P,12181.47628,45.6,5.324e-21
3011,12181.5184,1.1,0,17,123,R,12181.51780,18.0,7.343e-21
3012,12181.5618,1.3,0,16,212,R,12181.56022,47.4,2.744e-21
3013,12182.5650,1.2,0,16,203,P,12182.56506,-1.9,4.403e-21
3014,12182.9862,1.0,0,17,113,P,12182.98461,47.5,7.469e-21
3015,12183.0267,1.0,0,17,122,R,12183.02839,-50.6,5.263e-21
3016,12184.2961,1.6,0,16,211,R,12184.29483,37.9,3.903e-21
3017,12184.4805,1.1,0,17,112,P,12184.48012,11.5,5.344e-21
3018,12184.5267,1.0,0,17,121,R,12184.52607,18.7,7.393e-21
3020,12185.9631,1.0,0,17,111,P,12185.96279,9.4,7.494e-21
3021,12186.0106,0.8,0,17,120,R,12186.01086,-7.9,5.297e-21
3022,12187.0161,1.6,0,16,210,R,12187.01577,9.9,2.833e-21
3023,12187.4333,1.0,0,17,110,P,12187.43263,20.1,5.360e-21
3024,12187.4842,0.8,0,17,119,R,12187.48276,43.2,7.439e-21
3025,12187.9945,1.3,0,16,201,P,12187.99360,27.1,4.535e-21
3027,12188.8910,0.8,0,17,109,P,12188.88964,40.6,7.514e-21
3028,12188.9419,0.9,0,17,118,R,12188.94176,4.2,5.328e-21
3029,12189.1268,2.0,2,18,149,R,12189.12387,87.8,2.269e-21
3030,12189.7241,1.2,0,16,209,R,12189.72303,32.0,4.029e-21
3031,12190.3349,1.2,0,17,108,P,12190.33384,31.8,5.373e-21
3032,12190.3883,1.2,0,17,117,R,12190.38788,12.7,7.480e-21
3033,12190.6882,1.0,0,16,200,P,12190.68755,19.4,3.287e-21
3034,12191.7666,1.0,0,17,107,P,12191.76521,41.6,7.528e-21
3035,12191.8190,1.1,0,17,116,R,12191.82111,-63.2,5.356e-21
3036,12192.4159,1.3,0,16,208,R,12192.41663,-21.8,2.923e-21
3037,12193.1835,0.9,0,17,106,P,12193.18377,-8.1,5.381e-21
3038,12193.2416,1.2,0,17,115,R,12193.24146,4.2,7.516e-21
3039,12193.3692,1.4,0,16,199,P,12193.36798,36.7,4.669e-21
3040,12194.5905,1.3,0,17,105,P,12194.58951,29.6,7.538e-21
3041,12194.6482,1.1,0,17,114,R,12194.64893,-22.0,5.380e-21
3042,12195.0979,1.0,0,16,207,R,12195.09657,39.9,4.156e-21
3043,12195.9831,0.9,0,17,104,P,12195.98244,19.7,5.386e-21
3044,12196.0411,1.0,0,17,113,R,12196.04354,-73.0,7.548e-21
3045,12197.3622,1.0,0,17,103,P,12197.36257,-11.0,7.541e-21
3046,12197.4241,0.9,0,17,112,R,12197.42527,-35.0,5.401e-21
3047,12197.7624,1.2,0,16,206,R,12197.76286,-13.7,3.015e-21
3048,12198.6893,1.0,0,16,197,P,12198.68826,31.2,4.804e-21
3049,12198.7306,0.9,0,17,102,P,12198.72989,21.4,5.386e-21
3050,12198.7941,1.1,0,17,111,R,12198.79413,-1.0,7.574e-21
3051,12200.0876,0.8,0,17,101,P,12200.08440,95.8,7.539e-21
3052,12200.1523,0.9,0,17,110,R,12200.15014,64.8,5.418e-21
3053,12200.4154,1.3,0,16,205,R,12200.41550,-3.1,4.285e-21
3054,12201.3305,0.9,0,16,196,P,12201.32813,71.0,3.480e-21
3055,12201.4264,0.7,0,17,100,P,12201.42612,8.4,5.383e-21
3056,12201.4938,0.7,0,17,109,R,12201.49328,15.6,7.596e-21
3057,12202.7582,1.0,0,17,99,P,12202.75504,94.7,7.531e-21
3058,12202.8214,0.8,0,17,108,R,12202.82357,-65.0,5.432e-21
3059,12203.0547,1.1,0,16,204,R,12203.05452,5.5,3.108e-21
3061,12204.0710,1.0,0,17,98,P,12204.07117,-5.0,5.375e-21
3062,12204.1410,0.9,0,17,107,R,12204.14100,-0.1,7.611e-21
3063,12205.3754,0.8,0,17,97,P,12205.37450,27.0,7.517e-21
3064,12205.4447,0.9,0,17,106,R,12205.44559,-26.6,5.441e-21
3065,12205.6797,1.6,0,16,203,R,12205.67990,-6.1,4.416e-21
3066,12206.5694,0.8,0,16,194,P,12206.56737,60.9,3.578e-21
3067,12206.6652,0.7,0,17,96,P,12206.66505,4.6,5.363e-21
3068,12206.7370,1.2,0,17,105,R,12206.73733,-9.8,7.622e-21
3069,12207.9450,1.0,0,17,95,P,12207.94280,65.8,7.498e-21
3070,12208.0164,0.9,0,17,104,R,12208.01622,5.3,5.446e-21
3071,12208.2922,1.4,0,16,202,R,12208.29167,15.9,3.202e-21
3072,12209.1672,1.0,0,16,193,P,12209.16675,13.6,5.079e-21
3073,12209.2068,1.0,0,17,94,P,12209.20778,-29.3,5.347e-21
3074,12209.2840,1.0,0,17,103,R,12209.28228,51.6,7.627e-21
3076,12210.4603,0.9,0,17,93,P,12210.45997,9.8,7.472e-21
3077,12210.5362,0.8,0,17,102,R,12210.53550,21.1,5.448e-21
3078,12210.8898,1.3,0,16,201,R,12210.88983,-0.8,4.549e-21
3079,12211.0832,1.8,2,18,137,R,12211.08269,15.2,2.430e-21
3080,12211.6985,0.9,0,17,92,P,12211.69939,-26.6,5.326e-21
3081,12211.7743,2.1,0,17,101,R,12211.77588,-47.4,7.626e-21
3082,12212.8256,1.4,2,18,136,R,12212.82560,-0.1,1.744e-21
3083,12212.9276,0.9,0,17,91,P,12212.92602,47.2,7.440e-21
3084,12213.0038,0.9,0,17,100,R,12213.00344,10.9,5.445e-21
3085,12213.4742,1.8,0,16,200,R,12213.47438,-5.4,3.297e-21
3086,12214.1413,1.0,0,17,90,P,12214.13989,42.3,5.301e-21
3087,12214.2194,0.8,0,17,99,R,12214.21816,37.1,7.619e-21
3088,12214.3255,1.2,0,16,191,P,12214.32506,13.2,5.218e-21
3090,12215.3426,0.9,0,17,89,P,12215.34098,48.5,7.402e-21
3091,12215.4203,1.0,0,17,98,R,12215.42006,7.1,5.438e-21
3092,12216.0457,1.1,0,16,199,R,12216.04533,11.0,4.684e-21
3093,12216.5284,1.0,0,17,88,P,12216.52930,-27.1,5.272e-21
3094,12216.6092,1.1,0,17,97,R,12216.60914,1.7,7.607e-21
3095,12216.8818,2.0,0,16,190,P,12216.88401,-66.2,3.777e-21
3096,12217.7042,1.0,0,17,87,P,12217.70486,-19.8,7.357e-21
3097,12217.7875,1.1,0,17,96,R,12217.78541,62.8,5.427e-21
3098,12218.6025,1.3,0,16,198,R,12218.60270,-6.0,3.394e-21
3099,12218.8684,0.9,0,17,86,P,12218.86765,22.4,5.237e-21
3100,12218.9486,1.1,0,17,95,R,12218.94885,-7.5,7.588e-21
3101,12219.4314,1.3,0,16,189,P,12219.42949,57.2,5.359e-21
3102,12220.0205,0.9,0,17,85,P,12220.01768,84.4,7.306e-21
3103,12220.0985,0.9,0,17,94,R,12220.09948,-29.5,5.412e-21
3104,12220.2279,1.5,2,18,123,P,12220.22980,-57.0,2.522e-21
3105,12221.1522,0.8,0,17,84,P,12221.15495,-82.6,5.199e-21
3106,12221.2389,0.9,0,17,93,R,12221.23731,47.8,7.564e-21
3107,12221.9615,0.9,0,16,188,P,12221.96152,-0.5,3.878e-21
3108,12222.2807,0.9,0,17,83,P,12222.27947,37.0,7.249e-21
3109,12222.3629,1.0,0,17,92,R,12222.36232,17.3,5.392e-21
3110,12223.3907,0.9,0,17,82,P,12223.39122,-15.7,5.156e-21
3111,12223.4761,1.0,0,17,91,R,12223.47453,47.0,7.533e-21
3112,12223.5563,1.9,2,18,121,P,12223.55337,87.9,2.534e-21
3113,12223.6773,1.3,0,16,196,R,12223.67669,18.2,3.492e-21
3114,12224.4870,0.9,0,17,81,P,12224.49023,-96.7,7.185e-21
3115,12224.5735,0.8,0,17,90,R,12224.57394,-13.2,5.368e-21
3116,12225.5773,1.0,0,17,80,P,12225.57648,24.6,5.108e-21
3117,12225.6619,0.9,0,17,89,R,12225.66055,40.4,7.496e-21
3118,12226.1929,1.6,0,16,195,R,12226.19335,-13.6,4.958e-21
3119,12226.6510,1.0,0,17,79,P,12226.64998,30.5,7.115e-21
3120,12226.7341,0.8,0,17,88,R,12226.73437,-8.0,5.339e-21
3121,12226.9848,1.1,0,16,186,P,12226.98523,-12.8,3.979e-21
3122,12227.7100,1.0,0,17,78,P,12227.71074,-22.1,5.055e-21
3123,12227.7955,0.9,0,17,87,R,12227.79539,3.4,7.452e-21
3124,12228.5148,1.6,0,15,249,P,12228.51143,101.1,2.178e-21
3125,12228.6972,1.5,0,16,194,R,12228.69643,23.0,3.591e-21
3126,12228.7606,1.3,0,17,77,P,12228.75875,55.5,7.038e-21
3127,12228.8427,0.9,0,17,86,R,12228.84361,-27.4,5.306e-21
3128,12229.4778,1.0,0,16,185,P,12229.47692,26.4,5.642e-21
3130,12229.7948,0.8,0,17,76,P,12229.79402,23.4,4.998e-21
3131,12229.8810,1.0,0,17,85,R,12229.87906,58.3,7.403e-21
3132,12230.8172,0.9,0,17,75,P,12230.81655,19.6,6.955e-21
3133,12230.9024,0.9,0,17,84,R,12230.90171,20.7,5.268e-21
3135,12231.1867,1.2,0,16,193,R,12231.18596,22.3,5.097e-21
3136,12231.8260,1.0,0,17,74,P,12231.82633,-10.0,4.937e-21
3137,12231.9153,1.6,0,17,83,R,12231.91158,111.5,7.346e-21
3138,12231.9532,1.1,0,16,184,P,12231.95518,-59.4,4.081e-21
3139,12232.8256,1.0,0,17,73,P,12232.82338,66.4,6.866e-21
3140,12232.9093,1.0,0,17,82,R,12232.90867,18.8,5.226e-21
3141,12233.2055,1.8,2,18,115,P,12233.20618,-20.5,2.563e-21
3142,12233.6632,0.9,0,16,192,R,12233.66194,37.9,3.691e-21
3143,12233.8090,1.1,0,17,72,P,12233.80770,39.0,4.870e-21
3144,12233.8933,1.1,0,17,81,R,12233.89298,9.5,7.284e-21
3145,12234.4205,1.2,0,16,183,P,12234.42002,14.5,5.785e-21
3146,12234.7778,1.3,0,17,71,P,12234.77928,-44.4,6.769e-21
3147,12234.8669,1.0,0,17,80,R,12234.86452,71.3,5.179e-21
3148,12235.7392,1.0,0,17,70,P,12235.73813,32.0,4.799e-21
3149,12235.8237,0.7,0,17,79,R,12235.82328,12.5,7.215e-21
3150,12236.1268,1.5,0,16,191,R,12236.12438,72.6,5.237e-21
3151,12236.3970,1.5,0,15,255,R,12236.39479,66.2,1.905e-21
3152,12236.6842,1.0,0,17,69,P,12236.68425,-1.6,6.667e-21
3153,12236.7706,1.0,0,17,78,R,12236.76927,39.7,5.127e-21
3154,12236.8725,1.0,0,16,182,P,12236.87143,32.0,4.183e-21
3155,12237.6175,1.4,0,17,68,P,12237.61765,-4.4,4.724e-21
3156,12237.7026,1.1,0,17,77,R,12237.70250,3.1,7.139e-21
3157,12238.5415,2.2,0,17,67,P,12238.53831,95.5,6.558e-21
3158,12238.6222,0.8,0,17,76,R,12238.62295,-22.6,5.071e-21
3159,12239.3119,1.4,0,16,181,P,12239.30943,73.9,5.929e-21
3160,12239.4436,1.2,0,17,66,P,12239.44626,-79.6,4.643e-21
3161,12239.5305,1.0,0,17,75,R,12239.53065,-4.4,7.057e-21
3162,12240.3416,1.0,0,17,65,P,12240.34148,3.7,6.442e-21
3163,12240.4232,0.9,0,17,74,R,12240.42558,-71.2,5.010e-21
3164,12241.0091,1.5,0,16,189,R,12241.00867,12.9,5.379e-21
3165,12241.2234,1.2,0,17,64,P,12241.22397,-17.2,4.559e-21
3166,12241.3085,1.2,0,17,73,R,12241.30775,22.6,6.968e-21
3167,12241.7347,1.0,0,16,180,P,12241.73403,20.1,4.286e-21
3168,12242.0968,0.8,0,17,63,P,12242.09375,91.3,6.321e-21
3169,12242.1750,0.9,0,17,72,R,12242.17716,-64.8,4.944e-21
3170,12242.9479,1.2,0,17,62,P,12242.95082,-87.4,4.470e-21
3171,12243.0330,1.0,0,17,71,R,12243.03382,-24.5,6.873e-21
3173,12243.7953,1.4,0,17,61,P,12243.79516,4.2,6.193e-21
3174,12243.8769,0.9,0,17,70,R,12243.87772,-24.7,4.874e-21
3175,12244.1457,1.2,0,16,179,P,12244.14522,14.3,6.073e-21
3176,12244.6284,1.2,0,17,60,P,12244.62679,48.3,4.376e-21
3177,12244.7094,1.0,0,17,69,R,12244.70888,15.7,6.771e-21
3178,12245.4481,1.5,0,17,59,P,12245.44559,75.3,6.058e-21
3179,12245.5273,1.1,0,17,68,R,12245.52728,0.6,4.799e-21
3180,12245.8396,1.3,0,16,187,R,12245.83889,21.4,5.521e-21
3181,12246.2522,1.3,0,17,58,P,12246.25181,11.7,4.278e-21
3182,12246.3356,0.9,0,17,67,R,12246.33294,79.8,6.663e-21
3183,12246.5440,1.0,0,16,178,P,12246.54302,29.4,4.389e-21
3184,12247.0473,1.4,0,17,57,P,12247.04532,59.5,5.918e-21
3185,12247.1261,1.1,0,17,66,R,12247.12585,7.4,4.719e-21
3186,12247.8244,1.6,0,17,56,P,12247.82611,-51.4,4.175e-21
3187,12247.9074,1.1,0,17,65,R,12247.90602,41.3,6.549e-21
3189,12248.5958,1.0,0,17,55,P,12248.59420,47.9,5.772e-21
3190,12248.6740,1.1,0,17,64,R,12248.67345,16.4,4.635e-21
3191,12248.9285,1.2,0,16,177,P,12248.92743,32.2,6.217e-21
3192,12249.2395,2.2,2,18,113,R,12249.23500,134.9,2.611e-21
3193,12249.3497,1.2,0,17,54,P,12249.34959,3.4,4.069e-21
3194,12249.4277,1.3,0,17,63,R,12249.42814,-13.3,6.428e-21
3195,12250.0933,0.9,0,17,53,P,12250.09226,31.1,5.619e-21
3196,12250.1688,1.3,0,17,62,R,12250.17010,-38.9,4.547e-21
3197,12250.6148,1.5,0,16,185,R,12250.61508,-8.5,5.664e-21
3198,12250.8235,1.0,0,17,52,P,12250.82223,38.0,3.958e-21
3199,12250.8986,1.2,0,17,61,R,12250.89931,-21.4,6.301e-21
3200,12251.2995,0.8,0,16,176,P,12251.29845,31.5,4.492e-21
3201,12251.5388,1.0,0,17,51,P,12251.53950,-21.0,5.461e-21
3202,12251.6144,1.1,0,17,60,R,12251.61580,-42.0,4.453e-21
3203,12252.2437,0.9,0,17,50,P,12252.24407,-11.1,3.843e-21
3204,12252.3198,1.2,0,17,59,R,12252.31945,10.6,6.167e-21
3205,12252.9366,1.5,0,17,49,P,12252.93594,19.9,5.297e-21
3208,12253.6599,1.3,0,16,175,P,12253.65610,114.0,6.361e-21
3209,12253.6897,1.1,0,17,57,R,12253.68879,27.2,6.028e-21
3210,12254.2839,2.0,0,17,47,P,12254.28157,69.8,5.128e-21
3211,12254.3533,0.9,0,17,56,R,12254.35438,-32.3,4.254e-21
3212,12254.9337,1.3,0,17,46,P,12254.93535,-49.3,3.601e-21
3213,12255.0093,1.4,0,17,55,R,12255.00723,62.0,5.882e-21
3214,12255.3394,1.0,0,16,183,R,12255.33732,62.5,5.809e-21
3215,12255.5772,1.3,0,17,45,P,12255.57642,23.3,4.953e-21
3216,12255.6463,1.3,0,17,54,R,12255.64736,-31.9,4.148e-21
3217,12255.9997,1.5,0,16,174,P,12256.00037,-20.1,4.595e-21
3219,12256.2769,1.0,0,17,53,R,12256.27477,63.8,5.731e-21
3220,12256.8215,0.8,0,17,43,P,12256.82049,30.2,4.773e-21
3221,12256.8917,1.1,0,17,52,R,12256.88946,67.1,4.038e-21
3222,12257.4921,1.3,0,17,51,R,12257.49143,20.0,5.573e-21
3223,12257.6779,1.1,0,16,182,R,12257.67821,-9.3,4.201e-21
3224,12258.0158,1.2,0,17,41,P,12258.01380,60.0,4.587e-21
3225,12258.0820,1.4,0,17,50,R,12258.08069,39.4,3.923e-21
3226,12258.3325,0.8,0,16,173,P,12258.33128,36.7,6.506e-21
3227,12258.5904,1.6,0,17,40,P,12258.59141,-30.4,3.209e-21
3228,12258.6560,1.0,0,17,49,R,12258.65722,-36.7,5.410e-21
3229,12259.1603,2.0,0,17,39,P,12259.15634,118.7,4.397e-21
3230,12259.2188,1.4,0,17,48,R,12259.22105,-67.4,3.804e-21
3231,12259.7068,1.4,0,17,38,P,12259.70858,-53.3,3.071e-21
3232,12259.7758,1.3,0,17,47,R,12259.77216,109.2,5.241e-21
3233,12260.0052,1.7,0,16,181,R,12260.00563,-13.0,5.953e-21
3235,12260.3093,1.3,0,17,46,R,12260.31056,-37.7,3.682e-21
3237,12260.7758,0.9,0,17,36,P,12260.77499,24.2,2.930e-21
3238,12260.8383,1.6,0,17,45,R,12260.83625,61.5,5.067e-21
3239,12261.2903,1.8,0,17,35,P,12261.28917,33.8,4.002e-21
3240,12261.3483,1.4,0,17,44,R,12261.34923,-27.9,3.555e-21
3241,12261.8499,2.0,0,17,43,R,12261.84951,11.8,4.887e-21
3242,12262.2832,2.7,0,17,33,P,12262.27948,111.6,3.798e-21
3244,12262.8120,1.4,0,17,41,R,12262.81194,1.7,4.703e-21
3245,12262.9548,1.0,0,16,171,P,12262.95301,53.6,6.650e-21
3246,12263.1885,4.6,0,15,247,R,12263.18610,71.8,2.263e-21
3247,12263.2721,2.7,0,17,40,R,12263.27411,-60.1,3.292e-21
3248,12263.7231,1.9,0,17,39,R,12263.72357,-14.1,4.513e-21
3249,12264.1120,2.7,0,17,29,P,12264.10790,123.0,3.378e-21
3250,12264.1611,1.1,0,17,38,R,12264.16033,23.1,3.154e-21
3252,12264.6221,0.9,0,16,179,R,12264.62009,60.4,6.099e-21
3253,12264.9442,2.3,0,17,27,P,12264.94602,-54.7,3.162e-21
3254,12264.9978,1.6,0,17,36,R,12264.99576,61.2,3.014e-21
3255,12265.2453,1.1,0,16,170,P,12265.24385,43.4,4.801e-21
3257,12265.7349,2.3,0,17,25,P,12265.73344,43.9,2.942e-21
3259,12266.1547,1.4,0,17,33,R,12266.15368,30.5,3.916e-21
3261,12266.5173,1.7,0,17,32,R,12266.51427,90.8,2.723e-21
3262,12266.9066,1.0,0,16,178,R,12266.90713,-15.9,4.408e-21
3263,12267.0665,1.7,2,18,91,P,12267.06339,93.2,2.516e-21
3265,12267.9578,2.2,2,18,99,R,12267.96056,-82.6,2.605e-21
3266,12268.6042,2.1,0,15,237,P,12268.60066,106.2,2.784e-21
3267,12269.1864,1.1,0,17,23,R,12269.18853,-63.9,2.839e-21
3268,12269.5399,1.9,2,18,89,P,12269.54241,-75.1,2.499e-21
3269,12269.7862,1.0,0,16,168,P,12269.78551,20.8,4.904e-21
3271,12271.4443,0.9,0,16,176,R,12271.44089,102.4,4.512e-21
3272,12272.0376,1.4,0,16,167,P,12272.03633,38.0,6.937e-21
3273,12273.6873,1.9,0,16,175,R,12273.68761,-9.2,6.390e-21
3274,12274.2761,1.2,0,16,166,P,12274.27383,68.1,5.006e-21
3275,12275.0864,1.2,0,15,235,P,12275.08408,69.5,2.895e-21
3277,12275.9204,1.2,0,16,174,R,12275.92090,-15.1,4.616e-21
3278,12276.2421,1.9,0,15,243,R,12276.23813,119.1,2.459e-21
3279,12276.4991,1.3,0,16,165,P,12276.49800,32.9,7.079e-21
3280,12277.4999,1.9,2,18,91,R,12277.49835,46.4,2.560e-21
3281,12278.1416,1.2,0,16,173,R,12278.14077,24.8,6.536e-21
3283,12278.7096,1.0,0,16,164,P,12278.70886,22.2,5.107e-21
3284,12280.3478,1.1,0,16,172,R,12280.34723,17.1,4.720e-21
3286,12280.9069,1.0,0,16,163,P,12280.90640,14.9,7.220e-21
3288,12281.9507,1.8,2,18,87,R,12281.95091,-6.4,2.525e-21
3289,12282.5404,1.0,0,16,171,R,12282.54028,3.7,6.681e-21
3290,12283.0893,1.2,0,16,162,P,12283.09064,-40.2,5.208e-21
3291,12283.3144,1.8,2,18,77,P,12283.31332,32.4,2.358e-21
3292,12284.7178,1.2,0,16,170,R,12284.71992,-63.5,4.824e-21
3293,12285.2622,0.8,0,16,161,P,12285.26158,18.6,7.360e-21
3294,12286.8878,0.9,0,16,169,R,12286.88616,49.1,6.826e-21
3295,12287.4175,1.0,0,16,160,P,12287.41922,-51.5,5.307e-21
3298,12289.0415,1.2,0,16,168,R,12289.03901,74.6,4.928e-21
3299,12289.5648,0.9,0,16,159,P,12289.56357,37.0,7.499e-21
3300,12291.1820,1.0,0,16,167,R,12291.17848,105.7,6.971e-21
3301,12291.6938,0.9,0,16,158,P,12291.69463,-24.8,5.406e-21
3303,12293.3062,1.2,0,16,166,R,12293.30456,49.2,5.031e-21
3304,12293.8129,1.3,0,16,157,P,12293.81241,14.7,7.637e-21
3305,12294.2003,1.7,0,15,229,P,12294.19628,120.5,3.247e-21
3306,12295.4139,1.5,0,16,165,R,12295.41727,-100.9,7.115e-21
3307,12295.9193,0.9,0,16,156,P,12295.91691,71.6,5.503e-21
3308,12297.5158,1.1,0,16,164,R,12297.51660,-24.1,5.133e-21
3309,12298.0112,1.0,0,16,155,P,12298.00814,91.6,7.772e-21
3311,12299.6013,1.2,0,16,163,R,12299.60258,-38.3,7.258e-21
3312,12300.0848,0.8,0,16,154,P,12300.08611,-39.3,5.599e-21
3314,12301.6723,1.1,0,16,162,R,12301.67519,-86.7,5.235e-21
3315,12302.1514,0.9,0,16,153,P,12302.15081,17.6,7.906e-21
3316,12303.7350,1.0,0,16,161,R,12303.73446,16.3,7.400e-21
3317,12304.1995,1.0,0,16,152,P,12304.20226,-82.8,5.694e-21
3319,12305.7806,0.8,0,16,160,R,12305.78037,6.9,5.336e-21
3320,12306.2421,1.0,0,16,151,P,12306.24046,49.3,8.037e-21
3322,12307.8136,1.2,0,16,159,R,12307.81294,19.7,7.540e-21
3323,12308.2669,1.1,0,16,150,P,12308.26540,44.9,5.787e-21
3324,12309.8330,0.9,0,16,158,R,12309.83218,24.6,5.435e-21
3325,12310.2776,1.0,0,16,149,P,12310.27711,14.8,8.166e-21
3326,12311.8395,1.0,0,16,157,R,12311.83808,42.4,7.679e-21
3327,12312.2754,0.9,0,16,148,P,12312.27557,-5.2,5.878e-21
3328,12312.8012,1.4,0,15,223,P,12312.80291,-51.3,3.625e-21
3329,12313.8307,0.8,0,16,156,R,12313.83066,1.1,5.534e-21
3331,12314.2609,1.1,0,16,147,P,12314.26080,2.9,8.292e-21
3332,12315.8097,0.9,0,16,155,R,12315.80992,-6.6,7.816e-21
3333,12316.2346,0.8,0,16,146,P,12316.23281,53.7,5.967e-21
3334,12317.0868,1.8,0,15,230,R,12317.08482,59.5,2.270e-21
3335,12317.7739,1.4,0,16,154,R,12317.77586,-58.9,5.631e-21
3336,12318.1906,1.5,0,16,145,P,12318.19159,-29.6,8.415e-21
3338,12318.8913,3.6,0,15,221,P,12318.89311,-54.2,3.757e-21
3339,12319.7275,1.1,0,16,153,R,12319.72850,-29.9,7.951e-21
3340,12320.1319,1.1,0,15,229,R,12320.12768,126.4,3.238e-21
3341,12321.6680,0.9,0,16,152,R,12321.66782,5.3,5.727e-21
3342,12322.0726,1.6,0,16,143,P,12322.06949,93.4,8.535e-21
3343,12323.5969,0.9,0,16,151,R,12323.59385,91.4,8.084e-21
3344,12323.9873,0.8,0,16,142,P,12323.98862,-39.5,6.139e-21
3345,12324.9281,2.2,0,15,219,P,12324.92741,20.6,3.891e-21
3346,12325.5066,0.9,0,16,150,R,12325.50658,0.5,5.821e-21
3347,12325.8958,0.9,0,16,141,P,12325.89454,37.8,8.652e-21
3348,12326.1739,1.1,0,15,227,R,12326.17107,84.8,3.361e-21
3349,12327.4072,1.3,0,16,149,R,12327.40603,35.2,8.215e-21
3350,12327.7897,1.1,0,16,140,P,12327.78726,73.1,6.221e-21
3351,12327.9218,1.3,0,15,218,P,12327.92362,-54.7,2.828e-21
3352,12328.0341,2.7,2,17,164,P,12328.03173,70.9,1.824e-21
3353,12329.2905,0.9,0,16,148,R,12329.29218,-50.4,5.914e-21
3354,12329.6655,1.2,0,16,139,P,12329.66678,-38.5,8.765e-21
3355,12330.9067,1.5,0,15,217,P,12330.90589,24.3,4.029e-21
3356,12331.1654,1.1,0,16,147,R,12331.16506,10.2,8.343e-21
3357,12331.5341,1.1,0,16,138,P,12331.53311,29.6,6.300e-21
3358,12332.1605,1.3,0,15,225,R,12332.15805,73.4,3.488e-21
3359,12333.0232,1.2,0,16,146,R,12333.02466,-43.8,6.004e-21
3360,12333.3865,1.1,0,16,137,P,12333.38625,7.5,8.875e-21
3361,12333.8745,1.9,0,15,216,P,12333.87422,8.5,2.928e-21
3362,12334.8717,1.0,0,16,145,R,12334.87099,21.3,8.468e-21
3363,12335.2259,0.9,0,16,136,P,12335.22620,-9.0,6.377e-21
3364,12336.7053,0.9,0,16,144,R,12336.70406,37.3,6.092e-21
3365,12336.8283,1.3,0,15,215,P,12336.82861,-9.4,4.169e-21
3366,12337.0534,1.0,0,16,135,P,12337.05297,12.8,8.980e-21
3367,12338.0906,1.9,0,15,223,R,12338.08870,57.0,3.617e-21
3368,12338.5245,0.8,0,16,143,R,12338.52386,19.2,8.590e-21
3369,12338.8678,0.8,0,16,134,P,12338.86656,37.1,6.451e-21
3370,12339.7676,1.9,0,15,214,P,12339.76909,-44.5,3.029e-21
3371,12340.3314,1.1,0,16,142,R,12340.33041,29.7,6.178e-21
3372,12340.6682,1.0,0,16,133,P,12340.66698,36.5,9.081e-21
3373,12342.1271,1.0,0,16,141,R,12342.12371,101.8,8.708e-21
3374,12342.4544,0.8,0,16,132,P,12342.45423,5.0,6.521e-21
3375,12342.6965,1.9,0,15,213,P,12342.69564,25.7,4.312e-21
3376,12343.5591,1.6,2,17,157,P,12343.55651,77.6,2.743e-21
3377,12343.9044,1.0,0,16,140,R,12343.90376,19.3,6.262e-21
3378,12343.9621,1.2,0,15,221,R,12343.96309,-29.6,3.749e-21
3379,12344.2302,1.2,0,16,131,P,12344.22831,56.5,9.177e-21
3380,12345.6728,1.0,0,16,139,R,12345.67056,67.1,8.823e-21
3381,12345.9893,1.0,0,16,130,P,12345.98924,1.9,6.589e-21
3383,12347.4232,0.8,0,16,138,R,12347.42413,-28.0,6.343e-21
3384,12347.7387,0.9,0,16,129,P,12347.73700,51.0,9.269e-21
3385,12348.5075,1.6,0,15,211,P,12348.50705,13.6,4.458e-21
3386,12349.1657,1.1,0,16,137,R,12349.16447,36.9,8.935e-21
3387,12349.4713,1.0,0,16,128,P,12349.47161,-9.2,6.652e-21
3388,12349.7843,1.5,0,15,219,R,12349.78129,90.2,3.884e-21
3389,12350.8948,1.2,0,16,136,R,12350.89158,96.6,6.421e-21
3390,12351.1945,1.0,0,16,127,P,12351.19307,43.0,9.356e-21
3391,12351.3934,1.3,0,15,210,P,12351.39191,44.7,3.237e-21
3392,12352.6059,1.0,0,16,135,R,12352.60546,13.1,9.042e-21
3393,12352.6697,1.6,0,15,218,R,12352.66934,10.7,2.823e-21
3394,12352.9025,1.0,0,16,126,P,12352.90138,33.6,6.712e-21
3395,12354.2617,2.1,0,15,209,P,12354.26289,-35.5,4.606e-21
3396,12354.3066,0.8,0,16,134,R,12354.30613,14.2,6.496e-21
3397,12354.5984,1.0,0,16,125,P,12354.59655,55.5,9.438e-21
3398,12355.9942,1.2,0,16,133,R,12355.99357,18.8,9.145e-21
3399,12356.2788,0.8,0,16,124,P,12356.27858,6.6,6.769e-21
3400,12357.1204,1.6,0,15,208,P,12357.11999,12.3,3.344e-21
3401,12357.6676,0.9,0,16,132,R,12357.66781,-6.4,6.568e-21
3402,12357.9489,0.9,0,16,123,P,12357.94747,42.7,9.514e-21
3403,12358.4048,1.1,0,15,216,R,12358.40340,42.0,2.923e-21
3404,12359.3279,1.1,0,16,131,R,12359.32884,-28.3,9.243e-21
3405,12359.6024,0.8,0,16,122,P,12359.60324,-25.1,6.821e-21
3406,12359.9623,1.4,0,15,207,P,12359.96322,-27.7,4.757e-21
3407,12360.9778,1.3,0,16,130,R,12360.97667,33.9,6.636e-21
3409,12362.6122,1.1,0,16,129,R,12362.61130,27.0,9.337e-21
3410,12362.8758,0.8,0,16,120,P,12362.87538,12.5,6.870e-21
3411,12363.4319,1.8,2,17,156,R,12363.43391,-60.1,1.978e-21
3412,12364.0814,1.6,0,15,214,R,12364.08144,-1.3,3.024e-21
3413,12364.2339,0.8,0,16,128,R,12364.23274,34.9,6.702e-21
3414,12364.4934,1.3,0,16,119,P,12364.49177,48.8,9.649e-21
3415,12365.6091,1.8,0,15,205,P,12365.60812,29.3,4.911e-21
3416,12365.8430,1.0,0,16,127,R,12365.84098,60.5,9.426e-21
3417,12366.0955,1.0,0,16,118,P,12366.09504,13.7,6.914e-21
3418,12366.9023,1.4,0,15,213,R,12366.89948,84.5,4.306e-21
3419,12367.4360,1.0,0,16,126,R,12367.43604,-1.2,6.763e-21
3420,12367.6845,1.1,0,16,117,P,12367.68520,-21.0,9.707e-21
3421,12368.4107,1.1,0,15,204,P,12368.40980,26.9,3.563e-21
3422,12368.6121,1.7,2,17,145,P,12368.61017,57.8,3.047e-21
3423,12369.0187,0.9,0,16,125,R,12369.01792,23.4,9.510e-21
3424,12369.2609,0.9,0,16,116,P,12369.26225,-40.4,6.953e-21
3425,12370.5893,1.4,0,16,124,R,12370.58662,80.4,6.821e-21
3426,12370.8276,1.0,0,16,115,P,12370.82619,42.4,9.760e-21
3427,12371.1984,1.3,0,15,203,P,12371.19764,22.7,5.067e-21
3428,12372.1429,0.9,0,16,123,R,12372.14214,22.7,9.588e-21
3429,12372.3776,1.0,0,16,114,P,12372.37702,17.4,6.988e-21
3430,12372.4927,1.4,0,15,211,R,12372.49364,-28.0,4.453e-21
3431,12373.6840,1.1,0,16,122,R,12373.68450,-15.0,6.875e-21
3432,12373.9165,1.1,0,16,113,P,12373.91475,52.3,9.806e-21
3433,12373.9685,1.4,0,15,202,P,12373.97166,-94.6,3.675e-21
3434,12375.2147,1.0,0,16,121,R,12375.21369,30.3,9.660e-21
3435,12375.2693,1.5,0,15,210,R,12375.26977,-14.0,3.233e-21
3436,12375.4414,1.3,0,16,112,P,12375.43939,60.2,7.018e-21
3439,12376.9517,1.1,0,16,111,P,12376.95093,23.0,9.845e-21
3440,12377.4189,1.9,2,17,149,R,12377.41664,67.9,2.952e-21
3441,12378.0335,1.5,0,15,209,R,12378.03195,46.5,4.602e-21
3442,12378.2331,1.1,0,16,119,R,12378.23259,15.3,9.727e-21
3443,12378.4525,1.6,0,16,110,P,12378.44938,93.4,7.044e-21
3444,12379.3625,1.1,2,17,148,R,12379.35932,95.2,2.127e-21
3445,12379.4774,1.2,0,15,200,P,12379.47822,-24.6,3.789e-21
3446,12379.7219,0.9,0,16,118,R,12379.72230,-12.1,6.970e-21
3447,12379.9336,1.1,0,16,109,P,12379.93475,-34.4,9.877e-21
3448,12380.7811,1.6,0,15,208,R,12380.78018,27.5,3.341e-21
3449,12381.1993,0.9,0,16,117,R,12381.19887,12.9,9.788e-21
3450,12381.4062,0.8,0,16,108,P,12381.40703,-24.8,7.064e-21
3451,12382.2117,1.9,0,15,199,P,12382.21079,27.3,5.385e-21
3452,12382.6615,0.9,0,16,116,R,12382.66229,-23.6,7.011e-21
3453,12382.8674,1.1,0,16,107,P,12382.86622,35.3,9.902e-21
3454,12383.2017,1.7,2,17,146,R,12383.20362,-57.7,2.163e-21
3455,12383.5167,1.5,0,15,207,R,12383.51448,66.5,4.753e-21
3456,12384.1142,1.1,0,16,115,R,12384.11256,49.2,9.842e-21
3457,12384.2190,2.4,2,17,137,P,12384.22167,-80.2,3.228e-21
3458,12384.3107,0.8,0,16,106,P,12384.31234,-49.2,7.080e-21
3459,12384.9271,1.4,0,15,198,P,12384.92956,-73.6,3.904e-21
3460,12385.5492,1.1,0,16,114,R,12385.54970,-14.9,7.048e-21
3461,12385.7465,0.8,0,16,105,P,12385.74538,33.4,9.920e-21
3462,12386.2357,1.6,0,15,206,R,12386.23486,25.3,3.450e-21
3464,12387.1660,1.0,0,16,104,P,12387.16535,19.4,7.090e-21
3465,12387.6351,1.4,0,15,197,P,12387.63453,17.1,5.548e-21
3466,12387.9866,3.6,2,17,135,P,12387.98856,-58.8,3.269e-21
3467,12388.3836,1.0,0,16,112,R,12388.38456,-28.8,7.079e-21
3468,12388.5723,0.9,0,16,103,P,12388.57226,1.3,9.930e-21
3469,12388.9421,1.1,0,15,205,R,12388.94131,23.8,4.907e-21
3470,12389.7844,0.8,0,16,111,R,12389.78230,63.0,9.931e-21
3471,12389.9676,1.0,0,16,102,P,12389.96609,45.3,7.095e-21
3472,12390.3265,1.1,0,15,196,P,12390.32572,23.4,4.021e-21
3473,12391.1668,0.9,0,16,110,R,12391.16691,-3.3,7.106e-21
3474,12391.3464,1.0,0,16,101,P,12391.34686,-13.8,9.933e-21
3475,12391.6347,1.0,0,15,204,R,12391.63385,25.6,3.561e-21
3476,12391.7020,1.8,2,17,133,P,12391.70113,26.0,3.309e-21
3477,12392.5408,1.4,0,16,109,R,12392.53840,71.9,9.965e-21
3478,12392.7130,0.9,0,16,100,P,12392.71457,-47.0,7.094e-21
3479,12393.0027,1.4,0,15,195,P,12393.00313,-12.8,5.712e-21
3480,12393.8962,1.1,0,16,108,R,12393.89678,-17.2,7.128e-21
3481,12394.0712,1.3,0,16,99,P,12394.06922,59.3,9.928e-21
3482,12394.3143,1.4,0,15,203,R,12394.31248,54.4,5.064e-21
3483,12395.2425,0.9,0,16,107,R,12395.24203,14.0,9.992e-21
3484,12395.4095,1.0,0,16,98,P,12395.41082,-39.5,7.087e-21
3485,12395.6683,1.4,0,15,194,P,12395.66676,46.1,4.139e-21
3486,12396.2280,2.4,2,17,139,R,12396.22798,0.7,3.193e-21
3487,12396.5751,1.0,0,16,106,R,12396.57418,27.6,7.145e-21
3488,12396.7401,1.0,0,16,97,P,12396.73936,22.2,9.915e-21
3489,12397.8936,1.1,0,16,105,R,12397.89322,11.5,1.001e-20
3490,12398.0517,1.4,0,16,96,P,12398.05485,-94.6,7.075e-21
3491,12398.3144,1.6,0,15,193,P,12398.31664,-67.0,5.878e-21
3492,12399.1987,1.2,0,16,104,R,12399.19915,-13.5,7.157e-21
3493,12399.3575,1.0,0,16,95,P,12399.35730,6.0,9.894e-21
3494,12399.6273,1.2,0,15,201,R,12399.62808,-23.3,5.222e-21
3495,12399.8281,1.9,2,17,137,R,12399.82635,52.6,3.237e-21
3496,12400.4930,1.2,0,16,103,R,12400.49198,30.5,1.002e-20
3497,12400.6471,1.1,0,16,94,P,12400.64670,11.9,7.058e-21
3498,12400.7446,2.0,2,17,128,P,12400.74517,-17.1,2.430e-21
3499,12400.9531,1.3,0,15,192,P,12400.95275,10.5,4.259e-21
3500,12401.7692,1.0,0,16,102,R,12401.77172,-75.4,7.163e-21
3501,12401.9237,1.1,0,16,93,P,12401.92306,19.1,9.865e-21
3502,12402.2653,1.1,0,15,200,R,12402.26505,7.6,3.788e-21
3503,12402.5132,1.6,2,17,127,P,12402.51332,-3.6,3.419e-21
3504,12403.0400,1.0,0,16,101,R,12403.03835,49.3,1.003e-20
3505,12403.1853,1.0,0,16,92,P,12403.18639,-32.6,7.034e-21
3506,12403.5745,1.4,0,15,191,P,12403.57511,-18.3,6.046e-21
3507,12404.2894,1.3,0,16,100,R,12404.29190,-75.0,7.164e-21
3508,12404.4391,1.0,0,16,91,P,12404.43667,72.8,9.828e-21
3509,12404.8888,1.3,0,15,199,R,12404.88815,19.6,5.384e-21
3510,12405.5336,0.9,0,16,99,R,12405.53236,37.2,1.003e-20
3511,12405.6730,1.0,0,16,90,P,12405.67392,-27.6,7.004e-21
3512,12406.0083,1.8,2,17,125,P,12406.00900,-20.9,3.452e-21
3513,12406.1822,1.5,0,15,190,P,12406.18373,-45.8,4.379e-21
3514,12406.7595,0.9,0,16,98,R,12406.75973,-6.9,7.159e-21
3515,12406.8993,1.3,0,16,89,P,12406.89814,34.7,9.782e-21
3516,12407.4968,1.2,0,15,198,R,12407.49738,-17.4,3.903e-21
3517,12407.9757,1.2,0,16,97,R,12407.97402,50.3,1.002e-20
3518,12408.1092,1.0,0,16,88,P,12408.10933,-4.0,6.968e-21
3519,12408.7780,1.4,0,15,189,P,12408.77861,-18.2,6.216e-21
3520,12409.1745,0.9,0,16,96,R,12409.17523,-21.9,7.148e-21
3521,12409.3084,1.3,0,16,87,P,12409.30750,27.1,9.728e-21
3522,12409.4503,1.7,2,17,123,P,12409.45054,-7.1,3.482e-21
3524,12410.2975,1.7,2,17,131,R,12410.29441,92.6,3.360e-21
3525,12410.3636,1.0,0,16,95,R,12410.36337,7.0,9.997e-21
3526,12410.4947,0.9,0,16,86,P,12410.49264,61.9,6.927e-21
3527,12411.1505,1.7,2,17,122,P,12411.15102,-15.5,2.498e-21
3528,12411.3590,1.5,0,15,188,P,12411.35976,-22.7,4.501e-21
3529,12411.5386,0.9,0,16,94,R,12411.53843,5.2,7.132e-21
3530,12411.6656,0.9,0,16,85,P,12411.66475,25.4,9.665e-21
3531,12412.7007,1.1,0,16,93,R,12412.70042,8.5,9.970e-21
3532,12412.8274,1.1,0,16,84,P,12412.82385,106.3,6.879e-21
3533,12413.8490,0.9,0,16,92,R,12413.84934,-10.2,7.109e-21
3534,12413.9268,1.6,0,15,187,P,12413.92718,-11.4,6.387e-21
3535,12413.9716,1.0,0,16,83,P,12413.96993,49.9,9.593e-21
3536,12414.9871,1.0,0,16,91,R,12414.98520,57.1,9.935e-21
3537,12415.1014,1.0,0,16,82,P,12415.10300,-48.0,6.825e-21
3538,12415.2425,1.2,0,15,195,R,12415.24196,16.1,5.712e-21
3539,12416.1054,1.0,0,16,90,R,12416.10799,-77.7,7.081e-21
3540,12416.2241,1.0,0,16,81,P,12416.22305,31.3,9.513e-21
3541,12416.4825,1.4,0,15,186,P,12416.48094,46.7,4.623e-21
3542,12417.2179,1.2,0,16,89,R,12417.21773,5.1,9.891e-21
3543,12417.3287,1.1,0,16,80,P,12417.33010,-41.9,6.764e-21
3544,12417.7981,3.0,0,15,194,R,12417.79581,68.7,4.139e-21
3545,12418.3154,1.3,0,16,88,R,12418.31441,29.7,7.047e-21
3546,12418.4248,1.2,0,16,79,P,12418.42413,20.0,9.424e-21
3547,12419.0198,1.6,0,15,185,P,12419.02093,-34.0,6.559e-21
3548,12419.3994,1.1,0,16,87,R,12419.39804,40.9,9.839e-21
3549,12419.5057,0.9,0,16,78,P,12419.50516,16.1,6.698e-21
3551,12420.2756,1.4,2,17,125,R,12420.27277,84.9,3.467e-21
3552,12420.3368,1.5,0,15,193,R,12420.33583,29.1,5.879e-21
3553,12420.4675,1.1,0,16,86,R,12420.46861,-33.4,7.007e-21
3554,12420.5762,0.9,0,16,77,P,12420.57319,90.3,9.327e-21
3555,12421.5301,1.8,0,16,85,R,12421.52614,118.7,9.778e-21
3556,12421.6275,0.8,0,16,76,P,12421.62821,-21.4,6.625e-21
3557,12422.5708,1.1,0,16,84,R,12422.57063,5.2,6.960e-21
3559,12422.8600,2.1,0,15,192,R,12422.86203,-60.7,4.259e-21
3560,12423.6023,1.2,0,16,83,R,12423.60207,7.0,9.708e-21
3561,12423.6976,1.2,0,16,74,P,12423.69926,-49.9,6.546e-21
3562,12424.0602,1.1,0,15,183,P,12424.05981,11.6,6.732e-21
3563,12424.6213,1.3,0,16,82,R,12424.62047,25.0,6.907e-21
3564,12424.7156,1.0,0,16,73,P,12424.71530,9.1,9.105e-21
3565,12425.3775,1.4,0,15,191,R,12425.37441,92.6,6.048e-21
3566,12425.6274,1.0,0,16,81,R,12425.62583,47.1,9.630e-21
3567,12425.7172,0.8,0,16,72,P,12425.71833,-33.9,6.460e-21
3568,12425.8466,1.6,2,17,113,P,12425.84739,-23.8,3.602e-21
3569,12426.5593,1.1,0,15,182,P,12426.55871,17.6,4.871e-21
3570,12426.6201,1.0,0,16,80,R,12426.61816,58.3,6.848e-21
3571,12426.7094,1.1,0,16,71,P,12426.70838,30.6,8.981e-21
3572,12427.5994,1.0,0,16,79,R,12427.59745,58.4,9.543e-21
3573,12427.6868,1.2,0,16,70,P,12427.68543,41.0,6.368e-21
3574,12427.8736,1.7,0,15,190,R,12427.87299,18.4,4.381e-21
3576,12428.5625,0.9,0,16,78,R,12428.56372,-36.4,6.783e-21
3577,12428.6513,1.2,0,16,69,P,12428.64950,53.9,8.848e-21
3578,12428.9672,2.4,2,17,111,P,12428.96482,71.3,3.619e-21
3579,12429.0445,1.7,0,15,181,P,12429.04392,17.3,6.907e-21
3580,12429.5188,1.0,0,16,77,R,12429.51695,55.4,9.447e-21
3581,12429.6007,1.1,0,16,68,P,12429.60058,3.5,6.270e-21
3582,12430.3593,1.3,0,15,189,R,12430.35777,46.0,6.218e-21
3583,12430.4574,1.2,0,16,76,R,12430.45716,7.1,6.712e-21
3584,12430.5379,1.1,0,16,67,P,12430.53868,-23.4,8.707e-21
3585,12431.3866,1.1,0,16,75,R,12431.38435,67.3,9.343e-21
3586,12431.4631,0.9,0,16,66,P,12431.46380,-20.9,6.166e-21
3587,12431.5149,1.1,0,15,180,P,12431.51546,-16.7,4.996e-21
3588,12432.2990,1.1,0,16,74,R,12432.29852,14.3,6.634e-21
3589,12432.3767,1.2,0,16,65,P,12432.37593,23.1,8.556e-21
3591,12433.1997,1.0,0,16,73,R,12433.19967,0.8,9.229e-21
3592,12433.2736,1.0,0,16,64,P,12433.27509,-44.5,6.056e-21
3593,12433.9728,1.7,0,15,179,P,12433.97331,-15.4,7.082e-21
3594,12434.0876,1.1,0,16,72,R,12434.08781,-6.2,6.550e-21
3595,12434.1619,1.3,0,16,63,P,12434.16126,19.1,8.398e-21
3596,12434.9637,1.1,0,16,71,R,12434.96293,23.1,9.107e-21
3598,12435.2852,1.4,0,15,187,R,12435.28595,-22.6,6.390e-21
3599,12435.8244,1.0,0,16,70,R,12435.82504,-19.1,6.459e-21
3600,12435.8955,1.1,0,16,61,P,12435.89469,24.1,8.230e-21
3601,12436.4166,1.2,0,15,178,P,12436.41751,-27.2,5.121e-21
3602,12436.5241,1.3,2,17,106,P,12436.52261,44.7,2.606e-21
3603,12436.6757,1.0,0,16,69,R,12436.67414,46.8,8.976e-21
3604,12436.7414,1.4,0,16,60,P,12436.74195,-16.5,5.817e-21
3605,12437.5092,1.1,0,16,68,R,12437.51023,-30.9,6.362e-21
3606,12437.5771,1.3,0,16,59,P,12437.57624,25.9,8.054e-21
3607,12437.7311,2.2,0,15,186,R,12437.72945,49.5,4.626e-21
3609,12438.3339,1.0,0,16,67,R,12438.33332,17.4,8.836e-21
3610,12438.3962,0.9,0,16,58,P,12438.39755,-40.6,5.688e-21
3611,12438.7687,2.4,2,17,113,R,12438.76446,127.1,3.624e-21
3612,12438.8475,1.2,0,15,177,P,12438.84804,-16.1,7.257e-21
3613,12439.1429,1.2,0,16,66,R,12439.14341,-15.2,6.259e-21
3614,12439.2070,1.2,0,16,57,P,12439.20590,32.9,7.870e-21
3615,12439.9382,1.3,0,16,65,R,12439.94049,-68.7,8.688e-21
3616,12439.9991,1.4,0,16,56,P,12440.00129,-65.5,5.553e-21
3617,12440.1602,1.4,0,15,185,R,12440.15910,33.0,6.564e-21
3618,12440.7271,1.2,0,16,64,R,12440.72458,75.7,6.150e-21
3619,12440.7843,1.4,0,16,55,P,12440.78370,17.9,7.678e-21
3620,12441.2648,1.4,0,15,176,P,12441.26491,-3.4,5.247e-21
3621,12441.4978,1.1,0,16,63,R,12441.49567,64.0,8.531e-21
3622,12441.5513,1.4,0,16,54,P,12441.55316,-55.7,5.413e-21
3623,12442.2529,1.1,0,16,62,R,12442.25376,-25.8,6.035e-21
3624,12442.3133,1.9,0,16,53,P,12442.30965,109.4,7.477e-21
3625,12442.5744,1.2,0,15,184,R,12442.57499,-17.6,4.751e-21
3626,12442.9989,1.1,0,16,61,R,12442.99886,1.1,8.365e-21
3627,12443.0547,1.6,0,16,52,P,12443.05318,45.5,5.267e-21
3628,12443.6699,1.2,0,15,175,P,12443.66814,52.8,7.434e-21
3629,12443.7341,1.4,0,16,60,R,12443.73097,93.7,5.914e-21
3630,12443.7833,1.5,0,16,51,P,12443.78376,-13.7,7.268e-21
3631,12444.4503,1.3,0,16,59,R,12444.45010,6.1,8.191e-21
3633,12444.9782,1.5,0,15,183,R,12444.97711,32.6,6.738e-21
3634,12445.1542,1.1,0,16,58,R,12445.15623,-60.9,5.786e-21
3635,12445.2050,1.4,0,16,49,P,12445.20603,-30.9,7.052e-21
3636,12445.8498,1.1,0,16,57,R,12445.84938,12.6,8.008e-21
3638,12446.0589,1.0,0,15,174,P,12446.05772,35.3,5.373e-21
3639,12446.5344,1.2,0,16,56,R,12446.52955,145.5,5.653e-21
3640,12446.5759,1.6,0,16,47,P,12446.57649,-17.6,6.828e-21
3641,12447.1967,1.2,0,16,55,R,12447.19673,-1.0,7.817e-21
3642,12447.2787,1.3,2,17,107,R,12447.27970,-30.0,3.669e-21
3643,12447.3666,1.3,0,15,182,R,12447.36549,33.3,4.876e-21
3644,12447.8495,1.7,0,16,54,R,12447.85094,-43.1,5.513e-21
3645,12447.8986,1.5,0,16,45,P,12447.89513,104.0,6.597e-21
3646,12448.4348,1.2,0,15,173,P,12448.43367,33.9,7.610e-21
3647,12448.4941,1.1,0,16,53,R,12448.49216,58.1,7.618e-21
3648,12448.5358,1.3,0,16,44,P,12448.53502,23.2,4.628e-21
3649,12449.1255,2.1,0,16,52,R,12449.12041,152.5,5.368e-21
3650,12449.1629,1.9,0,16,43,P,12449.16197,27.9,6.358e-21
3651,12449.2779,1.6,2,17,97,P,12449.27900,-33.0,3.659e-21
3653,12449.7753,2.5,0,16,42,P,12449.77597,-20.0,4.455e-21
3655,12450.3391,1.8,0,16,50,R,12450.33799,33.3,5.218e-21
3656,12450.3779,1.4,0,16,41,P,12450.37702,26.4,6.113e-21
3658,12450.7955,1.1,0,15,172,P,12450.79598,-14.5,5.499e-21
3659,12450.9296,1.6,0,16,49,R,12450.92732,68.3,7.196e-21
3661,12451.5061,1.6,0,16,48,R,12451.50368,72.5,5.061e-21
3662,12451.5411,2.1,0,16,39,P,12451.54028,24.5,5.860e-21
3663,12452.0980,1.8,0,15,180,R,12452.10102,-90.4,5.001e-21
3664,12452.6180,2.3,0,16,46,R,12452.61750,15.1,4.900e-21
3666,12453.6834,2.4,0,16,44,R,12453.67945,118.4,4.733e-21
3667,12453.7148,2.7,0,16,35,P,12453.71149,99.3,5.336e-21
3669,12454.1954,2.5,0,16,43,R,12454.19098,132.4,6.506e-21
3671,12454.4473,2.2,0,15,179,R,12454.44818,-26.4,7.090e-21
3672,12454.6944,2.3,0,16,42,R,12454.68955,145.3,4.561e-21
3673,12455.1803,2.7,0,16,41,R,12455.17516,154.0,6.262e-21
3674,12455.3088,2.0,2,17,101,R,12455.30906,-7.7,3.690e-21
3675,12455.4799,1.3,0,15,170,P,12455.47974,4.6,5.624e-21
3680,12456.7817,1.3,0,15,178,R,12456.78162,2.4,5.128e-21
3687,12458.9676,2.1,0,16,32,R,12458.96268,147.6,3.630e-21
3688,12459.1031,1.8,0,15,177,R,12459.10134,52.8,7.267e-21
3692,12460.1091,1.2,0,15,168,P,12460.10905,1.5,5.750e-21
3693,12460.3101,1.8,0,16,28,R,12460.30932,23.3,3.228e-21
3694,12460.6187,1.9,0,16,27,R,12460.61362,152.3,4.375e-21
3696,12461.1880,1.7,0,16,25,R,12461.18339,138.2,4.083e-21
3697,12461.4066,1.3,0,15,176,R,12461.40735,-22.4,5.254e-21
3699,12461.7051,1.8,0,16,23,R,12461.70140,111.0,3.787e-21
3700,12461.9461,2.0,0,16,22,R,12461.94099,153.2,2.598e-21
3701,12462.1751,1.4,2,17,87,P,12462.17712,-60.6,3.597e-21
3703,12462.5863,1.7,0,16,19,R,12462.58212,125.4,3.182e-21
3705,12462.9456,2.2,0,16,17,R,12462.94487,21.9,2.874e-21
3707,12463.7026,1.8,0,15,175,R,12463.69965,88.4,7.445e-21
3708,12464.5937,1.4,2,17,85,P,12464.59587,-65.1,3.575e-21
3709,12464.6845,1.2,0,15,166,P,12464.68394,16.7,5.875e-21
3710,12465.9779,1.5,0,15,174,R,12465.97826,-10.7,5.381e-21
3714,12468.2447,1.3,0,15,173,R,12468.24317,45.9,7.622e-21
3715,12469.2066,1.2,0,15,164,P,12469.20447,63.8,6.000e-21
3717,12470.4956,1.4,0,15,172,R,12470.49439,36.2,5.508e-21
3718,12471.4457,1.0,0,15,163,P,12471.44436,40.1,8.487e-21
3719,12472.1611,1.6,2,17,87,R,12472.15918,57.4,3.632e-21
3720,12472.7308,1.3,0,15,171,R,12472.73194,-34.1,7.800e-21
3721,12473.6690,1.1,0,15,162,P,12473.67068,-50.3,6.124e-21
3723,12474.3531,2.3,2,17,85,R,12474.35132,53.5,3.611e-21
3724,12474.9549,1.4,0,15,170,R,12474.95581,-27.3,5.635e-21
3726,12476.3410,1.5,0,14,231,P,12476.33936,49.2,3.215e-21
3727,12477.1663,1.3,0,15,169,R,12477.16601,8.6,7.977e-21
3728,12478.0821,1.0,0,15,160,P,12478.08261,-15.2,6.247e-21
3729,12479.3629,1.2,0,15,168,R,12479.36255,10.4,5.761e-21
3730,12480.2670,1.2,0,15,159,P,12480.26823,-36.8,8.831e-21
3731,12480.6058,1.7,2,17,79,R,12480.60573,2.1,3.529e-21
3733,12481.5468,1.2,0,15,167,R,12481.54544,40.8,8.155e-21
3734,12482.0211,2.9,2,17,69,P,12482.01901,62.7,3.281e-21
3735,12482.4405,1.3,0,15,158,P,12482.44030,6.1,6.368e-21
3737,12483.7150,1.4,0,15,166,R,12483.71467,9.8,5.888e-21
3739,12484.5986,1.4,0,15,157,P,12484.59882,-6.5,9.001e-21
3740,12485.8685,2.1,0,15,165,R,12485.87026,-52.9,8.331e-21
3741,12486.7462,1.0,0,15,156,P,12486.74379,72.1,6.489e-21
3742,12488.0137,0.9,0,15,164,R,12488.01222,44.5,6.014e-21
3743,12488.1953,2.5,2,17,71,R,12488.19452,23.4,3.372e-21
3744,12488.8759,0.9,0,15,155,P,12488.87523,20.0,9.168e-21
3745,12489.4473,1.6,2,17,61,P,12489.44800,-21.0,3.054e-21
3746,12490.1409,1.3,0,15,163,R,12490.14054,10.9,8.507e-21
3747,12490.9930,1.3,0,15,154,P,12490.99314,-4.1,6.608e-21
3748,12491.1688,2.2,2,17,59,P,12491.17183,-91.0,2.989e-21
3749,12492.2547,1.1,0,15,162,R,12492.25523,-15.9,6.139e-21
3750,12493.1000,1.1,0,15,153,P,12493.09751,74.6,9.334e-21
3751,12493.3271,2.1,2,17,65,R,12493.32405,91.5,3.220e-21
3752,12494.3577,1.6,0,15,161,R,12494.35630,41.9,8.681e-21
3753,12495.1886,1.4,0,15,152,P,12495.18837,7.0,6.726e-21
3754,12496.4429,1.1,0,15,160,R,12496.44376,-25.7,6.263e-21
3755,12497.2648,1.4,0,15,151,P,12497.26570,-27.0,9.497e-21
3756,12498.5181,1.2,0,15,159,R,12498.51761,14.8,8.854e-21
3757,12499.3321,1.2,0,15,150,P,12499.32952,77.3,6.841e-21
3758,12500.5748,1.3,0,15,158,R,12500.57785,-91.4,6.386e-21
3759,12501.3800,1.2,0,15,149,P,12501.37983,5.0,9.657e-21
3760,12501.7360,4.5,0,14,223,P,12501.73471,38.6,3.748e-21
3761,12502.6258,1.4,0,15,157,R,12502.62449,39.2,9.026e-21
3763,12504.6562,1.1,0,15,156,R,12504.65755,-40.3,6.508e-21
3764,12505.4414,1.2,0,15,147,P,12505.43995,43.5,9.815e-21
3766,12506.6785,1.2,0,15,155,R,12506.67701,44.7,9.196e-21
3767,12507.4497,1.0,0,15,146,P,12507.44976,-1.9,7.066e-21
3769,12508.6850,1.6,0,15,154,R,12508.68289,63.2,6.628e-21
3770,12509.4478,1.1,0,15,145,P,12509.44609,51.3,9.969e-21
3771,12510.6783,1.1,0,15,153,R,12510.67520,93.1,9.363e-21
3772,12511.4277,1.2,0,15,144,P,12511.42893,-36.8,7.175e-21
3773,12512.6527,1.2,0,15,152,R,12512.65393,-36.8,6.747e-21
3774,12513.3997,0.8,0,15,143,P,12513.39829,42.3,1.012e-20
3775,12514.6218,1.3,0,15,151,R,12514.61910,81.1,9.528e-21
3776,12515.3526,1.0,0,15,142,P,12515.35417,-47.1,7.281e-21
3777,12516.5713,0.8,0,15,150,R,12516.57070,17.9,6.864e-21
3778,12517.1389,2.1,0,14,218,P,12517.14269,-113.5,2.935e-21
3779,12517.2977,1.2,0,15,141,P,12517.29658,33.5,1.027e-20
3780,12518.5094,1.2,0,15,149,R,12518.50875,19.4,9.691e-21
3781,12519.2264,1.1,0,15,140,P,12519.22553,26.2,7.384e-21
3782,12520.1807,1.7,0,14,217,P,12520.18158,-26.5,4.183e-21
3783,12520.4322,1.0,0,15,148,R,12520.43325,-31.5,6.979e-21
3784,12521.1422,1.5,0,15,139,P,12521.14101,35.7,1.041e-20
3785,12522.3448,1.3,0,15,147,R,12522.34420,17.9,9.850e-21
3786,12523.0428,1.3,0,15,138,P,12523.04303,-6.9,7.484e-21
3787,12524.2380,1.3,0,15,146,R,12524.24162,-108.4,7.092e-21
3788,12524.9321,0.9,0,15,137,P,12524.93160,15.0,1.055e-20
3789,12526.1258,1.3,0,15,145,R,12526.12549,9.2,1.001e-20
3790,12526.8075,1.0,0,15,136,P,12526.80672,23.4,7.581e-21
3791,12527.9958,1.1,0,15,144,R,12527.99584,-1.2,7.202e-21
3792,12528.6702,1.0,0,15,135,P,12528.66840,54.1,1.068e-20
3793,12529.8516,1.7,0,15,143,R,12529.85266,-31.9,1.016e-20
3794,12530.0225,1.6,0,14,222,R,12530.02274,-7.3,2.712e-21
3795,12530.5172,0.9,0,15,134,P,12530.51663,17.1,7.675e-21
3797,12531.6958,1.0,0,15,142,R,12531.69596,-4.9,7.310e-21
3798,12532.1973,2.6,0,14,213,P,12532.19509,66.3,4.489e-21
3799,12532.3520,1.4,0,15,133,P,12532.35143,17.2,1.081e-20
3801,12533.5241,1.1,0,15,141,R,12533.52575,-49.4,1.031e-20
3802,12534.1722,1.3,0,15,132,P,12534.17279,-17.7,7.764e-21
3803,12535.3424,1.0,0,15,140,R,12535.34202,11.4,7.415e-21
3804,12535.9815,1.1,0,15,131,P,12535.98072,23.2,1.093e-20
3805,12537.1457,1.2,0,15,139,R,12537.14479,27.4,1.045e-20
3806,12537.7755,1.0,0,15,130,P,12537.77524,7.9,7.850e-21
3808,12538.9363,0.9,0,15,138,R,12538.93405,67.4,7.517e-21
3809,12539.5568,1.1,0,15,129,P,12539.55633,14.2,1.105e-20
3810,12540.7123,1.1,0,15,137,R,12540.70982,74.3,1.059e-20
3811,12541.3241,0.9,0,15,128,P,12541.32400,3.0,7.932e-21
3812,12541.6778,1.7,2,16,153,P,12541.67426,106.2,2.273e-21
3813,12541.8875,1.5,0,14,218,R,12541.88843,-27.8,2.918e-21
3814,12542.4719,1.0,0,15,136,R,12542.47210,-5.9,7.615e-21
3815,12543.0796,1.3,0,15,127,P,12543.07826,40.2,1.116e-20
3816,12543.9824,2.2,0,14,209,P,12543.98165,22.4,4.807e-21
3817,12544.2221,1.1,0,15,135,R,12544.22089,36.4,1.073e-20
3819,12545.9558,0.9,0,15,134,R,12545.95619,-11.7,7.710e-21
3820,12546.5473,1.0,0,15,125,P,12546.54656,22.2,1.126e-20
3821,12546.8904,2.1,0,14,208,P,12546.89290,-74.8,3.492e-21
3822,12547.6778,1.3,0,15,133,R,12547.67802,-6.5,1.086e-20
3824,12548.2599,1.0,0,15,124,P,12548.26061,-21.2,8.082e-21
3825,12549.3855,1.0,0,15,132,R,12549.38637,-26.1,7.802e-21
3826,12549.7912,2.0,0,14,207,P,12549.79000,36.1,4.971e-21
3827,12549.9624,1.2,0,15,123,P,12549.96126,34.3,1.136e-20
3829,12551.0807,1.6,0,15,131,R,12551.08125,-16.6,1.098e-20
3830,12551.6478,1.0,0,15,122,P,12551.64851,-21.3,8.150e-21
3831,12552.7621,1.1,0,15,130,R,12552.76267,-17.1,7.890e-21
3832,12553.3244,1.3,0,15,121,P,12553.32238,60.6,1.146e-20
3833,12553.5263,1.3,0,14,214,R,12553.52539,27.4,3.135e-21
3834,12554.4316,1.1,0,15,129,R,12554.43063,29.2,1.110e-20
3835,12554.9822,1.2,0,15,120,P,12554.98286,-19.7,8.213e-21
3836,12555.5427,1.3,0,14,205,P,12555.54180,27.0,5.137e-21
3837,12556.0856,0.9,0,15,128,R,12556.08513,14.2,7.973e-21
3839,12556.6301,1.3,0,15,119,P,12556.62996,4.3,1.154e-20
3840,12557.7269,1.4,0,15,127,R,12557.72617,21.8,1.122e-20
3841,12558.2616,1.1,0,15,118,P,12558.26368,-62.2,8.272e-21
3842,12559.3524,1.2,0,15,126,R,12559.35377,-41.2,8.052e-21
3843,12559.8850,1.2,0,15,117,P,12559.88402,29.4,1.162e-20
3844,12560.9690,1.1,0,15,125,R,12560.96793,32.1,1.133e-20
3845,12561.2359,1.7,0,14,203,P,12561.23713,-36.8,5.307e-21
3846,12561.4884,1.3,0,15,116,P,12561.49099,-77.7,8.324e-21
3847,12562.1015,1.3,0,14,211,R,12562.10332,-54.4,4.624e-21
3848,12562.5679,1.1,0,15,124,R,12562.56865,-22.3,8.127e-21
3849,12563.0862,1.2,0,15,115,P,12563.08460,48.1,1.169e-20
3850,12564.0640,1.4,0,14,202,P,12564.06363,11.1,3.852e-21
3851,12564.1578,1.6,0,15,123,R,12564.15593,56.2,1.143e-20
3853,12564.9335,1.1,0,14,210,R,12564.93414,-19.2,3.360e-21
3854,12565.7301,1.3,0,15,122,R,12565.72977,9.8,8.197e-21
3855,12566.2325,1.1,0,15,113,P,12566.23172,23.5,1.175e-20
3856,12566.8761,2.1,0,14,201,P,12566.87604,1.9,5.479e-21
3857,12567.2912,1.1,0,15,121,R,12567.29020,30.1,1.152e-20
3858,12567.7846,1.0,0,15,112,P,12567.78524,-19.1,8.413e-21
3859,12568.8369,1.1,0,15,120,R,12568.83719,-8.8,8.262e-21
3860,12569.3253,1.4,0,15,111,P,12569.32540,-3.1,1.180e-20
3862,12570.3711,1.0,0,15,119,R,12570.37077,9.8,1.161e-20
3863,12570.8513,1.3,0,15,110,P,12570.85222,-27.6,8.449e-21
3864,12571.8918,1.1,0,15,118,R,12571.89094,25.9,8.322e-21
3865,12572.3657,1.2,0,15,109,P,12572.36569,0.4,1.185e-20
3866,12572.4582,2.5,0,14,199,P,12572.45859,-11.8,5.654e-21
3867,12573.3432,1.6,0,14,207,R,12573.34128,57.7,4.949e-21
3868,12573.3957,1.6,0,15,117,R,12573.39769,-59.6,1.169e-20
3869,12573.8656,1.1,0,15,108,P,12573.86581,-6.3,8.478e-21
3870,12574.8892,1.2,0,15,116,R,12574.89103,-54.9,8.377e-21
3871,12575.3520,1.0,0,15,107,P,12575.35259,-17.8,1.189e-20
3872,12576.3708,1.0,0,15,115,R,12576.37097,-5.2,1.176e-20
3873,12576.8245,1.3,0,15,106,P,12576.82604,-46.1,8.502e-21
3874,12577.8394,1.1,0,15,114,R,12577.83751,56.6,8.426e-21
3875,12577.9846,1.3,0,14,197,P,12577.98485,-7.6,5.831e-21
3876,12578.2879,1.0,0,15,105,P,12578.28615,52.6,1.192e-20
3877,12578.8732,1.8,0,14,205,R,12578.87500,-54.1,5.115e-21
3878,12579.2913,1.2,0,15,113,R,12579.29066,19.3,1.183e-20
3879,12579.7320,1.1,0,15,104,P,12579.73292,-27.7,8.519e-21
3881,12581.1674,1.2,0,15,103,P,12581.16637,30.8,1.193e-20
3882,12582.1571,1.0,0,15,111,R,12582.15677,9.9,1.189e-20
3883,12582.5857,1.0,0,15,102,P,12582.58649,-23.8,8.529e-21
3884,12583.4548,1.5,0,14,195,P,12583.45488,-2.4,6.011e-21
3885,12583.5696,1.3,0,15,110,R,12583.56975,-4.4,8.507e-21
3886,12583.9930,1.1,0,15,101,P,12583.99330,-8.8,1.194e-20
3887,12584.3535,2.9,0,14,203,R,12584.35199,45.4,5.285e-21
3888,12584.9701,1.3,0,15,109,R,12584.96934,22.7,1.193e-20
3889,12585.3869,1.2,0,15,100,P,12585.38678,3.7,8.533e-21
3890,12586.1713,1.6,0,14,194,P,12586.16882,74.3,4.358e-21
3891,12586.3547,0.9,0,15,108,R,12586.35556,-25.8,8.539e-21
3892,12586.7688,1.2,0,15,99,P,12586.76694,55.8,1.195e-20
3893,12587.7299,1.1,0,15,107,R,12587.72840,44.9,1.197e-20
3894,12588.1350,1.1,0,15,98,P,12588.13379,36.3,8.530e-21
3895,12588.8710,1.6,0,14,193,P,12588.86873,68.1,6.192e-21
3896,12589.0877,1.2,0,15,106,R,12589.08787,-5.2,8.565e-21
3897,12589.4852,1.5,0,15,97,P,12589.48733,-63.8,1.194e-20
3898,12589.7725,1.6,0,14,201,R,12589.77229,6.4,5.458e-21
3899,12590.4346,1.2,0,15,105,R,12590.43398,18.6,1.200e-20
3900,12590.8277,1.3,0,15,96,P,12590.82756,4.2,8.520e-21
3901,12591.5511,1.4,0,14,192,P,12591.55460,-105.0,4.489e-21
3902,12591.7669,1.1,0,15,104,R,12591.76672,5.4,8.584e-21
3903,12592.1573,1.4,0,15,95,P,12592.15448,84.4,1.192e-20
3904,12592.4584,1.6,0,14,200,R,12592.46120,-84.0,3.961e-21
3905,12593.0877,1.1,0,15,103,R,12593.08610,48.0,1.203e-20
3906,12593.4675,0.9,0,15,94,P,12593.46811,-18.2,8.503e-21
3908,12594.2260,1.7,0,14,191,P,12594.22646,-13.7,6.377e-21
3909,12594.3920,1.2,0,15,102,R,12594.39212,-3.6,8.596e-21
3910,12594.7697,1.6,0,15,93,P,12594.76843,38.1,1.189e-20
3911,12595.1363,2.4,0,14,199,R,12595.13597,9.9,5.633e-21
3912,12595.6854,1.3,0,15,101,R,12595.68479,18.3,1.204e-20
3913,12596.0540,1.3,0,15,92,P,12596.05546,-43.7,8.478e-21
3914,12596.8851,2.0,0,14,190,P,12596.88429,24.2,4.621e-21
3915,12596.9644,1.2,0,15,100,R,12596.96411,8.8,8.602e-21
3916,12597.3316,1.0,0,15,91,P,12597.32919,72.3,1.185e-20
3917,12597.7956,1.3,0,14,198,R,12597.79660,-30.0,4.087e-21
3918,12598.2295,1.3,0,15,99,R,12598.23008,-17.3,1.204e-20
3919,12598.5885,1.0,0,15,90,P,12598.58963,-33.8,8.447e-21
3920,12599.4821,1.1,0,15,98,R,12599.48270,-18.1,8.601e-21
3921,12599.5283,1.5,0,14,189,P,12599.52812,5.4,6.563e-21
3922,12599.8379,1.2,0,15,89,P,12599.83678,33.6,1.180e-20
3923,12600.4422,1.9,0,14,197,R,12600.44310,-26.9,5.810e-21
3924,12600.7238,1.2,0,15,97,R,12600.72199,54.3,1.204e-20
3925,12601.0704,0.9,0,15,88,P,12601.07064,-7.3,8.408e-21
3926,12601.9458,1.4,0,15,96,R,12601.94794,-64.1,8.593e-21
3927,12602.1574,1.4,0,14,188,P,12602.15795,-16.4,4.755e-21
3928,12602.2921,1.2,0,15,87,P,12602.29122,26.3,1.174e-20
3929,12603.0747,1.6,0,14,196,R,12603.07547,-23.2,4.214e-21
3930,12603.1611,1.1,0,15,95,R,12603.16055,16.5,1.202e-20
3931,12603.5023,1.5,0,15,86,P,12603.49852,113.3,8.361e-21
3932,12604.3598,0.9,0,15,94,R,12604.35983,-0.9,8.578e-21
3933,12604.6926,1.0,0,15,85,P,12604.69254,1.8,1.167e-20
3934,12604.7741,1.6,0,14,187,P,12604.77378,9.7,6.751e-21
3935,12605.5474,1.3,0,15,93,R,12605.54578,48.5,1.200e-20
3936,12605.6947,1.6,0,14,195,R,12605.69373,28.9,5.991e-21
3937,12605.8712,1.1,0,15,84,P,12605.87328,-62.4,8.307e-21
3938,12606.7184,1.1,0,15,92,R,12606.71841,-0.3,8.556e-21
3939,12607.0420,1.5,0,15,83,P,12607.04075,37.4,1.159e-20
3940,12607.3752,1.3,0,14,186,P,12607.37562,-12.6,4.889e-21
3941,12607.8795,1.1,0,15,91,R,12607.87771,53.6,1.196e-20
3942,12608.1948,1.1,0,15,82,P,12608.19495,-4.4,8.246e-21
3943,12608.2976,1.4,0,14,194,R,12608.29789,-8.6,4.344e-21
3944,12609.0237,1.2,0,15,90,R,12609.02370,0.1,8.527e-21
3945,12609.3355,1.7,0,15,81,P,12609.33587,-11.2,1.150e-20
3946,12609.9641,1.7,0,14,185,P,12609.96348,18.6,6.940e-21
3947,12610.1565,1.0,0,15,89,R,12610.15637,4.0,1.191e-20
3948,12610.4623,1.2,0,15,80,P,12610.46353,-37.0,8.176e-21
3949,12610.8880,1.8,0,14,193,R,12610.88794,1.8,6.173e-21
3950,12611.2761,1.0,0,15,88,R,12611.27572,11.4,8.490e-21
3951,12611.5783,1.2,0,15,79,P,12611.57793,11.1,1.139e-20
3952,12611.6592,2.0,1,14,225,P,12611.65551,110.6,3.060e-21
3953,12612.3825,1.3,0,15,87,R,12612.38176,22.1,1.186e-20
3954,12612.5378,1.6,0,14,184,P,12612.53737,13.0,5.025e-21
3955,12612.6785,1.2,0,15,78,P,12612.67906,-16.8,8.099e-21
3957,12613.7676,1.0,0,15,77,P,12613.76693,20.0,1.128e-20
3958,12614.5545,1.1,0,15,85,R,12614.55393,17.2,1.179e-20
3959,12614.8450,1.3,0,15,76,P,12614.84155,103.5,8.014e-21
3960,12615.0987,1.6,0,14,183,P,12615.09728,42.5,7.131e-21
3961,12615.6191,1.2,0,15,84,R,12615.62005,-28.6,8.393e-21
3962,12615.9023,1.3,0,15,75,P,12615.90290,-18.1,1.116e-20
3963,12616.0295,1.6,0,14,191,R,12616.02577,111.7,6.358e-21
3964,12616.6731,1.5,0,15,83,R,12616.67288,6.5,1.171e-20
3965,12616.9508,1.1,0,15,74,P,12616.95101,-6.2,7.922e-21
3966,12617.6406,2.2,0,14,182,P,12617.64324,-79.1,5.162e-21
3967,12617.7125,1.2,0,15,82,R,12617.71241,2.6,8.334e-21
3968,12617.9859,1.1,0,15,73,P,12617.98586,1.2,1.102e-20
3969,12618.0613,2.8,1,14,231,R,12618.06385,-76.3,2.833e-21
3970,12618.5710,1.5,0,14,190,R,12618.57357,-77.1,4.608e-21
3971,12618.6843,1.4,1,15,159,R,12618.68102,98.3,2.829e-21
3972,12618.7400,2.0,0,15,81,R,12618.73865,40.5,1.162e-20
3973,12619.0074,1.2,0,15,72,P,12619.00746,-1.8,7.821e-21
3974,12619.7506,1.3,0,15,80,R,12619.75159,-29.7,8.267e-21
3975,12620.0179,1.7,0,15,71,P,12620.01581,62.5,1.088e-20
3976,12620.1759,1.7,0,14,181,P,12620.17524,19.8,7.324e-21
3977,12620.7518,1.4,0,15,79,R,12620.75125,16.6,1.152e-20
3978,12621.0096,1.1,0,15,70,P,12621.01092,-39.6,7.713e-21
3979,12621.1071,1.5,0,14,189,R,12621.10730,-5.9,6.544e-21
3980,12621.7380,1.9,0,15,78,R,12621.73761,11.6,8.192e-21
3981,12621.9931,1.3,0,15,69,P,12621.99279,9.4,1.072e-20
3983,12622.9600,1.1,0,15,68,P,12622.96141,-42.2,7.597e-21
3985,12623.6699,1.1,0,15,76,R,12623.67050,-17.9,8.109e-21
3986,12623.9167,1.7,0,15,67,P,12623.91679,-2.7,1.055e-20
3988,12624.6156,1.6,0,15,75,R,12624.61702,-42.6,1.129e-20
3989,12624.8597,1.2,0,15,66,P,12624.85893,23.0,7.474e-21
3990,12625.1984,1.4,0,14,179,P,12625.19740,30.0,7.517e-21
3991,12625.5499,1.3,0,15,74,R,12625.55027,-11.0,8.018e-21
3992,12625.7881,1.6,0,15,65,P,12625.78784,7.8,1.037e-20
3993,12626.1351,1.4,0,14,187,R,12626.13257,75.9,6.733e-21
3994,12626.4709,1.6,0,15,73,R,12626.47024,19.9,1.116e-20
3995,12626.7001,1.6,0,15,64,P,12626.70351,-102.3,7.342e-21
3996,12627.3775,1.2,0,15,72,R,12627.37694,16.9,7.920e-21
3997,12627.6044,1.4,0,15,63,P,12627.60595,-46.6,1.018e-20
3998,12627.6861,1.4,0,14,178,P,12627.68757,-44.2,5.439e-21
3999,12628.2715,1.1,0,15,71,R,12628.27036,34.0,1.101e-20
4000,12628.4951,1.1,0,15,62,P,12628.49516,-1.9,7.203e-21
4002,12629.3698,1.6,0,15,61,P,12629.37114,-40.2,9.984e-21
4003,12630.0173,1.5,0,15,69,R,12630.01742,-3.7,1.086e-20
4004,12630.1638,1.5,0,14,177,P,12630.16382,-0.5,7.711e-21
4005,12630.2342,1.3,0,15,60,P,12630.23389,9.2,7.057e-21
4006,12630.8706,1.1,0,15,68,R,12630.87106,-13.7,7.700e-21
4009,12631.7127,1.1,0,15,67,R,12631.71143,38.1,1.070e-20
4010,12631.9185,1.7,0,15,58,P,12631.91972,-36.6,6.903e-21
4011,12632.5414,2.0,0,15,66,R,12632.53854,85.6,7.578e-21
4013,12632.7427,1.3,0,15,57,P,12632.74280,-3.0,9.553e-21
4014,12633.3529,1.6,0,15,65,R,12633.35240,14.9,1.052e-20
4017,12634.1521,1.0,0,15,64,R,12634.15300,-27.1,7.449e-21
4018,12634.3497,1.4,0,15,55,P,12634.34930,12.1,9.322e-21
4019,12634.9393,1.2,0,15,63,R,12634.94036,-31.7,1.033e-20
4020,12635.0752,1.4,0,14,175,P,12635.07454,19.8,7.907e-21
4021,12635.1339,1.5,0,15,54,P,12635.13272,35.5,6.573e-21
4022,12635.7151,1.1,0,15,62,R,12635.71446,19.3,7.312e-21
4023,12635.9034,1.4,0,15,53,P,12635.90292,14.4,9.081e-21
4024,12636.0131,2.1,0,14,183,R,12636.01458,-44.4,7.115e-21
4025,12636.4767,1.4,0,15,61,R,12636.47531,41.7,1.014e-20
4026,12636.6576,1.1,0,15,52,P,12636.65991,-69.2,6.398e-21
4028,12637.2213,1.3,0,15,60,R,12637.22292,-48.5,7.167e-21
4029,12637.4055,1.2,0,15,51,P,12637.40368,54.5,8.830e-21
4030,12637.5101,1.0,0,14,174,P,12637.50903,32.0,5.717e-21
4031,12637.9538,1.9,0,15,59,R,12637.95728,-104.3,9.929e-21
4032,12638.1342,1.4,0,15,50,P,12638.13424,-1.3,6.215e-21
4033,12638.4506,1.1,0,14,182,R,12638.45002,17.5,5.151e-21
4034,12638.6778,1.2,0,15,58,R,12638.67840,-18.0,7.015e-21
4035,12638.8520,1.7,0,15,49,P,12638.85159,12.2,8.570e-21
4036,12639.3882,1.2,0,15,57,R,12639.38628,57.6,9.711e-21
4037,12639.5566,1.2,0,15,48,P,12639.55573,26.0,6.026e-21
4038,12639.9304,2.0,0,14,173,P,12639.92962,23.3,8.102e-21
4039,12640.0817,1.8,0,15,56,R,12640.08092,23.4,6.856e-21
4040,12640.2465,1.6,0,15,47,P,12640.24666,-4.9,8.300e-21
4041,12640.7628,1.4,0,15,55,R,12640.76233,14.2,9.482e-21
4042,12640.8739,1.2,0,14,181,R,12640.87144,73.8,7.309e-21
4044,12641.4305,1.2,0,15,54,R,12641.43050,0.1,6.689e-21
4045,12641.5915,1.5,0,15,45,P,12641.58891,77.7,8.020e-21
4046,12642.0851,1.4,0,15,53,R,12642.08543,-9.9,9.244e-21
4047,12642.2399,1.4,0,15,44,P,12642.24022,-9.6,5.627e-21
4049,12642.7262,1.4,0,15,52,R,12642.72714,-28.1,6.515e-21
4050,12642.8798,1.6,0,15,43,P,12642.87833,44.1,7.732e-21
4052,12643.3572,1.9,0,15,51,R,12643.35561,47.6,8.995e-21
4053,12643.5040,1.0,0,15,42,P,12643.50324,22.9,5.418e-21
4054,12643.9699,1.3,0,15,50,R,12643.97086,-28.8,6.334e-21
4055,12644.1147,1.8,0,15,41,P,12644.11494,-7.3,7.435e-21
4056,12644.5738,1.6,0,15,49,R,12644.57288,27.6,8.737e-21
4058,12645.1602,1.3,0,15,48,R,12645.16168,-44.3,6.146e-21
4059,12645.2981,1.4,0,15,39,P,12645.29875,-19.6,7.130e-21
4060,12645.6757,1.6,0,14,179,R,12645.67226,103.0,7.503e-21
4061,12645.7384,1.5,0,15,47,R,12645.73725,34.5,8.469e-21
4062,12645.8702,1.8,0,15,38,P,12645.87086,-19.8,4.981e-21
4064,12646.2983,2.0,0,15,46,R,12646.29960,-39.0,5.951e-21
4065,12646.4330,1.5,0,15,37,P,12646.42977,96.8,6.816e-21
4066,12646.8484,1.3,0,15,45,R,12646.84873,-10.0,8.192e-21
4067,12646.9730,2.0,0,15,36,P,12646.97549,-74.5,4.754e-21
4068,12647.1084,1.6,0,14,170,P,12647.10802,11.5,5.997e-21
4069,12647.3847,1.2,0,15,44,R,12647.38465,1.6,5.750e-21
4070,12647.5114,1.4,0,15,35,P,12647.50800,101.8,6.495e-21
4071,12647.9062,1.4,0,15,43,R,12647.90734,-34.2,7.906e-21
4073,12648.4157,1.7,0,15,42,R,12648.41682,-33.7,5.543e-21
4074,12648.5343,1.7,0,15,33,P,12648.53346,25.3,6.166e-21
4075,12648.9139,1.6,0,15,41,R,12648.91309,24.3,7.611e-21
4076,12649.0291,3.2,0,15,32,P,12649.02639,81.1,4.285e-21
4077,12649.3959,1.7,0,15,40,R,12649.39614,-7.2,5.329e-21
4079,12649.8675,1.9,0,15,39,R,12649.86598,45.5,7.308e-21
4080,12649.9770,1.9,0,15,30,P,12649.97269,129.1,4.042e-21
4081,12650.3214,1.8,0,15,38,R,12650.32261,-36.4,5.109e-21
4084,12650.8674,1.8,0,15,28,P,12650.86623,35.1,3.795e-21
4085,12651.1940,1.3,0,15,36,R,12651.19625,-67.5,4.884e-21
4086,12651.2946,3.4,0,15,27,P,12651.29321,41.6,5.137e-21
4087,12651.6161,1.6,0,15,35,R,12651.61326,85.1,6.676e-21
4088,12651.8226,1.5,0,14,168,P,12651.82420,-48.0,6.137e-21
4089,12652.0182,1.4,0,15,34,R,12652.01706,34.1,4.652e-21
4092,12652.8721,1.3,0,15,23,P,12652.86927,84.8,4.421e-21
4093,12653.1509,1.7,0,15,31,R,12653.14925,49.4,6.014e-21
4094,12653.4970,2.7,0,15,30,R,12653.50025,-97.3,4.175e-21
4095,12653.8403,1.7,0,15,29,R,12653.83804,67.7,5.673e-21
4097,12654.4769,1.6,0,15,27,R,12654.47403,85.9,5.325e-21
4098,12654.7738,1.6,0,15,26,R,12654.77224,46.9,3.678e-21
4104,12658.7962,1.6,0,14,165,P,12658.79447,51.8,8.885e-21
4105,12659.7424,1.7,0,14,173,R,12659.73912,98.4,8.091e-21
4106,12661.0882,1.3,0,14,164,P,12661.09018,-59.5,6.416e-21
4107,12662.0344,1.7,0,14,172,R,12662.03472,-9.6,5.850e-21
4109,12663.3728,2.0,0,14,163,P,12663.37205,22.4,9.079e-21
4110,12664.3167,1.8,0,14,171,R,12664.31637,9.9,8.289e-21
4111,12665.6423,1.4,0,14,162,P,12665.64008,66.6,6.554e-21
4113,12666.5834,1.2,0,14,170,R,12666.58408,-20.4,5.991e-21
4114,12667.2432,1.9,1,14,207,P,12667.24526,-61.8,3.959e-21
4116,12667.8960,1.6,0,14,161,P,12667.89427,51.9,9.273e-21
4117,12668.8360,2.0,0,14,169,R,12668.83786,-55.7,8.486e-21
4119,12670.1355,1.4,0,14,160,P,12670.13463,26.1,6.692e-21
4120,12671.0774,1.3,0,14,168,R,12671.07770,-9.1,6.132e-21
4122,12672.3642,1.6,0,14,159,P,12672.36117,90.9,9.465e-21
4125,12674.5738,1.3,0,14,158,P,12674.57389,-2.6,6.829e-21
4126,12675.5144,1.3,0,14,166,R,12675.51564,-37.1,6.272e-21
4129,12676.7727,1.7,0,14,157,P,12676.77279,-2.7,9.655e-21
4130,12677.7135,1.6,0,14,165,R,12677.71374,-7.0,8.880e-21
4132,12679.8955,1.2,0,14,164,R,12679.89793,-72.8,6.413e-21
4134,12681.1285,2.2,0,14,155,P,12681.12918,-20.5,9.844e-21
4135,12682.0671,2.2,0,14,163,R,12682.06822,-33.7,9.075e-21
4136,12683.2887,1.7,0,14,154,P,12683.28668,60.5,7.098e-21
4137,12684.2259,2.0,0,14,162,R,12684.22463,38.1,6.552e-21
4138,12685.4319,1.7,0,14,153,P,12685.43039,45.4,1.003e-20
4139,12686.3682,1.4,0,14,161,R,12686.36715,31.6,9.271e-21
4140,12687.5568,2.0,0,14,152,P,12687.56030,-105.0,7.231e-21
4141,12688.4963,1.2,0,14,160,R,12688.49578,15.5,6.691e-21
4142,12689.6762,1.6,0,14,151,P,12689.67644,-7.2,1.021e-20
4143,12690.6123,1.2,0,14,159,R,12690.61054,52.6,9.464e-21
4144,12691.7781,1.5,0,14,150,P,12691.77880,-20.9,7.361e-21
4145,12692.2952,2.5,1,15,119,R,12692.29584,-19.2,3.172e-21
4146,12692.7082,1.8,0,14,158,R,12692.71144,-97.1,6.829e-21
4147,12693.8651,1.7,0,14,149,P,12693.86739,-68.5,1.040e-20
4148,12694.7974,1.7,0,14,157,R,12694.79847,-32.0,9.657e-21
4149,12695.9421,1.1,0,14,148,P,12695.94221,-3.2,7.490e-21
4150,12696.8718,1.4,0,14,156,R,12696.87164,4.8,6.966e-21
4151,12698.0048,1.3,0,14,147,P,12698.00326,46.1,1.057e-20
4152,12698.9317,1.4,0,14,155,R,12698.93096,22.2,9.847e-21
4153,12700.0511,1.5,0,14,146,P,12700.05056,16.1,7.616e-21
4154,12700.9773,1.4,0,14,154,R,12700.97643,25.9,7.101e-21
4155,12701.6875,3.0,1,14,195,P,12701.69003,-75.8,4.604e-21
4156,12702.0858,1.9,0,14,145,P,12702.08411,50.6,1.075e-20
4157,12703.0091,1.5,0,14,153,R,12703.00807,30.9,1.004e-20
4158,12704.1011,1.6,0,14,144,P,12704.10391,-84.3,7.739e-21
4159,12705.0242,1.6,0,14,152,R,12705.02587,-50.0,7.235e-21
4160,12706.1090,1.8,0,14,143,P,12706.10997,-29.1,1.092e-20
4161,12707.0302,2.3,0,14,151,R,12707.02983,10.9,1.022e-20
4163,12708.0985,1.4,0,14,142,P,12708.10229,-113.6,7.860e-21
4164,12709.0206,1.2,0,14,150,R,12709.01998,18.6,7.367e-21
4165,12710.0806,1.3,0,14,141,P,12710.08088,-8.3,1.109e-20
4166,12710.9956,2.1,0,14,149,R,12710.99630,-21.1,1.041e-20
4167,12712.0445,1.6,0,14,140,P,12712.04573,-37.0,7.978e-21
4168,12712.7118,1.4,1,14,191,P,12712.70983,59.1,4.823e-21
4169,12712.9599,1.7,0,14,148,R,12712.95881,32.5,7.497e-21
4170,12713.9974,1.7,0,14,139,P,12713.99687,16.0,1.125e-20
4171,12714.9086,1.5,0,14,147,R,12714.90752,32.5,1.059e-20
4172,12715.9344,1.1,0,14,138,P,12715.93428,3.6,8.092e-21
4173,12716.8407,1.6,0,14,146,R,12716.84242,-51.4,7.625e-21
4175,12717.8582,1.4,0,14,137,P,12717.85798,6.6,1.141e-20
4176,12718.7647,1.1,0,14,145,R,12718.76352,35.5,1.076e-20
4178,12719.7677,1.4,0,14,136,P,12719.76797,-8.0,8.203e-21
4179,12720.6705,1.8,0,14,144,R,12720.67083,-9.7,7.750e-21
4181,12721.6637,1.2,0,14,135,P,12721.66425,-16.4,1.156e-20
4182,12722.5663,1.8,0,14,143,R,12722.56435,58.6,1.094e-20
4183,12723.5467,1.4,0,14,134,P,12723.54683,-3.8,8.311e-21
4184,12724.4448,1.1,0,14,142,R,12724.44408,21.5,7.873e-21
4185,12725.4163,1.5,0,14,133,P,12725.41571,17.7,1.171e-20
4187,12726.3107,1.1,0,14,141,R,12726.31004,19.7,1.111e-20
4188,12727.2716,1.2,0,14,132,P,12727.27090,21.1,8.414e-21
4189,12728.1609,1.2,0,14,140,R,12728.16223,-39.8,7.992e-21
4190,12729.1194,1.7,1,14,193,R,12729.12307,-110.0,4.799e-21
4191,12730.0020,1.6,0,14,139,R,12730.00065,40.6,1.127e-20
4192,12730.9396,1.2,0,14,130,P,12730.94021,-18.3,8.513e-21
4193,12731.8250,1.4,0,14,138,R,12731.82530,-9.1,8.108e-21
4195,12732.7540,1.9,0,14,129,P,12732.75434,-10.3,1.199e-20
4196,12733.6368,1.8,0,14,137,R,12733.63620,18.0,1.143e-20
4197,12734.3837,1.8,1,14,191,R,12734.38574,-61.2,4.911e-21
4198,12734.5557,1.4,0,14,128,P,12734.55480,26.9,8.608e-21
4199,12735.4316,1.3,0,14,136,R,12735.43334,-52.3,8.221e-21
4200,12736.3410,1.3,0,14,127,P,12736.34159,-17.6,1.212e-20
4201,12737.2165,1.2,0,14,135,R,12737.21674,-7.1,1.159e-20
4202,12738.1178,1.4,0,14,126,P,12738.11470,92.9,8.698e-21
4203,12738.9868,1.4,0,14,134,R,12738.98639,12.3,8.331e-21
4204,12739.2560,3.3,1,14,181,P,12739.25394,61.8,5.373e-21
4205,12739.5894,1.6,1,14,189,R,12739.59065,-37.5,5.023e-21
4206,12739.8749,1.4,0,14,125,P,12739.87415,22.3,1.224e-20
4207,12740.7416,1.6,0,14,133,R,12740.74230,-21.0,1.174e-20
4208,12741.6205,1.5,0,14,124,P,12741.61995,16.6,8.783e-21
4210,12743.3536,1.6,0,14,123,P,12743.35208,45.5,1.235e-20
4212,12744.2115,1.4,0,14,131,R,12744.21292,-42.7,1.188e-20
4213,12745.0720,1.3,0,14,122,P,12745.07056,43.1,8.863e-21
4214,12745.9272,1.1,0,14,130,R,12745.92765,-13.4,8.537e-21
4215,12746.7751,2.9,0,14,121,P,12746.77540,-8.9,1.246e-20
4216,12747.2918,1.9,1,14,186,R,12747.28985,58.6,3.708e-21
4217,12747.6299,1.1,0,14,129,R,12747.62865,37.6,1.202e-20
4218,12748.4700,2.0,0,14,120,P,12748.46659,102.3,8.938e-21
4219,12749.3156,1.0,0,14,128,R,12749.31593,-9.9,8.634e-21
4220,12749.4727,1.4,1,14,177,P,12749.47067,60.9,5.591e-21
4221,12750.1447,1.5,0,14,119,P,12750.14413,17.0,1.256e-20
4222,12750.9900,2.4,0,14,127,R,12750.98950,15.0,1.215e-20
4223,12751.8075,1.6,0,14,118,P,12751.80804,-16.3,9.007e-21
4224,12752.3482,2.2,1,14,184,R,12752.35062,-72.6,3.788e-21
4225,12752.6510,1.4,0,14,126,R,12752.64936,49.0,8.726e-21
4226,12753.4605,1.8,0,14,117,P,12753.45832,65.3,1.266e-20
4227,12754.2954,1.0,0,14,125,R,12754.29552,-3.7,1.228e-20
4229,12754.8602,1.7,1,14,183,R,12754.85943,23.1,5.359e-21
4230,12755.0956,1.1,0,14,116,P,12755.09497,18.9,9.070e-21
4231,12755.9274,1.7,0,14,124,R,12755.92799,-17.5,8.814e-21
4233,12756.7186,1.8,0,14,115,P,12756.71799,18.3,1.274e-20
4235,12757.5473,1.7,0,14,123,R,12757.54675,16.5,1.240e-20
4236,12758.3265,1.5,0,14,114,P,12758.32739,-26.6,9.128e-21
4237,12758.4117,2.4,0,13,201,P,12758.41272,-30.7,5.211e-21
4238,12759.1506,1.5,0,14,122,R,12759.15183,-36.8,8.896e-21
4239,12759.4629,2.0,1,14,173,P,12759.45898,117.4,5.807e-21
4240,12759.9252,1.7,0,14,113,P,12759.92316,61.0,1.282e-20
4242,12760.7443,1.4,0,14,121,R,12760.74322,32.5,1.251e-20
4243,12761.5067,1.5,0,14,112,P,12761.50533,41.1,9.179e-21
4245,12763.0731,1.4,0,14,111,P,12763.07388,-23.3,1.288e-20
4246,12763.8838,1.3,0,14,119,R,12763.88495,-34.5,1.261e-20
4247,12764.0942,3.6,0,13,199,P,12764.09798,-113.3,5.384e-21
4248,12764.6266,1.3,0,14,110,P,12764.62882,-66.6,9.223e-21
4249,12764.7521,2.6,1,14,179,R,12764.75094,34.7,5.582e-21
4250,12765.4365,1.4,0,14,118,R,12765.43531,35.8,9.044e-21
4252,12766.1709,1.5,0,14,109,P,12766.17016,22.3,1.294e-20
4253,12766.7998,1.7,1,14,170,P,12766.80059,-23.6,4.261e-21
4254,12766.9727,1.4,0,14,117,R,12766.97199,21.3,1.271e-20
4255,12767.3865,1.9,0,13,206,R,12767.39039,-116.7,3.397e-21
4257,12768.3425,2.3,1,13,235,P,12768.34401,-45.1,3.935e-21
4258,12768.4949,1.7,0,14,116,R,12768.49501,-3.2,9.110e-21
4259,12769.2140,1.6,0,14,107,P,12769.21203,59.1,1.299e-20
4260,12769.6091,2.4,1,14,177,R,12769.61058,-44.4,5.693e-21
4261,12769.7263,1.9,0,13,197,P,12769.72586,13.2,5.559e-21
4262,12770.0035,2.2,0,14,115,R,12770.00436,-25.9,1.280e-20
4263,12770.7110,1.9,0,14,106,P,12770.71257,-47.0,9.292e-21
4264,12771.4985,1.6,0,14,114,R,12771.50006,-46.8,9.170e-21
4266,12772.2021,1.6,0,14,105,P,12772.19952,77.4,1.303e-20
4267,12772.5176,2.5,0,13,196,P,12772.51830,-21.1,4.034e-21
4269,12773.6723,1.1,0,14,104,P,12773.67288,-17.3,9.316e-21
4270,12774.0121,1.7,1,14,167,P,12774.01413,-60.8,6.123e-21
4271,12774.4511,1.3,0,14,112,R,12774.45050,18.1,9.223e-21
4272,12775.1338,1.6,0,14,103,P,12775.13265,34.4,1.306e-20
4273,12775.2964,1.6,0,13,195,P,12775.29643,-0.8,5.737e-21
4274,12775.7874,2.4,0,13,203,R,12775.78489,75.2,5.004e-21
4275,12775.9063,1.5,0,14,111,R,12775.90524,31.7,1.295e-20
4276,12776.3869,1.1,1,14,166,P,12776.39021,-99.4,4.410e-21
4277,12776.5772,1.4,0,14,102,P,12776.57884,-49.3,9.333e-21
4278,12777.3452,1.3,0,14,110,R,12777.34635,-34.4,9.270e-21
4279,12778.0128,1.5,0,14,101,P,12778.01146,40.3,1.307e-20
4281,12778.7705,2.1,0,14,109,R,12778.77381,-99.3,1.301e-20
4282,12779.1590,2.3,1,14,173,R,12779.15791,32.7,5.913e-21
4283,12779.4305,1.2,0,14,100,P,12779.43049,0.2,9.342e-21
4284,12780.1860,1.4,0,14,108,R,12780.18764,-49.2,9.311e-21
4285,12780.8349,3.6,0,14,99,P,12780.83595,-31.6,1.308e-20
4286,12781.3092,2.1,0,13,201,R,12781.30898,6.7,5.174e-21
4287,12781.5097,2.4,1,14,172,R,12781.50896,22.2,4.263e-21
4288,12781.5865,1.9,0,14,107,R,12781.58784,-40.1,1.306e-20
4289,12782.2293,1.4,0,14,98,P,12782.22785,43.5,9.344e-21
4290,12782.9730,1.2,0,14,106,R,12782.97441,-42.2,9.344e-21
4292,12783.5472,2.3,0,13,192,P,12783.54494,67.8,4.292e-21
4293,12783.6054,1.7,0,14,97,P,12783.60617,-23.2,1.308e-20
4294,12784.3454,1.6,0,14,105,R,12784.34735,-58.5,1.310e-20
4295,12784.9713,1.5,0,14,96,P,12784.97093,11.0,9.337e-21
4296,12785.7043,1.1,0,14,104,R,12785.70667,-71.1,9.371e-21
4297,12785.7521,2.0,1,14,162,P,12785.75259,-14.6,4.556e-21
4298,12786.2642,2.0,0,13,191,P,12786.26585,-49.4,6.100e-21
4299,12786.3232,1.3,0,14,95,P,12786.32213,31.9,1.306e-20
4300,12787.0535,1.4,0,14,103,R,12787.05238,33.6,1.313e-20
4301,12787.6594,1.6,0,14,94,P,12787.65978,-11.3,9.324e-21
4302,12788.0604,2.6,1,14,161,P,12788.05772,80.4,6.427e-21
4303,12788.3848,1.3,0,14,102,R,12788.38447,9.9,9.390e-21
4304,12788.4802,1.5,1,14,169,R,12788.47635,115.3,6.129e-21
4305,12788.9816,1.5,0,14,93,P,12788.98386,-67.8,1.304e-20
4306,12789.7029,1.7,0,14,101,R,12789.70295,-1.5,1.316e-20
4307,12790.2958,1.4,0,14,92,P,12790.29439,42.1,9.302e-21
4308,12791.0075,1.0,0,14,100,R,12791.00782,-9.7,9.402e-21
4310,12791.5936,1.0,0,14,91,P,12791.59138,66.6,1.300e-20
4311,12791.6650,2.3,0,13,189,P,12791.66482,5.3,6.285e-21
4312,12792.1839,1.6,0,13,197,R,12792.18410,-6.1,5.522e-21
4313,12792.3001,1.7,0,14,99,R,12792.29909,30.2,1.317e-20
4314,12792.6249,1.8,1,14,159,P,12792.62547,-17.1,6.526e-21
4315,12792.8735,1.4,0,14,90,P,12792.87481,-39.4,9.271e-21
4316,12793.5780,1.7,0,14,98,R,12793.57676,37.1,9.406e-21
4317,12794.1462,1.6,0,14,89,P,12794.14470,44.9,1.295e-20
4318,12794.8431,2.1,0,14,97,R,12794.84083,67.9,1.317e-20
4320,12795.3133,5.8,1,14,166,R,12795.31525,-58.5,4.492e-21
4321,12795.4022,1.4,0,14,88,P,12795.40105,34.4,9.233e-21
4322,12796.0896,1.0,0,14,96,R,12796.09131,-51.3,9.403e-21
4323,12796.6412,1.7,0,14,87,P,12796.64386,-79.8,1.290e-20
4324,12797.0059,2.7,0,13,187,P,12797.00672,-24.6,6.472e-21
4325,12797.1366,2.4,1,14,157,P,12797.13658,0.6,6.622e-21
4326,12797.3278,2.2,0,14,95,R,12797.32820,-12.0,1.316e-20
4327,12797.8723,2.1,0,14,86,P,12797.87313,-25.0,9.186e-21
4328,12798.5531,1.4,0,14,94,R,12798.55150,48.0,9.392e-21
4329,12799.0888,1.3,0,14,85,P,12799.08887,-2.2,1.282e-20
4330,12799.3724,2.0,1,14,156,P,12799.37091,44.8,4.764e-21
4331,12799.7611,1.6,0,14,93,R,12799.76121,-3.4,1.314e-20
4332,12800.1915,1.8,0,13,194,R,12800.18930,66.0,4.135e-21
4333,12800.2920,1.2,0,14,84,P,12800.29108,27.6,9.131e-21
4334,12800.9577,1.3,0,14,92,R,12800.95735,10.6,9.372e-21
4335,12801.4793,1.6,0,14,83,P,12801.47976,-13.7,1.274e-20
4336,12801.5932,1.8,1,14,155,P,12801.59109,63.2,6.716e-21
4338,12802.1413,1.8,0,14,91,R,12802.13990,41.9,1.310e-20
4339,12802.2915,2.5,0,13,185,P,12802.29159,-2.7,6.661e-21
4340,12802.6563,1.8,0,14,82,P,12802.65491,41.7,9.067e-21
4341,12803.3077,1.1,0,14,90,R,12803.30888,-35.5,9.345e-21
4342,12803.8152,2.7,0,14,81,P,12803.81654,-40.0,1.265e-20
4343,12804.4627,1.2,0,14,89,R,12804.46429,-47.7,1.306e-20
4345,12804.9654,1.2,0,14,80,P,12804.96464,22.8,8.995e-21
4346,12805.6048,1.2,0,14,88,R,12805.60613,-39.9,9.309e-21
4347,12805.9887,1.4,1,14,153,P,12805.98906,-10.6,6.808e-21
4348,12806.1019,1.6,0,14,79,P,12806.09923,80.2,1.254e-20
4349,12806.4251,1.5,1,14,161,R,12806.42835,-97.5,6.546e-21
4350,12806.7343,1.4,0,14,87,R,12806.73440,-3.1,1.300e-20
4351,12807.2196,1.7,0,14,78,P,12807.22029,-20.8,8.914e-21
4352,12807.5199,3.3,0,13,183,P,12807.51949,12.2,6.852e-21
4353,12807.8490,1.2,0,14,86,R,12807.84911,-3.4,9.265e-21
4354,12808.0650,1.4,0,13,191,R,12808.06517,-5.0,6.063e-21
4355,12808.3270,2.3,0,14,77,P,12808.32785,-25.4,1.242e-20
4357,12808.9494,1.3,0,14,85,R,12808.95026,-25.8,1.294e-20
4358,12809.4206,1.2,0,14,76,P,12809.42189,-38.6,8.824e-21
4359,12810.0376,1.9,0,14,84,R,12810.03785,-7.6,9.213e-21
4360,12810.1086,2.7,0,13,182,P,12810.11210,-104.8,4.963e-21
4361,12810.3299,1.3,1,14,151,P,12810.33051,-18.4,6.898e-21
4362,12810.5060,1.5,0,14,75,P,12810.50242,107.4,1.229e-20
4363,12810.7747,3.7,1,14,159,R,12810.77398,21.7,6.646e-21
4364,12811.1121,1.5,0,14,83,R,12811.11189,6.3,1.286e-20
4365,12811.5687,1.8,0,14,74,P,12811.56944,-22.2,8.726e-21
4366,12812.1734,1.4,0,14,82,R,12812.17237,30.8,9.152e-21
4367,12812.6254,1.7,0,14,73,P,12812.62296,73.2,1.214e-20
4368,12812.6922,1.6,0,13,181,P,12812.69048,51.6,7.044e-21
4369,12812.9237,1.9,1,14,158,R,12812.92547,-53.0,4.782e-21
4370,12813.2214,3.4,0,14,81,R,12813.21931,62.7,1.277e-20
4371,12813.6616,1.4,0,14,72,P,12813.66297,-41.0,8.619e-21
4372,12814.2534,1.7,0,14,80,R,12814.25270,21.1,9.082e-21
4373,12814.6160,1.5,1,14,149,P,12814.61552,14.5,6.985e-21
4374,12814.6871,3.0,0,14,71,P,12814.68948,-71.3,1.199e-20
4375,12815.0616,2.0,1,14,157,R,12815.06275,-34.5,6.744e-21
4376,12815.2717,2.8,0,14,79,R,12815.27254,-25.2,1.266e-20
4377,12815.7049,1.8,0,14,70,P,12815.70249,72.2,8.503e-21
4378,12816.2797,1.5,0,14,78,R,12816.27885,25.6,9.004e-21
4379,12816.7000,1.6,0,14,69,P,12816.70200,-60.1,1.182e-20
4380,12816.7364,3.4,1,14,148,P,12816.73686,-13.7,5.020e-21
4381,12817.2720,1.4,0,14,77,R,12817.27161,11.7,1.255e-20
4382,12817.6873,1.5,0,14,68,P,12817.68802,-21.6,8.378e-21
4383,12817.8018,2.0,0,13,179,P,12817.80461,-84.2,7.238e-21
4384,12818.2479,1.3,0,14,76,R,12818.25084,-88.1,8.917e-21
4385,12818.3644,2.6,0,13,187,R,12818.36551,-33.3,6.435e-21
4386,12818.6627,1.6,0,14,67,P,12818.66054,64.6,1.164e-20
4387,12818.8444,2.8,1,14,147,P,12818.84410,9.0,7.069e-21
4388,12819.2167,2.1,0,14,75,R,12819.21653,5.0,1.242e-20
4389,12819.2956,1.9,1,14,155,R,12819.29473,26.1,6.840e-21
4390,12819.6198,1.7,0,14,66,P,12819.61958,6.7,8.245e-21
4391,12820.1709,1.9,0,14,74,R,12820.16870,66.0,8.821e-21
4392,12820.3397,1.7,0,13,178,P,12820.34036,-19.9,5.239e-21
4393,12820.5654,1.3,0,14,65,P,12820.56512,8.5,1.144e-20
4394,12821.1085,2.0,0,14,73,R,12821.10733,34.9,1.228e-20
4395,12821.2774,2.0,1,13,219,P,12821.27433,92.1,5.184e-21
4396,12821.4957,1.5,0,14,64,P,12821.49717,-44.1,8.102e-21
4397,12822.0310,1.5,0,14,72,R,12822.03244,-43.3,8.717e-21
4398,12822.4153,1.3,0,14,63,P,12822.41574,-13.2,1.124e-20
4399,12822.8641,2.3,0,13,177,P,12822.86193,65.1,7.433e-21
4400,12822.9479,1.9,0,14,71,R,12822.94403,116.0,1.213e-20
4401,12823.0177,1.5,1,14,145,P,12823.01631,41.6,7.151e-21
4402,12823.3196,1.1,0,14,62,P,12823.32082,-36.6,7.952e-21
4403,12823.4319,2.0,0,13,185,R,12823.42976,64.3,6.625e-21
4404,12823.4700,1.7,1,14,153,R,12823.46996,1.3,6.933e-21
4405,12823.8432,1.5,0,14,70,R,12823.84209,33.1,8.603e-21
4406,12824.0479,1.8,1,13,226,R,12824.04815,-7.5,3.318e-21
4407,12824.2134,1.4,0,14,61,P,12824.21242,29.3,1.102e-20
4408,12824.7288,1.7,0,14,69,R,12824.72664,64.8,1.196e-20
4409,12825.0875,1.6,0,14,60,P,12825.09054,-91.2,7.793e-21
4410,12825.3682,1.7,0,13,176,P,12825.36930,-33.0,5.379e-21
4411,12825.5953,1.3,0,14,68,R,12825.59767,-71.0,8.481e-21
4412,12825.9520,3.0,0,14,59,P,12825.95518,-95.4,1.079e-20
4413,12826.4573,1.4,0,14,67,R,12826.45518,63.5,1.178e-20
4414,12826.8031,1.7,0,14,58,P,12826.80635,-97.3,7.625e-21
4415,12827.2987,1.5,0,14,66,R,12827.29919,-14.6,8.351e-21
4416,12827.5890,2.8,1,14,151,R,12827.58849,15.4,7.025e-21
4417,12827.6431,2.3,0,14,57,P,12827.64403,-28.0,1.055e-20
4418,12827.8630,2.0,0,13,175,P,12827.86249,15.3,7.628e-21
4419,12828.1300,1.5,0,14,65,R,12828.12968,9.7,1.159e-20
4420,12828.4391,3.6,0,13,183,R,12828.43679,69.2,6.816e-21
4421,12828.4652,2.8,0,14,56,P,12828.46825,-91.4,7.449e-21
4422,12828.9467,1.4,0,14,64,R,12828.94666,1.1,8.211e-21
4423,12829.1722,1.6,1,14,142,P,12829.16903,95.2,5.191e-21
4424,12829.2787,1.4,0,14,55,P,12829.27899,-8.6,1.030e-20
4425,12829.7529,3.0,0,14,63,R,12829.75014,82.7,1.139e-20
4426,12830.0763,1.4,0,14,54,P,12830.07626,1.3,7.265e-21
4427,12830.5417,1.4,0,14,62,R,12830.54012,47.5,8.063e-21
4428,12830.8615,1.9,0,14,53,P,12830.86006,43.2,1.004e-20
4429,12831.1920,1.8,1,14,141,P,12831.19179,6.3,7.305e-21
4430,12831.3160,2.7,0,14,61,R,12831.31659,-17.7,1.118e-20
4432,12832.0792,1.4,0,14,60,R,12832.07957,-11.0,7.906e-21
4433,12832.3898,1.6,0,14,51,P,12832.38726,76.3,9.763e-21
4435,12833.1294,1.3,0,14,50,P,12833.13066,-37.6,6.873e-21
4436,12833.3885,2.1,0,13,181,R,12833.38668,54.6,7.009e-21
4437,12833.5617,3.1,0,14,58,R,12833.56502,-99.7,7.741e-21
4438,12833.8624,1.5,0,14,49,P,12833.86059,54.2,9.478e-21
4439,12833.9085,1.6,1,13,215,P,12833.90948,-29.4,5.527e-21
4440,12834.2900,1.8,0,14,57,R,12834.28751,74.6,1.072e-20
4441,12834.5780,2.1,0,14,48,P,12834.57707,28.0,6.665e-21
4442,12834.9956,1.8,0,14,56,R,12834.99651,-27.3,7.568e-21
4443,12835.1947,2.1,1,14,139,P,12835.19514,-13.1,7.377e-21
4444,12835.2772,3.5,0,14,47,P,12835.28008,-86.3,9.181e-21
4445,12835.6921,1.6,0,14,55,R,12835.69202,2.5,1.047e-20
4446,12835.8390,2.5,0,13,180,R,12835.84021,-36.2,5.075e-21
4447,12835.9661,1.9,0,14,46,P,12835.96963,-105.9,6.450e-21
4448,12836.3733,1.4,0,14,54,R,12836.37404,-22.1,7.386e-21
4449,12836.6466,1.9,0,14,45,P,12836.64573,26.2,8.875e-21
4451,12837.1759,1.5,1,14,138,P,12837.17573,5.2,5.294e-21
4452,12837.3091,2.6,0,14,44,P,12837.30836,22.0,6.227e-21
4454,12837.9568,1.8,0,14,43,P,12837.95755,-22.4,8.558e-21
4455,12838.2769,2.0,0,13,179,R,12838.27947,-77.1,7.203e-21
4456,12838.3401,2.7,0,14,51,R,12838.33919,27.4,9.938e-21
4457,12838.5910,2.3,0,14,42,P,12838.59327,-68.1,5.997e-21
4458,12838.9675,2.3,0,14,50,R,12838.96727,6.8,6.998e-21
4459,12839.1398,2.6,1,14,137,P,12839.14227,-74.2,7.446e-21
4460,12839.2146,2.8,0,14,41,P,12839.21555,-28.4,8.231e-21
4465,12840.4210,1.7,0,14,39,P,12840.41974,37.9,7.894e-21
4466,12840.7683,1.9,0,14,47,R,12840.77066,-70.9,9.362e-21
4467,12841.3451,1.6,0,14,46,R,12841.34485,7.6,6.580e-21
4468,12841.5669,2.2,0,14,37,P,12841.57012,-96.6,7.548e-21
4469,12841.9050,1.5,0,14,45,R,12841.90555,-16.6,9.058e-21
4470,12842.4511,1.8,0,14,44,R,12842.45279,-50.7,6.359e-21
4471,12842.5234,3.1,0,13,169,P,12842.52416,-22.7,8.219e-21
4472,12842.6673,1.7,0,14,35,P,12842.66672,17.5,7.194e-21
4474,12842.9864,2.8,0,14,43,R,12842.98656,-4.7,8.744e-21
4476,12843.5027,2.4,0,14,42,R,12843.50686,-124.7,6.131e-21
4477,12843.7081,2.4,0,14,33,P,12843.70952,-42.7,6.831e-21
4478,12844.5064,1.7,0,14,40,R,12844.50706,-19.8,5.896e-21
4479,12844.9190,1.6,0,13,168,P,12844.91825,22.6,5.941e-21
4480,12844.9880,2.8,0,14,39,R,12844.98696,31.0,8.086e-21
4481,12845.1766,1.4,0,14,30,P,12845.17290,110.9,4.479e-21
4482,12845.4522,3.9,0,14,38,R,12845.45341,-36.2,5.654e-21
4483,12845.5088,2.1,0,13,176,R,12845.51174,-88.0,5.355e-21
4484,12845.6344,3.5,0,14,29,P,12845.63381,17.7,6.080e-21
4485,12845.9071,1.9,0,14,37,R,12845.90639,21.3,7.743e-21
4486,12846.7720,2.6,0,14,35,R,12846.77197,0.8,7.391e-21
4487,12846.8664,2.5,1,14,133,P,12846.86808,-50.5,7.572e-21
4488,12847.3004,2.2,0,13,167,P,12847.29820,65.9,8.417e-21
4490,12847.5842,1.5,0,14,33,R,12847.58373,14.1,7.030e-21
4492,12847.8938,2.3,0,13,175,R,12847.89400,-6.1,7.595e-21
4493,12848.3418,2.1,0,14,31,R,12848.34167,4.0,6.661e-21
4494,12848.7642,2.1,1,14,132,P,12848.76447,-8.1,5.430e-21
4495,12849.0485,1.5,0,14,29,R,12849.04579,81.1,6.284e-21
4497,12849.6647,2.6,0,13,166,P,12849.66403,20.0,6.082e-21
4501,12851.1096,4.1,1,14,139,R,12851.11154,-58.2,7.513e-21
4502,12852.0179,1.6,0,13,165,P,12852.01574,64.7,8.614e-21
4504,12852.6165,1.5,0,13,173,R,12852.61585,19.5,7.792e-21
4505,12852.9762,1.5,1,14,138,R,12852.98004,-115.1,5.392e-21
4507,12854.8329,1.4,1,14,137,R,12854.83445,-46.4,7.583e-21
4508,12856.6760,2.2,0,13,163,P,12856.67682,-24.5,8.810e-21
4509,12857.2826,2.0,0,13,171,R,12857.28082,53.4,7.990e-21
4510,12858.0374,1.7,1,14,127,P,12858.03620,35.8,7.732e-21
4511,12858.4677,2.1,1,13,207,P,12858.46729,12.2,6.246e-21
4513,12859.8480,2.1,1,14,126,P,12859.84855,-16.4,5.539e-21
4514,12861.6451,1.7,1,14,125,P,12861.64690,-53.9,7.777e-21
4515,12861.8902,1.7,0,13,169,R,12861.88897,36.9,8.188e-21
4516,12862.1109,2.1,1,14,133,R,12862.11128,-11.3,7.712e-21
4517,12863.4334,2.1,1,14,124,P,12863.43126,64.0,5.570e-21
4518,12863.5621,1.6,0,13,160,P,12863.56267,-17.1,6.503e-21
4519,12863.8926,2.2,1,14,132,R,12863.89531,-81.2,5.530e-21
4521,12864.4592,2.3,1,13,205,P,12864.45875,13.6,6.432e-21
4522,12865.2012,1.6,1,14,123,P,12865.20165,-13.4,7.817e-21
4523,12865.6679,2.1,1,14,131,R,12865.66528,78.5,7.770e-21
4524,12865.8291,1.7,0,13,159,P,12865.82977,-20.2,9.201e-21
4525,12866.4430,1.8,0,13,167,R,12866.44035,79.6,8.387e-21
4526,12867.4223,3.7,1,14,130,R,12867.42120,33.0,5.570e-21
4527,12868.0793,1.5,0,13,158,P,12868.08280,-104.9,6.642e-21
4529,12869.1618,2.4,1,14,129,R,12869.16306,-37.9,7.825e-21
4531,12870.3230,2.1,0,13,157,P,12870.32175,37.6,9.395e-21
4532,12870.9379,1.6,0,13,165,R,12870.93500,86.8,8.585e-21
4533,12872.1404,1.9,1,14,119,P,12872.14344,-91.0,7.884e-21
4534,12872.6059,1.7,1,14,127,R,12872.60467,37.0,7.875e-21
4535,12874.7581,2.4,0,13,155,P,12874.75744,19.9,9.587e-21
4536,12875.3733,1.4,0,13,163,R,12875.37299,9.3,8.783e-21
4537,12875.5297,2.0,1,14,117,P,12875.53055,-25.3,7.910e-21
4538,12876.2638,3.5,1,13,201,P,12876.26456,-22.7,6.811e-21
4539,12876.9524,1.4,0,13,154,P,12876.95419,-53.7,6.916e-21
4540,12878.8617,3.5,1,14,115,P,12878.86184,-4.2,7.932e-21
4541,12879.1396,1.8,0,13,153,P,12879.13689,81.2,9.777e-21
4542,12879.3201,2.5,1,14,123,R,12879.31948,18.7,7.962e-21
4543,12879.7568,2.8,0,13,161,R,12879.75436,73.2,8.980e-21
4544,12881.3061,1.8,0,13,152,P,12881.30554,16.7,7.051e-21
4545,12881.9237,2.2,0,13,160,R,12881.92382,-3.7,6.485e-21
4546,12882.0763,1.5,1,13,199,P,12882.07905,-82.6,7.004e-21
4547,12882.1356,1.9,1,14,113,P,12882.13736,-52.6,7.948e-21
4548,12882.5907,2.5,1,14,121,R,12882.59276,-61.8,7.998e-21
4549,12883.4592,2.2,0,13,151,P,12883.46015,-28.6,9.965e-21
4550,12884.0793,2.2,0,13,159,R,12884.07915,4.4,9.177e-21
4551,12884.2080,2.0,1,14,120,R,12884.20839,-11.7,5.725e-21
4553,12885.3546,2.5,1,14,111,P,12885.35712,-75.5,7.959e-21
4554,12885.6001,1.9,0,13,150,P,12885.60073,-18.7,7.184e-21
4555,12885.8098,2.0,1,14,119,R,12885.81002,-6.5,8.030e-21
4556,12886.2205,2.1,0,13,158,R,12886.22035,4.5,6.625e-21
4557,12887.6586,1.9,1,13,205,R,12887.65824,10.7,6.486e-21
4558,12887.7294,1.5,0,13,149,P,12887.72726,64.0,1.015e-20
4559,12887.8360,3.2,1,13,197,P,12887.83470,38.9,7.198e-21
4560,12888.3487,1.6,0,13,157,R,12888.34742,38.3,9.372e-21
4561,12888.5204,2.2,1,14,109,P,12888.52116,-22.8,7.964e-21
4562,12888.9717,1.6,1,14,117,R,12888.97127,12.8,8.057e-21
4563,12889.8414,1.4,0,13,148,P,12889.83977,48.7,7.316e-21
4564,12890.0823,1.6,1,14,108,P,12890.08230,0.1,5.689e-21
4566,12891.6273,1.8,1,14,107,P,12891.62951,-66.4,7.964e-21
4567,12891.9423,1.8,0,13,147,P,12891.93826,121.0,1.033e-20
4568,12892.0733,2.2,1,14,115,R,12892.07657,-98.0,8.079e-21
4569,12892.5619,2.6,0,13,155,R,12892.55921,80.5,9.566e-21
4570,12893.3753,1.8,1,13,203,R,12893.37379,45.4,6.676e-21
4571,12893.5339,2.2,1,13,195,P,12893.53157,69.9,7.394e-21
4572,12893.6063,1.6,1,14,114,R,12893.60824,-58.2,5.777e-21
4573,12894.0199,1.6,0,13,146,P,12894.02273,-85.0,7.445e-21
4574,12894.6843,1.8,1,14,105,P,12894.68221,62.8,7.959e-21
4575,12895.1269,2.6,1,14,113,R,12895.12594,28.8,8.095e-21
4576,12896.0914,1.2,0,13,145,P,12896.09319,-53.8,1.051e-20
4578,12896.3613,1.7,1,13,194,P,12896.35798,99.5,5.352e-21
4579,12896.6269,2.4,1,14,112,R,12896.62966,-82.8,5.787e-21
4580,12896.7159,1.9,0,13,153,R,12896.71457,39.7,9.758e-21
4581,12897.6801,2.5,1,14,103,P,12897.67926,25.1,7.948e-21
4583,12898.7685,2.1,0,13,152,R,12898.77111,-78.2,7.038e-21
4584,12899.0284,1.7,1,13,201,R,12899.03007,-50.1,6.869e-21
4586,12900.1917,1.5,0,13,143,P,12900.19209,-11.8,1.069e-20
4587,12900.6214,2.2,1,14,101,P,12900.62072,20.5,7.931e-21
4588,12900.8132,2.6,0,13,151,R,12900.81355,-10.5,9.947e-21
4589,12901.0574,1.3,1,14,109,R,12901.05703,11.0,8.112e-21
4590,12902.2216,1.5,0,13,142,P,12902.22054,31.7,7.696e-21
4591,12902.5053,2.0,1,14,108,R,12902.50491,11.8,5.795e-21
4592,12902.8431,1.7,0,13,150,R,12902.84191,35.8,7.172e-21
4593,12903.5083,2.3,1,14,99,P,12903.50659,51.2,7.908e-21
4594,12903.9410,2.0,1,14,107,R,12903.93882,65.2,8.113e-21
4595,12904.2355,2.4,0,13,141,P,12904.23500,15.0,1.086e-20
4596,12904.7488,2.3,1,13,191,P,12904.74922,-12.7,7.791e-21
4597,12904.8594,1.5,0,13,149,R,12904.85618,96.5,1.013e-20
4598,12904.9271,1.7,1,14,98,P,12904.92870,-47.9,5.639e-21
4599,12906.2363,1.7,0,13,140,P,12906.23547,24.9,7.818e-21
4600,12906.7651,3.7,1,14,105,R,12906.76482,8.4,8.108e-21
4601,12906.8577,2.0,0,13,148,R,12906.85638,39.5,7.305e-21
4602,12908.1591,1.4,1,14,104,R,12908.15690,65.9,5.788e-21
4603,12908.2231,2.0,0,13,139,P,12908.22196,34.3,1.103e-20
4604,12908.8465,1.9,0,13,147,R,12908.84252,119.4,1.032e-20
4605,12909.5329,2.8,1,14,103,R,12909.53505,-64.4,8.097e-21
4606,12910.1636,4.7,1,13,197,R,12910.16516,-46.8,7.261e-21
4608,12910.2717,2.0,1,13,189,P,12910.27014,46.7,7.992e-21
4609,12910.8134,2.0,0,13,146,R,12910.81459,-35.6,7.436e-21
4610,12912.1523,1.4,0,13,137,P,12912.15300,-20.9,1.119e-20
4611,12912.7744,1.9,0,13,145,R,12912.77260,54.0,1.050e-20
4612,12913.0114,1.6,1,13,188,P,12913.00865,82.5,5.780e-21
4613,12914.0961,1.9,0,13,136,P,12914.09756,-43.8,8.051e-21
4614,12914.4954,2.0,1,14,91,P,12914.49484,16.8,7.759e-21
4615,12914.7176,1.8,0,13,144,R,12914.71656,31.3,7.565e-21
4616,12914.9103,1.6,1,14,99,R,12914.90834,58.8,8.057e-21
4617,12915.7346,1.5,1,13,187,P,12915.73253,61.9,8.193e-21
4618,12916.0264,1.7,0,13,135,P,12916.02816,-52.7,1.135e-20
4619,12916.6485,1.9,0,13,143,R,12916.64647,60.9,1.068e-20
4620,12917.1028,2.8,1,14,89,P,12917.10321,-12.4,7.706e-21
4621,12917.5105,2.2,1,14,97,R,12917.51146,-28.6,8.029e-21
4622,12917.9425,2.3,0,13,134,P,12917.94480,-68.9,8.163e-21
4625,12918.5611,1.3,0,13,142,R,12918.56234,-37.0,7.691e-21
4626,12919.6530,2.1,1,14,87,P,12919.65616,-94.8,7.648e-21
4627,12919.8480,1.7,0,13,133,P,12919.84748,15.6,1.150e-20
4628,12920.0589,1.8,1,14,95,R,12920.05893,-0.8,7.994e-21
4629,12920.4668,2.4,0,13,141,R,12920.46417,79.0,1.085e-20
4630,12921.0649,1.4,1,13,193,R,12921.06407,24.8,7.660e-21
4631,12921.1362,1.7,1,13,185,P,12921.13647,-8.0,8.396e-21
4632,12921.3083,1.6,1,14,94,R,12921.31180,-105.0,5.696e-21
4633,12921.7361,1.4,0,13,132,P,12921.73621,-3.3,8.271e-21
4634,12922.1550,1.9,1,14,85,P,12922.15370,38.9,7.583e-21
4635,12922.3526,2.0,0,13,140,R,12922.35196,19.1,7.814e-21
4636,12922.5522,1.7,1,14,93,R,12922.55078,42.6,7.954e-21
4637,12923.6115,1.8,0,13,131,P,12923.61099,15.2,1.165e-20
4638,12924.2269,2.5,0,13,139,R,12924.22574,34.9,1.102e-20
4640,12925.4703,2.6,0,13,130,P,12925.47184,-46.0,8.374e-21
4641,12926.0823,1.6,0,13,138,R,12926.08548,-95.5,7.934e-21
4642,12926.4272,1.3,1,13,191,R,12926.42514,61.9,7.862e-21
4643,12926.4811,1.6,1,13,183,P,12926.48200,-27.0,8.599e-21
4644,12926.9804,2.2,1,14,81,P,12926.98266,-67.8,7.434e-21
4645,12927.3206,4.6,0,13,129,P,12927.31874,55.8,1.179e-20
4646,12927.3704,4.8,1,14,89,R,12927.36774,79.8,7.854e-21
4647,12927.9317,2.4,0,13,137,R,12927.93122,14.5,1.119e-20
4648,12928.1577,1.7,1,14,80,P,12928.15531,71.7,5.281e-21
4650,12929.3138,3.0,1,14,79,P,12929.31412,-9.7,7.351e-21
4652,12929.7621,1.3,0,13,136,R,12929.76294,-25.1,8.051e-21
4653,12930.9694,1.9,0,13,127,P,12930.97074,-40.3,1.193e-20
4654,12931.5845,1.7,0,13,135,R,12931.58065,115.4,1.135e-20
4655,12931.7275,3.4,1,13,189,R,12931.72736,4.2,8.065e-21
4656,12931.7698,2.1,1,13,181,P,12931.76919,18.3,8.802e-21
4657,12931.9613,1.9,1,14,85,R,12931.96254,-37.3,7.730e-21
4658,12932.7743,1.7,0,13,126,P,12932.77586,-46.7,8.568e-21
4660,12933.3826,1.3,0,13,134,R,12933.38436,-52.7,8.164e-21
4661,12933.8131,2.9,1,14,75,P,12933.81111,59.7,7.166e-21
4662,12934.1777,2.1,1,14,83,R,12934.17670,29.9,7.659e-21
4663,12934.3888,1.9,1,13,180,P,12934.39093,-63.8,6.360e-21
4664,12934.5687,1.8,0,13,125,P,12934.56705,49.5,1.206e-20
4665,12935.1741,1.6,0,13,133,R,12935.17407,0.9,1.151e-20
4666,12936.3413,2.4,0,13,124,P,12936.34432,-90.6,8.658e-21
4669,12938.7112,1.8,0,13,131,R,12938.71152,-9.7,1.166e-20
4670,12939.4696,2.3,1,14,78,R,12939.46950,3.1,5.324e-21
4672,12939.8567,1.9,0,13,122,P,12939.85713,-12.9,8.743e-21
4673,12940.1414,2.6,1,14,69,P,12940.14204,-19.2,6.841e-21
4674,12940.4615,2.1,0,13,130,R,12940.45927,66.9,8.380e-21
4675,12940.4884,2.0,1,14,77,R,12940.48649,57.2,7.407e-21
4676,12941.5931,2.0,0,13,121,P,12941.59268,12.7,1.230e-20
4677,12942.1547,2.7,1,13,185,R,12942.15555,-25.5,8.474e-21
4679,12943.3143,2.1,0,13,120,P,12943.31432,-0.6,8.822e-21
4680,12943.9115,1.7,0,13,128,R,12943.91283,-40.0,8.481e-21
4681,12944.0852,1.7,1,14,65,P,12944.08651,-39.3,6.595e-21
4682,12944.4178,2.5,1,14,73,R,12944.41601,53.7,7.208e-21
4683,12944.7274,1.2,1,13,184,R,12944.72593,44.2,6.126e-21
4684,12945.0242,1.9,0,13,119,P,12945.02207,64.0,1.240e-20
4686,12945.6208,2.5,0,13,127,R,12945.61866,64.2,1.194e-20
4687,12945.9762,3.1,1,14,63,P,12945.97595,7.5,6.462e-21
4688,12946.2957,2.3,1,14,71,R,12946.29773,-60.9,7.099e-21
4692,12948.3949,2.7,0,13,117,P,12948.39588,-29.4,1.250e-20
4693,12948.9890,3.5,0,13,125,R,12948.98842,17.5,1.207e-20
4695,12950.0679,3.7,3,15,107,R,12950.07125,-100.4,5.249e-21
4696,12950.6509,1.9,0,13,124,R,12950.65236,-43.8,8.670e-21
4697,12951.7146,1.3,0,13,115,P,12951.71415,13.5,1.260e-20
4699,12952.3462,2.6,1,13,181,R,12952.34917,-88.9,8.885e-21
4701,12953.3523,1.4,0,13,114,P,12953.35246,-4.9,9.027e-21
4702,12953.9372,2.2,0,13,122,R,12953.93839,-35.8,8.757e-21
4704,12954.8638,6.9,1,13,180,R,12954.86098,84.7,6.420e-21
4705,12954.9757,2.8,0,13,113,P,12954.97691,-36.1,1.268e-20
4706,12955.5589,1.8,0,13,121,R,12955.56049,-47.8,1.232e-20
4707,12955.8334,1.9,3,15,103,R,12955.83065,82.6,5.267e-21
4708,12956.5880,1.6,0,13,112,P,12956.58747,15.8,9.083e-21
4709,12957.1714,1.6,0,13,120,R,12957.16866,82.3,8.839e-21
4712,12957.9183,1.5,1,14,57,R,12957.92164,-100.2,6.169e-21
4713,12958.1874,1.8,0,13,111,P,12958.18418,96.7,1.275e-20
4715,12958.7622,2.0,0,13,119,R,12958.76288,-20.4,1.243e-20
4716,12959.3632,2.1,1,14,55,R,12959.36126,58.2,6.013e-21
4717,12959.7659,2.5,0,13,110,P,12959.76701,-33.3,9.132e-21
4718,12959.8107,2.2,1,13,170,P,12959.80851,65.6,7.084e-21
4720,12960.3427,1.4,0,13,118,R,12960.34318,-14.3,8.916e-21
4722,12961.9100,2.2,0,13,117,R,12961.90955,13.6,1.253e-20
4723,12962.3110,2.1,1,13,177,R,12962.30870,68.8,9.298e-21
4725,12963.4612,1.9,0,13,116,R,12963.46200,-23.8,8.987e-21
4727,12964.4324,1.7,0,13,107,P,12964.43237,0.8,1.287e-20
4728,12964.7174,2.3,1,13,168,P,12964.71789,-14.7,7.227e-21
4730,12965.9579,1.4,0,13,106,P,12965.95979,-56.6,9.211e-21
4731,12966.5263,2.3,0,13,114,R,12966.52514,34.8,9.051e-21
4733,12967.1508,2.5,1,13,167,P,12967.15086,-1.7,1.022e-20
4734,12967.1984,2.2,1,13,175,R,12967.20085,-73.4,9.504e-21
4735,12967.4747,1.2,0,13,105,P,12967.47336,40.3,1.292e-20
4736,12968.0374,1.6,0,13,113,R,12968.03585,46.6,1.271e-20
4737,12968.9714,1.8,0,13,104,P,12968.97308,-50.4,9.240e-21
4739,12969.5349,1.8,0,13,112,R,12969.53264,67.6,9.110e-21
4741,12971.0161,2.3,0,13,111,R,12971.01554,16.8,1.279e-20
4742,12971.7351,3.1,3,15,91,R,12971.73395,34.4,5.219e-21
4743,12971.9335,4.5,0,13,102,P,12971.93101,74.5,9.262e-21
4744,12971.9709,4.2,1,13,165,P,12971.97337,-74.2,1.042e-20
4745,12972.0360,2.1,1,13,173,R,12972.03465,40.4,9.709e-21
4746,12972.4848,1.5,0,13,110,R,12972.48454,7.8,9.162e-21
4747,12973.3910,1.6,0,13,101,P,12973.38923,53.1,1.298e-20
4748,12973.9373,2.4,0,13,109,R,12973.93964,-70.3,1.286e-20
4749,12974.3614,2.3,1,13,164,P,12974.36294,-46.2,7.510e-21
4750,12974.8349,1.5,0,13,100,P,12974.83361,38.6,9.276e-21
4751,12975.3798,1.5,0,13,108,R,12975.38086,-31.7,9.208e-21
4752,12976.2652,2.0,0,13,99,P,12976.26417,31.0,1.299e-20
4754,12976.7363,1.9,1,13,163,P,12976.73805,-52.5,1.061e-20
4756,12978.2213,1.4,0,13,106,R,12978.22163,-9.8,9.247e-21
4758,12979.1753,1.8,1,13,170,R,12979.17610,-24.0,7.154e-21
4759,12979.6211,2.9,0,13,105,R,12979.62119,-2.7,1.297e-20
4761,12980.4716,2.0,0,13,96,P,12980.47290,-39.0,9.282e-21
4762,12981.0074,1.4,0,13,104,R,12981.00688,15.6,9.279e-21
4763,12981.4455,1.5,1,13,161,P,12981.44494,16.8,1.081e-20
4764,12981.8479,1.5,0,13,95,P,12981.84818,-8.3,1.299e-20
4765,12982.3807,2.4,0,13,103,R,12982.37869,60.1,1.301e-20
4766,12983.2095,1.1,0,13,94,P,12983.20964,-4.2,9.273e-21
4768,12983.7344,1.6,0,13,102,R,12983.73664,-67.2,9.303e-21
4769,12983.7782,1.4,1,13,160,P,12983.77673,44.2,7.788e-21
4770,12984.5602,2.2,0,13,93,P,12984.55730,87.1,1.297e-20
4771,12985.0821,1.5,0,13,101,R,12985.08072,41.3,1.304e-20
4773,12985.8911,1.8,0,13,92,P,12985.89114,-1.3,9.256e-21
4774,12986.0943,1.6,1,13,159,P,12986.09408,6.5,1.100e-20
4775,12986.1860,2.1,1,13,167,R,12986.18661,-18.3,1.032e-20
4776,12986.4115,2.0,0,13,100,R,12986.41094,16.7,9.321e-21
4777,12987.2124,1.3,0,13,91,P,12987.21119,36.3,1.294e-20
4778,12987.7277,2.4,0,13,99,R,12987.72731,11.8,1.306e-20
4781,12989.0297,1.4,0,13,98,R,12989.02981,-3.4,9.330e-21
4782,12989.8071,3.7,0,13,89,P,12989.80988,-83.3,1.290e-20
4783,12990.3200,1.8,0,13,97,R,12990.31847,45.9,1.307e-20
4786,12991.0866,1.9,0,13,88,P,12991.08853,-57.9,9.196e-21
4787,12991.5927,1.7,0,13,96,R,12991.59328,-17.3,9.332e-21
4788,12992.3548,2.1,0,13,87,P,12992.35339,42.3,1.285e-20
4789,12992.8549,2.2,0,13,95,R,12992.85424,19.8,1.306e-20
4790,12992.9588,1.6,1,13,156,P,12992.95964,-25.3,8.058e-21
4791,12993.6027,1.4,0,13,86,P,12993.60446,-52.7,9.154e-21
4793,12994.1019,1.5,0,13,94,R,12994.10136,16.1,9.326e-21
4794,12994.8413,2.0,0,13,85,P,12994.84174,-13.2,1.278e-20
4795,12995.2209,2.0,1,13,155,P,12995.21935,46.5,1.137e-20
4797,12996.5536,1.9,0,13,92,R,12996.55410,-14.9,9.312e-21
4798,12997.4635,1.2,1,13,154,P,12997.46465,-34.5,8.190e-21
4800,12997.7613,2.1,0,13,91,R,12997.75971,47.5,1.302e-20
4801,12998.4714,1.8,0,13,82,P,12998.47089,15.3,9.044e-21
4802,12998.9513,1.6,0,13,90,R,12998.95150,-6.1,9.290e-21
4803,12999.6544,2.8,0,13,81,P,12999.65305,40.6,1.262e-20
4804,12999.6962,1.9,1,13,153,P,12999.69556,19.1,1.156e-20
4805,12999.8168,2.5,1,13,161,R,12999.81557,36.8,1.092e-20
4807,13000.8193,2.6,0,13,80,P,13000.82143,-63.9,8.975e-21
4808,13001.2962,3.0,0,13,88,R,13001.29361,77.7,9.259e-21
4809,13001.9147,1.7,1,13,152,P,13001.91209,78.4,8.320e-21
4812,13003.1172,1.8,0,13,78,P,13003.11689,9.4,8.898e-21
4813,13003.5802,1.4,0,13,86,R,13003.58044,-7.1,9.220e-21
4814,13004.1149,4.9,1,13,151,P,13004.11423,20.1,1.174e-20
4816,13004.7055,1.5,0,13,85,R,13004.70313,71.1,1.288e-20
4818,13005.8096,1.9,0,13,84,R,13005.81201,-72.2,9.172e-21
4821,13006.9039,1.9,0,13,83,R,13006.90708,-95.4,1.280e-20
4823,13007.9875,1.7,0,13,82,R,13007.98835,-25.6,9.116e-21
4824,13008.4772,1.5,1,13,149,P,13008.47539,54.2,1.191e-20
4826,13009.0567,4.0,0,13,81,R,13009.05582,26.4,1.272e-20
