N,sigma_cm1,eps_mk,depth,table_page
1,11000.1662,0.7,9,1
2,11000.2609,1.2,5,1
3,11000.3679,1.2,6,1
4,11000.5435,2.5,6,1
5,11000.8597,1.0,8,1
6,11001.0944,1.6,5,1
7,11001.2445,2.7,6,1
8,11001.3967,1.4,6,1
9,11001.5718,1.0,9,1
10,11001.7415,1.2,6,1
11,11001.8522,1.0,7,1
12,11001.9298,1.0,6,1
13,11002.3453,2.2,7,1
14,11002.5054,1.2,7,1
15,11003.6650,1.2,6,1
16,11003.8432,4.8,6,1
17,11004.0216,1.6,7,1
18,11004.5848,0.9,10,1
19,11004.6642,2.2,5,1
20,11005.6650,0.8,12,1
21,11005.7062,1.9,6,1
22,11005.8971,1.1,7,1
23,11006.0261,1.2,8,1
24,11006.3653,3.0,6,1
25,11006.6373,1.1,8,1
26,11006.7327,1.2,8,1
27,11006.8971,0.9,10,1
28,11007.0465,1.5,5,1
29,11007.3598,1.8,5,1
30,11007.5798,0.9,7,1
31,11008.1124,1.2,6,1
32,11008.5569,1.9,6,1
33,11008.6505,1.0,7,1
34,11008.9335,1.5,9,1
35,11009.0115,1.1,7,1
36,11009.1245,2.3,5,1
37,11009.4423,2.0,6,1
38,11009.5966,1.4,6,1
39,11009.7121,1.4,5,1
40,11009.8266,1.8,5,1
41,11009.9086,1.5,6,1
42,11010.0030,1.8,6,1
43,11010.2439,1.6,8,1
44,11010.3946,1.1,6,1
45,11010.8722,1.2,8,1
46,11010.9940,2.6,5,1
47,11011.0550,1.5,6,1
48,11011.3230,2.1,9,1
49,11011.6358,1.5,5,1
50,11011.9653,1.6,4,1
51,11012.1120,0.8,9,1
52,11012.3287,1.8,7,1
53,11012.5581,2.3,5,1
54,11012.9268,1.2,6,1
55,11013.8368,1.4,6,1
56,11013.8874,1.2,10,1
57,11014.2120,1.1,7,1
58,11014.3171,1.3,5,1
59,11014.4474,0.6,11,1
60,11015.4233,1.5,5,1
61,11015.6439,1.6,7,1
62,11015.8520,2.7,6,1
63,11016.0774,2.0,6,1
64,11016.4367,1.0,8,1
65,11016.8155,1.8,6,2
66,11017.6307,1.3,7,2
67,11017.8577,1.7,5,2
68,11017.9929,1.2,9,2
69,11018.1119,1.0,7,2
70,11018.3513,1.4,5,2
71,11018.4761,1.6,6,2
72,11018.5204,0.9,10,2
73,11018.5985,2.9,6,2
74,11019.2343,1.7,5,2
75,11019.7013,0.8,8,2
76,11019.8458,1.6,6,2
77,11019.8892,1.3,8,2
78,11019.9642,2.4,5,2
79,11020.4975,1.2,8,2
80,11020.7762,1.4,8,2
81,11020.8288,0.9,8,2
82,11020.8766,1.6,5,2
83,11021.2289,1.7,6,2
84,11021.3701,1.5,6,2
85,11021.6233,1.9,6,2
86,11021.6785,0.8,9,2
87,11022.3076,1.3,5,2
88,11022.4431,1.5,7,2
89,11022.8862,1.3,8,2
90,11023.0330,0.9,5,2
91,11023.1338,0.9,9,2
92,11023.3127,1.2,7,2
93,11023.3737,1.2,8,2
94,11024.0767,1.5,6,2
95,11024.2514,1.4,5,2
96,11024.4360,1.1,6,2
97,11024.9578,2.6,6,2
98,11025.2540,1.5,8,2
99,11025.2756,,7,2
100,11025.5083,1.2,7,2
101,11025.6424,1.6,7,2
102,11026.1234,1.6,5,2
103,11026.2406,1.0,7,2
104,11026.3392,1.9,6,2
105,11026.4322,3.8,5,2
106,11026.8938,2.3,5,2
107,11027.2833,2.1,4,2
108,11027.4241,0.8,7,2
109,11027.5734,3.4,7,2
110,11027.6544,1.2,6,2
111,11027.7579,1.5,6,2
112,11028.4372,1.1,7,2
113,11028.7387,0.9,8,2
114,11028.8574,1.0,6,2
115,11029.4839,1.8,7,2
116,11029.5661,1.2,7,2
117,11029.6977,1.5,7,2
118,11029.8849,5.6,5,2
119,11030.0184,2.3,6,2
120,11030.7012,1.1,5,2
121,11030.7840,1.0,8,2
122,11031.1991,1.3,8,2
123,11031.8187,1.1,9,2
124,11032.0519,1.3,8,2
125,11032.3756,1.0,5,2
126,11032.6597,1.3,5,2
127,11032.9271,1.2,6,2
128,11033.2256,1.7,7,2
129,11033.4207,1.9,4,2
130,11034.0132,2.8,5,2
131,11034.7223,1.3,7,2
132,11034.9899,1.6,5,2
133,11035.0976,1.5,6,2
134,11035.3975,1.5,5,2
135,11035.6262,1.3,5,2
136,11036.1648,0.9,8,2
137,11036.3974,1.5,5,2
138,11036.4661,1.4,5,2
139,11036.5325,1.1,6,2
140,11036.8060,1.5,5,2
141,11036.9962,1.5,5,2
142,11037.0405,1.3,6,2
143,11037.5267,2.5,7,2
144,11037.6989,1.2,6,2
145,11038.2809,1.0,7,2
146,11038.5420,1.4,6,2
147,11038.8485,2.2,5,2
148,11038.9926,1.0,8,2
149,11039.3160,1.5,6,2
150,11039.6052,0.8,8,2
151,11040.1477,1.3,5,2
152,11040.3402,1.5,5,2
153,11040.4352,0.9,7,2
154,11040.6272,1.3,7,2
155,11041.3607,1.7,5,2
156,11041.6530,1.5,7,2
157,11041.7965,1.1,6,2
158,11042.6513,1.2,7,2
159,11042.7638,1.2,6,2
160,11042.9523,1.1,7,2
161,11043.9602,1.7,5,2
162,11044.0694,1.1,5,2
163,11044.2089,1.4,5,2
164,11044.3373,1.3,6,2
165,11044.6216,0.8,7,2
166,11044.9018,1.3,5,2
167,11045.1908,2.0,5,2
168,11045.3037,5.6,5,2
169,11045.8845,1.8,5,2
170,11046.2415,1.2,6,3
171,11046.2687,1.1,7,3
172,11047.4447,2.2,5,3
173,11047.4980,1.9,6,3
174,11047.6484,2.3,6,3
175,11048.1540,1.7,5,3
176,11048.5142,1.3,7,3
177,11048.7872,0.8,7,3
178,11048.9533,1.7,8,3
179,11049.0849,1.9,6,3
180,11049.3539,1.2,6,3
181,11050.2067,2.0,6,3
182,11050.3097,1.2,7,3
183,11050.6669,3.4,5,3
184,11050.7084,1.3,7,3
185,11051.0084,1.5,5,3
186,11051.3207,1.1,7,3
187,11051.6753,1.4,5,3
188,11051.9765,1.7,6,3
189,11052.0472,0.9,9,3
190,11052.6132,2.5,6,3
191,11053.5403,2.3,6,3
192,11053.8031,1.8,5,3
193,11054.1364,3.0,5,3
194,11054.4058,1.5,5,3
195,11054.6634,1.6,5,3
196,11054.7048,1.3,5,3
197,11054.9528,1.5,6,3
198,11055.0280,1.7,7,3
199,11055.2458,1.5,9,3
200,11056.3430,1.1,6,3
201,11056.7545,1.3,5,3
202,11057.1690,1.2,8,3
203,11057.7081,5.1,5,3
204,11057.7836,1.5,7,3
205,11058.5307,1.1,8,3
206,11058.7736,2.2,5,3
207,11059.2606,1.0,6,3
208,11059.4855,1.2,6,3
209,11059.5662,1.6,6,3
210,11059.7817,1.4,6,3
211,11060.5627,2.3,5,3
212,11060.8769,1.8,5,3
213,11061.0697,1.7,5,3
214,11061.1242,1.5,10,3
215,11061.5049,1.2,9,3
216,11061.8761,1.2,9,3
217,11062.0122,2.0,5,3
218,11062.3714,1.7,6,3
219,11063.4851,4.1,6,3
220,11063.6192,1.5,6,3
221,11063.8455,1.2,8,3
222,11064.0676,1.2,8,3
223,11064.8399,1.5,6,3
224,11065.2813,2.3,6,3
225,11065.3454,1.2,7,3
226,11065.4934,1.0,9,3
227,11065.6870,2.9,7,3
228,11066.2519,1.3,7,3
229,11066.3589,1.9,6,3
230,11066.8388,2.0,7,3
231,11067.3038,1.3,6,3
232,11067.5059,1.3,7,3
233,11068.6138,1.2,7,3
234,11068.7104,1.5,6,3
235,11068.9875,1.1,8,3
236,11069.3028,1.2,8,3
237,11070.0830,2.7,5,3
238,11070.1891,1.9,8,3
239,11070.7754,1.4,6,3
240,11071.0231,1.4,8,3
241,11071.8843,7.5,6,3
242,11071.9306,1.4,7,3
243,11072.4439,0.9,6,3
244,11072.5700,1.8,6,3
245,11072.7034,1.9,6,3
246,11072.8868,1.0,10,3
247,11073.9353,1.6,8,3
248,11074.2332,1.8,6,3
249,11074.4688,1.0,9,3
250,11074.6500,2.2,6,3
251,11074.8284,1.2,7,3
252,11075.5318,7.8,5,4
253,11076.1656,0.9,10,4
254,11076.4201,1.2,7,4
255,11076.9461,1.6,7,4
256,11076.9752,3.2,6,4
257,11077.0342,1.6,6,4
258,11077.1813,2.2,6,4
259,11077.8707,2.0,5,4
260,11078.3469,3.4,5,4
261,11078.7247,1.9,7,4
262,11078.9362,1.3,5,4
263,11079.6205,1.1,9,4
264,11079.7638,1.0,7,4
265,11080.0278,2.5,6,4
266,11081.1470,1.9,7,4
267,11081.2813,1.2,6,4
268,11081.3517,1.2,7,4
269,11082.5776,1.1,5,4
270,11082.6411,1.4,6,4
271,11083.2303,1.4,7,4
272,11083.3456,2.0,6,4
273,11083.5281,1.6,6,4
274,11083.6478,1.4,8,4
275,11084.4172,5.2,5,4
276,11084.9824,2.0,6,4
277,11085.0979,1.8,5,4
278,11085.2472,1.1,8,4
279,11085.2975,1.1,9,4
280,11085.6501,7.2,7,4
281,11086.7349,1.4,6,4
282,11086.9969,1.1,6,4
283,11087.0520,2.2,8,4
284,11087.3582,0.9,9,4
285,11087.5210,1.4,6,4
286,11088.0135,1.8,6,4
287,11088.5643,1.2,7,4
288,11088.6161,1.8,5,4
289,11089.0964,1.0,8,4
290,11089.4025,1.6,6,4
291,11089.6488,1.8,5,4
292,11089.9279,2.7,5,4
293,11090.0812,1.8,5,4
294,11090.4952,1.2,7,4
295,11090.5784,1.7,6,4
296,11090.6218,1.7,7,4
297,11090.7368,2.6,5,4
298,11091.1497,2.0,8,4
299,11091.4389,1.4,6,4
300,11091.4827,1.4,5,4
301,11091.7307,1.4,8,4
302,11092.9667,1.7,6,4
303,11093.0535,1.4,6,4
304,11093.3793,1.7,8,4
305,11093.4513,1.6,8,4
306,11094.0425,1.1,8,4
307,11094.7757,1.2,7,4
308,11095.0016,2.0,7,4
309,11095.4787,1.6,8,4
310,11096.3941,1.1,7,4
311,11096.6370,1.9,11,4
312,11096.8116,3.4,5,4
313,11097.2035,2.0,7,4
314,11097.4747,1.7,7,4
315,11097.7906,1.2,6,4
316,11098.0110,0.8,7,4
317,11098.0666,1.8,6,4
318,11098.2368,1.6,5,4
319,11098.6498,3.5,7,4
320,11099.1971,1.4,5,4
321,11099.4608,1.4,8,4
322,11099.5125,1.3,8,4
323,11099.6185,1.6,7,4
324,11099.6571,1.7,6,4
325,11099.8359,1.4,6,4
326,11100.5238,,5,4
327,11100.7586,1.0,7,4
328,11101.1837,3.2,8,4
329,11101.4260,1.0,9,4
330,11101.5043,1.6,6,4
331,11102.2300,1.5,7,4
332,11102.6936,3.6,5,4
333,11102.7888,1.4,6,4
334,11102.9915,1.2,8,4
335,11103.4006,1.1,8,4
336,11104.0496,1.4,6,4
337,11104.4946,,7,4
338,11105.2819,1.1,12,5
339,11106.1066,1.1,6,5
340,11107.2923,1.2,9,5
341,11107.6401,1.3,9,5
342,11108.4989,1.1,7,5
343,11108.9866,0.8,11,5
344,11109.1745,2.2,6,5
345,11109.2192,1.4,6,5
346,11109.3831,1.9,6,5
347,11109.9251,1.2,7,5
348,11110.5017,2.3,6,5
349,11110.6887,1.3,6,5
350,11110.8849,1.3,9,5
351,11110.9192,3.4,7,5
352,11111.1402,1.2,8,5
353,11111.2755,2.4,7,5
354,11112.0135,1.3,8,5
355,11112.1932,0.8,12,5
356,11112.8297,1.3,6,5
357,11113.0447,1.2,5,5
358,11113.5057,1.3,7,5
359,11113.6201,1.3,5,5
360,11113.6965,1.9,7,5
361,11114.4071,2.7,5,5
362,11114.7274,1.5,7,5
363,11114.8059,1.4,5,5
364,11114.9074,3.5,8,5
365,11114.9310,5.4,8,5
366,11114.9966,1.1,10,5
367,11115.1708,1.0,10,5
368,11116.3268,1.3,6,5
369,11116.4682,1.7,8,5
370,11116.6088,2.7,12,5
371,11116.8301,1.3,8,5
372,11116.9921,2.0,5,5
373,11117.4000,1.2,8,5
374,11117.7621,2.3,6,5
375,11117.9278,5.2,8,5
376,11118.0992,1.8,7,5
377,11118.4942,1.7,7,5
378,11118.6946,1.3,6,5
379,11118.7425,2.3,8,5
380,11119.0214,1.5,6,5
381,11119.3683,3.2,5,5
382,11119.4446,3.0,7,5
383,11119.5433,1.4,7,5
384,11119.9192,2.0,7,5
385,11120.3590,1.5,7,5
386,11120.5063,2.2,6,5
387,11120.5485,1.3,8,5
388,11120.8251,3.0,7,5
389,11120.8533,1.3,9,5
390,11120.9721,0.9,11,5
391,11122.1821,2.8,8,5
392,11122.2546,1.8,8,5
393,11122.3957,1.1,11,5
394,11122.8228,1.7,6,5
395,11122.9238,1.3,6,5
396,11123.6645,1.4,7,5
397,11124.0491,1.6,7,5
398,11124.5686,3.0,5,5
399,11124.9535,1.5,6,5
400,11125.0724,1.6,10,5
401,11125.2153,2.9,6,5
402,11125.8878,1.0,9,5
403,11125.9859,2.1,7,5
404,11126.0541,1.4,8,5
405,11126.2530,1.5,7,5
406,11126.5887,2.8,9,5
407,11126.7451,1.7,7,5
408,11127.7050,1.2,8,5
409,11127.8772,1.0,10,5
410,11127.9717,1.7,6,5
411,11128.7120,2.5,5,5
412,11129.2069,2.0,8,5
413,11129.3379,1.1,8,5
414,11129.5122,1.0,8,5
415,11129.6746,1.2,8,5
416,11130.0896,4.2,6,5
417,11131.3023,1.2,7,5
418,11131.4662,2.9,6,5
419,11131.7234,1.2,6,5
420,11131.8504,2.2,6,5
421,11131.8909,1.1,13,5
422,11131.9839,2.0,10,5
423,11132.0357,1.3,9,5
424,11133.0926,1.0,10,5
425,11133.2394,0.8,11,5
426,11133.4492,1.6,7,5
427,11134.5691,0.9,9,6
428,11134.6843,3.6,7,6
429,11134.7763,1.4,5,6
430,11134.8629,1.6,8,6
431,11135.0078,1.2,6,6
432,11135.9913,2.0,6,6
433,11136.2080,1.3,8,6
434,11136.5445,1.2,9,6
435,11136.6168,1.7,8,6
436,11136.7607,0.7,12,6
437,11137.1774,1.4,6,6
438,11137.2825,3.3,8,6
439,11137.4082,1.8,6,6
440,11137.6264,1.0,7,6
441,11138.3665,1.3,8,6
442,11138.5646,1.3,8,6
443,11139.3463,1.5,6,6
444,11139.7360,1.3,8,6
445,11139.8417,1.6,7,6
446,11139.8972,1.6,7,6
447,11140.0460,2.3,6,6
448,11140.1049,1.5,8,6
449,11140.2379,2.0,7,6
450,11141.0997,1.8,7,6
451,11141.2157,1.0,8,6
452,11141.5918,1.1,10,6
453,11141.6979,2.5,5,6
454,11141.8274,1.1,7,6
455,11141.9577,1.5,7,6
456,11142.1576,1.7,6,6
457,11142.2581,1.2,7,6
458,11142.3518,1.1,7,6
459,11143.3804,1.3,7,6
460,11143.4975,1.1,11,6
461,11143.5934,0.9,9,6
462,11143.6622,0.9,10,6
463,11143.9305,1.3,8,6
464,11144.3572,5.3,7,6
465,11144.7087,6.9,7,6
466,11144.8173,2.3,8,6
467,11145.2400,1.0,6,6
468,11145.7276,1.3,7,6
469,11145.9402,2.8,7,6
470,11146.0301,0.9,7,6
471,11146.3559,1.5,6,6
472,11146.4815,1.6,6,6
473,11146.9299,1.2,7,6
474,11147.0430,1.1,9,6
475,11147.1478,2.1,9,6
476,11147.2374,1.5,8,6
477,11147.6451,1.9,7,6
478,11147.7725,1.0,8,6
479,11147.9180,2.2,9,6
480,11148.0373,1.6,5,6
481,11148.3468,2.5,6,6
482,11148.4265,1.3,8,6
483,11148.6114,0.7,10,6
484,11148.7169,1.1,6,6
485,11149.5354,3.4,6,6
486,11149.6077,1.3,8,6
487,11149.8470,1.6,8,6
488,11150.0948,2.2,5,6
489,11150.2759,0.9,8,6
490,11150.3795,1.0,8,6
491,11150.7003,1.5,6,6
492,11150.7740,1.0,9,6
493,11151.6546,1.2,6,6
494,11151.8582,1.9,8,6
495,11151.9332,0.7,12,6
496,11152.4749,1.3,7,6
497,11153.0809,0.8,7,6
498,11153.5726,1.1,9,6
499,11153.6672,2.4,6,6
500,11153.7208,2.9,6,6
501,11153.8657,1.8,7,6
502,11154.1419,2.1,7,6
503,11154.2135,0.9,9,6
504,11154.3000,1.4,6,6
505,11155.2059,1.0,10,6
506,11155.2650,1.9,8,6
507,11155.3268,1.9,9,6
508,11155.7233,1.8,5,6
509,11156.3815,1.6,7,6
510,11156.4450,1.0,14,6
511,11156.8203,1.4,8,6
512,11156.9104,1.5,8,6
513,11157.5479,1.1,9,6
514,11157.8832,3.1,8,6
515,11158.4292,1.1,8,6
516,11158.5122,1.9,6,6
517,11158.5738,1.3,7,6
518,11158.6327,1.4,7,6
519,11158.9604,0.9,7,6
520,11159.7537,1.5,8,6
521,11160.1064,0.8,8,6
522,11160.3208,1.3,8,6
523,11160.6902,2.9,7,6
524,11160.7681,2.1,7,6
525,11161.4426,2.4,7,6
526,11161.6858,1.5,8,6
527,11161.8314,6.3,6,6
528,11162.8237,1.6,6,6
529,11162.8807,3.0,7,6
530,11163.1789,1.5,10,7
531,11163.2559,1.4,9,7
532,11163.8509,1.9,7,7
533,11163.9002,1.1,8,7
534,11164.1477,2.2,7,7
535,11164.4180,1.9,5,7
536,11164.7504,1.6,6,7
537,11164.8113,1.1,7,7
538,11164.8764,1.1,10,7
539,11164.9166,1.1,12,7
540,11165.6966,1.7,6,7
541,11166.3002,0.7,13,7
542,11166.3569,1.1,7,7
543,11166.8782,1.1,9,7
544,11167.6466,1.1,7,7
545,11167.8318,1.4,9,7
546,11167.8937,3.4,9,7
547,11168.2572,2.0,6,7
548,11168.6760,1.2,6,7
549,11168.8437,3.5,8,7
550,11168.8820,1.4,10,7
551,11169.3642,1.3,8,7
552,11169.4129,1.3,7,7
553,11169.6619,3.4,6,7
554,11169.8755,3.0,7,7
555,11170.7637,2.9,6,7
556,11170.7943,1.5,6,7
557,11170.8764,1.3,7,7
558,11171.0096,1.2,6,7
559,11172.3767,1.7,8,7
560,11172.4250,1.1,8,7
561,11172.6379,2.4,8,7
562,11173.3881,2.1,7,7
563,11173.9126,2.1,8,7
564,11174.1358,1.3,8,7
565,11174.4539,1.9,7,7
566,11174.4816,2.0,6,7
567,11174.8680,1.9,6,7
568,11175.2232,1.5,6,7
569,11175.3560,2.2,13,7
570,11176.1925,2.2,7,7
571,11176.2436,2.2,11,7
572,11176.8158,1.7,7,7
573,11176.8485,0.9,10,7
574,11177.1052,2.3,7,7
575,11177.7578,1.3,7,7
576,11177.9647,4.1,11,7
577,11178.3066,1.3,8,7
578,11178.8083,3.4,5,7
579,11179.1451,1.4,6,7
580,11179.5082,1.4,7,7
581,11179.6524,1.7,9,7
582,11180.4771,1.3,8,7
583,11181.1570,2.5,10,7
584,11181.2943,2.5,10,7
585,11182.0836,2.3,8,7
586,11182.5775,3.0,12,7
587,11182.8845,1.2,10,7
588,11183.6576,1.7,8,7
589,11183.7112,1.5,6,7
590,11183.9901,1.4,12,7
591,11184.4275,1.8,9,7
592,11184.5286,2.0,6,7
593,11184.7174,1.7,7,7
594,11185.1805,1.6,7,7
595,11185.3870,1.3,10,7
596,11185.9281,1.1,9,7
597,11186.3423,2.4,7,7
598,11186.6601,1.6,7,7
599,11186.7706,1.2,15,7
600,11187.0586,1.4,6,7
601,11187.3790,1.3,10,7
602,11188.1499,0.8,13,7
603,11188.7894,1.7,8,7
604,11189.5111,0.9,14,7
605,11189.9527,1.1,7,7
606,11190.1492,1.3,10,7
607,11190.2119,1.8,9,7
608,11190.3647,1.4,6,7
609,11190.8148,1.7,7,7
610,11190.8611,0.9,12,7
611,11191.4650,1.0,10,7
612,11191.7346,2.2,5,7
613,11192.1038,0.9,9,7
614,11192.2026,0.7,16,7
615,11192.5901,1.2,7,8
616,11192.7360,1.2,9,8
617,11193.0207,3.4,5,8
618,11193.3544,1.6,6,8
619,11193.5252,0.8,16,8
620,11193.9612,1.1,10,8
621,11194.0530,2.0,7,8
622,11194.1312,1.3,7,8
623,11194.5531,1.3,9,8
624,11194.8459,0.6,14,8
625,11195.1379,1.2,8,8
626,11195.7068,1.3,7,8
627,11196.1476,0.7,12,8
628,11196.2728,2.1,9,8
629,11196.3826,2.0,5,8
630,11196.8201,3.3,8,8
631,11196.8399,3.3,8,8
632,11197.0332,1.3,10,8
633,11197.3576,1.4,11,8
634,11197.4423,0.7,14,8
635,11197.6731,1.9,6,8
636,11197.8793,1.0,9,8
637,11198.3985,1.1,10,8
638,11198.7231,0.8,12,8
639,11198.7712,1.8,7,8
640,11198.8993,1.0,8,8
641,11199.2926,2.0,6,8
642,11199.3892,1.1,9,8
643,11199.8732,1.6,6,8
644,11199.9959,0.8,14,8
645,11200.3400,1.2,8,8
646,11200.4856,4.5,7,8
647,11200.7964,1.4,7,8
648,11201.0268,1.3,8,8
649,11201.2529,0.7,18,8
650,11201.5098,4.9,6,8
651,11201.6816,1.1,8,8
652,11202.1015,1.1,8,8
653,11202.5009,1.1,14,8
654,11202.6081,1.7,8,8
655,11202.9155,1.4,7,8
656,11203.1566,1.4,7,8
657,11203.5846,2.3,5,8
658,11203.6822,1.7,6,8
659,11203.7423,1.6,15,8
660,11203.9008,3.7,7,8
661,11203.9404,2.2,6,8
662,11204.2632,1.5,6,8
663,11204.3926,2.4,8,8
664,11204.9621,0.9,14,8
665,11205.0647,2.4,8,8
666,11205.3942,1.5,7,8
667,11205.6031,2.7,9,8
668,11205.7011,2.8,7,8
669,11205.9984,1.9,7,8
670,11206.1734,1.3,13,8
671,11207.3742,1.6,14,8
672,11208.3503,1.4,6,8
673,11208.5602,5.7,8,8
674,11209.0821,1.4,6,8
675,11209.7332,3.4,10,8
676,11210.9158,1.2,11,8
677,11212.0515,5.2,9,8
678,11212.5949,1.5,6,8
679,11213.1946,,8,8
680,11213.2110,4.2,8,8
681,11213.4145,1.3,6,8
682,11214.2311,2.0,6,8
683,11214.3453,5.0,9,8
684,11214.7157,1.1,9,8
685,11215.2382,1.9,7,8
686,11215.4398,1.7,7,8
687,11215.4735,2.8,8,8
688,11216.5478,1.6,9,8
689,11216.5827,1.0,12,8
690,11217.1008,1.5,10,8
691,11217.6414,1.4,8,8
692,11217.6758,2.3,7,8
693,11217.8079,1.9,7,8
694,11218.1676,2.2,8,8
695,11218.7308,1.7,11,8
696,11218.7616,1.0,13,8
697,11219.2002,1.5,7,8
698,11219.8378,1.6,7,8
699,11220.8635,2.1,9,8
700,11220.9009,1.2,8,8
701,11221.0422,3.1,7,8
702,11221.6703,2.4,7,8
703,11221.8364,1.8,6,9
704,11221.9189,3.7,8,9
705,11221.9453,2.0,9,9
706,11222.8312,1.4,7,9
707,11222.8783,2.7,6,9
708,11222.9535,2.0,8,9
709,11222.9909,1.4,8,9
710,11223.9727,1.7,8,9
711,11224.0634,1.1,6,9
712,11224.2500,1.8,6,9
713,11224.3710,2.1,5,9
714,11224.9940,1.8,8,9
715,11225.0449,1.1,11,9
716,11226.0019,1.1,8,9
717,11226.5266,1.1,9,9
718,11227.5412,1.4,7,9
719,11227.9806,0.9,10,9
720,11228.8417,1.1,7,9
721,11228.9497,2.4,7,9
722,11228.9918,1.5,7,9
723,11229.5762,1.2,8,9
724,11229.9536,1.1,9,9
725,11231.1583,1.1,9,9
726,11231.6568,1.6,8,9
727,11231.7909,1.2,6,9
728,11231.8332,1.2,8,9
729,11232.1513,1.4,7,9
730,11232.7607,0.8,10,9
731,11232.8765,3.0,6,9
732,11233.2296,2.7,7,9
733,11234.1405,1.8,7,9
734,11234.4383,1.5,6,9
735,11234.5275,1.9,7,9
736,11234.5780,1.3,10,9
737,11235.4179,1.1,8,9
738,11235.7434,2.3,6,9
739,11236.3018,1.1,9,9
740,11236.3475,1.8,7,9
741,11236.6051,2.1,6,9
742,11236.7148,1.6,7,9
743,11237.1644,1.5,7,9
744,11237.2137,1.3,7,9
745,11237.3606,1.6,8,9
746,11238.0222,0.9,11,9
747,11238.0701,1.4,8,9
748,11238.4379,0.9,9,9
749,11238.5422,3.0,6,9
750,11239.3679,1.2,8,9
751,11239.6940,3.0,8,9
752,11239.9388,1.8,8,9
753,11240.4898,2.4,6,9
754,11241.2305,1.5,7,9
755,11241.3851,1.7,9,9
756,11242.1258,1.6,6,9
757,11242.3551,2.3,6,9
758,11242.4602,2.8,7,9
759,11242.9174,1.2,7,9
760,11242.9717,1.5,9,9
761,11243.6959,1.9,6,9
762,11244.2285,2.0,6,9
763,11244.7788,2.0,7,9
764,11245.0211,1.7,8,9
765,11245.2616,2.2,6,9
766,11245.5149,1.6,8,9
767,11245.6924,1.4,8,9
768,11245.9547,1.3,8,9
769,11246.0059,1.8,7,9
770,11246.4662,4.5,6,9
771,11246.7312,1.1,8,9
772,11246.8875,1.4,6,9
773,11247.0011,1.0,10,9
774,11247.4027,1.2,10,9
775,11247.4515,2.0,7,9
776,11247.9110,1.4,6,9
777,11248.2545,2.7,8,9
778,11248.8493,1.7,8,9
779,11249.2167,1.8,6,9
780,11249.4923,1.5,7,9
781,11249.6118,1.9,6,9
782,11250.1081,1.2,9,9
783,11250.2124,1.5,8,9
784,11251.1953,1.6,6,10
785,11251.4197,2.2,7,10
786,11251.4727,1.3,9,10
787,11251.5220,1.2,8,10
788,11252.1634,0.9,8,10
789,11252.3041,1.1,9,10
790,11252.4063,1.2,8,10
791,11252.5201,1.5,6,10
792,11252.6147,1.2,7,10
793,11252.7897,1.7,7,10
794,11253.3987,1.2,8,10
795,11253.6082,0.9,12,10
796,11254.0107,1.2,8,10
797,11254.4845,1.0,9,10
798,11255.1858,0.9,10,10
799,11255.9470,1.8,6,10
800,11256.5236,1.3,6,10
801,11256.6467,1.2,7,10
802,11256.8187,1.4,8,10
803,11256.8577,1.1,7,10
804,11257.3962,1.8,6,10
805,11257.6361,2.0,6,10
806,11257.8748,1.6,6,10
807,11258.8005,1.2,9,10
808,11258.8829,2.9,8,10
809,11259.8654,2.4,7,10
810,11260.0629,1.1,8,10
811,11260.1815,1.2,8,10
812,11260.6456,1.4,8,10
813,11261.6563,1.9,7,10
814,11261.8077,1.3,9,10
815,11262.0805,1.8,7,10
816,11262.2468,1.3,8,10
817,11262.5329,1.2,10,10
818,11262.6701,1.8,8,10
819,11262.7222,1.8,6,10
820,11263.0790,1.9,7,10
821,11263.3174,1.4,7,10
822,11264.3760,1.1,10,10
823,11264.8399,1.2,6,10
824,11264.9394,3.0,6,10
825,11265.1978,1.9,8,10
826,11265.6793,3.1,6,10
827,11265.8988,1.0,9,10
828,11266.4923,1.7,7,10
829,11266.5675,1.2,8,10
830,11267.3031,1.0,11,10
831,11267.4147,1.5,6,10
832,11267.5309,1.1,9,10
833,11267.7505,1.3,6,10
834,11268.5935,0.9,11,10
835,11269.2022,2.2,7,10
836,11269.3338,1.1,9,10
837,11269.4521,1.8,7,10
838,11269.5583,2.5,6,10
839,11270.6966,1.7,8,10
840,11270.7352,1.2,7,10
841,11271.0487,2.0,6,10
842,11271.4765,1.3,9,10
843,11273.1915,2.0,6,10
844,11273.4912,1.7,6,10
845,11273.5456,1.6,7,10
846,11274.6161,1.6,7,10
847,11274.8410,1.4,7,10
848,11275.6028,1.3,9,10
849,11276.6973,2.0,8,10
850,11276.8949,1.2,8,10
851,11277.0267,1.4,9,10
852,11277.6513,1.1,9,10
853,11278.3453,1.1,7,10
854,11278.9446,1.2,9,10
855,11279.6866,1.3,9,10
856,11280.8681,1.6,8,11
857,11280.9819,4.7,7,11
858,11281.7106,0.8,10,11
859,11282.6117,1.5,8,11
860,11282.9524,4.3,6,11
861,11282.9939,1.6,8,11
862,11283.2126,2.2,7,11
863,11283.7163,1.1,9,11
864,11284.1224,1.8,7,11
865,11284.3053,2.0,6,11
866,11285.0010,1.0,10,11
867,11285.2915,2.8,7,11
868,11285.7183,1.0,11,11
869,11286.9952,1.3,11,11
870,11287.6972,1.7,11,11
871,11287.9693,1.7,8,11
872,11288.7969,1.4,6,11
873,11288.9806,1.1,12,11
874,11289.1537,1.6,6,11
875,11289.6744,1.4,7,11
876,11290.5298,1.7,7,11
877,11290.9556,1.1,12,11
878,11291.6442,1.5,11,11
879,11291.8982,1.3,6,11
880,11292.0745,1.5,7,11
881,11292.9142,1.0,9,11
882,11293.2034,2.7,7,11
883,11293.5973,3.7,8,11
884,11294.8648,1.2,10,11
885,11295.1364,1.6,7,11
886,11295.1920,1.7,7,11
887,11295.5260,1.0,12,11
888,11296.8002,1.5,7,11
889,11297.1455,3.2,6,11
890,11297.4565,2.1,6,11
891,11297.9838,1.6,8,11
892,11298.7311,1.1,14,11
893,11299.3704,1.2,8,11
894,11300.6343,2.8,6,11
895,11301.2741,1.0,8,11
896,11302.5705,1.0,10,11
897,11303.0602,1.8,7,11
898,11303.1648,0.9,10,11
899,11303.2383,2.4,7,11
900,11304.4180,0.9,11,11
901,11304.5230,,6,11
902,11304.6200,2.9,6,11
903,11304.7388,1.4,8,11
904,11305.0432,1.0,11,11
905,11305.4605,1.0,8,11
906,11306.2974,1.5,7,11
907,11306.9044,2.1,11,11
908,11307.3577,1.8,7,11
909,11307.4888,2.1,7,11
910,11307.6849,2.1,6,11
911,11308.1639,1.0,10,11
912,11308.7624,0.9,12,11
913,11309.6729,4.8,8,12
914,11309.6954,2.1,9,12
915,11310.0132,1.1,7,12
916,11310.6057,1.3,11,12
917,11311.5179,2.5,6,12
918,11311.8502,1.2,8,12
919,11312.4344,1.2,9,12
920,11313.6812,1.4,9,12
921,11314.2624,1.3,11,12
922,11315.4934,1.0,9,12
923,11316.0675,1.6,7,12
924,11316.0989,3.1,6,12
925,11317.2973,1.6,9,12
926,11317.8640,1.3,13,12
927,11318.0869,1.4,7,12
928,11319.0875,1.2,9,12
929,11319.6417,1.4,7,12
930,11319.8493,1.9,8,12
931,11320.2620,1.5,8,12
932,11320.7434,1.6,6,12
933,11320.8692,2.9,8,12
934,11321.4173,0.9,10,12
935,11322.6348,1.0,8,12
936,11322.8833,2.9,8,12
937,11323.0513,3.3,6,12
938,11323.4813,1.3,6,12
939,11324.3882,1.7,10,12
940,11324.9221,1.2,8,12
941,11326.1355,1.3,8,12
942,11326.4844,1.7,8,12
943,11326.6570,1.2,8,12
944,11327.8654,1.2,8,12
945,11327.9582,3.4,6,12
946,11328.3785,1.0,13,12
947,11328.4712,2.1,6,12
948,11328.5950,1.1,9,12
949,11329.2019,6.3,6,12
950,11329.5819,1.6,7,12
951,11329.6855,2.9,7,12
952,11330.0537,1.8,6,12
953,11330.0909,1.0,9,12
954,11331.2943,1.1,12,12
955,11331.7937,1.2,9,12
956,11331.9991,1.6,7,12
957,11332.7806,1.7,6,12
958,11332.9879,1.4,6,12
959,11333.3711,1.7,8,12
960,11333.4782,1.3,9,12
961,11334.1895,4.2,6,12
962,11334.6724,1.5,9,12
963,11334.7543,9.0,6,12
964,11335.1541,1.1,10,12
965,11336.3427,1.2,7,12
966,11336.8183,0.8,13,12
967,11336.9092,3.1,8,12
968,11337.4904,2.3,7,12
969,11337.5609,1.7,8,12
970,11337.8879,1.6,8,12
971,11337.9988,1.0,12,12
972,11338.4751,1.0,12,12
973,11339.5243,1.3,7,13
974,11339.6506,1.0,9,13
975,11339.8113,1.9,7,13
976,11340.1184,0.9,13,13
977,11340.9945,1.6,9,13
978,11341.2865,1.1,11,13
979,11341.5554,1.1,8,13
980,11341.7490,0.9,14,13
981,11342.0122,1.4,9,13
982,11342.3233,1.8,7,13
983,11342.9105,1.0,9,13
984,11343.3605,1.2,12,13
985,11344.5241,1.1,10,13
986,11344.9666,1.1,10,13
987,11345.0322,1.2,8,13
988,11345.3475,2.2,6,13
989,11346.1199,1.3,6,13
990,11346.2722,1.1,7,13
991,11346.5617,1.2,11,13
992,11347.5893,1.3,9,13
993,11347.7042,1.4,11,13
994,11347.7922,2.8,8,13
995,11348.1407,1.1,12,13
996,11348.6099,2.3,6,13
997,11349.0289,5.0,6,13
998,11349.2841,1.1,10,13
999,11349.3399,2.3,7,13
1000,11349.5468,1.2,6,13
1001,11349.7094,1.8,8,13
1002,11350.3400,2.2,7,13
1003,11350.6242,9.0,6,13
1004,11350.8513,0.8,11,13
1005,11351.2679,1.1,12,13
1006,11352.3078,3.1,7,13
1007,11352.3997,1.4,8,13
1008,11352.8129,1.0,9,13
1009,11352.9567,2.3,7,13
1010,11353.2671,1.3,7,13
1011,11353.9418,0.9,10,13
1012,11354.2211,3.9,6,13
1013,11354.3498,1.4,10,13
1014,11354.3844,2.0,7,13
1015,11355.4119,0.8,10,13
1016,11355.4681,1.3,9,13
1017,11355.5376,2.0,8,13
1018,11355.8657,1.0,10,13
1019,11356.2699,1.4,6,13
1020,11356.8612,1.7,7,13
1021,11356.9900,1.3,11,13
1022,11357.3784,1.0,14,13
1023,11358.1612,3.8,7,13
1024,11358.4922,1.1,9,13
1025,11358.8798,1.7,8,13
1026,11358.9362,3.4,8,13
1027,11359.4184,2.3,6,13
1028,11359.9803,1.3,11,13
1029,11360.3627,1.2,10,13
1030,11360.5571,1.6,9,13
1031,11360.7833,1.3,7,13
1032,11361.1740,1.6,6,13
1033,11361.4670,1.6,11,13
1034,11361.8381,1.1,8,13
1035,11362.9357,0.9,13,13
1036,11363.0739,3.9,7,13
1037,11363.3062,0.8,14,13
1038,11363.9167,1.5,7,13
1039,11364.1242,1.3,6,13
1040,11364.3925,1.6,8,13
1041,11364.4900,2.0,7,13
1042,11364.7481,1.2,10,13
1043,11364.9483,4.0,7,13
1044,11365.8368,1.5,12,13
1045,11366.1915,0.9,12,13
1046,11367.2227,1.9,7,13
1047,11367.2747,1.5,13,13
1048,11367.6201,0.8,11,13
1049,11367.8588,1.3,8,13
1050,11368.0502,2.2,8,13
1051,11368.2417,2.5,7,13
1052,11368.6915,0.6,19,14
1053,11369.0359,1.1,12,14
1054,11370.0958,0.8,17,14
1055,11370.4397,0.9,11,14
1056,11371.1176,1.9,7,14
1057,11371.4970,0.9,17,14
1058,11371.8321,1.9,12,14
1059,11371.8661,3.2,10,14
1060,11372.3614,5.7,10,14
1061,11372.8759,1.1,14,14
1062,11372.9113,8.4,9,14
1063,11373.2123,1.3,10,14
1064,11373.5420,2.1,11,14
1065,11373.6677,2.2,9,14
1066,11373.7764,1.6,10,14
1067,11374.1983,1.3,11,14
1068,11374.2549,1.8,15,14
1069,11374.5824,1.7,13,14
1070,11374.6159,4.3,10,14
1071,11375.1286,1.6,10,14
1072,11375.6163,1.7,14,14
1073,11375.9385,1.0,13,14
1074,11376.9709,1.1,18,14
1075,11377.2883,1.4,16,14
1076,11377.8149,2.3,11,14
1077,11378.3079,1.1,13,14
1078,11378.6141,0.8,18,14
1079,11378.7363,1.3,11,14
1080,11379.2004,2.5,10,14
1081,11379.5973,1.7,15,14
1082,11379.6323,1.5,15,14
1083,11379.9379,0.9,16,14
1084,11380.9508,1.5,14,14
1085,11380.9880,2.0,12,14
1086,11381.2454,0.6,21,14
1087,11381.3709,2.0,12,14
1088,11381.7918,2.4,13,14
1089,11382.0210,1.7,12,14
1090,11382.2523,0.9,19,14
1091,11382.5435,1.1,16,14
1092,11382.7600,1.9,14,14
1093,11383.1492,4.2,13,14
1094,11383.5420,1.4,13,14
1095,11383.8277,1.2,16,14
1096,11384.1438,2.6,14,14
1097,11384.8209,1.2,15,14
1098,11384.8941,1.6,13,14
1099,11385.1022,1.2,17,14
1100,11386.0867,0.9,17,14
1101,11386.2622,2.6,14,14
1102,11386.3661,1.0,14,14
1103,11386.6436,2.2,13,14
1104,11387.3448,1.6,16,14
1105,11387.6166,2.3,16,14
1106,11387.8392,1.6,14,14
1107,11388.5839,1.0,16,14
1108,11388.7105,1.6,15,14
1109,11388.8552,1.0,16,14
1110,11389.5029,1.6,14,14
1111,11389.7254,2.5,14,14
1112,11389.8228,0.8,20,14
1113,11390.0854,0.9,22,14
1114,11391.0363,1.3,15,14
1115,11391.2991,0.9,18,14
1116,11392.2447,1.0,20,14
1117,11392.5041,1.4,17,14
1118,11393.1406,1.4,15,14
1119,11393.4424,1.0,16,14
1120,11393.4901,2.4,14,14
1121,11393.6269,2.1,14,14
1122,11393.6967,1.3,18,14
1123,11394.4186,2.9,15,14
1124,11394.6290,1.0,18,14
1125,11394.8728,1.1,20,14
1126,11395.1852,2.7,16,14
1127,11395.7995,1.2,16,14
1128,11396.0425,1.8,18,14
1129,11396.5115,1.8,16,14
1130,11396.8498,1.9,17,14
1131,11396.9617,1.0,19,14
1132,11397.2008,1.4,19,14
1133,11397.9246,1.5,16,15
1134,11398.1089,1.3,17,15
1135,11398.1797,1.9,16,15
1136,11398.3425,1.1,17,15
1137,11398.5005,1.0,20,15
1138,11399.2499,2.2,20,15
1139,11399.2978,1.8,17,15
1140,11399.4816,1.5,19,15
1141,11399.8264,1.3,16,15
1142,11400.1505,1.5,19,15
1143,11400.3705,1.1,18,15
1144,11400.5969,1.7,17,15
1145,11400.9084,1.5,17,15
1146,11401.1571,1.3,17,15
1147,11401.4813,1.5,21,15
1148,11401.7115,0.9,24,15
1149,11402.5071,0.6,19,15
1150,11402.5380,0.4,18,15
1151,11402.5821,0.5,19,15
1152,11402.6024,1.2,16,15
1153,11402.8024,1.4,18,15
1154,11403.0969,2.1,16,15
1155,11403.3178,1.2,21,15
1156,11403.6710,1.2,22,15
1157,11403.8920,1.1,20,15
1158,11404.1197,1.8,16,15
1159,11404.7161,1.4,17,15
1160,11404.7513,1.3,17,15
1161,11404.9651,1.4,17,15
1162,11405.6989,1.7,14,15
1163,11405.8206,1.1,18,15
1164,11406.0298,0.8,22,15
1165,11406.3209,1.6,14,15
1166,11406.5135,1.2,14,15
1167,11406.6224,1.4,13,15
1168,11406.8761,1.3,16,15
1169,11407.0752,1.6,16,15
1170,11407.9165,0.8,20,15
1171,11408.0766,1.6,14,15
1172,11408.1210,1.6,16,15
1173,11408.2068,1.6,13,15
1174,11408.5596,3.1,12,15
1175,11408.7073,1.5,12,15
1176,11408.9478,1.1,15,15
1177,11409.1465,1.3,12,15
1178,11409.4975,1.5,14,15
1179,11409.6587,2.6,11,15
1180,11409.9702,1.1,14,15
1181,11410.1629,1.8,13,15
1182,11410.9737,1.3,11,15
1183,11411.1635,1.2,11,15
1184,11411.3627,2.7,13,15
1185,11411.9704,1.2,15,15
1186,11412.1588,1.0,12,15
1187,11412.6273,1.9,9,15
1188,11412.7974,1.8,12,15
1189,11412.9557,1.4,10,15
1190,11413.1398,3.7,9,15
1191,11413.6111,2.2,8,15
1192,11413.9277,1.3,11,15
1193,11414.1051,1.2,10,15
1194,11414.8857,1.3,11,15
1195,11415.0628,1.0,10,15
1196,11415.1870,1.5,8,15
1197,11415.7037,1.7,7,15
1198,11415.8378,1.0,12,15
1199,11415.9675,2.3,10,15
1200,11416.0107,1.4,9,15
1201,11416.6640,2.7,7,15
1202,11416.7744,2.7,7,15
1203,11416.9431,1.3,8,15
1204,11417.4601,2.4,9,15
1205,11417.6987,0.9,12,15
1206,11417.8639,1.1,10,15
1207,11418.2488,2.0,8,15
1208,11418.6113,1.1,7,15
1209,11418.7407,2.1,8,15
1210,11418.8248,2.1,9,15
1211,11418.9999,1.5,7,15
1212,11419.2968,1.7,8,15
1213,11419.5145,1.0,11,15
1214,11419.6754,1.1,11,15
1215,11420.2596,2.9,7,15
1216,11420.4037,1.2,7,15
1217,11420.6093,1.9,7,15
1218,11421.2802,1.3,11,15
1219,11421.4369,1.8,9,15
1220,11421.9733,1.8,7,15
1221,11422.0773,1.4,8,15
1222,11422.1478,1.2,9,15
1223,11423.0023,1.8,11,15
1224,11423.1510,1.0,9,15
1225,11423.8444,1.1,11,15
1226,11424.3646,1.4,7,15
1227,11424.6677,1.2,15,15
1228,11424.8155,1.5,9,15
1229,11424.9028,1.3,11,15
1230,11425.2037,1.5,7,15
1231,11425.4944,0.8,12,15
1232,11425.6310,1.2,8,15
1233,11426.3050,1.9,8,15
1234,11426.4420,1.2,10,15
1235,11426.6431,1.8,9,15
1236,11427.1031,1.0,13,16
1237,11427.2288,2.2,7,16
1238,11427.5497,1.6,7,16
1239,11427.7837,1.2,8,16
1240,11427.8797,1.4,10,16
1241,11428.0108,1.6,9,16
1242,11428.6571,1.3,9,16
1243,11429.2091,2.7,7,16
1244,11429.4128,1.4,11,16
1245,11429.5415,0.9,10,16
1246,11429.7513,2.0,7,16
1247,11430.1655,1.5,7,16
1248,11430.3958,1.5,7,16
1249,11430.9040,1.3,9,16
1250,11431.1618,2.8,11,16
1251,11431.6255,1.9,7,16
1252,11432.0121,1.3,9,16
1253,11432.3431,1.6,9,16
1254,11432.4596,1.8,8,16
1255,11433.0442,1.5,6,16
1256,11433.4047,1.2,13,16
1257,11433.7348,1.2,11,16
1258,11433.8410,1.3,10,16
1259,11434.2481,1.3,9,16
1260,11434.5161,1.2,10,16
1261,11434.5608,2.4,8,16
1262,11435.0793,1.0,10,16
1263,11435.1824,2.3,7,16
1264,11435.6281,2.0,9,16
1265,11435.9433,1.6,9,16
1266,11436.1476,2.6,7,16
1267,11436.3787,1.6,9,16
1268,11436.4783,0.9,14,16
1269,11437.1088,1.9,8,16
1270,11437.3441,1.3,8,16
1271,11437.6284,1.7,9,16
1272,11438.6438,1.1,8,16
1273,11438.6990,1.4,8,16
1274,11438.8365,1.0,12,16
1275,11438.9314,2.1,8,16
1276,11439.4201,1.2,9,16
1277,11439.9861,2.1,10,16
1278,11440.0620,3.0,9,16
1279,11440.5533,1.8,8,16
1280,11440.8774,1.8,8,16
1281,11441.1034,2.3,7,16
1282,11441.1845,1.0,11,16
1283,11441.4903,1.9,9,16
1284,11441.6428,1.7,7,16
1285,11442.1705,1.2,10,16
1286,11442.2418,0.9,11,16
1287,11442.3872,2.9,8,16
1288,11442.7945,1.3,7,16
1289,11443.0954,1.4,8,16
1290,11443.1822,2.2,7,16
1291,11443.2557,2.2,8,16
1292,11443.3900,3.3,7,16
1293,11443.6760,1.2,8,16
1294,11444.0871,2.0,7,16
1295,11444.1583,1.6,9,16
1296,11444.4164,1.7,10,16
1297,11444.6901,4.5,8,16
1298,11445.0766,3.9,7,16
1299,11445.5911,1.7,7,16
1300,11445.9555,1.3,10,16
1301,11446.4687,2.0,7,16
1302,11446.5860,1.9,7,16
1303,11446.7859,1.7,8,16
1304,11446.8374,2.7,8,16
1305,11447.4436,1.7,9,16
1306,11447.5688,1.4,8,16
1307,11448.7428,1.9,8,16
1308,11448.9834,1.5,11,16
1309,11449.1404,2.0,9,16
1310,11449.8659,1.2,8,16
1311,11450.8811,1.1,13,16
1312,11451.4383,1.3,10,16
1313,11451.5402,2.7,7,16
1314,11451.6075,1.8,8,16
1315,11451.7452,1.3,12,16
1316,11452.3358,1.1,9,16
1317,11452.8139,3.9,8,16
1318,11453.0125,1.2,12,16
1319,11453.8672,1.0,11,16
1320,11454.0190,1.6,8,16
1321,11455.0577,1.7,8,16
1322,11455.1291,1.1,8,16
1323,11455.8008,1.4,8,16
1324,11455.9923,1.1,10,16
1325,11456.2378,1.8,7,17
1326,11456.3801,1.9,7,17
1327,11457.2348,1.0,16,17
1328,11458.0950,1.0,10,17
1329,11458.7001,1.6,7,17
1330,11459.8463,1.8,7,17
1331,11460.1902,1.9,8,17
1332,11460.6807,1.4,7,17
1333,11460.8378,1.5,7,17
1334,11461.4046,0.9,14,17
1335,11462.0802,1.0,13,17
1336,11463.4715,1.6,8,17
1337,11464.3423,1.0,12,17
1338,11465.5278,1.7,10,17
1339,11466.3260,2.1,7,17
1340,11466.8675,1.4,9,17
1341,11467.3878,1.3,7,17
1342,11467.5736,1.8,8,17
1343,11467.9033,1.6,7,17
1344,11468.4398,1.1,12,17
1345,11469.2564,1.6,9,17
1346,11469.6023,2.9,12,17
1347,11470.2845,2.2,7,17
1348,11470.4683,1.2,9,17
1349,11471.6245,0.7,20,17
1350,11472.4925,2.1,8,17
1351,11472.6296,7.8,7,17
1352,11472.6517,3.4,8,17
1353,11473.6293,1.4,13,17
1354,11474.5004,0.9,15,17
1355,11475.0070,1.9,9,17
1356,11475.6253,1.3,9,17
1357,11476.3185,1.2,10,17
1358,11476.4971,2.0,11,17
1359,11477.3582,1.6,13,17
1360,11477.6102,1.1,10,17
1361,11477.7454,1.6,8,17
1362,11478.6516,1.6,8,17
1363,11479.3080,2.7,7,17
1364,11479.5801,1.3,8,17
1365,11480.0000,1.6,8,17
1366,11480.4441,1.2,11,17
1367,11480.9679,0.9,13,17
1368,11481.5379,1.4,10,17
1369,11482.0018,1.0,12,17
1370,11482.4001,1.7,8,17
1371,11484.3146,3.2,8,17
1372,11484.3467,1.9,9,17
1373,11484.5084,2.6,7,17
1374,11485.4160,0.7,16,17
1375,11485.5662,2.0,8,18
1376,11485.8855,3.4,9,18
1377,11486.1746,1.3,8,18
1378,11486.2782,1.2,8,18
1379,11486.6097,1.5,8,18
1380,11487.3442,1.7,11,18
1381,11487.8533,1.4,11,18
1382,11488.1996,1.6,10,18
1383,11488.8910,1.5,10,18
1384,11489.2450,1.4,9,18
1385,11489.3637,1.4,8,18
1386,11490.1149,1.5,14,18
1387,11490.8860,1.8,8,18
1388,11491.1476,2.0,10,18
1389,11491.7014,1.3,9,18
1390,11492.0032,2.0,10,18
1391,11492.3727,1.0,13,18
1392,11493.0279,1.0,10,18
1393,11493.4191,1.6,11,18
1394,11493.6982,2.1,7,18
1395,11493.8847,1.8,10,18
1396,11494.6194,1.5,10,18
1397,11494.8982,1.5,9,18
1398,11495.7589,1.4,9,18
1399,11495.9167,2.0,7,18
1400,11496.7582,1.1,12,18
1401,11496.8492,1.0,11,18
1402,11497.6141,1.3,9,18
1403,11497.8889,2.9,9,18
1404,11498.6074,1.3,8,18
1405,11499.0719,1.3,12,18
1406,11499.2876,1.6,7,18
1407,11499.4651,1.4,10,18
1408,11500.1166,1.1,9,18
1409,11500.4436,0.9,11,18
1410,11500.7882,1.5,8,18
1411,11501.2885,1.3,11,18
1412,11502.2662,1.5,8,18
1413,11502.3277,1.5,8,18
1414,11503.1138,1.8,13,18
1415,11503.4744,1.1,10,18
1416,11504.0791,1.0,13,18
1417,11504.5187,2.2,7,18
1418,11505.4043,3.3,7,18
1419,11505.8783,1.2,10,18
1420,11506.7149,4.8,12,18
1421,11507.3723,3.0,9,18
1422,11507.6625,1.3,10,18
1423,11507.8307,2.5,9,18
1424,11508.5122,0.9,12,18
1425,11509.4400,1.2,11,18
1426,11509.7108,2.1,9,18
1427,11510.2881,1.2,12,18
1428,11511.0379,1.1,13,18
1429,11511.2006,1.0,14,18
1430,11512.0450,1.3,8,18
1431,11512.1328,1.7,9,18
1432,11512.4014,2.1,8,18
1433,11512.4401,3.4,7,18
1434,11513.1858,1.6,9,18
1435,11513.7938,1.4,9,18
1436,11514.2670,1.2,8,18
1437,11514.6891,2.1,11,18
1438,11514.9079,2.6,8,19
1439,11515.3169,2.0,8,19
1440,11516.3923,,11,19
1441,11517.2560,0.9,14,19
1442,11517.4333,1.7,10,19
1443,11518.1292,0.8,13,19
1444,11518.4988,1.4,9,19
1445,11518.5371,2.4,7,19
1446,11518.9661,1.2,10,19
1447,11519.5466,1.8,9,19
1448,11519.8295,1.2,8,19
1449,11520.6015,1.7,10,19
1450,11520.6649,1.4,10,19
1451,11521.5197,1.1,11,19
1452,11522.3529,1.3,10,19
1453,11523.1962,1.1,9,19
1454,11523.7297,1.8,8,19
1455,11524.0274,1.1,12,19
1456,11524.7589,1.3,10,19
1457,11524.8627,1.3,11,19
1458,11525.6901,1.0,11,19
1459,11526.5156,1.1,9,19
1460,11526.8146,1.4,7,19
1461,11527.3424,1.0,12,19
1462,11527.8428,,10,19
1463,11528.1558,1.5,11,19
1464,11528.2795,2.1,9,19
1465,11528.8664,1.7,9,19
1466,11528.9774,1.4,9,19
1467,11529.7838,1.1,10,19
1468,11529.9037,1.5,9,19
1469,11530.6048,1.1,12,19
1470,11530.9002,1.4,7,19
1471,11531.4040,1.3,14,19
1472,11531.9443,1.7,11,19
1473,11532.2179,1.4,8,19
1474,11532.9266,1.2,11,19
1475,11533.0043,1.2,11,19
1476,11533.8212,0.9,14,19
1477,11533.9657,1.5,9,19
1478,11534.5966,1.5,12,19
1479,11535.4064,1.5,12,19
1480,11535.9779,1.2,10,19
1481,11536.1798,1.6,10,19
1482,11536.6187,2.0,10,19
1483,11536.9406,1.2,11,19
1484,11536.9885,1.1,11,19
1485,11537.7508,1.3,13,19
1486,11537.9756,1.8,8,19
1487,11538.5541,1.5,9,19
1488,11538.9232,1.2,10,19
1489,11539.2966,1.6,14,19
1490,11539.9622,1.4,9,19
1491,11540.1055,1.2,11,19
1492,11540.8459,1.6,12,19
1493,11540.9011,1.4,11,19
1494,11541.6477,1.3,10,19
1495,11542.3797,1.0,9,19
1496,11542.5422,1.5,9,19
1497,11542.8920,3.9,8,19
1498,11543.1721,1.1,12,19
1499,11543.8991,0.7,19,19
1500,11544.6876,1.5,11,20
1501,11544.8097,2.0,11,20
1502,11545.8469,1.8,7,20
1503,11546.1975,0.9,12,20
1504,11546.7537,2.4,9,20
1505,11546.9010,1.6,12,20
1506,11547.6872,1.1,9,20
1507,11547.7871,1.3,10,20
1508,11548.3840,1.4,10,20
1509,11548.4193,2.1,8,20
1510,11548.6814,1.3,14,20
1511,11549.1673,1.0,13,20
1512,11549.7090,1.0,15,20
1513,11549.8584,1.0,12,20
1514,11550.5936,1.2,9,20
1515,11550.6341,1.1,11,20
1516,11551.3200,1.6,11,20
1517,11551.6212,1.0,16,20
1518,11552.0923,0.8,13,20
1519,11552.4970,1.2,11,20
1520,11552.7623,1.3,11,20
1521,11553.5295,0.9,17,20
1522,11554.1971,1.0,10,20
1523,11554.3882,2.0,9,20
1524,11554.5288,1.4,8,20
1525,11554.9658,1.6,11,20
1526,11555.4111,1.1,10,20
1527,11555.6206,1.5,12,20
1528,11556.2632,1.6,11,20
1529,11556.3828,1.2,11,20
1530,11557.0338,1.2,11,20
1531,11557.7867,1.6,15,20
1532,11558.1312,1.9,8,20
1533,11558.4323,0.9,16,20
1534,11559.1498,1.2,12,20
1535,11559.1845,1.7,10,20
1536,11559.8172,1.8,11,20
1537,11559.9922,2.2,13,20
1538,11560.5684,1.0,13,20
1539,11560.9994,1.5,9,20
1540,11561.1934,0.9,12,20
1541,11561.8279,1.1,9,20
1542,11561.9375,1.2,11,20
1543,11562.5548,1.0,9,20
1544,11562.8437,1.9,10,20
1545,11563.2968,1.6,13,20
1546,11563.6547,1.4,10,20
1547,11563.9049,1.1,12,20
1548,11564.6457,1.2,15,20
1549,11565.2421,1.0,15,20
1550,11565.4706,1.5,9,20
1551,11565.9801,1.6,13,20
1552,11566.4822,1.3,11,20
1553,11566.5690,1.3,12,20
1554,11567.2895,1.5,14,20
1555,11567.8866,1.0,12,20
1556,11568.2851,1.4,9,20
1557,11568.6095,1.1,14,20
1558,11569.0705,1.3,8,20
1559,11569.1881,1.0,13,20
1560,11569.9051,1.2,13,20
1561,11570.0797,1.3,12,20
1562,11570.4740,1.3,10,20
1563,11570.8518,1.5,11,20
1564,11571.1931,0.8,16,20
1565,11571.3904,2.6,10,20
1566,11571.7511,1.6,15,20
1567,11572.4639,1.3,10,20
1568,11572.6196,1.5,9,20
1569,11573.0210,1.2,11,20
1570,11573.6170,1.2,10,21
1571,11573.7271,1.0,13,21
1572,11574.2737,0.9,13,21
1573,11574.3771,1.2,10,21
1574,11574.5661,1.9,9,21
1575,11574.9734,1.4,10,21
1576,11575.5171,1.2,10,21
1577,11576.1210,1.3,9,21
1578,11576.2129,1.1,14,21
1579,11576.7472,1.1,11,21
1580,11577.0146,2.5,8,21
1581,11577.1118,2.0,10,21
1582,11577.4391,1.0,9,21
1583,11577.8497,2.5,12,21
1584,11577.9645,1.1,9,21
1585,11578.6533,0.9,13,21
1586,11579.1722,1.2,12,21
1587,11579.5743,1.0,10,21
1588,11580.3642,1.5,9,21
1589,11580.5590,1.4,11,21
1590,11581.0441,1.1,12,21
1591,11581.2806,1.6,10,21
1592,11581.5469,1.1,13,21
1593,11581.7694,5.7,9,21
1594,11582.2186,1.2,10,21
1595,11582.2654,2.0,8,21
1596,11582.5747,1.6,8,21
1597,11582.7152,1.1,9,21
1598,11582.9691,5.0,9,21
1599,11583.3854,1.0,15,21
1600,11583.8740,1.1,15,21
1601,11583.9568,1.7,13,21
1602,11584.5364,1.6,9,21
1603,11584.6626,1.1,12,21
1604,11585.0159,1.6,11,21
1605,11585.3365,1.5,9,21
1606,11585.6781,1.1,14,21
1607,11586.1565,1.2,13,21
1608,11586.3334,1.1,8,21
1609,11586.8040,1.2,13,21
1610,11587.2790,1.2,12,21
1611,11587.3079,1.3,11,21
1612,11587.9221,1.1,12,21
1613,11587.9955,1.1,13,21
1614,11588.0894,1.5,8,21
1615,11588.3857,1.2,11,21
1616,11588.4828,1.3,9,21
1617,11588.9601,1.6,9,21
1618,11589.0237,1.2,9,21
1619,11589.4819,1.2,9,21
1620,11589.6414,1.3,9,21
1621,11590.1146,0.9,18,21
1622,11590.3701,1.5,8,21
1623,11590.5710,1.7,12,21
1624,11590.6033,2.1,11,21
1625,11590.8229,1.9,8,21
1626,11591.1995,2.1,9,21
1627,11591.2752,0.8,16,21
1628,11591.6423,1.6,8,21
1629,11592.2672,1.5,13,21
1630,11592.7041,1.4,10,21
1631,11592.8996,1.7,9,21
1632,11593.5550,1.8,9,21
1633,11593.8581,0.9,13,21
1634,11594.3679,1.6,13,21
1635,11594.5102,1.0,11,21
1636,11594.7907,1.2,11,21
1637,11594.9276,2.7,9,21
1638,11595.3966,1.3,10,21
1639,11595.4632,1.2,9,21
1640,11596.1079,1.3,9,21
1641,11596.2625,1.3,9,21
1642,11596.3262,2.9,8,21
1643,11596.4187,1.7,11,21
1644,11596.6804,1.2,9,21
1645,11596.8303,1.1,12,21
1646,11597.0615,1.2,11,21
1647,11597.4260,1.1,11,21
1648,11597.6917,5.7,11,21
1649,11597.8333,1.5,9,21
1650,11598.4220,1.4,11,21
1651,11598.6407,1.5,9,21
1652,11598.8236,1.9,11,21
1653,11598.9631,1.9,9,21
1654,11599.2731,1.7,10,21
1655,11599.3969,1.4,13,21
1656,11599.6963,1.1,10,21
1657,11599.7990,1.0,9,21
1658,11600.0436,2.5,8,21
1659,11600.2147,1.2,13,21
1660,11600.3804,1.2,13,21
1661,11600.7657,1.4,11,21
1662,11600.8343,1.5,11,21
1663,11600.9887,2.1,8,21
1664,11601.3377,1.1,11,21
1665,11601.6466,1.5,8,21
1666,11601.7766,2.4,11,21
1667,11602.0795,2.4,11,21
1668,11602.2844,1.3,12,21
1669,11602.3869,1.5,9,21
1670,11602.6634,1.4,12,21
1671,11603.2227,1.4,10,22
1672,11603.3198,1.1,12,22
1673,11603.5877,1.6,10,22
1674,11603.9284,1.3,11,22
1675,11604.1462,1.2,11,22
1676,11604.3204,1.1,12,22
1677,11604.5051,1.3,15,22
1678,11604.7685,5.1,8,22
1679,11604.8545,1.0,9,22
1680,11605.0553,1.5,9,22
1681,11605.4141,1.4,9,22
1682,11605.4512,1.1,10,22
1683,11605.9560,1.3,13,22
1684,11606.3074,1.5,10,22
1685,11606.3765,1.9,12,22
1686,11606.8410,1.0,12,22
1687,11606.9719,1.4,15,22
1688,11607.1892,1.7,8,22
1689,11607.4293,1.2,9,22
1690,11607.7197,1.0,13,22
1691,11607.8848,1.2,9,22
1692,11608.0616,1.3,12,22
1693,11608.4702,1.3,11,22
1694,11608.5823,1.6,11,22
1695,11608.9147,1.6,10,22
1696,11609.0797,1.8,10,22
1697,11609.3862,1.3,11,22
1698,11609.4354,1.4,13,22
1699,11609.6294,1.6,10,22
1700,11609.7654,1.4,10,22
1701,11609.9580,1.0,13,22
1702,11610.0823,1.2,10,22
1703,11610.2734,1.3,11,22
1704,11610.5950,1.5,13,22
1705,11610.8720,1.7,8,22
1706,11611.1036,1.0,15,22
1707,11611.4279,1.6,17,22
1708,11611.7749,2.3,9,22
1709,11612.3458,1.0,12,22
1710,11612.7219,0.9,17,22
1711,11612.9071,1.3,11,22
1712,11613.0251,1.5,13,22
1713,11613.8096,1.0,14,22
1714,11614.0927,1.6,8,22
1715,11614.2901,1.5,11,22
1716,11614.3602,1.2,12,22
1717,11614.5879,1.7,10,22
1718,11614.8881,1.8,11,22
1719,11615.0566,1.4,9,22
1720,11615.2572,2.1,10,22
1721,11615.3512,1.0,13,22
1722,11615.8079,0.8,19,22
1723,11616.0973,1.2,13,22
1724,11616.5522,1.4,9,22
1725,11616.6953,1.2,10,22
1726,11617.2358,1.7,10,22
1727,11617.2809,1.6,15,22
1728,11617.4952,1.5,11,22
1729,11617.5672,1.3,14,22
1730,11617.9721,1.6,11,22
1731,11618.0046,1.7,10,22
1732,11618.1188,1.7,12,22
1733,11618.2707,1.4,13,22
1734,11618.6575,1.2,16,22
1735,11618.7124,1.8,12,22
1736,11618.9800,1.7,12,22
1737,11619.4059,1.8,9,22
1738,11619.5328,1.1,9,22
1739,11620.0633,2.1,16,22
1740,11620.0940,0.9,19,22
1741,11620.9342,1.2,17,22
1742,11621.4417,,15,22
1743,11621.6705,1.2,12,22
1744,11622.0725,1.7,10,22
1745,11622.3194,1.1,15,22
1746,11622.7056,3.3,10,22
1747,11622.7851,1.9,9,22
1748,11622.8350,1.8,10,22
1749,11622.9427,1.8,10,22
1750,11623.1712,2.8,12,22
1751,11623.7007,1.2,13,22
1752,11623.9424,1.7,10,22
1753,11624.1664,2.3,11,22
1754,11624.2084,1.2,14,22
1755,11625.1300,1.5,10,22
1756,11625.2538,1.4,11,22
1757,11625.3426,1.5,10,22
1758,11625.5622,1.4,10,22
1759,11625.7072,2.2,10,22
1760,11625.7423,2.0,10,22
1761,11626.2698,1.3,10,22
1762,11626.4193,1.6,12,22
1763,11626.8199,1.5,12,22
1764,11626.9111,1.1,13,22
1765,11627.3564,4.8,9,22
1766,11627.6601,1.7,8,22
1767,11627.7601,1.3,10,22
1768,11628.3115,1.8,11,22
1769,11628.4039,1.9,10,22
1770,11629.0899,0.8,17,22
1771,11629.5724,1.0,17,22
1772,11629.8800,1.2,14,22
1773,11630.3556,1.2,18,22
1774,11630.4061,1.3,10,22
1775,11630.8702,1.6,13,22
1776,11631.6726,1.5,14,22
1777,11631.7099,1.0,14,22
1778,11632.0952,1.7,11,23
1779,11632.1757,1.1,14,23
1780,11632.8963,1.3,12,23
1781,11633.0061,1.4,11,23
1782,11633.2814,1.5,9,23
1783,11633.4036,1.6,12,23
1784,11634.2816,1.0,17,23
1785,11634.7389,1.6,13,23
1786,11635.4113,1.2,11,23
1787,11635.5477,3.0,11,23
1788,11635.9267,1.1,11,23
1789,11635.9975,1.1,12,23
1790,11636.0313,1.0,12,23
1791,11636.8104,1.0,14,23
1792,11637.2010,2.9,9,23
1793,11637.2477,1.7,13,23
1794,11637.9173,1.5,9,23
1795,11638.0525,1.4,12,23
1796,11638.1725,4.2,10,23
1797,11638.1905,,10,23
1798,11638.4395,1.9,12,23
1799,11638.4861,1.7,9,23
1800,11638.6301,1.8,10,23
1801,11639.2832,1.4,12,23
1802,11639.7147,1.4,12,23
1803,11640.3461,2.3,9,23
1804,11640.4193,2.2,10,23
1805,11640.5054,1.3,10,23
1806,11640.9323,1.2,14,23
1807,11641.7149,1.4,12,23
1808,11642.1298,1.1,12,23
1809,11642.9103,1.5,18,23
1810,11643.4274,2.1,10,23
1811,11644.0974,1.0,14,23
1812,11644.5002,1.2,14,23
1813,11645.2606,2.6,10,23
1814,11645.6657,1.0,12,23
1815,11645.9026,1.3,10,23
1816,11646.4291,1.3,13,23
1817,11646.8203,1.3,12,23
1818,11647.5673,2.0,11,23
1819,11647.8259,1.5,9,23
1820,11647.9604,1.4,11,23
1821,11648.3709,2.0,10,23
1822,11648.7143,1.3,12,23
1823,11648.8193,2.3,10,23
1824,11649.0934,1.2,12,23
1825,11649.8332,1.3,9,23
1826,11650.2087,1.1,9,23
1827,11650.2686,1.5,11,23
1828,11651.3158,1.4,12,23
1829,11652.0455,0.8,15,23
1830,11652.7031,1.5,9,23
1831,11653.1358,1.3,13,23
1832,11653.2540,1.5,10,23
1833,11653.4932,1.2,11,23
1834,11654.2132,1.3,9,23
1835,11655.1249,1.1,13,23
1836,11655.2769,1.5,10,23
1837,11655.6160,1.6,14,23
1838,11655.6761,1.2,9,23
1839,11656.3251,1.4,9,23
1840,11657.1033,1.5,9,23
1841,11657.3673,1.6,11,23
1842,11657.5294,1.3,11,23
1843,11657.7040,1.1,12,23
1844,11658.0909,1.4,11,23
1845,11658.3950,1.6,9,23
1846,11658.7257,1.3,8,23
1847,11659.1437,1.8,11,23
1848,11659.4145,1.5,12,23
1849,11659.6010,1.2,9,23
1850,11659.7399,1.5,11,23
1851,11659.9207,1.1,13,23
1852,11660.4169,1.1,9,23
1853,11660.4877,1.3,9,23
1854,11661.1637,1.6,11,23
1855,11661.4081,1.0,11,24
1856,11661.6294,1.4,8,24
1857,11661.7247,1.4,9,24
1858,11662.3050,1.2,9,24
1859,11662.3882,1.5,10,24
1860,11662.7009,1.6,9,24
1861,11662.8714,1.1,10,24
1862,11663.3551,1.5,11,24
1863,11663.6555,1.2,16,24
1864,11664.6742,1.2,12,24
1865,11665.1793,1.1,10,24
1866,11665.2513,1.2,17,24
1867,11665.5519,1.8,11,24
1868,11665.6502,1.9,8,24
1869,11667.0307,1.6,9,24
1870,11667.1073,2.3,10,24
1871,11667.3960,1.1,12,24
1872,11667.6108,1.3,13,24
1873,11668.9120,1.3,12,24
1874,11669.1439,1.5,13,24
1875,11669.1889,1.5,11,24
1876,11669.3771,1.4,12,24
1877,11670.6665,1.9,10,24
1878,11670.9362,1.3,10,24
1879,11671.7097,1.5,8,24
1880,11672.2903,1.3,11,24
1881,11672.3744,1.8,10,24
1882,11672.6328,1.6,11,24
1883,11673.0552,2.7,8,24
1884,11674.0320,0.9,19,24
1885,11674.2856,1.8,9,24
1886,11674.6139,2.7,10,24
1887,11674.9917,1.4,9,24
1888,11675.4748,1.1,10,24
1889,11675.6475,1.3,13,24
1890,11675.8880,1.6,9,24
1891,11676.3344,1.7,9,24
1892,11676.6745,1.9,9,24
1893,11676.9219,0.8,19,24
1894,11678.6270,1.4,11,24
1895,11678.7320,1.4,10,24
1896,11678.9555,2.1,10,24
1897,11679.2210,1.4,9,24
1898,11679.3143,1.4,10,24
1899,11680.2060,4.8,10,24
1900,11680.7331,1.4,12,24
1901,11680.9088,1.1,17,24
1902,11681.5055,2.1,11,24
1903,11681.6213,0.9,17,24
1904,11682.9914,1.7,9,24
1905,11683.1067,1.8,11,24
1906,11683.1817,1.6,17,24
1907,11683.7766,1.8,9,24
1908,11684.3097,3.2,13,24
1909,11684.5003,1.3,15,24
1910,11684.9723,3.4,11,24
1911,11685.4300,1.2,12,24
1912,11685.5978,1.3,11,24
1913,11686.0337,1.7,11,24
1914,11686.8372,1.8,13,24
1915,11687.6743,1.0,15,24
1916,11688.0050,1.9,15,24
1917,11688.1726,2.5,9,24
1918,11688.2794,1.2,10,24
1919,11689.1437,1.5,9,24
1920,11689.3012,1.9,10,24
1921,11689.8477,1.5,9,24
1922,11690.0471,1.4,10,24
1923,11690.5236,2.1,16,24
1924,11691.8742,1.0,16,25
1925,11692.1243,1.2,13,25
1926,11692.7365,1.0,17,25
1927,11693.6911,1.8,12,25
1928,11694.1755,1.5,11,25
1929,11694.3243,1.9,13,25
1930,11694.9454,1.0,18,25
1931,11695.4838,2.2,12,25
1932,11696.5223,1.8,15,25
1933,11697.1400,1.4,10,25
1934,11697.7660,1.9,11,25
1935,11698.7036,1.2,12,25
1936,11699.0461,1.6,14,25
1937,11699.3217,2.0,13,25
1938,11699.5458,1.9,12,25
1939,11700.8126,0.9,13,25
1940,11700.8714,1.4,15,25
1941,11701.3081,1.7,12,25
1942,11702.5656,2.0,10,25
1943,11703.0283,1.5,11,25
1944,11703.6512,1.2,13,25
1945,11704.7989,1.5,10,25
1946,11705.1739,1.4,14,25
1947,11705.7946,1.4,10,25
1948,11706.0294,1.4,12,25
1949,11707.3007,1.5,11,25
1950,11707.9293,1.0,14,25
1951,11708.2353,1.7,11,25
1952,11709.4354,9.7,18,25
1953,11710.0488,1.1,11,25
1954,11711.1325,1.3,9,25
1955,11711.5265,1.0,13,25
1956,11711.6264,1.6,10,25
1957,11712.1569,1.4,12,25
1958,11712.8109,1.2,11,25
1959,11712.9442,2.4,9,25
1960,11713.3092,4.1,11,25
1961,11713.6198,1.0,14,25
1962,11714.2523,1.4,10,25
1963,11714.9693,1.2,11,25
1964,11715.6974,1.2,11,25
1965,11716.0021,1.4,10,25
1966,11716.1271,1.2,11,25
1967,11716.3317,1.6,13,25
1968,11716.6187,2.0,9,25
1969,11717.7664,0.8,21,25
1970,11718.2583,0.9,13,25
1971,11718.4030,1.2,13,25
1972,11719.0483,1.7,10,25
1973,11719.3935,2.1,11,25
1974,11719.8201,1.1,12,25
1975,11719.8848,1.4,9,25
1976,11720.4583,1.6,12,26
1977,11721.5007,2.0,14,26
1978,11721.8667,1.2,14,26
1979,11722.5055,1.3,10,26
1980,11722.6099,1.3,12,26
1981,11723.0977,1.4,13,26
1982,11723.8962,1.3,14,26
1983,11724.5375,1.0,14,26
1984,11724.6902,2.3,10,26
1985,11725.0993,1.7,10,26
1986,11725.7750,1.4,12,26
1987,11725.9163,1.6,14,26
1988,11726.5552,1.3,11,26
1989,11727.3397,2.1,10,26
1990,11727.8294,1.6,10,26
1991,11727.9202,1.1,12,26
1992,11728.5610,1.3,15,26
1993,11728.8915,1.4,12,26
1994,11729.3804,1.5,9,26
1995,11729.9146,1.3,13,26
1996,11730.4314,1.4,9,26
1997,11730.5530,1.1,12,26
1998,11730.9184,2.0,10,26
1999,11731.8945,1.2,11,26
2000,11731.9604,1.4,13,26
2001,11732.4446,1.5,9,26
2002,11732.5390,1.0,18,26
2003,11733.4696,1.0,12,26
2004,11733.8653,1.0,15,26
2005,11733.9605,1.7,11,26
2006,11734.0797,1.0,9,26
2007,11734.5038,2.3,12,26
2008,11734.9782,1.7,13,26
2009,11735.8177,1.0,12,26
2010,11736.4651,0.8,21,26
2011,11736.7631,2.0,9,26
2012,11736.9523,1.9,11,26
2013,11737.0416,3.0,10,26
2014,11737.7620,1.3,15,26
2015,11737.9494,1.6,11,26
2016,11738.4143,1.5,15,26
2017,11739.4112,1.5,9,26
2018,11739.6948,1.5,12,26
2019,11739.8934,1.5,11,26
2020,11740.3379,0.9,16,26
2021,11740.8667,1.3,12,26
2022,11741.6132,1.3,15,26
2023,11742.2586,1.1,12,26
2024,11742.7874,1.5,12,26
2025,11742.9418,1.3,11,26
2026,11743.5171,1.2,13,26
2027,11743.7364,1.6,12,26
2028,11744.1650,1.1,15,26
2029,11744.2102,1.5,12,26
2030,11745.1506,1.5,10,26
2031,11745.4120,1.1,15,26
2032,11745.6241,1.0,19,26
2033,11745.8666,1.3,11,26
2034,11746.0591,1.4,13,26
2035,11746.5576,1.7,12,26
2036,11747.2909,1.2,14,26
2037,11747.9430,0.8,22,26
2038,11748.4185,1.4,12,26
2039,11748.7806,1.6,9,26
2040,11749.1625,0.9,16,26
2041,11749.3282,1.8,12,27
2042,11749.8020,1.0,19,27
2043,11750.6930,1.3,9,27
2044,11751.0173,1.2,12,27
2045,11751.1614,1.8,12,27
2046,11751.4612,1.8,9,27
2047,11751.6695,1.5,18,27
2048,11752.0487,1.9,11,27
2049,11752.8628,1.3,15,27
2050,11753.3925,1.2,13,27
2051,11753.5081,1.0,12,27
2052,11753.8532,1.3,14,27
2053,11754.3585,1.4,9,27
2054,11754.5707,1.8,10,27
2055,11754.7001,1.8,17,27
2056,11755.3397,1.2,16,27
2057,11756.0385,2.3,9,27
2058,11756.5079,1.1,22,27
2059,11757.1570,1.3,11,27
2060,11757.2508,1.7,11,27
2061,11757.3449,1.2,12,27
2062,11757.4440,1.3,12,27
2063,11757.8019,2.0,9,27
2064,11758.3222,1.0,15,27
2065,11758.6374,1.9,10,27
2066,11758.9660,0.9,17,27
2067,11759.0931,1.4,12,27
2068,11759.4934,1.6,10,27
2069,11759.9201,1.3,11,27
2070,11760.1156,0.8,21,27
2071,11760.3082,1.4,11,27
2072,11760.3717,1.5,12,27
2073,11760.7597,1.4,12,27
2074,11761.1857,1.2,11,27
2075,11761.6379,1.1,11,27
2076,11761.8969,1.2,12,27
2077,11762.4450,1.2,12,27
2078,11762.5402,1.1,17,27
2079,11762.9803,4.2,9,27
2080,11763.6716,1.2,18,27
2081,11764.1323,1.1,11,27
2082,11764.3085,1.1,12,27
2083,11764.9195,1.8,12,27
2084,11765.3604,1.7,9,27
2085,11765.4239,1.1,14,27
2086,11765.9891,2.0,11,27
2087,11766.0690,1.4,15,27
2088,11766.1355,1.4,11,27
2089,11766.5792,1.5,11,27
2090,11767.1702,1.1,17,27
2091,11767.3457,2.2,11,27
2092,11767.7832,8.4,11,27
2093,11767.8080,1.2,14,27
2094,11768.6538,2.6,10,27
2095,11768.8093,1.5,10,27
2096,11768.9007,1.0,14,27
2097,11768.9744,1.4,12,27
2098,11769.5410,1.3,16,27
2099,11769.7217,2.4,11,27
2100,11769.8773,2.1,13,27
2101,11770.1541,1.5,10,27
2102,11770.6213,1.0,16,27
2103,11771.2617,1.3,13,27
2104,11771.3215,1.4,14,27
2105,11771.4727,2.8,10,27
2106,11771.6201,1.5,12,27
2107,11772.0520,1.4,12,27
2108,11772.3286,1.3,13,27
2109,11772.4749,1.4,10,27
2110,11772.9694,0.9,17,27
2111,11773.1948,1.5,11,27
2112,11773.6179,1.1,17,27
2113,11774.0239,1.1,18,27
2114,11774.2821,1.6,11,27
2115,11774.3302,1.6,12,27
2116,11774.4162,1.7,10,27
2117,11774.6614,1.0,14,27
2118,11775.7080,1.2,13,27
2119,11775.8664,1.8,10,27
2120,11776.3459,1.1,16,27
2121,11776.5588,1.2,17,27
2122,11777.1992,1.7,12,27
2123,11777.3786,1.0,16,27
2124,11778.0128,1.0,14,27
2125,11778.0716,1.8,15,27
2126,11778.7411,1.5,12,28
2127,11779.0355,1.0,13,28
2128,11779.6684,1.2,15,28
2129,11779.8110,1.2,17,28
2130,11779.9675,1.2,10,28
2131,11780.2147,1.1,12,28
2132,11780.6829,0.9,16,28
2133,11780.8686,1.8,12,28
2134,11781.2706,1.3,12,28
2135,11781.3156,1.1,18,28
2136,11781.9178,1.5,11,28
2137,11782.3164,0.7,22,28
2138,11782.7280,1.6,14,28
2139,11782.9488,0.9,25,28
2140,11783.3448,1.4,10,28
2141,11783.9378,1.0,17,28
2142,11784.3669,1.5,13,28
2143,11784.5646,1.1,14,28
2144,11784.9868,1.7,11,28
2145,11785.3742,1.1,17,28
2146,11785.4720,1.7,10,28
2147,11785.5472,1.0,13,28
2148,11785.9877,2.0,12,28
2149,11786.1728,0.8,22,28
2150,11786.3704,1.7,12,28
2151,11786.9732,1.8,10,28
2152,11787.1424,0.9,18,28
2153,11787.3534,1.4,10,28
2154,11787.7686,1.1,14,28
2155,11788.1142,1.2,12,28
2156,11788.2053,1.8,14,28
2157,11788.3224,1.2,11,28
2158,11788.7265,1.0,14,28
2159,11788.9058,1.9,11,28
2160,11789.2776,1.4,14,28
2161,11789.3524,1.4,16,28
2162,11790.2253,2.1,11,28
2163,11790.2989,1.0,17,28
2164,11790.7935,2.5,13,28
2165,11790.8443,1.2,12,28
2166,11790.9195,0.7,21,28
2167,11791.1583,1.4,11,28
2168,11791.8574,1.1,14,28
2169,11792.0758,2.4,11,28
2170,11792.4797,1.2,17,28
2171,11792.6301,1.2,12,28
2172,11792.9862,1.4,12,28
2173,11793.4089,1.3,18,28
2174,11793.5475,3.5,11,28
2175,11793.6222,1.5,12,28
2176,11794.0230,1.0,14,28
2177,11794.4174,1.6,10,28
2178,11794.9418,1.0,16,28
2179,11795.2848,2.1,13,28
2180,11795.5574,1.1,18,28
2181,11795.6391,2.2,11,28
2182,11796.1565,1.5,10,28
2183,11796.2604,1.5,12,28
2184,11796.4629,1.1,18,28
2185,11797.0766,1.1,14,28
2186,11797.3457,1.6,11,28
2187,11797.8465,1.8,11,28
2188,11797.9716,1.0,15,28
2189,11798.5849,0.9,17,28
2190,11798.6718,1.5,12,28
2191,11798.9966,1.0,21,28
2192,11799.4745,1.0,22,28
2193,11800.0801,1.2,14,28
2194,11800.6122,1.5,11,28
2195,11800.9565,1.2,13,28
2196,11801.0802,1.2,13,28
2197,11801.3972,1.5,10,28
2198,11801.5632,1.2,17,28
2199,11801.6211,1.5,14,28
2200,11801.6587,1.8,11,28
2201,11802.1701,1.1,12,28
2202,11802.4282,1.6,18,28
2203,11802.6209,1.5,14,28
2204,11802.9306,1.4,10,28
2205,11803.0336,1.0,14,28
2206,11803.6799,1.5,12,28
2207,11803.8911,1.0,14,28
2208,11804.2801,2.1,13,28
2209,11804.3108,1.3,15,28
2210,11804.4938,1.3,17,28
2211,11805.1405,1.7,10,28
2212,11805.3420,1.0,19,28
2213,11805.9398,1.1,14,28
2214,11806.5549,1.1,12,28
2215,11806.7779,1.4,16,28
2216,11806.9483,1.8,23,28
2217,11807.2399,1.2,13,28
2218,11807.3729,0.9,19,28
2219,11807.9202,5.1,10,29
2220,11808.2025,1.3,21,29
2221,11808.3035,1.6,12,29
2222,11808.7941,1.2,15,29
2223,11809.2371,1.4,16,29
2224,11809.5751,1.1,26,29
2225,11809.6083,1.1,23,29
2226,11810.2055,1.3,17,29
2227,11810.4916,1.9,12,29
2228,11811.0109,1.2,17,29
2229,11811.6012,1.3,13,29
2230,11812.1883,0.8,21,29
2231,11812.3985,1.0,14,29
2232,11812.8824,1.3,12,29
2233,11812.9845,1.0,19,29
2234,11813.7741,1.0,23,29
2235,11814.3143,1.8,10,29
2236,11814.3573,1.2,15,29
2237,11814.7939,0.8,22,29
2238,11815.1324,1.2,15,29
2239,11815.7172,1.1,18,29
2240,11816.0895,1.8,11,29
2241,11816.4873,1.1,18,29
2242,11817.0612,0.8,22,29
2243,11817.3840,1.4,20,29
2244,11817.5205,5.8,12,29
2245,11817.8246,1.5,13,29
2246,11818.2858,1.9,10,29
2247,11818.4017,1.2,18,29
2248,11819.1526,1.4,18,29
2249,11819.7238,0.9,19,29
2250,11819.9580,1.3,21,29
2251,11820.0602,2.4,13,29
2252,11820.4615,0.9,20,29
2253,11821.0326,1.2,19,29
2254,11821.3104,2.1,11,29
2255,11821.7645,1.0,18,29
2256,11822.3289,1.2,15,29
2257,11822.5446,1.5,21,29
2258,11823.0574,1.1,20,29
2259,11823.6130,0.9,22,29
2260,11824.3301,1.2,17,29
2261,11824.8941,1.4,18,29
2262,11824.9955,1.1,14,29
2263,11825.0666,1.8,16,29
2264,11825.0935,6.0,13,29
2265,11825.5966,1.3,15,29
2266,11826.1519,1.1,20,29
2267,11826.2000,1.3,14,29
2268,11826.8465,1.4,17,29
2269,11827.3943,0.9,22,29
2270,11827.5979,1.7,13,29
2271,11827.6444,2.0,14,29
2272,11828.0905,1.0,15,29
2273,11828.5676,1.3,14,29
2274,11828.6364,1.1,18,29
2275,11829.3147,1.0,20,29
2276,11829.7348,1.3,14,29
2277,11829.8584,1.2,14,29
2278,11830.1235,1.0,16,29
2279,11830.1749,1.5,12,29
2280,11830.5302,1.1,14,29
2281,11830.8873,1.5,11,29
2282,11831.0715,1.1,18,29
2283,11831.3968,2.2,11,29
2284,11831.7346,1.3,17,29
2285,11832.0267,1.2,13,29
2286,11832.2684,1.2,16,29
2287,11832.6316,1.3,12,29
2288,11832.6927,1.3,13,29
2289,11832.9242,1.1,14,29
2290,11833.1526,1.5,14,29
2291,11833.4618,1.6,19,29
2292,11834.1033,1.1,17,29
2293,11834.6323,1.3,13,29
2294,11835.1299,1.0,15,29
2295,11835.1951,1.3,11,29
2296,11835.2702,1.6,13,29
2297,11835.3765,4.5,11,29
2298,11835.7953,0.9,19,29
2299,11836.4266,1.2,19,29
2300,11836.4567,8.2,11,29
2301,11836.9436,1.0,14,29
2302,11837.5642,1.1,16,30
2303,11837.6140,1.5,13,30
2304,11837.6884,1.1,16,30
2305,11838.0824,1.1,17,30
2306,11838.5994,2.3,11,30
2307,11838.6984,1.2,18,30
2308,11839.2080,1.0,14,30
2309,11839.6593,3.0,10,30
2310,11839.8159,1.4,14,30
2311,11840.0848,1.2,15,30
2312,11840.1672,1.5,13,30
2313,11840.3227,1.0,17,30
2314,11840.9198,1.4,16,30
2315,11841.4222,0.9,16,30
2316,11841.7259,2.6,11,30
2317,11842.0155,1.2,15,30
2318,11842.5137,1.7,17,30
2319,11842.6320,1.6,18,30
2320,11843.0940,1.5,15,30
2321,11843.5853,1.1,16,30
2322,11844.1656,1.6,16,30
2323,11844.6547,1.6,16,30
2324,11844.9881,1.0,15,30
2325,11845.0830,1.2,12,30
2326,11845.2171,1.2,16,30
2327,11845.7041,1.0,20,30
2328,11846.2576,1.1,17,30
2329,11846.7434,1.1,18,30
2330,11847.2942,1.1,16,30
2331,11847.4208,1.0,14,30
2332,11847.5238,1.0,17,30
2333,11847.7699,1.1,13,30
2334,11848.2355,1.0,13,30
2335,11848.3126,1.1,17,30
2336,11848.7891,1.1,19,30
2337,11849.3217,1.3,16,30
2338,11849.7885,1.2,13,30
2339,11849.8390,1.1,18,30
2340,11849.9488,1.1,14,30
2341,11850.3528,1.9,13,30
2342,11850.7803,1.2,16,30
2343,11851.2991,1.1,22,30
2344,11851.5672,1.9,10,30
2345,11851.7605,1.7,15,30
2346,11852.2579,3.0,17,30
2347,11852.3641,1.5,16,30
2348,11852.7270,1.1,16,30
2349,11853.2307,1.1,18,30
2350,11853.6804,0.9,19,30
2351,11854.1687,1.4,13,30
2352,11854.6315,2.3,24,30
2353,11854.7625,1.2,17,30
2354,11855.1089,1.2,15,30
2355,11855.5529,1.3,14,30
2356,11856.0284,1.3,13,30
2357,11856.4693,0.9,16,30
2358,11856.9413,1.2,16,30
2359,11857.0196,1.2,16,30
2360,11857.1500,1.1,15,30
2361,11857.3708,1.4,12,30
2362,11857.8375,1.1,12,30
2363,11858.2649,1.1,16,30
2364,11858.7230,1.2,16,30
2365,11859.1435,1.0,13,30
2366,11859.3905,1.2,16,30
2367,11859.5230,1.1,14,30
2368,11859.5959,1.3,16,30
2369,11860.0150,1.2,16,30
2370,11860.3061,2.4,16,30
2371,11860.4585,1.3,15,30
2372,11860.8697,1.0,14,30
2373,11861.3043,1.6,11,30
2374,11861.7337,2.9,20,30
2375,11861.8837,1.1,17,30
2376,11862.1447,1.4,14,30
2377,11862.5435,1.1,18,30
2378,11862.9672,1.8,11,30
2379,11863.3620,1.0,18,30
2380,11863.7802,1.2,15,30
2381,11864.0887,1.1,18,30
2382,11864.1697,1.2,13,30
2383,11864.2292,1.0,16,30
2384,11864.5792,1.2,11,30
2385,11864.7367,2.2,10,30
2386,11864.9684,1.5,17,30
2387,11865.3685,1.3,14,30
2388,11865.7477,1.5,12,30
2389,11866.1479,2.3,14,30
2390,11866.4152,1.0,14,30
2391,11866.5183,1.4,14,31
2392,11866.5666,1.2,17,31
2393,11866.9048,1.8,14,31
2394,11867.2749,1.5,15,31
2395,11867.6527,1.4,14,31
2396,11868.0156,3.8,15,31
2397,11868.3951,1.2,13,31
2398,11868.7384,2.2,20,31
2399,11868.8885,1.3,13,31
2400,11869.1168,2.2,13,31
2401,11869.4780,1.5,14,31
2402,11869.8391,2.4,13,31
2403,11870.1297,1.6,12,31
2404,11870.8839,1.5,15,31
2405,11871.0353,1.1,15,31
2406,11871.2045,2.7,18,31
2407,11871.2365,1.2,21,31
2408,11871.5668,1.5,13,31
2409,11871.9061,1.0,20,31
2410,11872.2419,1.3,13,31
2411,11872.5757,1.3,13,31
2412,11872.9007,1.2,15,31
2413,11873.3286,1.1,17,31
2414,11873.4939,1.3,14,31
2415,11873.5478,1.4,13,31
2416,11873.8711,1.1,16,31
2417,11874.1853,1.3,15,31
2418,11874.8097,1.3,19,31
2419,11875.1169,1.7,11,31
2420,11875.6052,1.1,15,31
2421,11875.7805,1.7,18,31
2422,11876.0210,1.6,13,31
2423,11876.3143,1.5,12,31
2424,11876.6118,1.4,15,31
2425,11877.1815,1.2,13,31
2426,11877.4636,1.6,10,31
2427,11877.6834,2.6,15,31
2428,11877.8709,0.9,19,31
2429,11878.0458,1.9,16,31
2430,11878.2962,1.4,12,31
2431,11878.5660,2.5,12,31
2432,11878.8314,2.0,11,31
2433,11879.3632,3.9,12,31
2434,11879.6175,1.5,13,31
2435,11880.1231,0.9,19,31
2436,11880.3066,1.1,17,31
2437,11880.3776,1.3,12,31
2438,11880.6191,2.0,10,31
2439,11881.3483,2.2,14,31
2440,11882.3627,1.1,19,31
2441,11882.5526,1.4,17,31
2442,11883.0484,1.3,12,31
2443,11883.1316,1.2,16,31
2444,11884.5890,1.1,15,31
2445,11884.7837,1.1,19,31
2446,11886.8062,1.2,22,31
2447,11887.0007,1.3,13,31
2448,11888.4524,2.4,12,31
2449,11889.0039,1.2,15,31
2450,11889.2073,1.3,19,31
2451,11890.4302,3.0,17,31
2452,11891.1913,1.4,18,31
2453,11891.4010,1.2,15,31
2454,11892.1494,1.4,12,31
2455,11892.5931,1.6,13,31
2456,11893.3670,1.2,15,31
2457,11893.5781,0.9,26,31
2458,11895.5295,1.2,20,31
2459,11895.7455,0.9,21,32
2460,11896.7138,1.5,12,32
2461,11897.6801,1.0,17,32
2462,11897.9026,0.9,20,32
2463,11899.8228,0.9,24,32
2464,11900.0425,1.0,17,32
2465,11901.9412,1.0,16,32
2466,11902.1742,1.1,20,32
2467,11902.9485,2.0,14,32
2468,11904.0537,1.1,21,32
2469,11904.2864,1.2,16,32
2470,11905.6292,2.1,12,32
2471,11906.0408,1.5,12,32
2472,11906.1529,1.0,17,32
2473,11906.3923,1.0,21,32
2474,11908.2376,1.3,22,32
2475,11908.4790,1.2,16,32
2476,11909.1217,1.6,14,32
2477,11910.3138,1.1,21,32
2478,11910.5566,1.4,22,32
2479,11912.1923,1.4,14,32
2480,11912.3738,1.1,22,32
2481,11912.6215,1.0,16,32
2482,11914.4220,1.0,20,32
2483,11914.6726,1.2,21,32
2484,11915.2455,1.1,16,32
2485,11916.4566,0.8,22,32
2486,11916.7121,1.0,17,32
2487,11917.4295,1.6,16,32
2488,11918.4744,1.2,22,32
2489,11918.7376,1.1,21,32
2490,11920.4862,1.3,25,32
2491,11920.7495,0.9,18,32
2492,11922.4855,1.4,16,32
2493,11922.7539,1.0,25,32
2494,11923.4978,1.3,14,32
2495,11924.3303,1.3,12,32
2496,11924.4702,0.8,22,32
2497,11924.7357,1.6,19,32
2498,11926.4407,1.0,18,33
2499,11926.7111,1.0,22,33
2500,11927.3365,1.7,13,33
2501,11928.3996,1.1,23,33
2502,11928.6743,1.0,21,33
2503,11930.3426,1.7,19,33
2504,11930.4873,1.5,14,33
2505,11930.6232,0.9,22,33
2506,11932.2804,1.2,22,33
2507,11932.5582,1.2,18,33
2508,11933.3002,1.8,15,33
2509,11934.1998,0.8,19,33
2510,11934.4834,1.1,22,33
2511,11935.4885,3.2,13,33
2512,11936.1090,1.0,23,33
2513,11936.2579,1.2,15,33
2514,11936.3927,0.9,23,33
2515,11938.0041,0.8,22,33
2516,11938.2904,0.9,23,33
2517,11939.2062,1.7,15,33
2518,11939.8854,1.1,24,33
2519,11940.1768,0.9,21,33
2520,11941.3932,1.5,13,33
2521,11941.6939,2.0,14,33
2522,11941.7562,1.2,20,33
2523,11942.0477,1.1,22,33
2524,11943.0435,1.6,14,33
2525,11943.6142,0.9,22,33
2526,11943.9059,1.0,18,33
2527,11944.3283,2.2,12,33
2528,11944.3710,2.1,12,33
2529,11945.0619,1.2,15,33
2530,11945.4578,1.1,18,33
2531,11945.7546,1.1,22,33
2532,11947.2900,1.0,22,33
2533,11947.5885,1.0,22,33
2534,11947.9676,1.3,12,33
2535,11949.1088,0.8,19,33
2536,11949.4089,0.9,23,33
2537,11949.5801,1.6,12,33
2538,11950.8581,1.5,20,33
2539,11950.9167,0.9,25,33
2540,11951.2162,0.9,19,33
2541,11952.7106,0.9,19,33
2542,11953.0116,1.1,24,33
2543,11953.0506,4.6,13,33
2544,11953.5544,1.7,15,33
2545,11953.7437,1.6,13,33
2546,11954.4910,1.0,24,34
2547,11954.5780,2.7,13,34
2548,11954.7929,1.0,22,34
2549,11956.0035,1.7,12,34
2550,11956.2606,1.2,20,34
2551,11956.5665,0.8,25,34
2552,11956.6121,1.1,18,34
2553,11958.0176,1.3,24,34
2554,11958.3238,1.2,19,34
2555,11958.7981,1.6,13,34
2556,11959.3075,1.4,13,34
2557,11959.4643,1.4,14,34
2558,11959.7592,1.0,20,34
2559,11960.0672,0.9,25,34
2560,11961.4910,1.0,22,34
2561,11961.6455,1.9,14,34
2562,11961.8005,0.9,19,34
2563,11962.3073,1.8,16,34
2564,11963.2062,0.9,20,34
2565,11963.5188,1.0,24,34
2566,11964.4909,1.7,14,34
2567,11964.9135,0.9,24,34
2568,11965.1287,1.3,17,34
2569,11965.2258,1.0,19,34
2570,11965.3073,1.7,14,34
2571,11966.6068,0.8,20,34
2572,11966.9212,1.2,25,34
2573,11967.3116,2.0,14,34
2574,11967.9464,1.4,17,34
2575,11968.2873,0.9,25,34
2576,11968.3837,1.4,13,34
2577,11968.5978,1.1,21,34
2578,11969.9524,1.0,20,34
2579,11970.1307,1.1,17,34
2580,11970.2704,1.1,22,34
2581,11971.6098,1.0,25,34
2582,11971.9245,0.9,20,34
2583,11972.9307,1.1,12,34
2584,11973.2508,0.8,21,34
2585,11973.5701,1.4,24,34
2586,11974.0267,1.1,13,34
2587,11974.8829,0.8,25,34
2588,11975.1981,1.1,21,34
2589,11975.5995,1.3,14,34
2590,11975.7199,1.3,16,34
2591,11976.4982,0.8,21,34
2592,11976.8192,0.8,27,34
2593,11978.1043,1.0,27,34
2594,11978.4213,0.8,21,34
2595,11978.4933,1.4,18,34
2596,11978.6949,2.1,13,34
2597,11979.0686,1.4,18,34
2598,11979.6945,1.0,20,34
2599,11980.0152,0.9,25,34
2600,11981.2750,2.9,27,34
2601,11981.5937,0.9,20,34
2602,11981.8162,1.3,14,34
2603,11982.8405,0.9,22,34
2604,11983.1619,0.9,25,34
2605,11983.9887,1.3,19,35
2606,11984.3962,0.9,24,35
2607,11984.5521,1.5,17,35
2608,11984.7163,1.3,20,35
2609,11985.9363,0.9,20,35
2610,11986.2577,1.0,25,35
2611,11986.5462,1.8,13,35
2612,11986.7217,1.1,24,35
2613,11987.2710,1.7,15,35
2614,11987.4664,0.9,24,35
2615,11987.7854,1.0,20,35
2616,11988.9829,1.1,23,35
2617,11989.3036,0.9,24,35
2618,11989.4492,1.1,19,35
2619,11989.9717,2.0,19,35
2620,11990.4866,0.9,25,35
2621,11990.5791,2.5,13,35
2622,11990.8043,0.9,23,35
2623,11991.9769,0.9,21,35
2624,11992.1506,1.2,18,35
2625,11992.2991,1.0,28,35
2626,11992.6738,1.3,15,35
2627,11993.4564,1.1,25,35
2628,11993.7258,1.4,13,35
2629,11993.7737,1.2,20,35
2630,11994.8397,3.2,14,35
2631,11994.9218,0.8,21,35
2632,11995.2429,0.9,24,35
2633,11995.3547,1.0,21,35
2634,11996.3741,0.9,28,35
2635,11996.6953,0.8,22,35
2636,11997.5215,1.4,15,35
2637,11997.8177,1.1,22,35
2638,11998.0199,1.2,14,35
2639,11998.1374,0.9,25,35
2640,11999.2403,1.0,29,35
2641,11999.5644,1.3,20,35
2642,12000.1890,1.3,18,35
2643,12000.6654,1.1,29,35
2644,12000.9787,1.1,24,35
2645,12001.8955,1.8,12,35
2646,12002.0652,0.8,29,35
2647,12002.3815,0.9,21,35
2648,12002.8385,1.1,17,35
2649,12003.3166,1.4,14,35
2650,12003.4561,1.1,21,35
2651,12003.7728,1.0,26,35
2652,12004.8305,1.1,27,35
2653,12005.1503,1.0,21,35
2654,12005.4755,1.6,16,35
2655,12005.9464,1.5,19,35
2656,12006.1976,1.0,20,35
2657,12006.5145,1.2,25,35
2658,12007.5523,1.0,26,35
2659,12007.8681,1.0,24,35
2660,12008.1042,1.3,20,35
2661,12008.5592,1.2,16,35
2662,12008.8919,1.0,22,35
2663,12009.2059,1.0,26,35
2664,12009.3578,2.0,14,35
2665,12010.2213,1.0,24,35
2666,12010.5367,0.9,24,35
2667,12010.7113,1.1,17,35
2668,12011.1616,1.3,19,35
2669,12011.5355,0.9,21,35
2670,12011.8465,1.1,31,35
2671,12012.8398,0.9,27,35
2672,12013.1514,0.8,23,36
2673,12013.3124,1.7,21,36
2674,12013.7481,0.9,18,36
2675,12014.1286,0.9,23,36
2676,12014.4415,0.8,27,36
2677,12015.4079,1.1,24,36
2678,12015.7161,1.1,22,36
2679,12015.8968,1.3,14,36
2680,12016.3267,1.5,20,36
2681,12016.6705,1.1,20,36
2682,12016.8092,2.6,13,36
2683,12016.9822,0.9,29,36
2684,12017.9256,1.2,23,36
2685,12018.2309,0.9,22,36
2686,12018.4676,1.2,20,36
2687,12018.8804,1.2,20,36
2688,12019.1642,0.9,24,36
2689,12019.4720,0.9,26,36
2690,12020.3016,2.1,17,36
2691,12020.3916,1.2,24,36
2692,12020.6965,1.1,21,36
2693,12021.0244,1.0,20,36
2694,12021.4320,1.1,23,36
2695,12021.6072,1.2,20,36
2696,12021.9125,0.9,25,36
2697,12022.8118,0.9,26,36
2698,12023.1121,0.9,21,36
2699,12023.5733,1.1,20,36
2700,12023.7589,2.0,17,36
2701,12023.9707,1.6,18,36
2702,12024.0007,1.2,20,36
2703,12024.3032,1.1,24,36
2704,12025.1799,0.9,25,36
2705,12025.4754,0.9,26,36
2706,12026.1042,1.3,17,36
2707,12026.3445,1.0,20,36
2708,12026.4913,1.3,20,36
2709,12026.6434,1.2,30,36
2710,12027.4972,1.0,25,36
2711,12027.7911,0.8,23,36
2712,12028.6291,1.1,31,36
2713,12028.9292,1.0,30,36
2714,12028.9993,1.5,16,36
2715,12029.7669,1.0,29,36
2716,12030.0560,1.1,20,36
2717,12030.8792,0.9,20,36
2718,12031.1272,1.2,18,36
2719,12031.1705,1.0,26,36
2720,12031.4948,1.4,22,36
2721,12031.9841,1.0,25,36
2722,12032.2685,1.0,24,36
2723,12033.0725,1.0,19,36
2724,12033.3595,1.0,26,36
2725,12033.6192,1.6,18,36
2726,12033.9773,1.4,16,36
2727,12034.1526,1.0,23,36
2728,12034.4336,1.0,21,36
2729,12035.2159,1.0,20,36
2730,12035.4994,1.0,25,36
2731,12036.0965,1.2,15,36
2732,12036.2688,1.6,25,36
2733,12036.4468,1.2,21,36
2734,12036.5520,1.3,22,36
2735,12037.3066,1.0,21,36
2736,12037.5884,0.9,24,36
2737,12038.3376,0.9,23,36
2738,12038.5610,1.6,22,36
2739,12038.6132,1.1,21,36
2740,12038.8999,1.2,22,36
2741,12039.3523,1.1,18,36
2742,12039.6267,1.2,23,36
2743,12040.3555,0.8,26,36
2744,12040.6247,0.9,23,36
2745,12041.0132,1.1,17,36
2746,12041.3458,0.7,34,36
2747,12041.6159,1.1,24,36
2748,12042.3254,0.8,25,37
2749,12042.5941,1.4,21,37
2750,12043.2892,1.1,18,37
2751,12043.3772,1.6,13,37
2752,12043.4542,1.2,20,37
2753,12043.5585,1.1,27,37
2754,12043.7742,0.9,19,37
2755,12044.1965,2.1,14,37
2756,12044.2423,1.1,24,37
2757,12044.5057,0.9,22,37
2758,12045.1853,1.5,21,37
2759,12045.4440,0.9,24,37
2760,12045.8775,1.2,17,37
2761,12046.1117,1.1,27,37
2762,12046.1928,1.0,23,37
2763,12046.3682,1.2,20,37
2764,12047.0243,1.2,20,37
2765,12047.2825,1.0,24,37
2766,12047.9310,1.1,24,37
2767,12048.1822,1.2,20,37
2768,12048.2896,1.2,23,37
2769,12048.5960,1.1,18,37
2770,12048.8207,1.2,17,37
2771,12049.0691,1.0,24,37
2772,12049.3129,1.3,13,37
2773,12049.6995,1.1,26,37
2774,12049.9448,1.1,22,37
2775,12050.5630,1.2,20,37
2776,12050.6878,1.0,17,37
2777,12050.8090,0.9,25,37
2778,12050.9889,1.4,25,37
2779,12051.2703,1.5,14,37
2780,12051.4166,1.2,21,37
2781,12051.6581,1.3,17,37
2782,12052.2570,1.3,17,37
2783,12052.4957,1.1,29,37
2784,12053.0805,1.1,35,37
2785,12053.3225,1.2,20,37
2786,12053.3624,0.9,20,37
2787,12053.9030,1.1,19,37
2788,12054.1368,1.3,25,37
2789,12054.7095,1.4,20,37
2790,12054.9358,1.0,20,37
2791,12055.4463,1.1,19,37
2792,12055.7245,0.9,38,37
2793,12056.2752,1.2,21,37
2794,12056.4985,1.4,19,37
2795,12057.0425,1.1,22,37
2796,12057.2640,1.2,24,37
2797,12057.8005,1.0,33,37
2798,12058.0138,1.1,21,37
2799,12058.0806,1.6,20,37
2800,12058.5346,1.6,16,37
2801,12058.7513,1.4,22,37
2802,12059.2615,2.2,21,37
2803,12059.4765,1.2,16,37
2804,12059.9820,1.6,16,37
2805,12060.1499,1.6,21,37
2806,12060.1898,1.2,25,37
2807,12060.4175,1.0,25,37
2808,12060.6854,1.4,21,37
2809,12060.8919,1.4,21,37
2810,12061.3744,1.2,16,37
2811,12061.5790,1.1,26,37
2812,12062.0536,2.1,19,37
2813,12062.2554,0.9,21,37
2814,12062.4824,1.2,26,37
2815,12062.5226,1.9,20,37
2816,12062.7345,1.9,25,37
2817,12062.9180,0.9,25,37
2818,12063.3744,1.3,22,37
2819,12063.5703,1.2,20,37
2820,12064.0158,1.8,15,37
2821,12064.2079,1.2,21,37
2822,12064.6461,1.4,18,37
2823,12064.8044,2.1,18,37
2824,12064.8298,2.7,18,37
2825,12065.0524,1.0,26,37
2826,12065.2628,1.1,23,37
2827,12065.4446,1.7,21,37
2828,12065.8682,1.4,18,37
2829,12066.0485,1.2,17,37
2830,12066.4614,1.7,16,37
2831,12066.6323,2.6,21,37
2832,12067.0397,1.4,17,37
2833,12067.1094,1.1,26,37
2834,12067.2130,1.5,16,37
2835,12067.3501,1.1,21,37
2836,12067.6006,1.8,18,37
2837,12067.7770,1.3,20,37
2838,12068.1630,1.8,16,37
2839,12068.3274,1.6,15,37
2840,12068.7026,1.7,15,37
2841,12068.8653,1.5,23,37
2842,12069.3978,1.0,27,37
2843,12069.6396,0.9,25,37
2844,12069.9045,1.6,20,37
2845,12070.2558,1.6,16,37
2846,12070.4061,1.5,13,37
2847,12070.7486,1.5,16,37
2848,12070.8970,1.2,19,37
2849,12071.2280,2.1,15,37
2850,12071.6859,1.3,28,38
2851,12071.8362,2.2,16,38
2852,12071.9107,0.9,28,38
2853,12072.1497,2.1,13,38
2854,12072.2893,0.9,25,38
2855,12072.7280,1.6,16,38
2856,12073.5693,1.4,17,38
2857,12073.9501,2.1,25,38
2858,12074.1702,1.2,25,38
2859,12074.3607,1.9,15,38
2860,12074.6178,2.0,15,38
2861,12075.1013,1.3,18,38
2862,12075.7909,1.4,17,38
2863,12076.2018,1.3,25,38
2864,12076.4207,2.1,24,38
2865,12078.4424,1.1,23,38
2866,12078.6465,0.9,29,38
2867,12080.6700,1.0,27,38
2868,12080.8662,1.0,22,38
2869,12082.8834,1.5,20,38
2870,12083.0754,1.1,26,38
2871,12083.5904,1.5,15,38
2872,12085.0841,1.2,24,38
2873,12085.2689,0.8,23,38
2874,12087.2706,1.0,23,38
2875,12087.4501,0.9,26,38
2876,12089.4473,1.3,25,38
2877,12089.6160,1.2,21,38
2878,12091.4531,1.6,13,38
2879,12091.6058,1.1,22,38
2880,12091.7751,1.1,28,38
2881,12093.7556,0.9,25,38
2882,12093.9145,1.1,24,38
2883,12094.6005,1.8,17,38
2884,12095.8894,1.4,19,38
2885,12096.0434,0.9,27,38
2886,12096.2745,2.4,16,38
2887,12098.0141,1.3,25,38
2888,12098.1591,0.7,28,38
2889,12100.1213,1.2,21,38
2890,12100.2639,1.1,28,38
2891,12100.8452,2.3,14,38
2892,12102.2168,1.1,27,39
2893,12102.3516,1.0,24,39
2894,12102.5274,1.6,14,39
2895,12104.2989,1.2,21,39
2896,12104.3449,1.7,15,39
2897,12104.4289,1.3,28,39
2898,12106.3701,1.1,28,39
2899,12106.4902,1.0,24,39
2900,12107.0402,1.4,16,39
2901,12108.4230,1.3,21,39
2902,12108.5413,1.3,28,39
2903,12108.7286,2.2,15,39
2904,12110.4700,1.1,26,39
2905,12110.5791,1.0,22,39
2906,12112.4962,1.0,22,39
2907,12112.6054,0.8,31,39
2908,12113.1776,1.9,16,39
2909,12114.5145,1.1,27,39
2910,12114.6145,1.0,22,39
2911,12114.8708,1.8,16,39
2912,12116.5171,1.2,25,39
2913,12116.6152,0.9,31,39
2914,12118.5119,0.9,30,39
2915,12118.5978,1.2,27,39
2916,12119.2659,1.7,24,39
2917,12120.4877,1.1,24,39
2918,12120.5743,1.3,31,39
2919,12120.9581,2.4,15,39
2920,12122.4535,0.9,29,39
2921,12122.5330,1.0,27,39
2922,12124.4047,1.2,25,39
2923,12124.4782,0.8,40,39
2924,12125.2909,2.0,16,39
2925,12126.3438,0.9,30,39
2926,12126.4133,0.9,25,39
2927,12126.9942,3.5,18,39
2928,12128.2737,0.8,33,39
2929,12128.3350,0.8,30,39
2930,12130.1817,0.9,30,40
2931,12130.2416,0.9,26,40
2932,12131.2623,1.3,20,40
2933,12132.0814,1.1,26,40
2934,12132.1378,1.0,32,40
2935,12132.9694,1.9,18,40
2936,12133.9685,1.0,30,40
2937,12134.0167,0.8,27,40
2938,12135.8388,1.1,25,40
2939,12135.8885,0.8,37,40
2940,12135.9382,1.4,17,40
2941,12137.1802,1.5,22,40
2942,12137.7024,1.0,30,40
2943,12137.7442,1.0,28,40
2944,12138.1311,3.1,16,40
2945,12138.8935,1.5,17,40
2946,12139.3960,1.3,19,40
2947,12139.5511,1.4,28,40
2948,12139.5884,1.0,33,40
2949,12141.3843,1.1,33,40
2950,12141.4176,1.2,29,40
2951,12141.8324,2.4,17,40
2952,12143.0413,2.0,22,40
2953,12143.2345,1.7,38,40
2954,12144.7658,1.7,25,40
2955,12145.0264,,36,40
2956,12145.9555,1.6,19,40
2957,12146.8247,2.2,38,40
2958,12146.9626,1.6,16,40
2959,12147.6738,1.5,18,40
2960,12148.5997,1.9,39,40
2961,12148.8523,1.5,21,40
2962,12150.3693,1.5,44,40
2963,12150.5771,2.5,21,40
2964,12151.7384,1.3,22,40
2965,12152.1233,0.8,46,40
2966,12153.4567,1.0,26,40
2967,12153.8653,0.7,46,40
2968,12154.6081,1.2,22,40
2969,12155.5923,0.7,52,40
2970,12156.3313,1.8,18,40
2971,12157.3096,0.7,48,40
2972,12157.4654,1.2,19,40
2973,12159.0122,0.7,47,40
2974,12159.1899,1.4,18,40
2975,12160.3090,1.3,23,41
2976,12160.7027,0.6,47,41
2977,12162.0366,1.5,21,41
2978,12162.3791,0.8,45,41
2979,12163.1426,2.0,22,41
2980,12163.9920,1.4,20,41
2981,12164.0437,0.9,45,41
2982,12164.8699,2.4,18,41
2983,12165.6950,1.2,45,41
2984,12165.9559,1.5,22,41
2985,12167.3318,1.7,41,41
2986,12167.6818,1.9,19,41
2987,12168.7553,1.6,17,41
2988,12168.9600,2.1,39,41
2989,12170.1557,1.3,16,41
2990,12170.4862,1.3,21,41
2991,12170.5713,1.6,39,41
2992,12171.5461,1.2,21,41
2993,12172.1828,1.3,42,41
2994,12173.2763,0.9,26,41
2995,12173.7498,1.7,37,41
2996,12174.3211,1.1,20,41
2997,12175.3174,2.9,28,41
2998,12175.3472,1.2,34,41
2999,12176.0494,2.0,15,41
3000,12176.8757,1.6,32,41
3001,12176.9059,2.7,28,41
3002,12177.0821,1.7,22,41
3003,12178.4233,1.5,29,41
3004,12178.4589,1.1,32,41
3005,12178.8139,1.6,19,41
3006,12179.4024,1.5,16,41
3007,12179.8289,1.9,16,41
3008,12179.9559,0.9,37,41
3009,12179.9934,1.3,29,41
3010,12181.4778,1.5,29,41
3011,12181.5184,1.1,38,41
3012,12181.5618,1.3,19,41
3013,12182.5650,1.2,22,41
3014,12182.9862,1.0,37,41
3015,12183.0267,1.0,30,41
3016,12184.2961,1.6,20,41
3017,12184.4805,1.1,30,41
3018,12184.5267,1.0,34,41
3019,12185.2826,0.8,28,41
3020,12185.9631,1.0,33,41
3021,12186.0106,0.8,38,41
3022,12187.0161,1.6,16,41
3023,12187.4333,1.0,28,41
3024,12187.4842,0.8,35,41
3025,12187.9945,1.3,25,41
3026,12188.4895,2.1,15,41
3027,12188.8910,0.8,35,42
3028,12188.9419,0.9,29,42
3029,12189.1268,2.0,15,42
3030,12189.7241,1.2,21,42
3031,12190.3349,1.2,29,42
3032,12190.3883,1.2,35,42
3033,12190.6882,1.0,19,42
3034,12191.7666,1.0,35,42
3035,12191.8190,1.1,28,42
3036,12192.4159,1.3,18,42
3037,12193.1835,0.9,31,42
3038,12193.2416,1.2,33,42
3039,12193.3692,1.4,24,42
3040,12194.5905,1.3,33,42
3041,12194.6482,1.1,28,42
3042,12195.0979,1.0,24,42
3043,12195.9831,0.9,28,42
3044,12196.0411,1.0,43,42
3045,12197.3622,1.0,35,42
3046,12197.4241,0.9,31,42
3047,12197.7624,1.2,19,42
3048,12198.6893,1.0,28,42
3049,12198.7306,0.9,31,42
3050,12198.7941,1.1,32,42
3051,12200.0876,0.8,34,42
3052,12200.1523,0.9,31,42
3053,12200.4154,1.3,23,42
3054,12201.3305,0.9,23,42
3055,12201.4264,0.7,31,42
3056,12201.4938,0.7,36,42
3057,12202.7582,1.0,35,42
3058,12202.8214,0.8,36,42
3059,12203.0547,1.1,20,42
3060,12203.9599,1.7,27,42
3061,12204.0710,1.0,32,42
3062,12204.1410,0.9,34,42
3063,12205.3754,0.8,36,42
3064,12205.4447,0.9,30,42
3065,12205.6797,1.6,23,42
3066,12206.5694,0.8,25,42
3067,12206.6652,0.7,29,42
3068,12206.7370,1.2,33,42
3069,12207.9450,1.0,32,42
3070,12208.0164,0.9,28,42
3071,12208.2922,1.4,18,42
3072,12209.1672,1.0,28,42
3073,12209.2068,1.0,28,42
3074,12209.2840,1.0,35,42
3075,12209.9373,1.5,17,42
3076,12210.4603,0.9,34,42
3077,12210.5362,0.8,29,42
3078,12210.8898,1.3,27,42
3079,12211.0832,1.8,16,42
3080,12211.6985,0.9,34,42
3081,12211.7743,2.1,36,42
3082,12212.8256,1.4,16,42
3083,12212.9276,0.9,35,42
3084,12213.0038,0.9,33,42
3085,12213.4742,1.8,20,42
3086,12214.1413,1.0,28,42
3087,12214.2194,0.8,36,42
3088,12214.3255,1.2,26,42
3089,12215.1414,1.9,17,42
3090,12215.3426,0.9,34,42
3091,12215.4203,1.0,27,42
3092,12216.0457,1.1,24,42
3093,12216.5284,1.0,28,42
3094,12216.6092,1.1,35,42
3095,12216.8818,2.0,23,42
3096,12217.7042,1.0,32,42
3097,12217.7875,1.1,29,42
3098,12218.6025,1.3,25,43
3099,12218.8684,0.9,29,43
3100,12218.9486,1.1,35,43
3101,12219.4314,1.3,26,43
3102,12220.0205,0.9,35,43
3103,12220.0985,0.9,29,43
3104,12220.2279,1.5,15,43
3105,12221.1522,0.8,40,43
3106,12221.2389,0.9,34,43
3107,12221.9615,0.9,23,43
3108,12222.2807,0.9,34,43
3109,12222.3629,1.0,28,43
3110,12223.3907,0.9,29,43
3111,12223.4761,1.0,35,43
3112,12223.5563,1.9,17,43
3113,12223.6773,1.3,23,43
3114,12224.4870,0.9,46,43
3115,12224.5735,0.8,29,43
3116,12225.5773,1.0,27,43
3117,12225.6619,0.9,34,43
3118,12226.1929,1.6,24,43
3119,12226.6510,1.0,32,43
3120,12226.7341,0.8,29,43
3121,12226.9848,1.1,29,43
3122,12227.7100,1.0,26,43
3123,12227.7955,0.9,33,43
3124,12228.5148,1.6,16,43
3125,12228.6972,1.5,20,43
3126,12228.7606,1.3,34,43
3127,12228.8427,0.9,29,43
3128,12229.4778,1.0,29,43
3129,12229.5414,8.0,17,43
3130,12229.7948,0.8,27,43
3131,12229.8810,1.0,34,43
3132,12230.8172,0.9,32,43
3133,12230.9024,0.9,28,43
3134,12231.1222,1.6,16,43
3135,12231.1867,1.2,26,43
3136,12231.8260,1.0,25,43
3137,12231.9153,1.6,34,43
3138,12231.9532,1.1,31,43
3139,12232.8256,1.0,31,43
3140,12232.9093,1.0,28,43
3141,12233.2055,1.8,17,43
3142,12233.6632,0.9,22,43
3143,12233.8090,1.1,28,43
3144,12233.8933,1.1,33,43
3145,12234.4205,1.2,28,43
3146,12234.7778,1.3,37,43
3147,12234.8669,1.0,30,43
3148,12235.7392,1.0,26,43
3149,12235.8237,0.7,40,43
3150,12236.1268,1.5,25,43
3151,12236.3970,1.5,17,43
3152,12236.6842,1.0,31,43
3153,12236.7706,1.0,26,43
3154,12236.8725,1.0,25,43
3155,12237.6175,1.4,24,43
3156,12237.7026,1.1,34,43
3157,12238.5415,2.2,32,43
3158,12238.6222,0.8,29,43
3159,12239.3119,1.4,28,43
3160,12239.4436,1.2,29,43
3161,12239.5305,1.0,33,43
3162,12240.3416,1.0,32,43
3163,12240.4232,0.9,34,43
3164,12241.0091,1.5,26,43
3165,12241.2234,1.2,23,43
3166,12241.3085,1.2,31,43
3167,12241.7347,1.0,25,43
3168,12242.0968,0.8,39,43
3169,12242.1750,0.9,26,43
3170,12242.9479,1.2,22,43
3171,12243.0330,1.0,34,43
3172,12243.4245,1.6,25,43
3173,12243.7953,1.4,30,43
3174,12243.8769,0.9,32,43
3175,12244.1457,1.2,30,43
3176,12244.6284,1.2,28,43
3177,12244.7094,1.0,32,43
3178,12245.4481,1.5,32,43
3179,12245.5273,1.1,26,43
3180,12245.8396,1.3,28,43
3181,12246.2522,1.3,22,43
3182,12246.3356,0.9,39,43
3183,12246.5440,1.0,36,43
3184,12247.0473,1.4,29,43
3185,12247.1261,1.1,26,43
3186,12247.8244,1.6,24,44
3187,12247.9074,1.1,32,44
3188,12248.2352,0.9,31,44
3189,12248.5958,1.0,28,44
3190,12248.6740,1.1,25,44
3191,12248.9285,1.2,30,44
3192,12249.2395,2.2,16,44
3193,12249.3497,1.2,22,44
3194,12249.4277,1.3,31,44
3195,12250.0933,0.9,29,44
3196,12250.1688,1.3,25,44
3197,12250.6148,1.5,26,44
3198,12250.8235,1.0,27,44
3199,12250.8986,1.2,29,44
3200,12251.2995,0.8,28,44
3201,12251.5388,1.0,28,44
3202,12251.6144,1.1,24,44
3203,12252.2437,0.9,25,44
3204,12252.3198,1.2,30,44
3205,12252.9366,1.5,27,44
3206,12252.9906,2.1,29,44
3207,12253.6198,2.0,21,44
3208,12253.6599,1.3,34,44
3209,12253.6897,1.1,34,44
3210,12254.2839,2.0,25,44
3211,12254.3533,0.9,26,44
3212,12254.9337,1.3,23,44
3213,12255.0093,1.4,28,44
3214,12255.3394,1.0,30,44
3215,12255.5772,1.3,24,44
3216,12255.6463,1.3,24,44
3217,12255.9997,1.5,23,44
3218,12256.2113,2.1,27,44
3219,12256.2769,1.0,29,44
3220,12256.8215,0.8,30,44
3221,12256.8917,1.1,22,44
3222,12257.4921,1.3,27,44
3223,12257.6779,1.1,24,44
3224,12258.0158,1.2,27,44
3225,12258.0820,1.4,22,44
3226,12258.3325,0.8,33,44
3227,12258.5904,1.6,21,44
3228,12258.6560,1.0,28,44
3229,12259.1603,2.0,24,44
3230,12259.2188,1.4,22,44
3231,12259.7068,1.4,19,44
3232,12259.7758,1.3,26,44
3233,12260.0052,1.7,32,44
3234,12260.2501,1.6,31,44
3235,12260.3093,1.3,23,44
3236,12260.6443,1.1,30,44
3237,12260.7758,0.9,22,44
3238,12260.8383,1.6,26,44
3239,12261.2903,1.8,20,44
3240,12261.3483,1.4,21,44
3241,12261.8499,2.0,29,44
3242,12262.2832,2.7,22,44
3243,12262.3255,1.5,34,44
3244,12262.8120,1.4,25,44
3245,12262.9548,1.0,35,44
3246,12263.1885,4.6,18,44
3247,12263.2721,2.7,20,44
3248,12263.7231,1.9,25,44
3249,12264.1120,2.7,17,44
3250,12264.1611,1.1,28,44
3251,12264.5323,1.0,27,44
3252,12264.6221,0.9,32,44
3253,12264.9442,2.3,18,44
3254,12264.9978,1.6,19,44
3255,12265.2453,1.1,29,44
3256,12265.3383,1.6,24,44
3257,12265.7349,2.3,19,44
3258,12265.7893,2.7,21,44
3259,12266.1547,1.4,22,44
3260,12266.4662,2.3,23,44
3261,12266.5173,1.7,19,44
3262,12266.9066,1.0,25,44
3263,12267.0665,1.7,22,44
3264,12267.5214,0.7,44,44
3265,12267.9578,2.2,19,44
3266,12268.6042,2.1,17,44
3267,12269.1864,1.1,41,44
3268,12269.5399,1.9,18,44
3269,12269.7862,1.0,27,44
3270,12270.5535,1.8,23,44
3271,12271.4443,0.9,33,44
3272,12272.0376,1.4,34,44
3273,12273.6873,1.9,30,44
3274,12274.2761,1.2,26,44
3275,12275.0864,1.2,18,44
3276,12275.5085,2.0,19,44
3277,12275.9204,1.2,26,44
3278,12276.2421,1.9,18,44
3279,12276.4991,1.3,32,44
3280,12277.4999,1.9,18,45
3281,12278.1416,1.2,31,45
3282,12278.2875,2.5,21,45
3283,12278.7096,1.0,30,45
3284,12280.3478,1.1,25,45
3285,12280.8482,2.3,19,45
3286,12280.9069,1.0,34,45
3287,12281.5170,1.8,22,45
3288,12281.9507,1.8,21,45
3289,12282.5404,1.0,33,45
3290,12283.0893,1.2,28,45
3291,12283.3144,1.8,19,45
3292,12284.7178,1.2,40,45
3293,12285.2622,0.8,42,45
3294,12286.8878,0.9,35,45
3295,12287.4175,1.0,32,45
3296,12287.8745,1.8,24,45
3297,12288.4023,1.9,18,45
3298,12289.0415,1.2,31,45
3299,12289.5648,0.9,38,45
3300,12291.1820,1.0,37,45
3301,12291.6938,0.9,30,45
3302,12292.2267,1.5,21,45
3303,12293.3062,1.2,28,45
3304,12293.8129,1.3,35,45
3305,12294.2003,1.7,19,45
3306,12295.4139,1.5,35,45
3307,12295.9193,0.9,35,45
3308,12297.5158,1.1,32,45
3309,12298.0112,1.0,35,45
3310,12298.5291,1.0,25,45
3311,12299.6013,1.2,38,45
3312,12300.0848,0.8,33,45
3313,12300.4434,3.8,25,45
3314,12301.6723,1.1,34,45
3315,12302.1514,0.9,39,45
3316,12303.7350,1.0,36,45
3317,12304.1995,1.0,33,45
3318,12304.6850,1.5,18,45
3319,12305.7806,0.8,35,45
3320,12306.2421,1.0,37,46
3321,12306.6627,2.0,23,46
3322,12307.8136,1.2,34,46
3323,12308.2669,1.1,29,46
3324,12309.8330,0.9,29,46
3325,12310.2776,1.0,37,46
3326,12311.8395,1.0,42,46
3327,12312.2754,0.9,32,46
3328,12312.8012,1.4,23,46
3329,12313.8307,0.8,32,46
3330,12314.1947,1.5,19,46
3331,12314.2609,1.1,39,46
3332,12315.8097,0.9,40,46
3333,12316.2346,0.8,37,46
3334,12317.0868,1.8,22,46
3335,12317.7739,1.4,29,46
3336,12318.1906,1.5,37,46
3337,12318.8705,,20,46
3338,12318.8913,3.6,22,46
3339,12319.7275,1.1,38,46
3340,12320.1319,1.1,43,46
3341,12321.6680,0.9,30,46
3342,12322.0726,1.6,41,46
3343,12323.5969,0.9,38,46
3344,12323.9873,0.8,35,46
3345,12324.9281,2.2,22,46
3346,12325.5066,0.9,33,46
3347,12325.8958,0.9,42,46
3348,12326.1739,1.1,26,46
3349,12327.4072,1.3,36,46
3350,12327.7897,1.1,37,46
3351,12327.9218,1.3,18,46
3352,12328.0341,2.7,25,46
3353,12329.2905,0.9,34,46
3354,12329.6655,1.2,43,46
3355,12330.9067,1.5,23,46
3356,12331.1654,1.1,38,46
3357,12331.5341,1.1,33,46
3358,12332.1605,1.3,22,46
3359,12333.0232,1.2,31,46
3360,12333.3865,1.1,39,46
3361,12333.8745,1.9,21,46
3362,12334.8717,1.0,39,46
3363,12335.2259,0.9,34,46
3364,12336.7053,0.9,33,47
3365,12336.8283,1.3,24,47
3366,12337.0534,1.0,41,47
3367,12338.0906,1.9,20,47
3368,12338.5245,0.8,40,47
3369,12338.8678,0.8,36,47
3370,12339.7676,1.9,23,47
3371,12340.3314,1.1,32,47
3372,12340.6682,1.0,44,47
3373,12342.1271,1.0,39,47
3374,12342.4544,0.8,35,47
3375,12342.6965,1.9,24,47
3376,12343.5591,1.6,22,47
3377,12343.9044,1.0,35,47
3378,12343.9621,1.2,23,47
3379,12344.2302,1.2,39,47
3380,12345.6728,1.0,41,47
3381,12345.9893,1.0,34,47
3382,12346.8754,1.8,23,47
3383,12347.4232,0.8,38,47
3384,12347.7387,0.9,40,47
3385,12348.5075,1.6,26,47
3386,12349.1657,1.1,41,47
3387,12349.4713,1.0,37,47
3388,12349.7843,1.5,27,47
3389,12350.8948,1.2,42,47
3390,12351.1945,1.0,43,47
3391,12351.3934,1.3,24,47
3392,12352.6059,1.0,44,47
3393,12352.6697,1.6,21,47
3394,12352.9025,1.0,34,47
3395,12354.2617,2.1,28,47
3396,12354.3066,0.8,36,47
3397,12354.5984,1.0,41,47
3398,12355.9942,1.2,39,47
3399,12356.2788,0.8,39,47
3400,12357.1204,1.6,20,47
3401,12357.6676,0.9,37,47
3402,12357.9489,0.9,41,47
3403,12358.4048,1.1,34,47
3404,12359.3279,1.1,45,47
3405,12359.6024,0.8,37,47
3406,12359.9623,1.4,26,47
3407,12360.9778,1.3,34,47
3408,12361.2480,1.2,49,47
3409,12362.6122,1.1,39,47
3410,12362.8758,0.8,38,47
3411,12363.4319,1.8,19,47
3412,12364.0814,1.6,20,47
3413,12364.2339,0.8,35,47
3414,12364.4934,1.3,41,47
3415,12365.6091,1.8,27,48
3416,12365.8430,1.0,43,48
3417,12366.0955,1.0,38,48
3418,12366.9023,1.4,26,48
3419,12367.4360,1.0,35,48
3420,12367.6845,1.1,40,48
3421,12368.4107,1.1,21,48
3422,12368.6121,1.7,21,48
3423,12369.0187,0.9,40,48
3424,12369.2609,0.9,37,48
3425,12370.5893,1.4,37,48
3426,12370.8276,1.0,45,48
3427,12371.1984,1.3,28,48
3428,12372.1429,0.9,43,48
3429,12372.3776,1.0,34,48
3430,12372.4927,1.4,26,48
3431,12373.6840,1.1,35,48
3432,12373.9165,1.1,42,48
3433,12373.9685,1.4,21,48
3434,12375.2147,1.0,42,48
3435,12375.2693,1.5,21,48
3436,12375.4414,1.3,41,48
3437,12376.5305,3.2,22,48
3438,12376.7295,1.0,48,48
3439,12376.9517,1.1,44,48
3440,12377.4189,1.9,21,48
3441,12378.0335,1.5,27,48
3442,12378.2331,1.1,41,48
3443,12378.4525,1.6,38,48
3444,12379.3625,1.1,23,48
3445,12379.4774,1.2,25,48
3446,12379.7219,0.9,38,48
3447,12379.9336,1.1,43,48
3448,12380.7811,1.6,20,48
3449,12381.1993,0.9,42,48
3450,12381.4062,0.8,37,48
3451,12382.2117,1.9,25,48
3452,12382.6615,0.9,38,48
3453,12382.8674,1.1,43,48
3454,12383.2017,1.7,23,48
3455,12383.5167,1.5,25,48
3456,12384.1142,1.1,41,48
3457,12384.2190,2.4,24,48
3458,12384.3107,0.8,36,48
3459,12384.9271,1.4,24,48
3460,12385.5492,1.1,35,48
3461,12385.7465,0.8,46,48
3462,12386.2357,1.6,25,48
3463,12386.9784,1.5,43,48
3464,12387.1660,1.0,34,48
3465,12387.6351,1.4,30,48
3466,12387.9866,3.6,19,48
3467,12388.3836,1.0,36,48
3468,12388.5723,0.9,45,48
3469,12388.9421,1.1,30,48
3470,12389.7844,0.8,44,48
3471,12389.9676,1.0,35,48
3472,12390.3265,1.1,29,48
3473,12391.1668,0.9,42,48
3474,12391.3464,1.0,44,48
3475,12391.6347,1.0,28,48
3476,12391.7020,1.8,19,48
3477,12392.5408,1.4,43,48
3478,12392.7130,0.9,38,48
3479,12393.0027,1.4,36,48
3480,12393.8962,1.1,34,49
3481,12394.0712,1.3,41,49
3482,12394.3143,1.4,25,49
3483,12395.2425,0.9,43,49
3484,12395.4095,1.0,36,49
3485,12395.6683,1.4,23,49
3486,12396.2280,2.4,20,49
3487,12396.5751,1.0,38,49
3488,12396.7401,1.0,42,49
3489,12397.8936,1.1,42,49
3490,12398.0517,1.4,38,49
3491,12398.3144,1.6,28,49
3492,12399.1987,1.2,38,49
3493,12399.3575,1.0,46,49
3494,12399.6273,1.2,27,49
3495,12399.8281,1.9,25,49
3496,12400.4930,1.2,45,49
3497,12400.6471,1.1,35,49
3498,12400.7446,2.0,24,49
3499,12400.9531,1.3,26,49
3500,12401.7692,1.0,42,49
3501,12401.9237,1.1,41,49
3502,12402.2653,1.1,23,49
3503,12402.5132,1.6,19,49
3504,12403.0400,1.0,43,49
3505,12403.1853,1.0,37,49
3506,12403.5745,1.4,32,49
3507,12404.2894,1.3,39,49
3508,12404.4391,1.0,43,49
3509,12404.8888,1.3,29,49
3510,12405.5336,0.9,42,49
3511,12405.6730,1.0,35,49
3512,12406.0083,1.8,22,49
3513,12406.1822,1.5,25,49
3514,12406.7595,0.9,36,49
3515,12406.8993,1.3,40,49
3516,12407.4968,1.2,24,49
3517,12407.9757,1.2,46,49
3518,12408.1092,1.0,36,49
3519,12408.7780,1.4,33,49
3520,12409.1745,0.9,35,49
3521,12409.3084,1.3,45,49
3522,12409.4503,1.7,21,49
3523,12410.0877,1.5,33,49
3524,12410.2975,1.7,20,49
3525,12410.3636,1.0,44,49
3526,12410.4947,0.9,41,49
3527,12411.1505,1.7,21,49
3528,12411.3590,1.5,28,49
3529,12411.5386,0.9,38,49
3530,12411.6656,0.9,43,49
3531,12412.7007,1.1,45,49
3532,12412.8274,1.1,46,49
3533,12413.8490,0.9,38,49
3534,12413.9268,1.6,32,49
3535,12413.9716,1.0,42,49
3536,12414.9871,1.0,44,49
3537,12415.1014,1.0,36,49
3538,12415.2425,1.2,30,49
3539,12416.1054,1.0,35,49
3540,12416.2241,1.0,42,49
3541,12416.4825,1.4,30,49
3542,12417.2179,1.2,39,49
3543,12417.3287,1.1,34,49
3544,12417.7981,3.0,26,49
3545,12418.3154,1.3,36,49
3546,12418.4248,1.2,42,49
3547,12419.0198,1.6,30,49
3548,12419.3994,1.1,41,49
3549,12419.5057,0.9,35,49
3550,12420.1228,2.3,19,49
3551,12420.2756,1.4,26,49
3552,12420.3368,1.5,27,49
3553,12420.4675,1.1,33,49
3554,12420.5762,0.9,41,49
3555,12421.5301,1.8,50,49
3556,12421.6275,0.8,34,49
3557,12422.5708,1.1,34,49
3558,12422.6737,1.0,48,49
3559,12422.8600,2.1,24,49
3560,12423.6023,1.2,42,50
3561,12423.6976,1.2,33,50
3562,12424.0602,1.1,34,50
3563,12424.6213,1.3,33,50
3564,12424.7156,1.0,41,50
3565,12425.3775,1.4,32,50
3566,12425.6274,1.0,40,50
3567,12425.7172,0.8,38,50
3568,12425.8466,1.6,23,50
3569,12426.5593,1.1,28,50
3570,12426.6201,1.0,35,50
3571,12426.7094,1.1,39,50
3572,12427.5994,1.0,43,50
3573,12427.6868,1.2,36,50
3574,12427.8736,1.7,25,50
3575,12428.2202,1.9,20,50
3576,12428.5625,0.9,36,50
3577,12428.6513,1.2,37,50
3578,12428.9672,2.4,20,50
3579,12429.0445,1.7,33,50
3580,12429.5188,1.0,38,50
3581,12429.6007,1.1,34,50
3582,12430.3593,1.3,32,50
3583,12430.4574,1.2,32,50
3584,12430.5379,1.1,39,50
3585,12431.3866,1.1,38,50
3586,12431.4631,0.9,32,50
3587,12431.5149,1.1,28,50
3588,12432.2990,1.1,34,50
3589,12432.3767,1.2,37,50
3590,12432.8247,1.2,36,50
3591,12433.1997,1.0,41,50
3592,12433.2736,1.0,35,50
3593,12433.9728,1.7,33,50
3594,12434.0876,1.1,32,50
3595,12434.1619,1.3,40,50
3596,12434.9637,1.1,38,50
3597,12435.0352,0.9,44,50
3598,12435.2852,1.4,30,50
3599,12435.8244,1.0,44,50
3600,12435.8955,1.1,36,50
3601,12436.4166,1.2,28,50
3602,12436.5241,1.3,28,50
3603,12436.6757,1.0,40,50
3604,12436.7414,1.4,28,50
3605,12437.5092,1.1,33,50
3606,12437.5771,1.3,35,50
3607,12437.7311,2.2,28,50
3608,12438.0000,1.4,26,50
3609,12438.3339,1.0,41,50
3610,12438.3962,0.9,28,50
3611,12438.7687,2.4,21,50
3612,12438.8475,1.2,33,50
3613,12439.1429,1.2,32,50
3614,12439.2070,1.2,42,50
3615,12439.9382,1.3,42,50
3616,12439.9991,1.4,32,50
3617,12440.1602,1.4,33,50
3618,12440.7271,1.2,32,50
3619,12440.7843,1.4,34,50
3620,12441.2648,1.4,28,50
3621,12441.4978,1.1,43,50
3622,12441.5513,1.4,35,50
3623,12442.2529,1.1,34,50
3624,12442.3133,1.9,40,50
3625,12442.5744,1.2,26,50
3626,12442.9989,1.1,37,50
3627,12443.0547,1.6,33,50
3628,12443.6699,1.2,38,50
3629,12443.7341,1.4,40,50
3630,12443.7833,1.5,34,50
3631,12444.4503,1.3,36,50
3632,12444.4998,1.1,39,50
3633,12444.9782,1.5,30,50
3634,12445.1542,1.1,42,50
3635,12445.2050,1.4,39,50
3636,12445.8498,1.1,37,50
3637,12445.8958,0.9,35,50
3638,12446.0589,1.0,30,50
3639,12446.5344,1.2,40,50
3640,12446.5759,1.6,35,50
3641,12447.1967,1.2,37,50
3642,12447.2787,1.3,32,50
3643,12447.3666,1.3,26,50
3644,12447.8495,1.7,29,50
3645,12447.8986,1.5,35,50
3646,12448.4348,1.2,37,50
3647,12448.4941,1.1,36,50
3648,12448.5358,1.3,26,50
3649,12449.1255,2.1,34,50
3650,12449.1629,1.9,33,50
3651,12449.2779,1.6,21,50
3652,12449.7377,0.9,53,50
3653,12449.7753,2.5,27,50
3654,12450.0149,2.3,28,50
3655,12450.3391,1.8,32,50
3656,12450.3779,1.4,31,50
3657,12450.6372,2.7,26,50
3658,12450.7955,1.1,31,50
3659,12450.9296,1.6,37,50
3660,12450.9608,2.9,27,50
3661,12451.5061,1.6,32,50
3662,12451.5411,2.1,30,50
3663,12452.0980,1.8,43,50
3664,12452.6180,2.3,28,51
3665,12453.1496,1.3,51,51
3666,12453.6834,2.4,31,51
3667,12453.7148,2.7,32,51
3668,12453.9987,2.0,23,51
3669,12454.1954,2.5,35,51
3670,12454.2188,2.2,35,51
3671,12454.4473,2.2,31,51
3672,12454.6944,2.3,30,51
3673,12455.1803,2.7,31,51
3674,12455.3088,2.0,22,51
3675,12455.4799,1.3,36,51
3676,12455.6555,6.0,28,51
3677,12456.1131,4.8,29,51
3678,12456.5633,3.4,30,51
3679,12456.5899,2.4,30,51
3680,12456.7817,1.3,27,51
3681,12456.9935,2.8,34,51
3682,12457.1834,1.5,21,51
3683,12457.4179,6.4,29,51
3684,12457.8069,1.7,46,51
3685,12458.2214,3.8,28,51
3686,12458.6011,1.7,34,51
3687,12458.9676,2.1,30,51
3688,12459.1031,1.8,34,51
3689,12459.3276,1.9,30,51
3690,12459.6689,3.3,29,51
3691,12459.9995,1.2,40,51
3692,12460.1091,1.2,31,51
3693,12460.3101,1.8,35,51
3694,12460.6187,1.9,31,51
3695,12460.9156,2.4,29,51
3696,12461.1880,1.7,33,51
3697,12461.4066,1.3,28,51
3698,12461.4587,3.3,27,51
3699,12461.7051,1.8,26,51
3700,12461.9461,2.0,23,51
3701,12462.1751,1.4,37,51
3702,12462.3985,1.8,42,51
3703,12462.5863,1.7,25,51
3704,12462.7708,1.8,27,51
3705,12462.9456,2.2,25,51
3706,12463.3942,1.2,32,51
3707,12463.7026,1.8,36,51
3708,12464.5937,1.4,28,51
3709,12464.6845,1.2,32,51
3710,12465.9779,1.5,30,51
3711,12466.2635,1.4,24,51
3712,12466.4420,1.9,22,51
3713,12466.9553,1.4,46,51
3714,12468.2447,1.3,39,51
3715,12469.2066,1.2,37,51
3716,12469.8571,2.9,23,51
3717,12470.4956,1.4,33,51
3718,12471.4457,1.0,39,51
3719,12472.1611,1.6,27,51
3720,12472.7308,1.3,38,51
3721,12473.6690,1.1,35,51
3722,12473.7801,1.3,23,51
3723,12474.3531,2.3,21,51
3724,12474.9549,1.4,39,51
3725,12475.8845,1.1,48,51
3726,12476.3410,1.5,30,51
3727,12477.1663,1.3,37,51
3728,12478.0821,1.0,35,51
3729,12479.3629,1.2,33,51
3730,12480.2670,1.2,44,51
3731,12480.6058,1.7,21,51
3732,12481.0313,1.3,23,51
3733,12481.5468,1.2,39,51
3734,12482.0211,2.9,23,52
3735,12482.4405,1.3,35,52
3736,12482.5771,2.5,25,52
3737,12483.7150,1.4,31,52
3738,12483.9512,4.7,22,52
3739,12484.5986,1.4,40,52
3740,12485.8685,2.1,38,52
3741,12486.7462,1.0,41,52
3742,12488.0137,0.9,31,52
3743,12488.1953,2.5,21,52
3744,12488.8759,0.9,41,52
3745,12489.4473,1.6,22,52
3746,12490.1409,1.3,37,52
3747,12490.9930,1.3,34,52
3748,12491.1688,2.2,21,52
3749,12492.2547,1.1,34,52
3750,12493.1000,1.1,45,52
3751,12493.3271,2.1,25,52
3752,12494.3577,1.6,38,52
3753,12495.1886,1.4,35,52
3754,12496.4429,1.1,36,52
3755,12497.2648,1.4,41,52
3756,12498.5181,1.2,36,52
3757,12499.3321,1.2,38,52
3758,12500.5748,1.3,37,52
3759,12501.3800,1.2,42,52
3760,12501.7360,4.5,28,52
3761,12502.6258,1.4,40,52
3762,12503.4191,0.9,44,52
3763,12504.6562,1.1,40,52
3764,12505.4414,1.2,42,52
3765,12506.6154,2.7,26,52
3766,12506.6785,1.2,42,52
3767,12507.4497,1.0,36,52
3768,12507.9465,2.0,27,52
3769,12508.6850,1.6,39,52
3770,12509.4478,1.1,43,52
3771,12510.6783,1.1,45,52
3772,12511.4277,1.2,37,53
3773,12512.6527,1.2,38,53
3774,12513.3997,0.8,44,53
3775,12514.6218,1.3,45,53
3776,12515.3526,1.0,47,53
3777,12516.5713,0.8,41,53
3778,12517.1389,2.1,23,53
3779,12517.2977,1.2,43,53
3780,12518.5094,1.2,42,53
3781,12519.2264,1.1,38,53
3782,12520.1807,1.7,24,53
3783,12520.4322,1.0,37,53
3784,12521.1422,1.5,46,53
3785,12522.3448,1.3,43,53
3786,12523.0428,1.3,37,53
3787,12524.2380,1.3,41,53
3788,12524.9321,0.9,46,53
3789,12526.1258,1.3,41,53
3790,12526.8075,1.0,44,53
3791,12527.9958,1.1,38,53
3792,12528.6702,1.0,46,53
3793,12529.8516,1.7,42,53
3794,12530.0225,1.6,26,53
3795,12530.5172,0.9,43,53
3796,12530.7236,1.7,25,53
3797,12531.6958,1.0,36,53
3798,12532.1973,2.6,24,53
3799,12532.3520,1.4,44,53
3800,12533.3592,2.2,24,53
3801,12533.5241,1.1,49,53
3802,12534.1722,1.3,37,53
3803,12535.3424,1.0,36,53
3804,12535.9815,1.1,54,53
3805,12537.1457,1.2,44,53
3806,12537.7755,1.0,37,53
3807,12538.1258,2.2,31,53
3808,12538.9363,0.9,48,53
3809,12539.5568,1.1,44,53
3810,12540.7123,1.1,46,54
3811,12541.3241,0.9,40,54
3812,12541.6778,1.7,24,54
3813,12541.8875,1.5,23,54
3814,12542.4719,1.0,39,54
3815,12543.0796,1.3,44,54
3816,12543.9824,2.2,26,54
3817,12544.2221,1.1,44,54
3818,12544.8192,0.9,49,54
3819,12545.9558,0.9,46,54
3820,12546.5473,1.0,50,54
3821,12546.8904,2.1,23,54
3822,12547.6778,1.3,44,54
3823,12548.0767,1.5,27,54
3824,12548.2599,1.0,39,54
3825,12549.3855,1.0,39,54
3826,12549.7912,2.0,25,54
3827,12549.9624,1.2,46,54
3828,12550.6452,1.4,32,54
3829,12551.0807,1.6,46,54
3830,12551.6478,1.0,43,54
3831,12552.7621,1.1,42,54
3832,12553.3244,1.3,49,54
3833,12553.5263,1.3,25,54
3834,12554.4316,1.1,45,54
3835,12554.9822,1.2,40,54
3836,12555.5427,1.3,27,54
3837,12556.0856,0.9,40,54
3838,12556.4054,2.2,36,54
3839,12556.6301,1.3,46,54
3840,12557.7269,1.4,45,54
3841,12558.2616,1.1,42,54
3842,12559.3524,1.2,41,54
3843,12559.8850,1.2,48,54
3844,12560.9690,1.1,46,54
3845,12561.2359,1.7,28,54
3846,12561.4884,1.3,42,54
3847,12562.1015,1.3,38,54
3848,12562.5679,1.1,38,54
3849,12563.0862,1.2,55,54
3850,12564.0640,1.4,25,54
3851,12564.1578,1.6,45,54
3852,12564.6605,1.6,43,54
3853,12564.9335,1.1,32,54
3854,12565.7301,1.3,37,54
3855,12566.2325,1.1,50,54
3856,12566.8761,2.1,28,54
3857,12567.2912,1.1,47,54
3858,12567.7846,1.0,42,54
3859,12568.8369,1.1,40,54
3860,12569.3253,1.4,46,54
3861,12569.6700,2.2,25,54
3862,12570.3711,1.0,51,55
3863,12570.8513,1.3,42,55
3864,12571.8918,1.1,40,55
3865,12572.3657,1.2,46,55
3866,12572.4582,2.5,29,55
3867,12573.3432,1.6,27,55
3868,12573.3957,1.6,44,55
3869,12573.8656,1.1,43,55
3870,12574.8892,1.2,39,55
3871,12575.3520,1.0,51,55
3872,12576.3708,1.0,49,55
3873,12576.8245,1.3,40,55
3874,12577.8394,1.1,42,55
3875,12577.9846,1.3,32,55
3876,12578.2879,1.0,57,55
3877,12578.8732,1.8,26,55
3878,12579.2913,1.2,49,55
3879,12579.7320,1.1,44,55
3880,12580.7292,1.0,52,55
3881,12581.1674,1.2,46,55
3882,12582.1571,1.0,50,55
3883,12582.5857,1.0,49,55
3884,12583.4548,1.5,32,55
3885,12583.5696,1.3,41,55
3886,12583.9930,1.1,50,55
3887,12584.3535,2.9,26,55
3888,12584.9701,1.3,46,55
3889,12585.3869,1.2,45,55
3890,12586.1713,1.6,28,55
3891,12586.3547,0.9,41,55
3892,12586.7688,1.2,50,55
3893,12587.7299,1.1,46,55
3894,12588.1350,1.1,47,55
3895,12588.8710,1.6,31,55
3896,12589.0877,1.2,39,55
3897,12589.4852,1.5,48,55
3898,12589.7725,1.6,28,55
3899,12590.4346,1.2,47,55
3900,12590.8277,1.3,39,55
3901,12591.5511,1.4,33,55
3902,12591.7669,1.1,43,55
3903,12592.1573,1.4,46,55
3904,12592.4584,1.6,24,55
3905,12593.0877,1.1,48,55
3906,12593.4675,0.9,43,55
3907,12593.7834,1.6,27,55
3908,12594.2260,1.7,34,55
3909,12594.3920,1.2,39,55
3910,12594.7697,1.6,46,55
3911,12595.1363,2.4,29,55
3912,12595.6854,1.3,46,55
3913,12596.0540,1.3,46,55
3914,12596.8851,2.0,26,55
3915,12596.9644,1.2,39,55
3916,12597.3316,1.0,50,55
3917,12597.7956,1.3,26,55
3918,12598.2295,1.3,51,55
3919,12598.5885,1.0,48,55
3920,12599.4821,1.1,40,56
3921,12599.5283,1.5,35,56
3922,12599.8379,1.2,47,56
3923,12600.4422,1.9,34,56
3924,12600.7238,1.2,47,56
3925,12601.0704,0.9,42,56
3926,12601.9458,1.4,42,56
3927,12602.1574,1.4,31,56
3928,12602.2921,1.2,48,56
3929,12603.0747,1.6,23,56
3930,12603.1611,1.1,48,56
3931,12603.5023,1.5,46,56
3932,12604.3598,0.9,42,56
3933,12604.6926,1.0,47,56
3934,12604.7741,1.6,35,56
3935,12605.5474,1.3,48,56
3936,12605.6947,1.6,34,56
3937,12605.8712,1.1,43,56
3938,12606.7184,1.1,41,56
3939,12607.0420,1.5,52,56
3940,12607.3752,1.3,29,56
3941,12607.8795,1.1,46,56
3942,12608.1948,1.1,40,56
3943,12608.2976,1.4,27,56
3944,12609.0237,1.2,42,56
3945,12609.3355,1.7,48,56
3946,12609.9641,1.7,33,56
3947,12610.1565,1.0,49,56
3948,12610.4623,1.2,38,56
3949,12610.8880,1.8,31,56
3950,12611.2761,1.0,41,56
3951,12611.5783,1.2,47,56
3952,12611.6592,2.0,32,56
3953,12612.3825,1.3,45,56
3954,12612.5378,1.6,29,56
3955,12612.6785,1.2,38,56
3956,12613.4702,1.2,49,56
3957,12613.7676,1.0,47,56
3958,12614.5545,1.1,48,56
3959,12614.8450,1.3,45,56
3960,12615.0987,1.6,32,56
3961,12615.6191,1.2,39,56
3962,12615.9023,1.3,43,56
3963,12616.0295,1.6,32,56
3964,12616.6731,1.5,45,56
3965,12616.9508,1.1,40,56
3966,12617.6406,2.2,27,56
3967,12617.7125,1.2,38,56
3968,12617.9859,1.1,46,56
3969,12618.0613,2.8,29,56
3970,12618.5710,1.5,25,56
3971,12618.6843,1.4,27,56
3972,12618.7400,2.0,45,56
3973,12619.0074,1.2,39,56
3974,12619.7506,1.3,37,56
3975,12620.0179,1.7,46,56
3976,12620.1759,1.7,33,56
3977,12620.7518,1.4,46,56
3978,12621.0096,1.1,36,56
3979,12621.1071,1.5,33,56
3980,12621.7380,1.9,35,56
3981,12621.9931,1.3,44,56
3982,12622.7066,2.9,51,56
3983,12622.9600,1.1,37,56
3984,12623.6280,1.3,36,56
3985,12623.6699,1.1,40,56
3986,12623.9167,1.7,40,56
3987,12624.4294,2.1,26,56
3988,12624.6156,1.6,47,56
3989,12624.8597,1.2,38,56
3990,12625.1984,1.4,36,56
3991,12625.5499,1.3,40,56
3992,12625.7881,1.6,41,56
3993,12626.1351,1.4,38,56
3994,12626.4709,1.6,43,56
3995,12626.7001,1.6,40,56
3996,12627.3775,1.2,36,56
3997,12627.6044,1.4,48,56
3998,12627.6861,1.4,29,56
3999,12628.2715,1.1,46,56
4000,12628.4951,1.1,36,57
4001,12629.1492,1.0,54,57
4002,12629.3698,1.6,42,57
4003,12630.0173,1.5,47,57
4004,12630.1638,1.5,35,57
4005,12630.2342,1.3,36,57
4006,12630.8706,1.1,38,57
4007,12631.0893,1.9,54,57
4008,12631.5359,1.8,28,57
4009,12631.7127,1.1,44,57
4010,12631.9185,1.7,35,57
4011,12632.5414,2.0,37,57
4012,12632.6317,1.7,43,57
4013,12632.7427,1.3,41,57
4014,12633.3529,1.6,43,57
4015,12633.5589,1.2,53,57
4016,12633.8992,2.6,27,57
4017,12634.1521,1.0,37,57
4018,12634.3497,1.4,41,57
4019,12634.9393,1.2,45,57
4020,12635.0752,1.4,42,57
4021,12635.1339,1.5,35,57
4022,12635.7151,1.1,38,57
4023,12635.9034,1.4,40,57
4024,12636.0131,2.1,34,57
4025,12636.4767,1.4,40,57
4026,12636.6576,1.1,39,57
4027,12636.9587,4.1,30,57
4028,12637.2213,1.3,35,57
4029,12637.4055,1.2,39,57
4030,12637.5101,1.0,32,57
4031,12637.9538,1.9,44,57
4032,12638.1342,1.4,32,57
4033,12638.4506,1.1,32,57
4034,12638.6778,1.2,37,57
4035,12638.8520,1.7,36,57
4036,12639.3882,1.2,45,57
4037,12639.5566,1.2,32,57
4038,12639.9304,2.0,36,57
4039,12640.0817,1.8,36,57
4040,12640.2465,1.6,36,57
4041,12640.7628,1.4,40,57
4042,12640.8739,1.2,35,57
4043,12640.9257,1.3,40,57
4044,12641.4305,1.2,34,57
4045,12641.5915,1.5,39,57
4046,12642.0851,1.4,39,57
4047,12642.2399,1.4,33,57
4048,12642.3369,1.2,45,57
4049,12642.7262,1.4,35,57
4050,12642.8798,1.6,34,57
4051,12643.2736,1.6,36,57
4052,12643.3572,1.9,41,57
4053,12643.5040,1.0,40,57
4054,12643.9699,1.3,32,57
4055,12644.1147,1.8,33,57
4056,12644.5738,1.6,38,57
4057,12644.7215,2.9,50,57
4058,12645.1602,1.3,31,57
4059,12645.2981,1.4,35,57
4060,12645.6757,1.6,38,57
4061,12645.7384,1.5,38,57
4062,12645.8702,1.8,28,57
4063,12646.1930,2.0,31,57
4064,12646.2983,2.0,37,57
4065,12646.4330,1.5,30,57
4066,12646.8484,1.3,42,57
4067,12646.9730,2.0,36,57
4068,12647.1084,1.6,31,57
4069,12647.3847,1.2,37,57
4070,12647.5114,1.4,31,57
4071,12647.9062,1.4,39,57
4072,12648.0420,2.7,36,57
4073,12648.4157,1.7,29,57
4074,12648.5343,1.7,30,57
4075,12648.9139,1.6,34,57
4076,12649.0291,3.2,27,57
4077,12649.3959,1.7,28,57
4078,12649.4781,2.5,40,57
4079,12649.8675,1.9,31,57
4080,12649.9770,1.9,32,57
4081,12650.3214,1.8,28,57
4082,12650.4222,1.5,48,57
4083,12650.7712,1.8,36,57
4084,12650.8674,1.8,31,57
4085,12651.1940,1.3,26,57
4086,12651.2946,3.4,27,57
4087,12651.6161,1.6,33,57
4088,12651.8226,1.5,31,57
4089,12652.0182,1.4,28,57
4090,12652.4017,4.1,39,57
4091,12652.7728,1.6,37,57
4092,12652.8721,1.3,25,57
4093,12653.1509,1.7,31,57
4094,12653.4970,2.7,28,57
4095,12653.8403,1.7,33,57
4096,12654.1610,1.1,51,57
4097,12654.4769,1.6,28,57
4098,12654.7738,1.6,30,57
4099,12655.1112,1.7,40,57
4100,12655.6646,2.5,29,57
4101,12656.4868,1.3,44,57
4102,12657.4355,2.0,41,57
4103,12658.6602,5.0,26,58
4104,12658.7962,1.6,38,58
4105,12659.7424,1.7,38,58
4106,12661.0882,1.3,38,58
4107,12662.0344,1.7,31,58
4108,12663.3059,2.5,26,58
4109,12663.3728,2.0,41,58
4110,12664.3167,1.8,36,58
4111,12665.6423,1.4,41,58
4112,12666.4082,1.9,27,58
4113,12666.5834,1.2,32,58
4114,12667.2432,1.9,26,58
4115,12667.7368,2.7,28,58
4116,12667.8960,1.6,42,58
4117,12668.8360,2.0,43,58
4118,12669.8736,1.5,28,58
4119,12670.1355,1.4,33,58
4120,12671.0774,1.3,36,58
4121,12671.9912,2.5,27,58
4122,12672.3642,1.6,45,58
4123,12672.9795,1.3,38,58
4124,12673.3056,1.1,50,58
4125,12674.5738,1.3,37,58
4126,12675.5144,1.3,34,58
4127,12675.9617,1.5,32,58
4128,12676.2342,2.8,28,58
4129,12676.7727,1.7,40,58
4130,12677.7135,1.6,38,58
4131,12678.9578,1.3,47,58
4132,12679.8955,1.2,36,58
4133,12680.6376,1.5,29,58
4134,12681.1285,2.2,39,58
4135,12682.0671,2.2,43,58
4136,12683.2887,1.7,37,58
4137,12684.2259,2.0,32,58
4138,12685.4319,1.7,43,58
4139,12686.3682,1.4,39,58
4140,12687.5568,2.0,39,59
4141,12688.4963,1.2,43,59
4142,12689.6762,1.6,45,59
4143,12690.6123,1.2,46,59
4144,12691.7781,1.5,36,59
4145,12692.2952,2.5,28,59
4146,12692.7082,1.8,35,59
4147,12693.8651,1.7,47,59
4148,12694.7974,1.7,40,59
4149,12695.9421,1.1,40,59
4150,12696.8718,1.4,36,59
4151,12698.0048,1.3,43,59
4152,12698.9317,1.4,43,59
4153,12700.0511,1.5,38,59
4154,12700.9773,1.4,35,59
4155,12701.6875,3.0,28,59
4156,12702.0858,1.9,45,59
4157,12703.0091,1.5,43,59
4158,12704.1011,1.6,44,59
4159,12705.0242,1.6,39,59
4160,12706.1090,1.8,48,59
4161,12707.0302,2.3,42,59
4162,12707.2337,2.5,30,59
4163,12708.0985,1.4,43,59
4164,12709.0206,1.2,39,59
4165,12710.0806,1.3,53,59
4166,12710.9956,2.1,41,59
4167,12712.0445,1.6,39,59
4168,12712.7118,1.4,28,59
4169,12712.9599,1.7,38,59
4170,12713.9974,1.7,46,59
4171,12714.9086,1.5,45,59
4172,12715.9344,1.1,40,59
4173,12716.8407,1.6,36,60
4174,12716.9054,2.0,28,60
4175,12717.8582,1.4,45,60
4176,12718.7647,1.1,51,60
4177,12718.9284,1.5,28,60
4178,12719.7677,1.4,38,60
4179,12720.6705,1.8,36,60
4180,12720.8281,1.5,34,60
4181,12721.6637,1.2,50,60
4182,12722.5663,1.8,45,60
4183,12723.5467,1.4,38,60
4184,12724.4448,1.1,39,60
4185,12725.4163,1.5,47,60
4186,12726.1195,1.8,32,60
4187,12726.3107,1.1,46,60
4188,12727.2716,1.2,41,60
4189,12728.1609,1.2,38,60
4190,12729.1194,1.7,61,60
4191,12730.0020,1.6,45,60
4192,12730.9396,1.2,42,60
4193,12731.8250,1.4,39,60
4194,12732.5037,2.0,39,60
4195,12732.7540,1.9,45,60
4196,12733.6368,1.8,51,60
4197,12734.3837,1.8,34,60
4198,12734.5557,1.4,39,60
4199,12735.4316,1.3,39,60
4200,12736.3410,1.3,52,60
4201,12737.2165,1.2,45,60
4202,12738.1178,1.4,45,60
4203,12738.9868,1.4,38,60
4204,12739.2560,3.3,35,60
4205,12739.5894,1.6,31,60
4206,12739.8749,1.4,47,60
4207,12740.7416,1.6,46,60
4208,12741.6205,1.5,42,60
4209,12742.4798,1.6,45,60
4210,12743.3536,1.6,49,60
4211,12743.9371,4.2,31,60
4212,12744.2115,1.4,49,60
4213,12745.0720,1.3,43,60
4214,12745.9272,1.1,50,61
4215,12746.7751,2.9,50,61
4216,12747.2918,1.9,36,61
4217,12747.6299,1.1,49,61
4218,12748.4700,2.0,45,61
4219,12749.3156,1.0,45,61
4220,12749.4727,1.4,32,61
4221,12750.1447,1.5,47,61
4222,12750.9900,2.4,51,61
4223,12751.8075,1.6,41,61
4224,12752.3482,2.2,28,61
4225,12752.6510,1.4,47,61
4226,12753.4605,1.8,48,61
4227,12754.2954,1.0,52,61
4228,12754.4879,3.6,39,61
4229,12754.8602,1.7,28,61
4230,12755.0956,1.1,45,61
4231,12755.9274,1.7,44,61
4232,12755.9942,1.9,26,61
4233,12756.7186,1.8,47,61
4234,12756.9792,2.3,27,61
4235,12757.5473,1.7,47,61
4236,12758.3265,1.5,39,61
4237,12758.4117,2.4,31,61
4238,12759.1506,1.5,39,61
4239,12759.4629,2.0,27,61
4240,12759.9252,1.7,47,61
4241,12760.2390,2.0,28,61
4242,12760.7443,1.4,49,61
4243,12761.5067,1.5,42,61
4244,12762.3130,2.4,48,61
4245,12763.0731,1.4,50,61
4246,12763.8838,1.3,51,61
4247,12764.0942,3.6,31,61
4248,12764.6266,1.3,51,61
4249,12764.7521,2.6,30,61
4250,12765.4365,1.4,43,61
4251,12765.7853,2.5,27,61
4252,12766.1709,1.5,46,61
4253,12766.7998,1.7,27,61
4254,12766.9727,1.4,46,61
4255,12767.3865,1.9,32,61
4256,12767.6982,1.3,49,61
4257,12768.3425,2.3,34,61
4258,12768.4949,1.7,42,61
4259,12769.2140,1.6,61,61
4260,12769.6091,2.4,32,61
4261,12769.7263,1.9,29,61
4262,12770.0035,2.2,49,61
4263,12770.7110,1.9,40,61
4264,12771.4985,1.6,42,61
4265,12771.7620,2.3,29,61
4266,12772.2021,1.6,47,61
4267,12772.5176,2.5,30,61
4268,12772.9883,2.2,51,61
4269,12773.6723,1.1,52,61
4270,12774.0121,1.7,39,61
4271,12774.4511,1.3,51,61
4272,12775.1338,1.6,54,62
4273,12775.2964,1.6,30,62
4274,12775.7874,2.4,29,62
4275,12775.9063,1.5,48,62
4276,12776.3869,1.1,41,62
4277,12776.5772,1.4,42,62
4278,12777.3452,1.3,42,62
4279,12778.0128,1.5,49,62
4280,12778.5570,1.9,35,62
4281,12778.7705,2.1,51,62
4282,12779.1590,2.3,29,62
4283,12779.4305,1.2,42,62
4284,12780.1860,1.4,43,62
4285,12780.8349,3.6,49,62
4286,12781.3092,2.1,35,62
4287,12781.5097,2.4,32,62
4288,12781.5865,1.9,45,62
4289,12782.2293,1.4,46,62
4290,12782.9730,1.2,40,62
4291,12783.4276,2.1,33,62
4292,12783.5472,2.3,30,62
4293,12783.6054,1.7,51,62
4294,12784.3454,1.6,46,62
4295,12784.9713,1.5,41,62
4296,12785.7043,1.1,49,62
4297,12785.7521,2.0,31,62
4298,12786.2642,2.0,28,62
4299,12786.3232,1.3,50,62
4300,12787.0535,1.4,47,62
4301,12787.6594,1.6,40,62
4302,12788.0604,2.6,34,62
4303,12788.3848,1.3,42,62
4304,12788.4802,1.5,28,62
4305,12788.9816,1.5,54,62
4306,12789.7029,1.7,47,62
4307,12790.2958,1.4,46,62
4308,12791.0075,1.0,42,62
4309,12791.4331,2.4,30,62
4310,12791.5936,1.0,54,62
4311,12791.6650,2.3,30,62
4312,12792.1839,1.6,30,62
4313,12792.3001,1.7,46,62
4314,12792.6249,1.8,31,62
4315,12792.8735,1.4,39,62
4316,12793.5780,1.7,39,62
4317,12794.1462,1.6,45,62
4318,12794.8431,2.1,48,62
4319,12794.8816,3.2,33,62
4320,12795.3133,5.8,34,62
4321,12795.4022,1.4,41,62
4322,12796.0896,1.0,41,62
4323,12796.6412,1.7,50,62
4324,12797.0059,2.7,29,62
4325,12797.1366,2.4,30,62
4326,12797.3278,2.2,54,62
4327,12797.8723,2.1,37,62
4328,12798.5531,1.4,45,62
4329,12799.0888,1.3,50,62
4330,12799.3724,2.0,28,62
4331,12799.7611,1.6,48,62
4332,12800.1915,1.8,32,62
4333,12800.2920,1.2,41,62
4334,12800.9577,1.3,40,62
4335,12801.4793,1.6,46,62
4336,12801.5932,1.8,35,62
4337,12802.0302,1.8,34,62
4338,12802.1413,1.8,51,62
4339,12802.2915,2.5,31,62
4340,12802.6563,1.8,38,62
4341,12803.3077,1.1,45,62
4342,12803.8152,2.7,52,62
4343,12804.4627,1.2,55,63
4344,12804.6978,1.5,33,63
4345,12804.9654,1.2,43,63
4346,12805.6048,1.2,41,63
4347,12805.9887,1.4,31,63
4348,12806.1019,1.6,47,63
4349,12806.4251,1.5,37,63
4350,12806.7343,1.4,48,63
4351,12807.2196,1.7,51,63
4352,12807.5199,3.3,31,63
4353,12807.8490,1.2,40,63
4354,12808.0650,1.4,36,63
4355,12808.3270,2.3,46,63
4356,12808.6041,1.8,31,63
4357,12808.9494,1.3,51,63
4358,12809.4206,1.2,41,63
4359,12810.0376,1.9,40,63
4360,12810.1086,2.7,29,63
4361,12810.3299,1.3,38,63
4362,12810.5060,1.5,43,63
4363,12810.7747,3.7,32,63
4364,12811.1121,1.5,49,63
4365,12811.5687,1.8,35,63
4366,12812.1734,1.4,46,63
4367,12812.6254,1.7,49,63
4368,12812.6922,1.6,41,63
4369,12812.9237,1.9,28,63
4370,12813.2214,3.4,48,63
4371,12813.6616,1.4,42,63
4372,12814.2534,1.7,44,63
4373,12814.6160,1.5,34,63
4374,12814.6871,3.0,42,63
4375,12815.0616,2.0,31,63
4376,12815.2717,2.8,50,63
4377,12815.7049,1.8,39,63
4378,12816.2797,1.5,40,63
4379,12816.7000,1.6,49,63
4380,12816.7364,3.4,39,63
4381,12817.2720,1.4,48,63
4382,12817.6873,1.5,38,63
4383,12817.8018,2.0,35,63
4384,12818.2479,1.3,45,63
4385,12818.3644,2.6,33,63
4386,12818.6627,1.6,46,63
4387,12818.8444,2.8,32,63
4388,12819.2167,2.1,47,63
4389,12819.2956,1.9,35,63
4390,12819.6198,1.7,45,63
4391,12820.1709,1.9,39,63
4392,12820.3397,1.7,30,63
4393,12820.5654,1.3,48,63
4394,12821.1085,2.0,47,63
4395,12821.2774,2.0,32,63
4396,12821.4957,1.5,38,63
4397,12822.0310,1.5,41,63
4398,12822.4153,1.3,43,63
4399,12822.8641,2.3,31,63
4400,12822.9479,1.9,47,63
4401,12823.0177,1.5,36,63
4402,12823.3196,1.1,37,63
4403,12823.4319,2.0,38,63
4404,12823.4700,1.7,36,63
4405,12823.8432,1.5,38,63
4406,12824.0479,1.8,31,63
4407,12824.2134,1.4,44,63
4408,12824.7288,1.7,43,63
4409,12825.0875,1.6,47,63
4410,12825.3682,1.7,34,63
4411,12825.5953,1.3,38,63
4412,12825.9520,3.0,50,63
4413,12826.4573,1.4,52,63
4414,12826.8031,1.7,43,63
4415,12827.2987,1.5,36,63
4416,12827.5890,2.8,35,63
4417,12827.6431,2.3,49,63
4418,12827.8630,2.0,34,63
4419,12828.1300,1.5,45,63
4420,12828.4391,3.6,34,63
4421,12828.4652,2.8,36,63
4422,12828.9467,1.4,38,63
4423,12829.1722,1.6,36,63
4424,12829.2787,1.4,44,63
4425,12829.7529,3.0,41,63
4426,12830.0763,1.4,35,63
4427,12830.5417,1.4,45,63
4428,12830.8615,1.9,41,63
4429,12831.1920,1.8,38,63
4430,12831.3160,2.7,41,63
4431,12831.6384,3.1,45,63
4432,12832.0792,1.4,38,63
4433,12832.3898,1.6,41,63
4434,12832.8136,4.7,50,63
4435,12833.1294,1.3,36,63
4436,12833.3885,2.1,36,63
4437,12833.5617,3.1,40,64
4438,12833.8624,1.5,41,64
4439,12833.9085,1.6,41,64
4440,12834.2900,1.8,43,64
4441,12834.5780,2.1,33,64
4442,12834.9956,1.8,36,64
4443,12835.1947,2.1,34,64
4444,12835.2772,3.5,44,64
4445,12835.6921,1.6,44,64
4446,12835.8390,2.5,29,64
4447,12835.9661,1.9,37,64
4448,12836.3733,1.4,35,64
4449,12836.6466,1.9,41,64
4450,12837.0352,1.9,52,64
4451,12837.1759,1.5,35,64
4452,12837.3091,2.6,31,64
4453,12837.6951,1.2,52,64
4454,12837.9568,1.8,35,64
4455,12838.2769,2.0,41,64
4456,12838.3401,2.7,41,64
4457,12838.5910,2.3,31,64
4458,12838.9675,2.3,31,64
4459,12839.1398,2.6,37,64
4460,12839.2146,2.8,36,64
4461,12839.5994,7.6,44,64
4462,12839.8188,3.0,39,64
4463,12840.1298,2.7,41,64
4464,12840.1787,2.2,40,64
4465,12840.4210,1.7,37,64
4466,12840.7683,1.9,39,64
4467,12841.3451,1.6,35,64
4468,12841.5669,2.2,46,64
4469,12841.9050,1.5,41,64
4470,12842.4511,1.8,31,64
4471,12842.5234,3.1,34,64
4472,12842.6673,1.7,32,64
4473,12842.8935,1.3,35,64
4474,12842.9864,2.8,34,64
4475,12843.1895,6.0,32,64
4476,12843.5027,2.4,46,64
4477,12843.7081,2.4,32,64
4478,12844.5064,1.7,32,64
4479,12844.9190,1.6,30,64
4480,12844.9880,2.8,35,64
4481,12845.1766,1.4,38,64
4482,12845.4522,3.9,40,64
4483,12845.5088,2.1,34,64
4484,12845.6344,3.5,30,64
4485,12845.9071,1.9,35,64
4486,12846.7720,2.6,36,64
4487,12846.8664,2.5,34,64
4488,12847.3004,2.2,39,64
4489,12847.3364,2.1,47,64
4490,12847.5842,1.5,33,64
4491,12847.7353,6.0,31,64
4492,12847.8938,2.3,39,64
4493,12848.3418,2.1,32,64
4494,12848.7642,2.1,37,64
4495,12849.0485,1.5,42,64
4496,12849.3708,1.6,38,64
4497,12849.6647,2.6,39,64
4498,12849.7033,2.3,37,64
4499,12849.9702,5.4,33,64
4500,12850.6526,3.0,39,64
4501,12851.1096,4.1,37,64
4502,12852.0179,1.6,47,64
4503,12852.1216,4.1,30,64
4504,12852.6165,1.5,43,64
4505,12852.9762,1.5,35,64
4506,12854.3624,2.5,47,64
4507,12854.8329,1.4,39,64
4508,12856.6760,2.2,49,64
4509,12857.2826,2.0,37,64
4510,12858.0374,1.7,36,64
4511,12858.4677,2.1,38,64
4512,12859.5882,1.9,33,64
4513,12859.8480,2.1,35,64
4514,12861.6451,1.7,37,64
4515,12861.8902,1.7,43,64
4516,12862.1109,2.1,39,64
4517,12863.4334,2.1,41,65
4518,12863.5621,1.6,33,65
4519,12863.8926,2.2,33,65
4520,12864.1968,4.3,34,65
4521,12864.4592,2.3,36,65
4522,12865.2012,1.6,36,65
4523,12865.6679,2.1,39,65
4524,12865.8291,1.7,40,65
4525,12866.4430,1.8,40,65
4526,12867.4223,3.7,46,65
4527,12868.0793,1.5,34,65
4528,12868.6988,1.4,52,65
4529,12869.1618,2.4,38,65
4530,12869.5804,1.3,39,65
4531,12870.3230,2.1,43,65
4532,12870.9379,1.6,40,65
4533,12872.1404,1.9,33,65
4534,12872.6059,1.7,40,65
4535,12874.7581,2.4,40,65
4536,12875.3733,1.4,40,65
4537,12875.5297,2.0,36,65
4538,12876.2638,3.5,32,65
4539,12876.9524,1.4,40,65
4540,12878.8617,3.5,37,65
4541,12879.1396,1.8,42,65
4542,12879.3201,2.5,34,65
4543,12879.7568,2.8,39,65
4544,12881.3061,1.8,34,65
4545,12881.9237,2.2,34,65
4546,12882.0763,1.5,40,65
4547,12882.1356,1.9,36,65
4548,12882.5907,2.5,35,65
4549,12883.4592,2.2,38,65
4550,12884.0793,2.2,40,65
4551,12884.2080,2.0,31,65
4552,12884.9663,2.0,34,65
4553,12885.3546,2.5,39,65
4554,12885.6001,1.9,37,65
4555,12885.8098,2.0,36,65
4556,12886.2205,2.1,34,65
4557,12887.6586,1.9,35,65
4558,12887.7294,1.5,43,65
4559,12887.8360,3.2,37,65
4560,12888.3487,1.6,40,65
4561,12888.5204,2.2,38,65
4562,12888.9717,1.6,37,65
4563,12889.8414,1.4,42,65
4564,12890.0823,1.6,41,65
4565,12890.5259,1.3,44,65
4566,12891.6273,1.8,38,65
4567,12891.9423,1.8,49,65
4568,12892.0733,2.2,41,66
4569,12892.5619,2.6,45,66
4570,12893.3753,1.8,40,66
4571,12893.5339,2.2,32,66
4572,12893.6063,1.6,33,66
4573,12894.0199,1.6,38,66
4574,12894.6843,1.8,37,66
4575,12895.1269,2.6,35,66
4576,12896.0914,1.2,42,66
4577,12896.1931,3.9,36,66
4578,12896.3613,1.7,38,66
4579,12896.6269,2.4,34,66
4580,12896.7159,1.9,39,66
4581,12897.6801,2.5,35,66
4582,12898.1282,6.8,38,66
4583,12898.7685,2.1,37,66
4584,12899.0284,1.7,36,66
4585,12899.1646,3.4,43,66
4586,12900.1917,1.5,46,66
4587,12900.6214,2.2,34,66
4588,12900.8132,2.6,38,66
4589,12901.0574,1.3,36,66
4590,12902.2216,1.5,37,66
4591,12902.5053,2.0,33,66
4592,12902.8431,1.7,40,66
4593,12903.5083,2.3,35,66
4594,12903.9410,2.0,40,66
4595,12904.2355,2.4,39,66
4596,12904.7488,2.3,34,66
4597,12904.8594,1.5,42,66
4598,12904.9271,1.7,35,66
4599,12906.2363,1.7,41,66
4600,12906.7651,3.7,37,66
4601,12906.8577,2.0,35,66
4602,12908.1591,1.4,34,66
4603,12908.2231,2.0,44,66
4604,12908.8465,1.9,46,66
4605,12909.5329,2.8,33,66
4606,12910.1636,4.7,36,66
4607,12910.1898,2.2,40,66
4608,12910.2717,2.0,36,66
4609,12910.8134,2.0,36,66
4610,12912.1523,1.4,43,66
4611,12912.7744,1.9,43,66
4612,12913.0114,1.6,33,66
4613,12914.0961,1.9,38,66
4614,12914.4954,2.0,33,66
4615,12914.7176,1.8,36,66
4616,12914.9103,1.6,37,66
4617,12915.7346,1.5,41,66
4618,12916.0264,1.7,45,66
4619,12916.6485,1.9,43,66
4620,12917.1028,2.8,34,66
4621,12917.5105,2.2,39,66
4622,12917.9425,2.3,35,66
4623,12918.3674,5.0,43,66
4624,12918.4481,2.4,39,66
4625,12918.5611,1.3,37,66
4626,12919.6530,2.1,40,66
4627,12919.8480,1.7,44,66
4628,12920.0589,1.8,43,66
4629,12920.4668,2.4,41,66
4630,12921.0649,1.4,39,66
4631,12921.1362,1.7,38,66
4632,12921.3083,1.6,45,66
4633,12921.7361,1.4,39,67
4634,12922.1550,1.9,32,67
4635,12922.3526,2.0,36,67
4636,12922.5522,1.7,39,67
4637,12923.6115,1.8,41,67
4638,12924.2269,2.5,42,67
4639,12924.9914,1.8,33,67
4640,12925.4703,2.6,35,67
4641,12926.0823,1.6,39,67
4642,12926.4272,1.3,46,67
4643,12926.4811,1.6,46,67
4644,12926.9804,2.2,39,67
4645,12927.3206,4.6,44,67
4646,12927.3704,4.8,37,67
4647,12927.9317,2.4,40,67
4648,12928.1577,1.7,42,67
4649,12929.1429,3.5,47,67
4650,12929.3138,3.0,34,67
4651,12929.6876,2.1,44,67
4652,12929.7621,1.3,47,67
4653,12930.9694,1.9,49,67
4654,12931.5845,1.7,56,67
4655,12931.7275,3.4,33,67
4656,12931.7698,2.1,40,67
4657,12931.9613,1.9,34,67
4658,12932.7743,1.7,40,67
4659,12933.0825,2.0,39,67
4660,12933.3826,1.3,39,67
4661,12933.8131,2.9,31,67
4662,12934.1777,2.1,34,67
4663,12934.3888,1.9,36,67
4664,12934.5687,1.8,52,67
4665,12935.1741,1.6,48,67
4666,12936.3413,2.4,51,67
4667,12936.9566,5.5,45,67
4668,12938.1033,2.1,54,67
4669,12938.7112,1.8,46,67
4670,12939.4696,2.3,42,67
4671,12939.5802,2.6,55,67
4672,12939.8567,1.9,41,67
4673,12940.1414,2.6,32,67
4674,12940.4615,2.1,43,67
4675,12940.4884,2.0,42,67
4676,12941.5931,2.0,47,67
4677,12942.1547,2.7,58,67
4678,12942.5428,2.2,38,67
4679,12943.3143,2.1,38,67
4680,12943.9115,1.7,38,67
4681,12944.0852,1.7,55,67
4682,12944.4178,2.5,34,67
4683,12944.7274,1.2,51,67
4684,12945.0242,1.9,51,67
4685,12945.4945,3.0,37,67
4686,12945.6208,2.5,53,67
4687,12945.9762,3.1,34,67
4688,12946.2957,2.3,36,67
4689,12946.7101,2.3,38,67
4690,12947.1165,2.1,37,67
4691,12947.2842,2.2,60,67
4692,12948.3949,2.7,46,67
4693,12948.9890,3.5,48,67
4694,12949.8198,1.4,47,67
4695,12950.0679,3.7,51,67
4696,12950.6509,1.9,39,67
4697,12951.7146,1.3,46,68
4698,12952.3083,5.1,46,68
4699,12952.3462,2.6,57,68
4700,12952.9831,1.8,51,68
4701,12953.3523,1.4,40,68
4702,12953.9372,2.2,39,68
4703,12954.4164,2.4,35,68
4704,12954.8638,6.9,48,68
4705,12954.9757,2.8,44,68
4706,12955.5589,1.8,47,68
4707,12955.8334,1.9,39,68
4708,12956.5880,1.6,39,68
4709,12957.1714,1.6,54,68
4710,12957.2375,1.9,33,68
4711,12957.3413,,43,68
4712,12957.9183,1.5,33,68
4713,12958.1874,1.8,44,68
4714,12958.6304,2.5,44,68
4715,12958.7622,2.0,44,68
4716,12959.3632,2.1,40,68
4717,12959.7659,2.5,38,68
4718,12959.8107,2.2,46,68
4719,12959.9954,1.6,44,68
4720,12960.3427,1.4,42,68
4721,12961.3479,3.0,52,68
4722,12961.9100,2.2,45,68
4723,12962.3110,2.1,37,68
4724,12962.7090,1.7,41,68
4725,12963.4612,1.9,37,68
4726,12964.0350,2.2,41,68
4727,12964.4324,1.7,44,68
4728,12964.7174,2.3,33,68
4729,12965.0048,2.5,42,68
4730,12965.9579,1.4,40,68
4731,12966.5263,2.3,35,68
4732,12966.6497,2.8,46,68
4733,12967.1508,2.5,43,68
4734,12967.1984,2.2,42,68
4735,12967.4747,1.2,46,68
4736,12968.0374,1.6,45,68
4737,12968.9714,1.8,39,68
4738,12969.2209,6.2,38,68
4739,12969.5349,1.8,40,68
4740,12970.4675,4.8,52,68
4741,12971.0161,2.3,47,68
4742,12971.7351,3.1,39,68
4743,12971.9335,4.5,44,68
4744,12971.9709,4.2,47,68
4745,12972.0360,2.1,39,68
4746,12972.4848,1.5,43,68
4747,12973.3910,1.6,49,68
4748,12973.9373,2.4,46,68
4749,12974.3614,2.3,38,68
4750,12974.8349,1.5,39,68
4751,12975.3798,1.5,54,68
4752,12976.2652,2.0,45,68
4753,12976.5720,7.4,35,68
4754,12976.7363,1.9,45,68
4755,12976.8074,3.9,56,68
4756,12978.2213,1.4,38,68
4757,12979.0900,3.9,53,68
4758,12979.1753,1.8,38,68
4759,12979.6211,2.9,43,68
4760,12980.0244,2.3,39,69
4761,12980.4716,2.0,41,69
4762,12981.0074,1.4,42,69
4763,12981.4455,1.5,44,69
4764,12981.8479,1.5,48,69
4765,12982.3807,2.4,54,69
4766,12983.2095,1.1,48,69
4767,12983.4103,2.2,47,69
4768,12983.7344,1.6,41,69
4769,12983.7782,1.4,43,69
4770,12984.5602,2.2,49,69
4771,12985.0821,1.5,50,69
4772,12985.5558,6.7,33,69
4773,12985.8911,1.8,39,69
4774,12986.0943,1.6,44,69
4775,12986.1860,2.1,38,69
4776,12986.4115,2.0,39,69
4777,12987.2124,1.3,52,69
4778,12987.7277,2.4,45,69
4779,12988.4987,,44,69
4780,12988.5110,8.8,44,69
4781,12989.0297,1.4,40,69
4782,12989.8071,3.7,44,69
4783,12990.3200,1.8,55,69
4784,12990.6923,4.2,45,69
4785,12990.7808,,42,69
4786,12991.0866,1.9,45,69
4787,12991.5927,1.7,47,69
4788,12992.3548,2.1,44,69
4789,12992.8549,2.2,47,69
4790,12992.9588,1.6,37,69
4791,12993.6027,1.4,50,69
4792,12993.6426,5.7,36,69
4793,12994.1019,1.5,43,69
4794,12994.8413,2.0,49,69
4795,12995.2209,2.0,43,69
4796,12995.3337,1.8,61,69
4797,12996.5536,1.9,39,69
4798,12997.4635,1.2,39,69
4799,12997.5747,2.7,37,69
4800,12997.7613,2.1,44,69
4801,12998.4714,1.8,41,69
4802,12998.9513,1.6,41,69
4803,12999.6544,2.8,47,69
4804,12999.6962,1.9,47,69
4805,12999.8168,2.5,43,69
4806,13000.1296,2.1,58,69
4807,13000.8193,2.6,48,69
4808,13001.2962,3.0,47,69
4809,13001.9147,1.7,39,69
4810,13002.0310,1.5,41,69
4811,13002.4483,3.9,50,69
4812,13003.1172,1.8,43,69
4813,13003.5802,1.4,42,69
4814,13004.1149,4.9,51,69
4815,13004.2458,2.9,57,69
4816,13004.7055,1.5,50,69
4817,13005.3556,2.0,38,69
4818,13005.8096,1.9,50,69
4819,13006.3032,1.7,43,69
4820,13006.4441,9.8,51,69
4821,13006.9039,1.9,49,69
4822,13007.5424,1.4,37,69
4823,13007.9875,1.7,40,69
4824,13008.4772,1.5,47,69
4825,13008.6117,2.6,60,69
4826,13009.0567,4.0,44,69
