N,sigma_cm1,eps_mk,depth,v_upper,v_lower,J_lower,branch,sigma_cal_GL,n_assignments,model_cm1,obs_minus_model_MHz
7,19700.0363,0.3,72,55,0,71,P,19700.0344,1,19700.04004,-112.1
8,19700.0948,0.9,34,60,1,8,P,19700.0991,2,19700.10413,-279.8
8,19700.0948,0.9,34,64,0,97,P,19700.1094,2,19700.10188,-212.3
9,19700.1543,0.4,78,63,1,40,R,19700.1443,3,19700.14971,137.7
9,19700.1543,0.4,78,66,1,51,R,19700.1533,3,19700.15576,-43.7
9,19700.1543,0.4,78,51,0,29,P,19700.1584,3,19700.16040,-182.9
11,19700.4871,0.6,78,53,0,56,P,19700.4863,2,19700.49205,-148.4
11,19700.4871,0.6,78,62,0,95,R,19700.4976,2,19700.50232,-456.3
12,19700.5550,0.3,66,55,0,72,R,19700.5549,1,19700.56029,-158.6
13,19700.6128,0.5,39,63,1,39,P,19700.6096,3,19700.61526,-73.7
13,19700.6128,0.5,39,68,1,55,R,19700.6172,3,19700.61853,-171.7
13,19700.6128,0.5,39,69,1,56,P,19700.6194,3,19700.62066,-235.7
14,19700.7140,0.9,79,52,0,45,P,19700.7122,1,19700.71704,-91.0
15,19700.8368,0.6,26,61,1,25,R,19700.8364,1,19700.84193,-153.8
16,19700.8917,1.1,15,60,1,7,R,19700.8867,2,19700.89170,-0.0
16,19700.8917,1.1,15,60,1,6,P,19700.9023,2,19700.90727,-466.6
17,19700.9702,0.6,21,61,1,24,P,19700.9692,1,19700.97469,-134.7
18,19701.0789,1.0,25,67,1,53,R,19701.0796,1,19701.08037,-43.9
19,19701.1302,0.4,44,60,0,91,R,19701.1353,1,19701.13445,-127.4
20,19701.2570,0.7,80,66,1,50,P,19701.2483,2,19701.25138,168.5
20,19701.2570,0.7,80,53,0,57,R,19701.2556,2,19701.26133,-129.7
21,19701.3888,0.8,23,65,1,47,P,19701.3875,1,19701.39206,-97.8
22,19701.4446,0.5,75,51,0,28,P,19701.4431,1,19701.44494,-10.1
23,19701.4738,0.7,78,52,0,46,R,19701.4729,2,19701.47860,-143.8
23,19701.4738,0.7,78,64,1,44,R,19701.4883,2,19701.49296,-574.5
24,19701.5135,0.6,66,60,1,4,P,19701.5042,2,19701.50901,134.5
24,19701.5135,0.6,66,56,0,76,P,19701.5171,2,19701.52079,-218.5
25,19701.7213,2.5,10,60,1,4,R,19701.7207,2,19701.72559,-128.7
25,19701.7213,2.5,10,60,1,3,P,19701.7295,2,19701.73439,-392.4
26,19701.8244,0.5,70,56,0,77,R,19701.8281,1,19701.83145,-211.4
27,19701.9659,0.8,75,54,0,65,R,19701.9641,1,19701.96972,-114.6
28,19702.0099,0.5,78,51,0,29,R,19702.0100,3,19702.01195,-61.3
28,19702.0099,0.5,78,60,0,90,P,19702.0222,3,19702.02054,-319.1
28,19702.0099,0.5,78,60,1,2,R,19702.0249,3,19702.02977,-595.7
29,19702.1009,0.9,27,61,1,24,R,19702.0977,2,19702.10322,-69.5
29,19702.1009,0.9,27,60,1,1,R,19702.1013,2,19702.10636,-163.6
30,19702.1449,0.9,42,64,1,43,P,19702.1394,2,19702.14473,5.2
30,19702.1449,0.9,42,62,0,94,P,19702.1565,2,19702.15892,-420.3
31,19702.2212,0.5,42,62,1,32,P,19702.2156,3,19702.22164,-13.1
31,19702.2212,0.5,42,69,1,56,R,19702.2158,3,19702.21736,115.2
31,19702.2212,0.5,42,61,1,23,P,19702.2241,3,19702.22972,-255.5
32,19702.2632,0.9,26,63,1,39,R,19702.2627,1,19702.26811,-147.1
33,19702.3937,1.3,19,67,1,52,P,19702.3958,1,19702.39718,-104.3
34,19702.5436,0.4,58,58,0,85,R,19702.5476,1,19702.54731,-111.3
36,19702.6805,0.5,77,63,0,96,R,19702.6731,2,19702.67420,188.9
36,19702.6805,0.5,77,51,0,27,P,19702.6843,2,19702.68606,-166.7
37,19702.7312,0.4,76,52,0,44,P,19702.7307,1,19702.73533,-123.9
38,19702.8101,2.0,7,70,1,57,R,19702.8042,1,19702.80860,44.9
40,19703.0476,0.8,79,53,0,55,P,19703.0454,2,19703.05100,-101.9
40,19703.0476,0.8,79,59,0,88,R,19703.0618,2,19703.05994,-369.9
41,19703.1733,0.7,24,65,1,47,R,19703.1704,1,19703.17434,-31.3
42,19703.2301,0.3,71,51,0,28,R,19703.2322,1,19703.23424,-124.0
43,19703.3105,0.6,23,61,1,23,R,19703.3074,1,19703.31281,-69.1
44,19703.4176,0.3,69,55,0,70,P,19703.4143,2,19703.41983,-66.7
44,19703.4176,0.3,69,61,1,22,P,19703.4277,2,19703.43316,-466.6
45,19703.4761,0.4,79,52,0,45,R,19703.4771,1,19703.48234,-187.1
46,19703.5854,0.5,69,57,0,80,P,19703.5830,2,19703.58610,-20.9
46,19703.5854,0.5,69,59,0,87,P,19703.5957,2,19703.59421,-264.2
47,19703.6462,0.3,68,62,1,32,R,19703.6458,2,19703.65167,-163.9
47,19703.6462,0.3,68,57,0,81,R,19703.6482,2,19703.65076,-136.8
48,19703.8055,0.3,76,53,0,56,R,19703.8044,1,19703.81019,-140.5
49,19703.8779,0.3,76,64,1,43,R,19703.8682,2,19703.87297,147.8
49,19703.8779,0.3,76,51,0,26,P,19703.8821,2,19703.88379,-176.5
50,19703.9324,0.4,74,55,0,71,R,19703.9338,1,19703.93925,-205.4
51,19704.0121,1.0,22,69,1,55,P,19703.9988,2,19704.00027,354.7
51,19704.0121,1.0,22,65,1,46,P,19704.0164,2,19704.02108,-269.2
52,19704.1010,1.3,21,66,1,49,P,19704.0974,1,19704.10092,2.4
53,19704.2716,0.4,75,54,0,63,P,19704.2705,1,19704.27613,-135.8
54,19704.3278,0.5,21,63,1,38,R,19704.3264,1,19704.33201,-126.2
55,19704.4082,0.3,79,51,0,27,R,19704.4111,1,19704.41306,-145.7
56,19704.4685,0.7,21,61,1,22,R,19704.4651,1,19704.47073,-66.9
57,19704.5010,0.9,20,64,1,42,P,19704.5005,1,19704.50593,-147.9
58,19704.5817,0.6,22,61,1,21,P,19704.5796,1,19704.58506,-100.7
59,19704.7038,0.4,79,52,0,43,P,19704.7043,2,19704.70890,-152.8
59,19704.7038,0.4,79,71,1,57,P,19704.7056,2,19704.71069,-206.7
60,19704.8265,4.3,8,70,1,56,P,19704.8286,1,19704.83195,-163.3
61,19704.9434,0.3,69,54,0,64,R,19704.9419,1,19704.94768,-128.2
62,19705.0330,0.3,74,51,0,25,P,19705.0366,1,19705.03815,-154.3
63,19705.2099,0.4,70,56,0,75,P,19705.2109,1,19705.21498,-152.2
64,19705.3022,0.5,28,62,1,31,R,19705.2998,1,19705.30597,-113.1
65,19705.3741,1.4,18,68,1,53,P,19705.3716,1,19705.37343,20.0
66,19705.4354,0.3,74,52,0,44,R,19705.4360,1,19705.44122,-174.3
67,19705.5496,2.8,80,51,0,26,R,19705.5466,3,19705.54844,34.9
67,19705.5496,2.8,80,62,1,30,P,19705.5569,3,19705.56297,-400.9
67,19705.5496,2.8,80,53,0,54,P,19705.5581,3,19705.56380,-425.8
68,19705.6817,0.9,19,61,1,20,P,19705.6799,1,19705.68543,-111.9
69,19705.7575,0.5,44,62,0,94,R,19705.7561,3,19705.76016,-79.8
69,19705.7575,0.5,44,64,0,96,P,19705.7646,3,19705.75981,-69.1
69,19705.7575,0.5,44,65,1,46,R,19705.7649,3,19705.76934,-355.0
70,19705.8479,1.0,19,66,1,49,R,19705.8491,1,19705.85216,-127.7
71,19705.9262,0.5,37,60,0,90,R,19705.9333,1,19705.93231,-183.1
72,19706.0563,3.5,7,71,1,57,R,19706.0496,1,19706.05557,21.8
73,19706.1444,0.3,69,51,0,24,P,19706.1477,1,19706.14915,-142.5
74,19706.1935,0.7,20,64,1,42,R,19706.1919,1,19706.19708,-107.4
75,19706.3079,0.4,79,70,1,56,R,19706.2959,2,19706.29993,239.1
75,19706.3079,0.4,79,53,0,55,R,19706.3069,2,19706.31271,-144.2
77,19706.6328,0.5,79,61,1,20,R,19706.6262,3,19706.63174,31.9
77,19706.6328,0.5,79,52,0,42,P,19706.6335,3,19706.63777,-148.9
77,19706.6328,0.5,79,51,0,25,R,19706.6387,3,19706.64039,-227.6
78,19706.7472,0.6,76,55,0,69,P,19706.7449,2,19706.75052,-99.5
78,19706.7472,0.6,76,63,1,36,P,19706.7581,2,19706.76388,-499.9
79,19706.8118,2.9,65,64,1,41,P,19706.8059,2,19706.81154,7.9
79,19706.8118,2.9,65,58,0,84,R,19706.8228,2,19706.82289,-332.4
80,19706.8973,0.8,27,66,1,48,P,19706.8882,2,19706.89186,163.1
80,19706.8973,0.8,27,62,1,30,R,19706.9011,2,19706.90730,-299.9
81,19707.0262,0.3,63,68,1,53,R,19707.0220,2,19707.02355,79.4
81,19707.0262,0.3,63,58,0,83,P,19707.0298,2,19707.03073,-135.7
82,19707.1489,0.7,28,62,1,29,P,19707.1482,1,19707.15441,-165.2
83,19707.2100,0.4,80,54,0,62,P,19707.2065,2,19707.21219,-65.7
83,19707.2100,0.4,80,51,0,23,P,19707.2153,2,19707.21683,-204.8
84,19707.2645,0.2,68,55,0,70,R,19707.2632,1,19707.26882,-129.6
85,19707.3509,0.6,78,52,0,43,R,19707.3503,1,19707.35526,-130.7
86,19707.5551,0.5,67,57,0,79,P,19707.5537,1,19707.55707,-59.0
87,19707.6268,0.4,63,57,0,80,R,19707.6279,2,19707.63073,-117.7
87,19707.6268,0.4,63,61,1,19,R,19707.6294,2,19707.63489,-242.5
88,19707.6845,0.2,69,51,0,24,R,19707.6873,1,19707.68895,-133.4
89,19707.7285,1.5,15,61,1,18,P,19707.7263,1,19707.73175,-97.5
91,19707.8739,0.3,74,54,0,63,R,19707.8721,1,19707.87784,-118.1
92,19708.0247,0.5,79,53,0,53,P,19708.0249,1,19708.03052,-174.6
93,19708.1023,0.6,52,59,0,86,P,19708.1052,1,19708.10367,-41.0
94,19708.2373,0.3,68,51,0,22,P,19708.2397,1,19708.24120,-116.9
95,19708.2942,0.7,37,71,1,56,P,19708.2793,3,19708.28402,305.1
95,19708.2942,0.7,37,63,1,36,R,19708.2910,3,19708.29664,-73.2
95,19708.2942,0.7,37,65,1,45,R,19708.3025,3,19708.30701,-384.1
96,19708.3698,1.3,15,67,1,50,P,19708.3733,1,19708.37526,-163.6
97,19708.4569,0.5,42,62,1,29,R,19708.4497,2,19708.45572,35.4
97,19708.4569,0.5,42,64,1,41,R,19708.4602,2,19708.46540,-254.7
98,19708.5163,0.4,77,68,1,52,P,19708.5049,2,19708.50703,278.0
98,19708.5163,0.4,77,52,0,41,P,19708.5178,2,19708.52198,-170.4
99,19708.5849,1.6,22,61,1,18,R,19708.5811,1,19708.58652,-48.6
100,19708.6892,0.5,78,62,1,28,P,19708.6870,3,19708.69309,-116.6
100,19708.6892,0.5,78,51,0,23,R,19708.6924,3,19708.69413,-147.8
100,19708.6892,0.5,78,63,1,35,P,19708.6992,3,19708.70508,-476.2
101,19708.7644,0.3,72,53,0,54,R,19708.7632,1,19708.76896,-136.7
102,19708.8552,0.3,67,56,0,74,P,19708.8545,1,19708.85852,-99.6
104,19709.0575,0.9,20,64,1,40,P,19709.0559,1,19709.06163,-123.7
105,19709.1048,0.7,19,65,1,44,P,19709.1028,1,19709.10797,-95.1
106,19709.1742,0.5,72,56,0,75,R,19709.1731,1,19709.17684,-79.2
107,19709.2183,0.5,81,52,0,42,R,19709.2197,2,19709.22452,-186.6
107,19709.2183,0.5,81,51,0,21,P,19709.2209,2,19709.22227,-119.0
111,19709.4823,0.7,21,61,1,17,R,19709.4812,1,19709.48666,-130.8
112,19709.5700,1.1,17,61,1,16,P,19709.5669,1,19709.57235,-70.4
113,19709.6505,0.3,68,51,0,22,R,19709.6543,1,19709.65596,-163.6
114,19709.7234,2.6,9,70,1,55,R,19709.7209,1,19709.72474,-40.1
116,19709.9467,0.6,21,62,1,28,R,19709.9451,1,19709.95127,-137.0
117,19710.0286,0.3,68,55,0,68,P,19710.0266,1,19710.03220,-108.0
118,19710.0974,0.4,76,54,0,61,P,19710.0952,1,19710.10077,-101.1
119,19710.1559,0.4,69,51,0,20,P,19710.1587,1,19710.16007,-124.9
120,19710.3566,0.3,73,52,0,40,P,19710.3579,1,19710.36159,-149.5
121,19710.4466,0.3,71,53,0,52,P,19710.4458,1,19710.45121,-138.2
122,19710.5531,2.3,78,55,0,69,R,19710.5437,2,19710.54910,119.9
122,19710.5531,2.3,78,69,1,53,P,19710.5669,2,19710.56841,-458.9
123,19710.6691,0.3,53,64,1,40,R,19710.6726,2,19710.67801,-267.0
123,19710.6691,0.3,53,60,0,89,R,19710.6729,2,19710.67137,-68.2
124,19710.7565,0.3,71,54,0,62,R,19710.7546,1,19710.76029,-113.6
125,19710.9509,0.6,36,62,0,93,R,19710.9507,1,19710.95378,-86.3
126,19711.0433,1.2,80,58,0,83,R,19711.0437,3,19711.04392,-18.7
126,19711.0433,1.2,80,52,0,41,R,19711.0444,3,19711.04904,-172.2
126,19711.0433,1.2,80,51,0,19,P,19711.0535,3,19711.05461,-338.9
127,19711.1746,0.4,77,53,0,53,R,19711.1733,1,19711.17899,-131.7
128,19711.2358,0.5,54,58,0,82,P,19711.2366,2,19711.23764,-55.2
128,19711.2358,0.5,54,64,1,39,P,19711.2505,2,19711.25629,-614.2
129,19711.3132,1.8,27,66,1,47,R,19711.3096,1,19711.31295,7.5
130,19711.3490,2.2,26,64,0,95,P,19711.3501,1,19711.34707,58.0
131,19711.3916,0.5,31,62,1,27,R,19711.3877,1,19711.39401,-72.3
132,19711.4485,0.6,73,51,0,20,R,19711.4482,1,19711.44962,-33.5
133,19711.5554,0.4,71,57,0,79,R,19711.5552,2,19711.55803,-79.0
133,19711.5554,0.4,71,65,1,43,P,19711.5605,2,19711.56607,-319.7
134,19711.6087,1.1,21,62,1,26,P,19711.6062,1,19711.61238,-110.2
135,19711.7902,0.5,45,71,1,55,P,19711.7852,2,19711.78956,19.3
135,19711.7902,0.5,45,61,0,91,R,19711.7947,2,19711.79527,-152.0
136,19711.9009,0.3,63,51,0,18,P,19711.9048,1,19711.90590,-149.9
137,19711.9442,1.8,14,61,1,13,P,19711.9426,1,19711.94795,-112.3
138,19712.0557,0.5,50,59,0,86,R,19712.0649,1,19712.06327,-226.9
139,19712.1514,0.4,77,52,0,39,P,19712.1531,1,19712.15661,-156.1
141,19712.2781,0.3,71,51,0,19,R,19712.2800,1,19712.28149,-101.7
142,19712.4473,0.4,67,56,0,73,P,19712.4473,1,19712.45154,-127.1
143,19712.5560,0.5,57,59,0,85,P,19712.5586,2,19712.55724,-37.1
143,19712.5560,0.5,57,61,1,13,R,19712.5676,2,19712.57287,-505.8
144,19712.6356,1.3,11,61,1,12,P,19712.6318,1,19712.63715,-46.6
145,19712.7092,0.3,69,51,0,17,P,19712.7129,1,19712.71396,-142.8
146,19712.7697,0.3,68,56,0,74,R,19712.7693,2,19712.77316,-103.8
146,19712.7697,0.3,68,62,1,26,R,19712.7778,2,19712.78399,-428.5
147,19712.8223,0.5,81,53,0,51,P,19712.8208,3,19712.82592,-108.6
147,19712.8223,0.5,81,52,0,40,R,19712.8247,3,19712.82886,-196.7
147,19712.8223,0.5,81,64,1,39,R,19712.8293,3,19712.83501,-381.0
148,19712.9380,0.4,74,67,1,49,R,19712.9236,2,19712.92535,379.3
148,19712.9380,0.4,74,54,0,60,P,19712.9363,2,19712.94193,-117.9
149,19713.0655,0.3,68,51,0,18,R,19713.0688,2,19713.07009,-137.5
149,19713.0655,0.3,68,70,1,54,R,19713.0798,2,19713.08341,-536.9
150,19713.2083,0.8,34,65,1,43,R,19713.2058,2,19713.21084,-76.2
150,19713.2083,0.8,34,61,1,12,R,19713.2107,2,19713.21597,-229.8
151,19713.2608,0.3,74,55,0,67,P,19713.2595,2,19713.26497,-125.0
151,19713.2608,0.3,74,61,1,11,P,19713.2698,2,19713.27506,-427.6
153,19713.3902,0.7,21,64,1,38,P,19713.3894,1,19713.39561,-162.1
154,19713.4757,0.3,62,51,0,16,P,19713.4778,1,19713.47881,-93.3
155,19713.5381,0.3,74,53,0,52,R,19713.5371,1,19713.54287,-143.1
156,19713.5912,0.3,75,54,0,61,R,19713.5894,1,19713.59510,-116.8
157,19713.7799,0.7,72,55,0,68,R,19713.7747,1,19713.78018,-8.3
158,19713.8122,0.7,74,61,1,11,R,19713.8025,2,19713.80772,134.3
158,19713.8122,0.7,74,51,0,17,R,19713.8142,2,19713.81542,-96.5
159,19713.9028,0.3,73,52,0,38,P,19713.9038,1,19713.90709,-128.6
160,19713.9570,0.5,28,66,1,46,R,19713.9517,2,19713.95535,49.4
160,19713.9570,0.5,28,65,1,42,P,19713.9619,2,19713.96740,-311.7
162,19714.1148,0.6,34,67,1,48,P,19714.1108,2,19714.11346,40.2
162,19714.1148,0.6,34,62,1,25,R,19714.1150,2,19714.12126,-193.6
163,19714.1961,0.3,68,63,1,32,P,19714.1985,2,19714.20466,-256.6
163,19714.1961,0.3,68,51,0,15,P,19714.1995,2,19714.20046,-130.7
164,19714.3207,1.2,22,62,1,24,P,19714.3149,1,19714.32119,-14.7
165,19714.3942,1.7,12,61,1,9,P,19714.3918,1,19714.39705,-85.6
166,19714.4762,3.5,26,64,0,95,R,19714.4790,1,19714.47134,145.6
167,19714.5133,0.3,64,51,0,16,R,19714.5164,1,19714.51750,-126.0
168,19714.5595,0.4,78,52,0,39,R,19714.5598,1,19714.56402,-135.4
170,19714.8748,0.3,59,61,1,8,P,19714.8760,2,19714.88116,-190.8
170,19714.8748,0.3,59,51,0,14,P,19714.8779,2,19714.87892,-123.4
171,19714.9241,1.0,32,66,1,45,P,19714.9099,2,19714.91439,291.1
171,19714.9241,1.0,32,64,1,38,R,19714.9307,2,19714.93649,-371.3
172,19715.1551,0.9,79,53,0,50,P,19715.1497,1,19715.15471,11.6
173,19715.2709,1.7,14,69,1,52,R,19715.2690,2,19715.27064,7.8
173,19715.2709,1.7,14,61,1,8,R,19715.2700,2,19715.27514,-127.2
174,19715.3404,0.5,73,57,0,77,P,19715.3389,2,19715.34244,-61.2
174,19715.3404,0.5,73,60,0,88,R,19715.3535,2,19715.35191,-345.1
175,19715.3905,0.5,64,58,0,81,P,19715.3894,2,19715.39068,-5.5
175,19715.3905,0.5,64,62,1,24,R,19715.3997,2,19715.40586,-460.4
176,19715.4278,0.6,62,57,0,78,R,19715.4297,1,19715.43283,-150.7
177,19715.5096,0.4,59,51,0,13,P,19715.5132,1,19715.51420,-137.8
178,19715.6078,0.4,76,52,0,37,P,19715.6099,1,19715.61306,-157.7
179,19715.6668,1.8,9,61,1,7,R,19715.6565,1,19715.66173,152.1
180,19715.7317,0.3,76,54,0,59,P,19715.7302,2,19715.73575,-121.4
180,19715.7317,0.3,76,67,1,48,R,19715.7336,2,19715.73581,-123.2
181,19715.7880,0.2,61,51,0,14,R,19715.7910,1,19715.79198,-119.5
182,19715.8551,0.4,76,53,0,51,R,19715.8550,1,19715.86065,-166.5
183,19715.9281,0.9,21,63,1,31,P,19715.9236,1,19715.93004,-58.2
184,19715.9900,0.3,63,56,0,72,P,19715.9897,2,19715.99413,-123.8
184,19715.9900,0.3,63,61,1,6,R,19715.9919,2,19715.99706,-211.5
185,19716.0990,0.4,56,51,0,12,P,19716.1055,1,19716.10631,-219.1
186,19716.1559,0.3,49,60,0,87,P,19716.1606,2,19716.15861,-81.2
186,19716.1559,0.3,49,68,1,50,R,19716.1626,2,19716.16459,-260.6
187,19716.2501,0.3,75,52,0,38,R,19716.2507,1,19716.25455,-133.3
188,19716.3144,0.4,73,61,1,4,P,19716.3003,3,19716.30530,272.9
188,19716.3144,0.4,73,65,1,41,P,19716.3064,3,19716.31207,69.9
188,19716.3144,0.4,73,56,0,73,R,19716.3147,3,19716.31872,-129.5
189,19716.3701,0.7,78,51,0,13,R,19716.3633,3,19716.36441,170.5
189,19716.3701,0.7,78,70,1,53,R,19716.3730,3,19716.37628,-185.3
189,19716.3701,0.7,78,54,0,60,R,19716.3767,3,19716.38233,-366.7
190,19716.4465,0.4,70,55,0,66,P,19716.4434,1,19716.44890,-72.0
191,19716.5326,0.8,25,61,1,3,P,19716.5283,3,19716.53329,-20.8
191,19716.5326,0.8,25,71,1,54,R,19716.5308,3,19716.53548,-86.4
191,19716.5326,0.8,25,66,1,45,R,19716.5354,3,19716.53928,-200.2
192,19716.6500,0.5,64,51,0,11,P,19716.6543,1,19716.65526,-157.7
193,19716.6859,2.7,42,61,1,3,R,19716.6904,2,19716.69563,-291.8
193,19716.6859,2.7,42,61,0,90,R,19716.6938,2,19716.69378,-236.4
194,19716.8196,1.2,23,62,1,22,P,19716.8137,3,19716.81986,-7.9
194,19716.8196,1.2,23,61,1,2,R,19716.8208,3,19716.82605,-193.4
194,19716.8196,1.2,23,61,1,1,P,19716.8306,3,19716.83568,-482.0
195,19716.8878,0.3,62,69,1,51,P,19716.8816,4,19716.88342,131.2
195,19716.8878,0.3,62,67,1,47,P,19716.8899,4,19716.89300,-155.8
195,19716.8878,0.3,62,51,0,12,R,19716.8926,4,19716.89364,-175.2
195,19716.8878,0.3,62,61,1,1,R,19716.9001,4,19716.90526,-523.5
196,19716.9564,0.6,76,59,0,84,P,19716.9563,2,19716.95511,38.7
196,19716.9564,0.6,76,55,0,67,R,19716.9565,2,19716.96214,-172.1
198,19717.1560,0.3,47,51,0,10,P,19717.1604,1,19717.16107,-151.9
199,19717.2686,0.3,74,63,1,31,R,19717.2537,2,19717.25976,265.1
199,19717.2686,0.3,74,52,0,36,P,19717.2715,2,19717.27456,-178.6
200,19717.3756,0.3,63,51,0,11,R,19717.3789,1,19717.37970,-122.8
201,19717.4328,0.4,78,53,0,49,P,19717.4326,1,19717.43763,-144.9
202,19717.5071,3.3,22,64,1,36,P,19717.5022,1,19717.50853,-42.9
203,19717.6143,0.4,65,62,0,91,P,19717.6145,2,19717.61461,-9.4
203,19717.6143,0.4,65,51,0,9,P,19717.6228,2,19717.62373,-282.7
205,19717.8203,0.5,65,62,1,22,R,19717.8108,2,19717.81723,92.1
205,19717.8203,0.5,65,51,0,10,R,19717.8218,2,19717.82258,-68.3
206,19717.8944,0.4,77,65,1,41,R,19717.8813,2,19717.88673,229.8
206,19717.8944,0.4,77,52,0,37,R,19717.8967,2,19717.90049,-182.5
207,19717.9880,0.6,22,62,1,21,P,19717.9841,1,19717.99049,-74.7
208,19718.0386,0.3,42,51,0,8,P,19718.0425,1,19718.04326,-139.7
209,19718.1273,0.3,72,53,0,50,R,19718.1270,1,19718.13239,-152.6
210,19718.2176,0.3,58,70,1,52,P,19718.2026,2,19718.20574,355.6
210,19718.2176,0.3,58,51,0,9,R,19718.2214,2,19718.22230,-140.9
211,19718.4163,0.4,46,51,0,7,P,19718.4189,1,19718.41966,-100.8
212,19718.4783,0.3,71,54,0,58,P,19718.4768,2,19718.48228,-119.4
212,19718.4783,0.3,71,67,1,47,R,19718.4839,2,19718.48629,-239.6
213,19718.5771,0.4,49,51,0,8,R,19718.5779,1,19718.57887,-53.0
214,19718.7477,0.4,34,51,0,6,P,19718.7522,1,19718.75294,-157.2
215,19718.8080,0.8,27,63,0,93,R,19718.8101,1,19718.81164,-109.2
216,19718.8868,0.4,79,63,1,30,R,19718.8840,3,19718.89033,-105.8
216,19718.8868,0.4,79,52,0,35,P,19718.8887,3,19718.89161,-144.3
216,19718.8868,0.4,79,51,0,7,R,19718.8916,3,19718.89230,-164.7
217,19718.9442,0.7,25,62,1,21,R,19718.9377,1,19718.94408,3.5
218,19719.0437,0.7,40,51,0,5,P,19719.0425,1,19719.04311,17.8
219,19719.1184,0.6,79,54,0,59,R,19719.1165,1,19719.12207,-110.1
220,19719.1480,1.3,69,57,0,76,P,19719.1533,2,19719.15710,-272.7
220,19719.1480,1.3,69,51,0,6,R,19719.1619,2,19719.16259,-437.3
221,19719.2520,0.4,66,57,0,77,R,19719.2520,1,19719.25524,-97.0
222,19719.3198,0.4,60,58,0,81,R,19719.3223,1,19719.32304,-97.2
223,19719.3851,0.5,38,51,0,5,R,19719.3889,1,19719.38975,-139.3
224,19719.4891,1.2,80,64,1,35,P,19719.4758,5,19719.48229,204.2
224,19719.4891,1.2,80,56,0,71,P,19719.4817,5,19719.48639,81.1
224,19719.4891,1.2,80,58,0,80,P,19719.4885,5,19719.49000,-27.0
224,19719.4891,1.2,80,51,0,3,P,19719.4934,5,19719.49410,-149.8
224,19719.4891,1.2,80,52,0,36,R,19719.4983,5,19719.50188,-383.2
225,19719.5783,0.4,77,51,0,4,R,19719.5730,2,19719.57379,135.3
225,19719.5783,0.4,77,55,0,65,P,19719.5786,2,19719.58408,-173.4
226,19719.6694,0.3,74,53,0,48,P,19719.6699,1,19719.67473,-159.9
227,19719.8092,0.3,68,56,0,72,R,19719.8096,2,19719.81362,-132.5
227,19719.8092,0.3,68,51,0,2,R,19719.8118,2,19719.81251,-99.4
228,19719.8695,2.1,24,51,0,1,R,19719.8665,1,19719.86721,68.6
229,19719.9700,0.5,62,66,1,43,P,19719.9673,2,19719.97211,-63.1
229,19719.9700,0.5,62,60,0,87,R,19719.9761,2,19719.97417,-124.9
230,19720.0906,0.3,69,55,0,66,R,19720.0896,1,19720.09509,-134.5
231,19720.1371,1.2,20,65,1,40,R,19720.1338,1,19720.13947,-71.1
232,19720.1692,1.1,18,62,1,19,P,19720.1682,1,19720.17450,-159.0
234,19720.3530,0.4,77,53,0,49,R,19720.3528,1,19720.35814,-154.2
235,19720.4606,0.3,74,63,1,29,R,19720.4607,2,19720.46703,-192.7
235,19720.4606,0.3,74,52,0,34,P,19720.4617,2,19720.46426,-109.7
237,19720.7502,0.9,43,60,0,86,P,19720.7578,1,19720.75586,-169.8
238,19720.8343,0.4,58,65,1,39,P,19720.8257,2,19720.83182,74.5
238,19720.8343,0.4,58,59,0,84,R,19720.8430,2,19720.84140,-213.0
239,19720.9049,0.6,23,64,1,35,R,19720.9023,1,19720.90863,-112.0
240,19721.0534,0.4,77,52,0,35,R,19721.0554,1,19721.05876,-160.6
241,19721.1765,0.4,77,67,1,46,R,19721.1743,3,19721.17695,-13.6
241,19721.1765,0.4,77,54,0,57,P,19721.1763,3,19721.18160,-152.9
241,19721.1765,0.4,77,62,1,18,P,19721.1816,3,19721.18795,-343.4
242,19721.2949,0.3,56,59,0,83,P,19721.2986,1,19721.29746,-76.9
243,19721.3964,0.8,30,70,1,51,P,19721.3840,2,19721.38703,281.0
243,19721.3964,0.8,30,64,1,34,P,19721.3943,2,19721.40101,-138.2
244,19721.5269,0.4,54,66,1,43,R,19721.5278,2,19721.53222,-159.5
244,19721.5269,0.4,54,61,0,89,R,19721.5322,2,19721.53171,-144.2
247,19721.8098,0.2,75,54,0,58,R,19721.8088,1,19721.81438,-137.4
248,19721.8614,0.3,77,53,0,47,P,19721.8613,1,19721.86606,-139.7
249,19721.9882,0.4,78,63,1,28,R,19721.9834,2,19721.98991,-51.3
249,19721.9882,0.4,78,52,0,33,P,19721.9900,2,19721.99253,-129.7
250,19722.1457,0.8,18,62,1,17,P,19722.1428,1,19722.14907,-101.1
251,19722.2890,1.2,39,63,1,27,P,19722.2876,1,19722.29404,-151.1
252,19722.4052,2.1,17,66,1,42,P,19722.4092,1,19722.41413,-267.6
253,19722.5359,0.5,77,53,0,48,R,19722.5327,1,19722.53796,-61.7
254,19722.5642,0.8,74,52,0,34,R,19722.5681,1,19722.57115,-208.4
255,19722.6609,0.6,73,61,0,88,P,19722.6519,2,19722.65032,317.3
255,19722.6609,0.6,73,55,0,64,P,19722.6650,2,19722.67059,-290.6
257,19722.7798,0.9,24,64,1,34,R,19722.7825,1,19722.78886,-271.6
258,19722.9194,0.4,78,57,0,75,P,19722.9160,3,19722.91990,-14.8
258,19722.9194,0.4,78,62,1,17,R,19722.9204,3,19722.92684,-223.2
258,19722.9194,0.4,78,56,0,70,P,19722.9238,3,19722.92843,-270.9
259,19723.0185,0.4,61,57,0,76,R,19723.0220,1,19723.02539,-206.7
260,19723.1746,0.3,75,55,0,65,R,19723.1736,2,19723.17910,-134.9
260,19723.1746,0.3,75,71,1,52,R,19723.1782,2,19723.18225,-229.3
261,19723.2544,0.4,71,68,1,47,P,19723.2510,3,19723.25431,2.6
261,19723.2544,0.4,71,56,0,71,R,19723.2537,3,19723.25797,-107.1
261,19723.2544,0.4,71,64,1,33,P,19723.2581,3,19723.26476,-310.6
263,19723.3773,0.3,52,58,0,80,R,19723.3806,1,19723.38145,-124.3
264,19723.4711,0.3,75,52,0,32,P,19723.4741,1,19723.47644,-160.1
265,19723.5313,0.3,61,58,0,79,P,19723.5339,1,19723.53574,-133.2
267,19723.7476,0.8,21,63,1,26,P,19723.7444,1,19723.75092,-99.6
268,19723.8287,0.3,72,73,1,53,P,19723.8193,2,19723.83402,-159.6
268,19723.8287,0.3,72,54,0,56,P,19723.8284,2,19723.83377,-151.9
269,19723.9177,2.4,21,62,1,15,P,19723.9082,1,19723.91443,98.1
270,19724.0134,0.7,80,53,0,46,P,19724.0071,1,19724.01166,52.0
271,19724.3937,1.2,14,69,1,49,R,19724.3906,1,19724.39249,36.3
272,19724.4561,0.4,77,54,0,57,R,19724.4539,2,19724.45933,-96.9
272,19724.4561,0.4,77,65,1,38,R,19724.4690,2,19724.47504,-567.7
273,19724.5332,0.5,39,60,0,86,R,19724.5403,1,19724.53838,-155.3
274,19724.6076,0.5,34,62,1,15,R,19724.5977,2,19724.60391,110.7
274,19724.6076,0.5,34,64,1,33,R,19724.6074,2,19724.61396,-190.8
275,19724.6666,0.4,78,53,0,47,R,19724.6670,1,19724.67190,-158.8
276,19724.7233,1.2,16,62,1,14,P,19724.7124,1,19724.71871,137.5
277,19724.7519,1.6,16,68,1,47,R,19724.7480,1,19724.75083,32.1
278,19724.7940,0.6,22,66,1,41,P,19724.7932,1,19724.79841,-132.1
279,19724.9116,0.3,76,52,0,31,P,19724.9138,1,19724.91603,-132.9
281,19725.0707,0.8,21,64,1,32,P,19725.0667,1,19725.07361,-87.2
282,19725.1427,0.5,66,71,1,51,P,19725.1382,3,19725.14169,30.2
282,19725.1427,0.5,66,63,1,25,P,19725.1477,3,19725.15425,-346.4
282,19725.1427,0.5,66,59,0,83,R,19725.1479,3,19725.14652,-114.5
284,19725.2922,0.4,51,60,0,85,P,19725.2979,1,19725.29577,-107.2
285,19725.3624,1.2,17,62,1,14,R,19725.3577,1,19725.36396,-46.8
286,19725.4591,0.3,73,52,0,32,R,19725.4600,2,19725.46262,-105.5
286,19725.4591,0.3,73,62,1,13,P,19725.4646,2,19725.47077,-349.9
288,19725.5797,0.3,48,59,0,82,P,19725.5854,1,19725.58448,-143.3
289,19725.7040,0.3,73,55,0,63,P,19725.7029,1,19725.70852,-135.4
291,19725.9161,0.7,31,63,0,91,P,19725.9197,1,19725.91975,-109.4
292,19726.0186,1.6,14,68,1,46,P,19726.0173,1,19726.02089,-68.5
293,19726.1082,0.4,76,53,0,45,P,19726.1072,1,19726.11159,-101.7
294,19726.1509,1.4,33,62,0,90,R,19726.1528,2,19726.15350,-78.0
294,19726.1509,1.4,33,62,1,12,P,19726.1643,2,19726.17062,-591.2
295,19726.2111,0.3,69,55,0,64,R,19726.2085,1,19726.21426,-94.8
296,19726.3099,0.7,79,52,0,30,P,19726.3093,3,19726.31133,-43.0
296,19726.3099,0.7,79,61,0,88,R,19726.3103,3,19726.30935,16.5
296,19726.3099,0.7,79,56,0,69,P,19726.3157,3,19726.32035,-313.3
297,19726.3778,0.5,31,67,1,44,R,19726.3762,2,19726.37942,-48.4
297,19726.3778,0.5,31,64,1,32,R,19726.3772,2,19726.38402,-186.5
298,19726.4344,0.3,76,54,0,55,P,19726.4336,1,19726.43884,-133.1
299,19726.4982,0.8,18,63,1,24,P,19726.4973,1,19726.50408,-176.3
300,19726.5551,0.7,22,65,1,37,R,19726.5520,1,19726.55805,-88.6
301,19726.6360,1.2,72,57,0,74,P,19726.6270,2,19726.63095,151.2
301,19726.6360,1.2,72,56,0,70,R,19726.6475,2,19726.65188,-476.2
302,19726.7490,0.7,79,57,0,75,R,19726.7400,2,19726.74343,166.9
302,19726.7490,0.7,79,53,0,46,R,19726.7551,2,19726.76000,-329.8
303,19726.8360,0.4,78,52,0,31,R,19726.8391,1,19726.84176,-172.7
305,19727.0526,0.2,73,54,0,56,R,19727.0515,1,19727.05699,-131.6
306,19727.1193,1.1,15,66,1,40,P,19727.1196,1,19727.12505,-172.5
307,19727.1843,0.7,21,65,1,36,P,19727.1821,1,19727.18881,-135.1
308,19727.3195,3.2,19,69,1,48,R,19727.3052,2,19727.30714,370.6
308,19727.3195,3.2,19,62,1,11,R,19727.3242,2,19727.33055,-331.2
309,19727.3851,0.5,71,58,0,79,R,19727.3848,2,19727.38596,-25.7
309,19727.3851,0.5,71,61,0,87,P,19727.3992,2,19727.39720,-362.8
310,19727.5254,0.4,59,58,0,78,P,19727.5261,2,19727.52806,-79.6
310,19727.5254,0.4,59,63,1,24,R,19727.5378,2,19727.54440,-569.7
311,19727.6021,0.5,40,62,0,89,P,19727.6079,1,19727.60661,-135.2
312,19727.6577,0.3,77,52,0,29,P,19727.6604,1,19727.66237,-139.9
313,19727.7961,0.7,24,63,1,23,P,19727.7937,1,19727.80045,-130.3
314,19727.8764,1.6,12,62,1,10,R,19727.8752,1,19727.88162,-156.6
315,19727.9547,0.8,28,62,1,9,P,19727.9507,1,19727.95710,-72.0
316,19728.0968,0.8,24,64,1,31,R,19728.0923,1,19728.09910,-69.1
317,19728.1661,0.4,81,53,0,44,P,19728.1616,2,19728.16589,6.4
317,19728.1661,0.4,81,52,0,30,R,19728.1741,2,19728.17654,-313.0
318,19728.3109,3.7,9,71,1,50,P,19728.3108,1,19728.31400,-93.0
319,19728.3761,1.4,12,62,1,9,R,19728.3743,1,19728.38051,-132.1
320,19728.4446,1.6,8,62,1,8,P,19728.4419,1,19728.44829,-110.7
321,19728.5226,0.8,17,64,1,30,P,19728.5198,1,19728.52686,-127.8
322,19728.5803,0.5,28,65,1,36,R,19728.5784,2,19728.58469,-131.5
322,19728.5803,0.5,28,66,1,40,R,19728.5811,2,19728.58620,-176.9
323,19728.6940,0.3,69,55,0,62,P,19728.6924,1,19728.69792,-117.7
324,19728.7973,0.4,78,63,1,23,R,19728.7922,2,19728.79901,-51.4
324,19728.7973,0.4,78,53,0,45,R,19728.7976,2,19728.80232,-150.6
325,19728.8891,0.5,29,62,1,7,P,19728.8811,3,19728.88736,52.3
325,19728.8891,0.5,29,67,1,43,R,19728.8879,3,19728.89151,-72.1
325,19728.8891,0.5,29,70,1,49,R,19728.8931,3,19728.89609,-209.7
326,19728.9717,1.5,73,52,0,28,P,19728.9673,1,19728.96916,76.3
327,19728.9865,2.0,73,54,0,54,P,19728.9917,1,19728.99688,-311.3
328,19729.0409,0.3,54,63,1,22,P,19729.0366,2,19729.04339,-74.7
328,19729.0409,0.3,54,60,0,85,R,19729.0469,2,19729.04478,-116.4
329,19729.1959,0.4,77,65,1,35,P,19729.1887,2,19729.19545,13.6
329,19729.1959,0.4,77,55,0,63,R,19729.1951,2,19729.20066,-142.7
331,19729.3911,0.3,56,66,1,39,P,19729.3884,2,19729.39417,-92.0
331,19729.3911,0.3,56,59,0,82,R,19729.3972,2,19729.39591,-144.3
332,19729.4624,0.3,76,52,0,29,R,19729.4646,1,19729.46699,-137.7
333,19729.6034,0.3,78,54,0,55,R,19729.6021,2,19729.60742,-120.4
333,19729.6034,0.3,78,62,1,5,P,19729.6028,2,19729.60915,-172.3
334,19729.6582,0.2,64,56,0,68,P,19729.6575,1,19729.66224,-121.1
335,19729.7734,0.8,51,60,0,84,P,19729.7805,1,19729.77855,-154.4
336,19729.8135,0.4,55,59,0,81,P,19729.8171,1,19729.81634,-85.0
337,19729.8938,0.8,16,62,1,4,P,19729.8855,2,19729.89189,57.3
337,19729.8938,0.8,16,67,1,42,P,19729.8962,2,19729.90076,-208.5
338,19729.9918,0.3,74,56,0,69,R,19729.9910,2,19729.99545,-109.5
338,19729.9918,0.3,74,63,1,22,R,19729.9934,2,19730.00012,-249.3
340,19730.0913,6.6,10,62,1,4,R,19730.0862,1,19730.09263,-39.9
341,19730.1686,0.4,80,69,1,47,R,19730.1570,4,19730.15917,282.7
341,19730.1686,0.4,80,64,1,29,P,19730.1641,4,19730.17139,-83.6
341,19730.1686,0.4,80,68,1,45,R,19730.1660,4,19730.16926,-19.9
341,19730.1686,0.4,80,53,0,43,P,19730.1707,4,19730.17460,-179.8
342,19730.2279,0.3,78,63,1,21,P,19730.2263,2,19730.23296,-151.7
342,19730.2279,0.3,78,52,0,27,P,19730.2300,2,19730.23173,-114.7
343,19730.2860,0.3,67,62,1,3,R,19730.2725,3,19730.27869,219.2
343,19730.2860,0.3,67,57,0,73,P,19730.2864,3,19730.29039,-131.7
343,19730.2860,0.3,67,62,1,2,P,19730.2949,3,19730.30110,-452.7
344,19730.4044,0.3,61,57,0,74,R,19730.4058,2,19730.40947,-152.1
344,19730.4044,0.3,61,62,1,2,R,19730.4065,2,19730.41264,-247.2
345,19730.4867,3.8,6,62,1,1,R,19730.4883,1,19730.49451,-234.0
346,19730.5499,0.5,28,70,1,48,P,19730.5427,2,19730.54602,116.4
346,19730.5499,0.5,28,65,1,35,R,19730.5486,2,19730.55502,-153.4
347,19730.6256,1.9,5,73,1,51,P,19730.6106,1,19730.62321,71.7
348,19730.7084,0.2,69,52,0,28,R,19730.7109,1,19730.71315,-142.3
349,19730.7941,0.4,75,64,0,92,R,19730.7910,2,19730.78913,149.0
349,19730.7941,0.4,75,53,0,44,R,19730.7944,2,19730.79891,-144.3
350,19731.0259,0.6,51,61,0,87,R,19731.0283,1,19731.02699,-32.6
351,19731.0899,0.6,39,62,0,89,R,19731.0945,1,19731.09434,-133.2
352,19731.1428,0.4,34,65,1,34,P,19731.1392,2,19731.14604,-97.2
352,19731.1428,0.4,34,63,1,21,R,19731.1411,2,19731.14775,-148.5
354,19731.3346,0.4,59,58,0,78,R,19731.3352,2,19731.33673,-63.9
354,19731.3346,0.4,59,67,1,42,R,19731.3403,2,19731.34435,-292.3
355,19731.4506,0.6,80,52,0,26,P,19731.4485,2,19731.45010,14.9
355,19731.4506,0.6,80,58,0,77,P,19731.4648,2,19731.46708,-494.1
356,19731.5043,0.4,75,54,0,53,P,19731.5027,1,19731.50796,-109.6
357,19731.6338,0.4,73,73,1,51,R,19731.6255,2,19731.64008,-188.3
357,19731.6338,0.4,73,55,0,61,P,19731.6333,2,19731.63890,-152.8
358,19731.7562,0.7,19,64,1,28,P,19731.7539,1,19731.76126,-151.6
359,19731.9103,0.3,75,52,0,27,R,19731.9131,1,19731.91502,-141.6
362,19732.1133,1.7,80,54,0,54,R,19732.1052,1,19732.11068,78.6
363,19732.1290,1.1,80,55,0,62,R,19732.1328,2,19732.13837,-281.0
363,19732.1290,1.1,80,53,0,42,P,19732.1338,2,19732.13776,-262.6
364,19732.2362,1.1,14,63,1,20,R,19732.2351,1,19732.24197,-172.8
365,19732.3243,0.9,20,67,1,41,P,19732.3206,1,19732.32524,-28.2
367,19732.4557,1.1,30,63,1,19,P,19732.4453,2,19732.45210,108.0
367,19732.4557,1.1,30,65,1,34,R,19732.4624,2,19732.46913,-402.8
368,19732.5043,0.7,32,62,0,88,P,19732.5120,1,19732.51010,-173.9
370,19732.6201,0.3,71,52,0,25,P,19732.6228,1,19732.62431,-126.2
371,19732.7453,0.3,78,53,0,43,R,19732.7454,1,19732.74982,-135.4
372,19732.9503,0.4,72,69,1,46,R,19732.9463,2,19732.94879,45.4
372,19732.9503,0.4,72,56,0,67,P,19732.9492,2,19732.95419,-116.6
373,19733.0023,0.6,38,66,1,38,R,19732.9944,2,19732.99991,71.6
373,19733.0023,0.6,38,64,0,91,P,19733.0049,2,19733.00428,-59.4
374,19733.0684,0.3,68,52,0,26,R,19733.0708,1,19733.07265,-127.5
375,19733.2844,0.3,67,63,1,19,R,19733.2759,3,19733.28279,48.2
375,19733.2844,0.3,67,56,0,68,R,19733.2842,3,19733.28878,-131.4
375,19733.2844,0.3,67,64,1,27,P,19733.2891,3,19733.29653,-363.6
377,19733.4823,0.5,53,70,1,47,P,19733.4683,3,19733.47152,323.2
377,19733.4823,0.5,53,63,1,18,P,19733.4749,3,19733.48174,16.9
377,19733.4823,0.5,53,60,0,84,R,19733.4958,3,19733.49360,-338.8
378,19733.5866,0.4,59,59,0,81,R,19733.5911,1,19733.58978,-95.3
380,19733.7495,0.3,70,52,0,24,P,19733.7529,2,19733.75437,-145.9
380,19733.7495,0.3,70,66,1,37,P,19733.7542,2,19733.76020,-320.8
382,19733.8935,0.3,59,57,0,72,P,19733.8943,2,19733.89833,-144.7
382,19733.8935,0.3,59,73,1,50,P,19733.9009,2,19733.91237,-565.8
383,19733.9702,0.5,77,54,0,52,P,19733.9670,1,19733.97211,-57.4
384,19734.0270,2.2,73,57,0,73,R,19734.0198,1,19734.02364,100.8
385,19734.0478,0.8,73,53,0,41,P,19734.0518,1,19734.05542,-228.5
386,19734.1829,0.5,76,52,0,25,R,19734.1843,1,19734.18606,-94.7
387,19734.2691,1.3,15,63,1,18,R,19734.2634,1,19734.27027,-35.1
388,19734.3276,0.6,42,65,1,33,R,19734.3203,2,19734.32712,14.4
388,19734.3276,0.6,42,69,1,45,P,19734.3242,2,19734.32725,10.4
389,19734.4072,0.7,22,64,1,27,R,19734.4038,1,19734.41099,-113.6
390,19734.4552,0.9,23,63,1,17,P,19734.4512,2,19734.45814,-88.0
390,19734.4552,0.9,23,71,1,48,P,19734.4587,2,19734.46196,-202.8
391,19734.5311,0.6,73,55,0,60,P,19734.5259,1,19734.53151,-12.2
392,19734.5626,0.6,74,54,0,53,R,19734.5615,1,19734.56684,-127.0
393,19734.6505,0.3,71,53,0,42,R,19734.6509,1,19734.65508,-137.2
394,19734.7701,0.6,28,70,1,47,R,19734.7659,2,19734.76895,34.5
394,19734.7701,0.6,28,64,1,26,P,19734.7698,2,19734.77725,-214.4
395,19734.8361,0.3,73,52,0,23,P,19734.8391,1,19734.84029,-125.7
396,19734.9228,1.3,17,73,1,50,R,19734.9080,1,19734.92152,38.3
397,19735.0231,0.3,75,55,0,61,R,19735.0220,1,19735.02748,-131.4
398,19735.1170,0.7,22,66,1,37,R,19735.1147,1,19735.12041,-102.1
399,19735.2429,0.8,74,58,0,77,R,19735.2322,2,19735.23391,269.5
399,19735.2429,0.8,74,52,0,24,R,19735.2537,2,19735.25527,-370.7
400,19735.3471,0.3,58,68,1,43,R,19735.3408,2,19735.34471,71.8
400,19735.3471,0.3,58,58,0,76,P,19735.3506,2,19735.35295,-175.5
403,19735.6764,0.4,47,71,1,48,R,19735.6714,3,19735.67456,55.3
403,19735.6764,0.4,47,69,1,45,R,19735.6736,3,19735.67619,6.4
403,19735.6764,0.4,47,61,0,86,R,19735.6868,3,19735.68491,-255.0
405,19735.8773,0.3,66,52,0,22,P,19735.8811,1,19735.88211,-144.2
406,19735.9239,0.3,71,53,0,40,P,19735.9241,1,19735.92762,-111.5
407,19735.9670,1.1,29,62,0,88,R,19735.9739,1,19735.97293,-177.7
408,19736.0868,1.3,41,63,1,16,R,19736.0784,2,19736.08533,44.2
408,19736.0868,1.3,41,64,0,91,R,19736.0903,2,19736.08905,-67.5
409,19736.1186,0.7,41,63,0,89,P,19736.1223,2,19736.12125,-79.5
409,19736.1186,0.7,41,65,1,32,R,19736.1223,2,19736.12905,-313.4
410,19736.1928,0.3,69,56,0,66,P,19736.1914,2,19736.19630,-104.9
410,19736.1928,0.3,69,64,1,25,P,19736.1958,2,19736.20348,-320.2
411,19736.2762,0.4,72,52,0,23,R,19736.2788,1,19736.28029,-122.7
412,19736.3848,0.3,75,54,0,51,P,19736.3845,1,19736.38941,-138.3
413,19736.5136,1.2,81,53,0,41,R,19736.5107,2,19736.51474,-34.3
413,19736.5136,1.2,81,56,0,67,R,19736.5271,2,19736.53198,-550.9
414,19736.6593,0.9,25,65,1,31,P,19736.6550,1,19736.66230,-90.0
415,19736.7100,0.4,45,61,0,85,P,19736.7161,1,19736.71371,-111.2
416,19736.8763,0.3,72,52,0,21,P,19736.8789,1,19736.87984,-106.0
417,19736.9721,0.3,71,54,0,52,R,19736.9707,1,19736.97595,-115.5
418,19737.0648,1.1,13,63,1,14,P,19737.0613,1,19737.06817,-101.1
419,19737.1261,4.9,7,73,1,49,P,19737.1216,1,19737.13198,-176.3
420,19737.1794,0.9,15,66,1,36,R,19737.1775,1,19737.18346,-121.7
421,19737.2554,0.3,65,52,0,22,R,19737.2598,1,19737.26117,-172.9
422,19737.3689,0.4,77,62,0,87,P,19737.3547,2,19737.35235,496.2
422,19737.3689,0.4,77,55,0,59,P,19737.3704,2,19737.37583,-207.7
423,19737.4500,0.3,67,71,1,47,P,19737.4351,2,19737.43817,354.5
423,19737.4500,0.3,67,57,0,71,P,19737.4507,2,19737.45486,-145.8
424,19737.5797,0.3,62,64,1,24,P,19737.5674,2,19737.57526,133.1
424,19737.5797,0.3,62,57,0,72,R,19737.5820,2,19737.58605,-190.4
425,19737.7480,0.5,76,53,0,39,P,19737.7512,1,19737.75440,-191.7
426,19737.8340,0.6,74,63,1,13,P,19737.8250,3,19737.83188,63.5
426,19737.8340,0.6,74,52,0,20,P,19737.8325,3,19737.83349,15.2
426,19737.8340,0.6,74,68,1,42,R,19737.8376,3,19737.84170,-230.8
427,19737.8669,0.7,77,55,0,60,R,19737.8625,2,19737.86806,-34.9
427,19737.8669,0.7,77,65,1,31,R,19737.8679,2,19737.87501,-243.2
430,19738.1119,0.3,59,59,0,79,P,19738.1155,2,19738.11522,-99.5
430,19738.1119,0.3,59,73,1,49,R,19738.1196,2,19738.13227,-610.8
431,19738.1937,0.3,72,52,0,21,R,19738.1965,1,19738.19791,-126.1
432,19738.2466,0.6,22,64,0,90,P,19738.2495,1,19738.24889,-68.7
433,19738.3255,0.3,74,53,0,40,R,19738.3250,2,19738.32885,-100.5
433,19738.3255,0.3,74,69,1,44,R,19738.3386,2,19738.34156,-481.4
434,19738.3923,1.0,22,65,1,30,P,19738.3821,2,19738.38945,85.4
434,19738.3923,1.0,22,63,1,13,R,19738.4016,2,19738.40864,-489.7
435,19738.5675,0.4,51,64,1,24,R,19738.5632,2,19738.57073,-96.9
435,19738.5675,0.4,51,60,0,82,P,19738.5754,2,19738.57352,-180.6
436,19738.6279,2.7,9,71,1,47,R,19738.6294,1,19738.63269,-143.7
437,19738.7471,0.8,77,52,0,19,P,19738.7422,2,19738.74309,120.2
437,19738.7471,0.8,77,54,0,50,P,19738.7551,2,19738.75991,-384.1
439,19738.8915,0.9,34,64,1,23,P,19738.8850,2,19738.89264,-34.2
439,19738.8915,0.9,34,65,0,91,P,19738.9043,2,19738.90380,-368.7
440,19738.9466,0.8,16,68,1,41,P,19738.9431,1,19738.94805,-43.4
443,19739.0809,0.4,73,63,1,12,R,19739.0696,3,19739.07671,125.5
443,19739.0809,0.4,73,58,0,76,R,19739.0757,3,19739.07764,97.6
443,19739.0809,0.4,73,52,0,20,R,19739.0894,3,19739.09053,-288.7
444,19739.1818,0.3,68,58,0,75,P,19739.1831,3,19739.18581,-120.2
444,19739.1818,0.3,68,66,1,35,R,19739.1831,3,19739.18917,-221.0
444,19739.1818,0.3,68,63,1,11,P,19739.1931,3,19739.19999,-545.5
445,19739.2428,0.6,15,67,1,38,P,19739.2412,1,19739.24674,-118.0
446,19739.3331,0.4,77,54,0,51,R,19739.3330,1,19739.33809,-149.5
447,19739.3867,0.4,72,56,0,65,P,19739.3835,2,19739.38865,-58.5
447,19739.3867,0.4,72,63,0,89,R,19739.3994,2,19739.39948,-383.0
449,19739.5320,0.3,69,53,0,38,P,19739.5327,1,19739.53579,-113.5
450,19739.6047,0.3,60,52,0,18,P,19739.6079,1,19739.60865,-118.4
451,19739.7200,0.3,64,56,0,66,R,19739.7202,1,19739.72512,-153.6
452,19739.8016,1.2,11,63,1,10,P,19739.7974,1,19739.80443,-85.0
453,19739.8471,1.0,22,64,1,23,R,19739.8406,1,19739.84824,-34.2
454,19739.8709,3.1,20,66,1,34,P,19739.8738,1,19739.88015,-277.2
455,19739.9350,0.3,69,52,0,19,R,19739.9380,1,19739.93906,-121.7
456,19740.0936,0.4,76,53,0,39,R,19740.0937,1,19740.09745,-115.5
457,19740.1668,0.3,67,55,0,58,P,19740.1665,1,19740.17193,-153.8
458,19740.2776,0.4,53,73,1,48,P,19740.2729,3,19740.28252,-147.5
458,19740.2776,0.4,53,68,1,41,R,19740.2739,3,19740.27841,-24.2
458,19740.2776,0.4,53,61,0,85,R,19740.2854,3,19740.28337,-173.1
459,19740.3550,1.2,21,71,1,46,P,19740.3464,2,19740.34956,163.2
459,19740.3550,1.2,21,63,1,9,P,19740.3489,2,19740.35582,-24.6
460,19740.4268,0.3,66,52,0,17,P,19740.4294,1,19740.43019,-101.5
461,19740.5623,0.8,23,67,1,38,R,19740.5608,1,19740.56585,-106.5
462,19740.6561,0.3,75,55,0,59,R,19740.6545,1,19740.66020,-122.9
463,19740.7405,0.3,64,52,0,18,R,19740.7424,2,19740.74351,-90.3
463,19740.7405,0.3,64,63,1,9,R,19740.7551,2,19740.76222,-651.2
464,19740.7835,0.6,39,62,0,87,R,19740.7910,1,19740.78960,-182.8
465,19740.8522,1.6,6,63,1,8,P,19740.8472,1,19740.85417,-59.1
466,19740.9550,0.3,61,69,1,43,R,19740.9419,2,19740.94508,297.3
466,19740.9550,0.3,61,57,0,70,P,19740.9558,2,19740.96011,-153.3
467,19741.0817,1.2,80,54,0,49,P,19741.0789,2,19741.08366,-58.8
467,19741.0817,1.2,80,57,0,71,R,19741.0928,2,19741.09683,-453.5
468,19741.2035,0.3,66,65,1,29,R,19741.1921,3,19741.19929,126.2
468,19741.2035,0.3,66,52,0,16,P,19741.2070,3,19741.20771,-126.3
468,19741.2035,0.3,66,63,1,8,R,19741.2107,3,19741.21789,-431.3
469,19741.2693,0.5,76,73,1,48,R,19741.2615,2,19741.27292,-108.7
469,19741.2693,0.5,76,53,0,37,P,19741.2688,2,19741.27183,-75.8
470,19741.3567,0.7,28,68,1,40,P,19741.3481,2,19741.35334,100.8
470,19741.3567,0.7,28,64,1,21,P,19741.3564,2,19741.36438,-230.1
471,19741.4352,0.8,18,67,1,37,P,19741.4312,1,19741.43694,-52.3
472,19741.5004,0.3,69,52,0,17,R,19741.5029,1,19741.50390,-105.1
473,19741.6496,0.3,71,54,0,50,R,19741.6482,1,19741.65329,-110.7
474,19741.7332,1.3,20,65,0,91,R,19741.7434,1,19741.73821,-150.2
475,19741.8120,0.4,77,66,1,33,P,19741.7996,3,19741.80605,178.4
475,19741.8120,0.4,77,59,0,79,R,19741.8125,3,19741.81161,11.7
475,19741.8120,0.4,77,53,0,38,R,19741.8169,3,19741.82058,-257.2
476,19741.8673,1.2,9,70,1,44,P,19741.8650,1,19741.86861,-39.2
477,19741.9371,0.3,63,52,0,15,P,19741.9407,1,19741.94124,-124.2
478,19742.0286,2.3,8,63,1,5,P,19742.0239,1,19742.03112,-75.4
479,19742.1282,0.6,34,62,0,86,P,19742.1365,1,19742.13366,-163.7
480,19742.2150,0.4,72,69,1,42,P,19742.2104,3,19742.21419,24.2
480,19742.2150,0.4,72,52,0,16,R,19742.2195,3,19742.22025,-157.5
480,19742.2150,0.4,72,60,0,82,R,19742.2214,3,19742.21936,-130.6
481,19742.3099,5.0,7,63,1,4,P,19742.3103,1,19742.31743,-225.8
483,19742.5255,0.3,67,64,1,20,P,19742.5107,2,19742.51881,200.4
483,19742.5255,0.3,67,56,0,64,P,19742.5261,2,19742.53134,-175.1
484,19742.6277,0.3,54,52,0,14,P,19742.6301,1,19742.63079,-92.6
485,19742.7201,0.9,21,67,1,37,R,19742.7190,2,19742.72436,-127.7
485,19742.7201,0.9,21,63,1,2,P,19742.7241,2,19742.73111,-330.1
486,19742.7736,0.9,15,65,1,28,R,19742.7705,1,19742.77775,-124.4
487,19742.8814,4.3,81,60,0,81,P,19742.8879,2,19742.88611,-141.3
487,19742.8814,4.3,81,52,0,15,R,19742.8918,2,19742.89258,-335.0
488,19742.9596,0.3,75,53,0,36,P,19742.9597,2,19742.96256,-88.7
488,19742.9596,0.3,75,58,0,74,P,19742.9629,2,19742.96578,-185.3
489,19743.0259,0.9,19,66,1,33,R,19743.0227,1,19743.02893,-90.9
490,19743.0988,1.8,10,70,1,44,R,19743.0967,1,19743.10004,-37.2
491,19743.1986,7.1,12,71,1,45,P,19743.1931,1,19743.19635,67.4
492,19743.2726,0.3,59,52,0,13,P,19743.2759,1,19743.27636,-112.8
493,19743.3564,0.3,74,64,1,20,R,19743.3464,3,19743.35424,64.8
493,19743.3564,0.3,74,73,1,47,P,19743.3557,3,19743.36443,-240.8
493,19743.3564,0.3,74,54,0,48,P,19743.3562,3,19743.36072,-129.4
494,19743.4005,0.3,71,55,0,58,R,19743.3984,1,19743.40396,-103.6
495,19743.4953,0.9,77,69,1,42,R,19743.4836,2,19743.48693,250.9
495,19743.4953,0.9,77,53,0,37,R,19743.4949,2,19743.49828,-89.2
496,19743.5687,1.3,17,67,1,36,P,19743.5630,1,19743.56885,-4.4
497,19743.6182,0.8,30,64,1,19,P,19743.6111,1,19743.61902,-24.5
498,19743.6775,1.4,27,66,1,32,P,19743.6682,2,19743.67505,73.5
498,19743.6775,1.4,27,72,1,46,P,19743.6753,2,19743.67970,-65.9
499,19743.8760,0.5,54,52,0,12,P,19743.8774,1,19743.87798,-59.2
500,19743.9177,0.3,74,54,0,49,R,19743.9167,1,19743.92163,-117.9
502,19744.1011,0.3,61,52,0,13,R,19744.1045,1,19744.10519,-122.7
504,19744.2655,1.7,21,65,0,90,P,19744.2676,1,19744.26818,-80.4
505,19744.2975,1.3,22,65,1,27,R,19744.2932,1,19744.30051,-90.3
506,19744.4138,0.9,74,64,1,19,R,19744.4062,2,19744.41421,-12.3
506,19744.4138,0.9,74,57,0,69,P,19744.4097,2,19744.41419,-11.6
507,19744.5501,0.3,64,70,1,43,P,19744.5378,2,19744.54183,248.0
507,19744.5501,0.3,64,57,0,70,R,19744.5520,2,19744.55608,-179.3
508,19744.6039,0.3,76,53,0,35,P,19744.6052,1,19744.60801,-123.2
509,19744.7292,1.0,23,69,1,41,P,19744.7166,2,19744.72059,258.0
509,19744.7292,1.0,23,65,1,26,P,19744.7341,2,19744.74176,-376.4
510,19744.8175,0.4,47,67,1,36,R,19744.8188,2,19744.82434,-205.2
510,19744.8175,0.4,47,61,0,84,R,19744.8250,2,19744.82265,-154.5
511,19744.8604,1.0,16,66,1,32,R,19744.8567,1,19744.86316,-82.7
512,19744.9466,0.4,50,52,0,10,P,19744.9490,1,19744.94936,-82.8
514,19745.1297,0.4,77,53,0,36,R,19745.1274,2,19745.13058,-26.4
514,19745.1297,0.4,77,52,0,11,R,19745.1414,2,19745.14186,-364.6
516,19745.4149,0.3,57,64,1,18,R,19745.4119,2,19745.41990,-150.0
516,19745.4149,0.3,57,52,0,9,P,19745.4187,2,19745.41915,-127.4
517,19745.4824,1.1,18,66,1,31,P,19745.4805,1,19745.48722,-144.6
518,19745.5390,0.6,35,62,0,86,R,19745.5466,1,19745.54469,-170.6
519,19745.5917,1.2,82,54,0,47,P,19745.5867,2,19745.59113,17.2
519,19745.5917,1.2,82,52,0,10,R,19745.5937,2,19745.59425,-76.3
520,19745.6106,5.2,80,55,0,56,P,19745.6145,2,19745.61976,-274.6
520,19745.6106,5.2,80,56,0,63,P,19745.6191,2,19745.62445,-415.2
521,19745.7912,0.5,48,61,0,83,P,19745.7981,1,19745.79550,-129.0
522,19745.8376,0.3,61,59,0,78,R,19745.8406,2,19745.83992,-69.6
522,19745.8376,0.3,61,52,0,8,P,19745.8445,2,19745.84501,-222.2
523,19745.9592,0.4,68,56,0,64,R,19745.9565,2,19745.96166,-73.7
523,19745.9592,0.4,68,69,1,41,R,19745.9636,2,19745.96727,-242.0
524,19745.9959,0.6,53,52,0,9,R,19746.0022,1,19746.00268,-203.1
525,19746.0944,0.5,73,55,0,57,R,19746.0940,1,19746.09941,-150.2
526,19746.1406,0.3,70,54,0,48,R,19746.1382,1,19746.14316,-76.7
527,19746.1988,0.8,77,59,0,77,P,19746.1953,2,19746.19542,101.5
527,19746.1988,0.8,77,53,0,34,P,19746.2058,2,19746.20822,-282.4
528,19746.3633,0.3,53,64,1,17,R,19746.3633,3,19746.37136,-241.6
528,19746.3633,0.3,53,52,0,8,R,19746.3667,3,19746.36716,-115.8
528,19746.3633,0.3,53,73,1,46,P,19746.3704,3,19746.37813,-444.6
529,19746.4902,0.4,61,64,0,89,R,19746.4849,2,19746.48401,185.6
529,19746.4902,0.4,61,60,0,81,R,19746.4988,2,19746.49672,-195.3
530,19746.5997,0.4,58,64,1,16,P,19746.5864,2,19746.59457,153.6
530,19746.5997,0.4,58,58,0,74,R,19746.6028,2,19746.60533,-168.7
531,19746.6910,0.9,78,52,0,7,R,19746.6873,2,19746.68771,98.5
531,19746.6910,0.9,78,58,0,73,P,19746.6899,2,19746.69300,-59.8
532,19746.8536,0.4,60,62,0,85,P,19746.8574,3,19746.85433,-21.8
532,19746.8536,0.4,60,52,0,5,P,19746.8586,3,19746.85910,-165.0
532,19746.8536,0.4,60,67,1,35,R,19746.8601,3,19746.86592,-369.2
533,19746.9602,0.4,35,52,0,6,R,19746.9639,1,19746.96434,-124.0
534,19747.1401,0.6,54,60,0,80,P,19747.1440,2,19747.14236,-67.7
534,19747.1401,0.6,54,70,1,42,P,19747.1484,2,19747.15245,-370.3
535,19747.1875,0.7,46,52,0,5,R,19747.1965,1,19747.19704,-286.0
536,19747.2344,2.1,22,68,1,38,R,19747.2231,2,19747.22820,186.0
536,19747.2344,2.1,22,66,1,30,P,19747.2356,2,19747.24264,-247.2
537,19747.3126,0.7,24,52,0,3,P,19747.3152,1,19747.31564,-91.0
538,19747.3816,0.5,29,52,0,4,R,19747.3855,1,19747.38583,-126.8
539,19747.4725,0.7,24,64,1,15,P,19747.4700,2,19747.47818,-170.4
539,19747.4725,0.7,24,52,0,2,P,19747.4778,2,19747.47805,-166.5
540,19747.5278,0.6,27,52,0,3,R,19747.5303,1,19747.53071,-87.1
541,19747.5827,0.8,23,65,1,24,P,19747.5774,2,19747.58495,-67.5
541,19747.5827,0.8,23,52,0,1,P,19747.5962,2,19747.59657,-415.9
542,19747.6298,1.0,28,72,1,45,R,19747.6284,2,19747.63276,-88.7
542,19747.6298,1.0,28,52,0,2,R,19747.6313,2,19747.63168,-56.3
543,19747.6949,1.5,17,52,0,1,R,19747.6885,1,19747.68875,184.4
544,19747.7629,0.6,81,53,0,33,P,19747.7607,2,19747.76322,-9.5
544,19747.7629,0.6,81,54,0,46,P,19747.7705,2,19747.77494,-360.9
545,19747.8127,0.3,59,57,0,68,P,19747.8125,1,19747.81718,-134.4
547,19747.9598,0.3,67,57,0,69,R,19747.9597,1,19747.96392,-123.6
549,19748.1089,0.8,16,64,1,15,R,19748.1035,1,19748.11170,-83.9
550,19748.2084,1.2,19,68,1,37,P,19748.2053,1,19748.21123,-84.9
551,19748.2609,0.5,82,53,0,34,R,19748.2563,2,19748.25915,52.4
551,19748.2609,0.5,82,55,0,55,P,19748.2664,2,19748.27162,-321.3
552,19748.3144,0.4,76,54,0,47,R,19748.3130,1,19748.31792,-105.7
553,19748.5317,0.5,33,65,1,24,R,19748.5276,2,19748.53523,-106.0
553,19748.5317,0.5,33,64,0,88,P,19748.5398,2,19748.53848,-203.2
554,19748.6637,0.3,66,56,0,62,P,19748.6628,1,19748.66806,-130.8
555,19748.7422,0.2,69,55,0,56,R,19748.7412,1,19748.74664,-133.0
556,19748.8461,0.9,16,67,1,34,R,19748.8433,1,19748.84917,-92.1
557,19748.9287,1.4,27,65,1,23,P,19748.9158,2,19748.92350,156.0
557,19748.9287,1.4,27,66,1,29,P,19748.9343,2,19748.94138,-380.3
558,19749.0010,0.3,71,56,0,63,R,19749.0000,1,19749.00523,-126.8
559,19749.0858,1.3,17,64,1,13,P,19749.0750,1,19749.08320,77.9
561,19749.2718,0.4,76,53,0,32,P,19749.2708,1,19749.27303,-37.0
562,19749.4175,1.1,18,68,1,37,R,19749.4197,1,19749.42512,-228.5
563,19749.5538,0.9,32,69,1,39,P,19749.5459,2,19749.55043,101.1
563,19749.5538,0.9,32,65,0,89,P,19749.5613,2,19749.56255,-262.5
564,19749.6181,1.2,21,67,1,33,P,19749.6091,2,19749.61569,72.3
564,19749.6181,1.2,21,64,1,13,R,19749.6272,2,19749.63549,-521.4
565,19749.6957,1.2,15,70,1,41,P,19749.6963,1,19749.70066,-148.7
566,19749.7517,0.3,78,53,0,33,R,19749.7527,1,19749.75549,-113.7
567,19749.8105,0.3,64,64,1,12,P,19749.7964,3,19749.80467,174.9
567,19749.8105,0.3,64,71,1,43,R,19749.8108,3,19749.81418,-110.3
567,19749.8105,0.3,64,59,0,77,R,19749.8137,3,19749.81339,-86.5
568,19749.9076,0.3,76,54,0,45,P,19749.9080,1,19749.91221,-138.1
569,19750.0213,0.7,21,66,1,29,R,19750.0173,1,19750.02421,-87.2
570,19750.1491,0.3,52,59,0,76,P,19750.1536,1,19750.15389,-143.7
571,19750.2394,0.5,62,62,0,85,R,19750.2410,2,19750.23852,26.3
571,19750.2394,0.5,62,61,0,82,P,19750.2517,2,19750.24896,-286.7
572,19750.2857,0.4,64,73,1,45,R,19750.2708,2,19750.27938,189.4
572,19750.2857,0.4,64,58,0,73,R,19750.2869,2,19750.28955,-115.6
573,19750.3637,0.3,59,58,0,72,P,19750.3643,2,19750.36758,-116.2
573,19750.3637,0.3,59,68,1,36,P,19750.3723,2,19750.37826,-436.6
574,19750.4415,0.3,68,54,0,46,R,19750.4414,2,19750.44598,-134.4
574,19750.4415,0.3,68,72,1,44,R,19750.4417,2,19750.44609,-137.7
575,19750.5777,1.1,15,66,1,28,P,19750.5764,1,19750.58351,-174.2
576,19750.7305,0.7,77,60,0,80,R,19750.7192,3,19750.71733,394.9
576,19750.7305,0.7,77,53,0,31,P,19750.7356,3,19750.73770,-215.8
576,19750.7305,0.7,77,69,1,39,R,19750.7400,3,19750.74407,-406.7
577,19750.8707,0.2,68,70,1,41,R,19750.8584,2,19750.86250,246.0
577,19750.8707,0.2,68,55,0,54,P,19750.8704,2,19750.87553,-144.7
578,19750.9408,0.5,34,64,1,11,R,19750.9346,2,19750.94298,-65.3
578,19750.9408,0.5,34,63,0,86,P,19750.9492,2,19750.94671,-177.3
580,19751.0776,0.7,20,65,1,22,R,19751.0732,2,19751.08099,-101.5
580,19751.0776,0.7,20,64,1,10,P,19751.0771,2,19751.08561,-240.2
581,19751.1658,0.4,71,57,0,67,P,19751.1646,1,19751.16921,-102.1
582,19751.2016,0.4,68,53,0,32,R,19751.2041,1,19751.20658,-149.3
583,19751.3378,0.9,79,55,0,55,R,19751.3403,3,19751.34570,-236.8
583,19751.3378,0.9,79,60,0,79,P,19751.3440,3,19751.34245,-139.3
583,19751.3378,0.9,79,71,1,42,P,19751.3479,3,19751.35152,-411.3
584,19751.4314,1.0,19,65,1,21,P,19751.4270,1,19751.43473,-99.8
585,19751.5092,0.4,44,64,1,10,R,19751.5073,3,19751.51567,-194.0
585,19751.5092,0.4,44,67,1,32,P,19751.5085,3,19751.51532,-183.4
585,19751.5092,0.4,44,62,0,84,P,19751.5181,3,19751.51464,-162.9
586,19751.5684,1.1,31,68,1,36,R,19751.5569,2,19751.56242,179.4
586,19751.5684,1.1,31,64,0,88,R,19751.5813,2,19751.58026,-355.6
587,19751.6581,0.4,74,56,0,61,P,19751.6570,1,19751.66226,-124.8
589,19751.8717,1.3,11,69,1,38,P,19751.8694,1,19751.87413,-73.0
591,19751.9963,0.3,79,56,0,62,R,19751.9939,2,19751.99912,-84.5
591,19751.9963,0.3,79,54,0,44,P,19751.9988,2,19752.00298,-200.1
592,19752.1543,0.3,71,64,1,8,P,19752.1421,4,19752.15071,107.6
592,19752.1543,0.3,71,53,0,30,P,19752.1553,4,19752.15725,-88.3
592,19752.1543,0.3,71,66,1,27,P,19752.1619,4,19752.16909,-443.4
592,19752.1543,0.3,71,72,1,43,P,19752.1655,4,19752.16970,-461.8
593,19752.2666,0.9,19,65,1,21,R,19752.2632,1,19752.27080,-126.0
594,19752.3791,0.8,23,65,0,89,R,19752.3843,1,19752.38353,-132.7
595,19752.5228,0.3,76,54,0,45,R,19752.5227,1,19752.52739,-137.6
596,19752.6085,0.3,76,64,1,7,P,19752.5940,3,19752.60236,184.1
596,19752.6085,0.3,76,65,1,20,P,19752.5996,3,19752.60751,29.8
596,19752.6085,0.3,76,53,0,31,R,19752.6101,3,19752.61245,-118.4
598,19752.9049,1.5,10,64,1,7,R,19752.9014,1,19752.90981,-147.1
599,19752.9955,4.2,7,64,1,6,P,19752.9917,1,19753.00009,-137.6
600,19753.0360,1.6,11,69,1,38,R,19753.0366,1,19753.04082,-144.5
602,19753.1802,0.7,24,66,1,27,R,19753.1738,2,19753.18099,-23.6
602,19753.1802,0.7,24,72,1,43,R,19753.1890,2,19753.19329,-392.4
603,19753.2616,1.5,4,64,1,6,R,19753.2581,1,19753.26660,-150.0
604,19753.3484,2.4,19,64,1,5,P,19753.3354,2,19753.34391,134.5
604,19753.3484,2.4,19,67,1,31,P,19753.3501,2,19753.35710,-260.7
605,19753.4272,0.4,71,55,0,53,P,19753.4265,1,19753.43155,-130.4
606,19753.5276,0.3,73,53,0,29,P,19753.5298,1,19753.53170,-122.9
607,19753.5812,0.5,31,64,0,87,P,19753.5862,1,19753.58446,-97.8
608,19753.6357,0.7,18,64,1,4,P,19753.6252,2,19753.63384,55.8
608,19753.6357,0.7,18,68,1,35,R,19753.6345,2,19753.64020,-135.0
609,19753.7228,0.4,67,65,1,19,P,19753.7173,3,19753.72511,-69.3
609,19753.7228,0.4,67,61,0,82,R,19753.7273,3,19753.72463,-55.0
609,19753.7228,0.4,67,59,0,76,R,19753.7324,3,19753.73216,-280.6
610,19753.8168,1.5,5,64,1,4,R,19753.8098,1,19753.81841,-48.4
611,19753.8954,0.4,74,55,0,54,R,19753.8914,1,19753.89667,-38.1
612,19753.9754,0.8,76,53,0,30,R,19753.9707,2,19753.97313,67.9
612,19753.9754,0.8,76,58,0,71,P,19753.9861,2,19753.98965,-427.1
613,19754.0452,0.6,79,54,0,43,P,19754.0432,3,19754.04729,-62.7
613,19754.0452,0.6,79,64,1,2,P,19754.0435,3,19754.05203,-204.7
613,19754.0452,0.6,79,59,0,75,P,19754.0576,3,19754.05815,-388.3
614,19754.1481,0.9,33,64,1,2,R,19754.1460,2,19754.15459,-194.7
614,19754.1481,0.9,33,63,0,86,R,19754.1626,2,19754.16085,-382.2
615,19754.2435,5.2,4,64,1,1,R,19754.2334,1,19754.24184,49.6
616,19754.4656,0.3,65,57,0,66,P,19754.4658,2,19754.47035,-142.5
616,19754.4656,0.3,65,65,1,19,R,19754.4768,2,19754.48456,-568.5
617,19754.5569,0.3,74,54,0,44,R,19754.5576,1,19754.56219,-158.6
618,19754.6109,0.9,77,56,0,60,P,19754.6018,3,19754.60713,113.1
618,19754.6109,0.9,77,70,1,39,P,19754.6060,3,19754.61048,12.5
618,19754.6109,0.9,77,57,0,67,R,19754.6213,3,19754.62581,-447.0
620,19754.7813,0.6,29,65,1,18,P,19754.7798,2,19754.78759,-188.4
620,19754.7813,0.6,29,65,0,88,P,19754.7861,2,19754.78763,-189.7
621,19754.8610,0.6,79,53,0,28,P,19754.8594,3,19754.86109,-2.7
621,19754.8610,0.6,79,72,1,42,P,19754.8645,3,19754.86870,-231.0
621,19754.8610,0.6,79,62,0,84,R,19754.8743,3,19754.87140,-311.7
622,19754.9390,0.3,70,56,0,61,R,19754.9382,1,19754.94342,-132.4
623,19755.0100,3.4,19,73,1,43,P,19755.0076,2,19755.01361,-108.1
623,19755.0100,3.4,19,71,1,41,R,19755.0144,2,19755.01778,-233.4
625,19755.1398,2.0,18,67,1,30,P,19755.1340,1,19755.14111,-39.1
626,19755.1642,2.1,18,66,1,25,P,19755.1633,1,19755.17085,-199.5
627,19755.2839,0.3,74,69,1,37,R,19755.2722,2,19755.27667,216.9
627,19755.2839,0.3,74,53,0,29,R,19755.2866,2,19755.28866,-142.7
629,19755.4831,0.4,48,60,0,78,P,19755.4878,1,19755.48655,-103.5
630,19755.6558,1.1,13,68,1,34,R,19755.6526,1,19755.65859,-83.6
631,19755.7588,0.6,37,63,0,85,P,19755.7656,1,19755.76289,-122.5
632,19755.8724,2.0,7,72,1,42,R,19755.8704,1,19755.87463,-66.8
633,19755.9353,0.2,68,73,1,43,R,19755.9346,2,19755.94182,-195.5
633,19755.9353,0.2,68,55,0,52,P,19755.9348,2,19755.93975,-133.4
634,19756.0416,0.2,68,54,0,42,P,19756.0413,1,19756.04520,-107.9
635,19756.1409,0.4,73,53,0,27,P,19756.1438,1,19756.14544,-136.1
636,19756.1967,0.6,15,67,1,30,R,19756.1941,1,19756.20099,-128.5
637,19756.3353,1.1,13,69,1,36,P,19756.3347,1,19756.33979,-134.5
638,19756.3956,0.3,74,55,0,53,R,19756.3943,1,19756.39961,-120.3
639,19756.4740,1.3,19,71,1,40,P,19756.4656,2,19756.46937,138.8
639,19756.4740,1.3,19,65,1,17,R,19756.4695,2,19756.47745,-103.5
640,19756.5481,0.5,82,54,0,43,R,19756.5461,2,19756.55043,-69.9
640,19756.5481,0.5,82,53,0,28,R,19756.5569,2,19756.55906,-328.5
641,19756.6054,0.9,29,64,0,87,R,19756.6111,1,19756.60977,-131.1
643,19756.7432,1.2,13,65,1,16,P,19756.7395,1,19756.74728,-122.4
644,19756.8645,0.9,19,67,1,29,P,19756.8601,1,19756.86742,-87.7
645,19756.9670,1.4,11,70,1,38,P,19756.9675,1,19756.97241,-162.2
649,19757.3809,0.2,66,53,0,26,P,19757.3833,2,19757.38477,-116.1
649,19757.3809,0.2,66,65,1,16,R,19757.3833,2,19757.39117,-308.0
650,19757.4964,0.4,79,66,1,24,R,19757.4841,4,19757.49166,142.0
650,19757.4964,0.4,79,58,0,71,R,19757.4963,4,19757.49943,-90.8
650,19757.4964,0.4,79,56,0,59,P,19757.4976,4,19757.50274,-190.0
650,19757.4964,0.4,79,72,1,41,P,19757.4983,4,19757.50261,-186.3
651,19757.5578,0.4,61,58,0,70,P,19757.5557,1,19757.55933,-45.7
652,19757.5934,0.4,63,59,0,75,R,19757.5964,2,19757.59640,-90.1
652,19757.5934,0.4,63,65,0,88,R,19757.5991,2,19757.59955,-184.4
653,19757.7170,0.3,67,57,0,65,P,19757.7161,1,19757.72073,-111.7
654,19757.7795,0.3,74,53,0,27,R,19757.7825,1,19757.78436,-145.7
655,19757.8352,0.3,67,56,0,60,R,19757.8330,1,19757.83820,-90.0
656,19757.8805,0.7,66,57,0,66,R,19757.8755,2,19757.88007,13.0
656,19757.8805,0.7,66,67,1,29,R,19757.8872,2,19757.89408,-407.2
657,19757.9925,0.3,75,54,0,41,P,19757.9929,1,19757.99674,-127.2
658,19758.0838,0.4,48,61,0,81,R,19758.0906,1,19758.08782,-120.4
659,19758.2459,1.0,15,65,1,15,R,19758.2419,1,19758.24980,-116.8
660,19758.3955,0.3,74,55,0,51,P,19758.3953,1,19758.40018,-140.4
661,19758.4871,0.2,73,69,1,35,P,19758.4766,4,19758.48198,153.6
661,19758.4871,0.2,73,65,1,14,P,19758.4790,4,19758.48687,6.8
661,19758.4871,0.2,73,72,1,41,R,19758.4861,4,19758.49037,-98.1
661,19758.4871,0.2,73,54,0,42,R,19758.4878,4,19758.49217,-151.9
662,19758.5742,0.3,73,64,0,86,P,19758.5674,2,19758.56520,269.8
662,19758.5742,0.3,73,53,0,25,P,19758.5776,2,19758.57912,-147.5
663,19758.6621,3.1,5,73,1,42,R,19758.6650,1,19758.67163,-285.7
664,19758.8500,0.2,68,55,0,52,R,19758.8494,1,19758.85460,-137.8
665,19758.9634,0.6,77,63,0,85,R,19758.9563,2,19758.95413,278.0
665,19758.9634,0.6,77,53,0,26,R,19758.9629,2,19758.96459,-35.6
666,19759.0470,1.6,10,65,1,14,R,19759.0454,1,19759.05336,-190.6
668,19759.2645,1.2,25,65,1,13,P,19759.2661,2,19759.27420,-290.8
668,19759.2645,1.2,25,70,1,37,P,19759.2676,2,19759.27254,-241.2
669,19759.4397,0.4,42,62,0,83,R,19759.4468,1,19759.44361,-117.2
670,19759.5228,1.7,24,68,1,32,R,19759.5110,2,19759.51760,156.0
670,19759.5228,1.7,24,67,1,28,R,19759.5222,2,19759.52940,-198.0
671,19759.5701,0.3,58,69,1,35,R,19759.5613,2,19759.56618,117.4
671,19759.5701,0.3,58,60,0,77,P,19759.5759,2,19759.57485,-142.4
672,19759.7245,0.2,63,53,0,24,P,19759.7271,1,19759.72850,-119.9
673,19759.7983,1.1,12,65,1,13,R,19759.7939,1,19759.80189,-107.5
674,19759.8976,0.3,69,54,0,40,P,19759.8982,1,19759.90196,-130.8
675,19759.9450,0.7,26,65,0,87,P,19759.9429,1,19759.94407,27.9
676,19760.0033,2.1,8,65,1,12,P,19759.9985,1,19760.00659,-98.6
677,19760.0947,0.3,72,53,0,25,R,19760.0981,1,19760.09977,-152.0
678,19760.1465,0.7,13,67,1,27,P,19760.1396,1,19760.14728,-23.4
679,19760.3450,0.6,71,70,1,37,R,19760.3320,2,19760.33672,248.2
679,19760.3450,0.6,71,56,0,58,P,19760.3440,2,19760.34917,-125.0
680,19760.3833,0.4,74,54,0,41,R,19760.3833,1,19760.38744,-124.0
681,19760.4384,1.8,5,73,1,41,P,19760.4304,1,19760.43582,77.3
682,19760.5026,0.7,39,66,1,21,P,19760.4905,1,19760.49839,126.1
683,19760.5628,1.2,12,69,1,34,P,19760.5583,1,19760.56390,-32.9
684,19760.6777,0.5,72,65,1,11,P,19760.6760,2,19760.68406,-190.6
684,19760.6777,0.5,72,56,0,59,R,19760.6782,2,19760.68356,-175.8
685,19760.8154,0.8,77,55,0,50,P,19760.8081,1,19760.81291,74.6
686,19760.9157,0.2,62,57,0,64,P,19760.9155,1,19760.92042,-141.4
687,19761.0216,0.3,61,58,0,70,R,19761.0222,1,19761.02533,-111.8
688,19761.0756,0.4,79,58,0,69,P,19761.0730,2,19761.07673,-33.9
688,19761.0756,0.4,79,57,0,65,R,19761.0786,2,19761.08333,-231.9
689,19761.1860,0.2,65,53,0,24,R,19761.1885,1,19761.18993,-118.0
690,19761.2579,0.3,75,55,0,51,R,19761.2566,1,19761.26168,-113.3
691,19761.3442,1.4,20,71,1,38,P,19761.3298,2,19761.33386,309.9
691,19761.3442,1.4,20,68,1,31,R,19761.3518,2,19761.35842,-426.4
692,19761.4022,0.3,51,59,0,74,R,19761.4060,1,19761.40627,-121.9
693,19761.5075,1.4,12,70,1,36,P,19761.5059,1,19761.51103,-105.8
694,19761.5675,1.1,23,64,0,86,R,19761.5747,1,19761.57307,-166.9
695,19761.6173,1.0,11,69,1,34,R,19761.6150,1,19761.62011,-84.3
696,19761.7001,0.3,67,67,1,26,P,19761.6931,3,19761.70096,-25.8
696,19761.7001,0.3,67,59,0,73,P,19761.7036,3,19761.70460,-135.0
696,19761.7001,0.3,67,65,1,10,R,19761.7097,3,19761.71759,-524.4
697,19761.7562,0.3,74,54,0,39,P,19761.7571,1,19761.76090,-141.0
699,19761.8872,0.2,63,53,0,22,P,19761.8914,1,19761.89244,-157.2
701,19762.1361,1.0,12,68,1,30,P,19762.1318,1,19762.13904,-88.2
702,19762.2310,0.4,79,54,0,40,R,19762.2322,3,19762.23629,-158.7
702,19762.2310,0.4,79,53,0,23,R,19762.2336,3,19762.23510,-123.0
702,19762.2310,0.4,79,65,1,9,R,19762.2383,3,19762.24629,-458.3
704,19762.3875,0.4,42,65,1,8,P,19762.3792,2,19762.38718,9.7
704,19762.3875,0.4,42,61,0,80,R,19762.3955,2,19762.39277,-157.9
705,19762.4458,0.7,22,66,1,20,R,19762.4417,1,19762.44945,-109.3
706,19762.5772,1.3,22,72,1,39,P,19762.5718,2,19762.57605,34.6
706,19762.5772,1.3,22,69,1,33,P,19762.5798,2,19762.58566,-253.6
707,19762.6231,0.9,13,67,1,26,R,19762.6196,1,19762.62703,-117.7
708,19762.7387,1.2,26,65,0,87,R,19762.7444,1,19762.74554,-205.2
709,19762.8266,1.3,18,66,1,19,P,19762.8169,2,19762.82498,48.5
709,19762.8266,1.3,18,65,1,7,P,19762.8372,2,19762.84518,-556.9
710,19762.9030,0.3,68,53,0,21,P,19762.9060,1,19762.90705,-121.5
711,19763.0367,0.3,56,60,0,77,R,19763.0422,2,19763.04061,-117.3
711,19763.0367,0.3,56,73,1,40,P,19763.0422,2,19763.04737,-319.8
712,19763.1475,1.8,76,68,1,30,R,19763.1333,2,19763.14026,217.0
712,19763.1475,1.8,76,56,0,57,P,19763.1411,2,19763.14650,30.0
713,19763.1694,1.8,75,55,0,49,P,19763.1733,1,19763.17799,-257.6
714,19763.2342,0.4,66,53,0,22,R,19763.2339,2,19763.23530,-33.0
714,19763.2342,0.4,66,65,1,6,P,19763.2402,2,19763.24835,-424.3
716,19763.4759,0.3,71,56,0,58,R,19763.4744,2,19763.47958,-110.2
716,19763.4759,0.3,71,64,0,85,P,19763.4839,2,19763.48114,-157.0
717,19763.5707,0.4,71,54,0,38,P,19763.5701,1,19763.57360,-87.1
718,19763.6127,0.4,73,69,1,33,R,19763.6082,3,19763.61365,-28.4
718,19763.6127,0.4,73,60,0,76,P,19763.6084,3,19763.60751,155.6
718,19763.6127,0.4,73,55,0,50,R,19763.6160,3,19763.62093,-246.7
719,19763.6770,0.5,40,71,1,37,P,19763.6672,3,19763.67153,164.0
719,19763.6770,0.5,40,70,1,35,P,19763.6826,3,19763.68800,-329.8
719,19763.6770,0.5,40,63,0,84,R,19763.6870,3,19763.68445,-223.3
721,19763.8741,0.3,66,53,0,20,P,19763.8757,3,19763.87678,-80.2
721,19763.8741,0.3,66,65,1,4,P,19763.8821,3,19763.89027,-484.7
721,19763.8741,0.3,66,68,1,29,P,19763.8857,3,19763.89315,-571.1
722,19763.9489,0.5,36,62,0,82,R,19763.9590,1,19763.95544,-196.1
723,19764.0367,0.6,78,54,0,39,R,19764.0349,1,19764.03877,-62.2
724,19764.1869,0.3,68,53,0,21,R,19764.1892,1,19764.19055,-109.3
725,19764.2317,0.3,58,57,0,64,R,19764.2310,1,19764.23571,-120.3
726,19764.4068,9.4,5,65,1,2,R,19764.4031,1,19764.41102,-126.6
727,19764.4949,0.3,69,65,1,1,R,19764.4929,2,19764.50099,-182.7
727,19764.4949,0.3,69,58,0,69,R,19764.4951,2,19764.49871,-114.1
728,19764.5369,0.3,60,58,0,68,P,19764.5381,2,19764.54197,-152.1
728,19764.5369,0.3,60,69,1,32,P,19764.5415,2,19764.54737,-314.0
729,19764.5890,1.0,14,66,1,18,R,19764.5830,1,19764.59084,-55.1
730,19764.6316,1.3,17,67,1,24,P,19764.6282,1,19764.63615,-136.3
731,19764.6995,1.1,12,70,1,35,R,19764.6965,1,19764.70152,-60.5
732,19764.7978,0.3,66,53,0,19,P,19764.8008,1,19764.80163,-114.9
733,19764.8589,0.8,16,68,1,29,R,19764.8562,1,19764.86320,-129.0
734,19764.9236,0.9,14,66,1,17,P,19764.9192,1,19764.92727,-109.9
735,19765.0229,1.2,24,72,1,38,P,19765.0117,2,19765.01599,207.2
735,19765.0229,1.2,24,65,0,86,P,19765.0315,2,19765.03249,-287.5
736,19765.0990,0.3,63,53,0,20,R,19765.0996,1,19765.10086,-55.9
737,19765.1548,1.0,66,62,0,81,P,19765.1399,2,19765.13608,561.2
737,19765.1548,1.0,66,59,0,73,R,19765.1614,2,19765.16190,-212.8
738,19765.2053,0.5,37,63,0,83,P,19765.2122,1,19765.20882,-105.5
739,19765.3356,0.3,73,54,0,37,P,19765.3367,1,19765.34010,-135.0
740,19765.4422,0.3,58,59,0,72,P,19765.4458,1,19765.44707,-146.0
741,19765.4913,0.2,68,67,1,24,R,19765.4868,2,19765.49444,-94.2
741,19765.4913,0.2,68,55,0,48,P,19765.4910,2,19765.49548,-125.4
742,19765.5792,0.7,26,66,1,17,R,19765.5693,3,19765.57732,56.2
742,19765.5792,0.7,26,68,1,28,P,19765.5813,3,19765.58862,-282.5
742,19765.5792,0.7,26,73,1,39,P,19765.5881,3,19765.59288,-410.2
743,19765.6776,0.2,56,53,0,18,P,19765.6809,1,19765.68164,-121.2
744,19765.7908,0.2,71,54,0,38,R,19765.7910,2,19765.79492,-123.6
744,19765.7908,0.2,71,70,1,34,P,19765.7981,2,19765.80359,-383.3
745,19765.8932,0.5,72,66,1,16,P,19765.8862,2,19765.89439,-35.7
745,19765.8932,0.5,72,56,0,56,P,19765.8896,2,19765.89479,-47.8
746,19765.9313,0.7,77,55,0,49,R,19765.9275,3,19765.93240,-33.0
746,19765.9313,0.7,77,71,1,36,P,19765.9419,3,19765.94636,-451.6
746,19765.9313,0.7,77,72,1,38,R,19765.9424,3,19765.94651,-456.1
747,19766.0136,0.7,14,67,1,23,P,19766.0098,1,19766.01778,-125.2
749,19766.2222,0.3,74,56,0,57,R,19766.2209,1,19766.22632,-123.6
752,19766.4633,0.9,41,73,1,39,R,19766.4539,2,19766.45929,120.1
752,19766.4633,0.9,41,64,0,85,R,19766.4727,2,19766.47063,-219.9
753,19766.5124,0.3,65,66,1,16,R,19766.4998,3,19766.50773,140.0
753,19766.5124,0.3,65,53,0,17,P,19766.5161,3,19766.51682,-132.5
753,19766.5124,0.3,65,68,1,28,R,19766.5203,3,19766.52734,-447.8
754,19766.6356,0.4,52,61,0,79,R,19766.6423,1,19766.63971,-123.2
755,19766.7835,0.2,64,53,0,18,R,19766.7859,3,19766.78680,-98.8
755,19766.7835,0.2,64,70,1,34,R,19766.7861,3,19766.79136,-235.5
755,19766.7835,0.2,64,66,1,15,P,19766.7974,3,19766.80555,-661.0
756,19766.8366,1.6,14,67,1,23,R,19766.8340,1,19766.84199,-161.6
757,19766.9062,3.0,7,71,1,36,R,19766.9075,1,19766.91147,-158.0
758,19767.0519,0.5,70,60,0,76,R,19767.0376,2,19767.03614,472.5
758,19767.0519,0.5,70,54,0,36,P,19767.0571,2,19767.06044,-256.0
759,19767.1638,0.2,62,57,0,62,P,19767.1631,1,19767.16812,-129.4
760,19767.2205,1.0,13,68,1,27,P,19767.2180,1,19767.22554,-151.2
761,19767.3318,0.7,72,57,0,63,R,19767.3325,2,19767.33730,-164.9
761,19767.3318,0.7,72,67,1,22,P,19767.3340,2,19767.34217,-311.0
762,19767.3844,1.0,18,66,1,15,R,19767.3740,2,19767.38210,69.0
762,19767.3844,1.0,18,72,1,37,P,19767.3872,2,19767.39168,-218.1
763,19767.4144,1.4,16,69,1,31,R,19767.4143,1,19767.42001,-168.0
764,19767.4988,0.5,75,61,0,78,P,19767.4873,2,19767.48499,413.9
764,19767.4988,0.5,75,54,0,37,R,19767.5012,2,19767.50479,-179.4
765,19767.5618,0.6,71,53,0,17,R,19767.5615,1,19767.56245,-19.4
766,19767.6643,1.5,9,66,1,14,P,19767.6526,1,19767.66078,105.6
767,19767.7610,0.3,73,55,0,47,P,19767.7610,1,19767.76543,-132.9
768,19767.8177,0.8,20,65,0,86,R,19767.8210,1,19767.82222,-135.5
769,19767.8561,1.9,13,70,1,33,P,19767.8523,1,19767.85791,-54.2
770,19767.9182,0.5,62,58,0,68,R,19767.9160,1,19767.91968,-44.2
771,19767.9505,0.4,64,58,0,67,P,19767.9512,1,19767.95517,-139.9
772,19768.0486,0.3,63,53,0,15,P,19768.0520,1,19768.05274,-124.0
773,19768.1317,0.6,27,67,1,22,R,19768.1243,2,19768.13218,-14.5
773,19768.1317,0.6,27,68,1,27,R,19768.1255,2,19768.13275,-31.5
774,19768.1918,0.2,69,55,0,48,R,19768.1914,2,19768.19616,-130.6
774,19768.1918,0.2,69,66,1,14,R,19768.1924,2,19768.20046,-259.7
775,19768.2899,0.3,62,69,1,30,P,19768.2847,3,19768.29105,-34.5
775,19768.2899,0.3,62,53,0,16,R,19768.2922,3,19768.29325,-100.3
775,19768.2899,0.3,62,72,1,37,R,19768.2981,3,19768.30228,-371.3
776,19768.3429,0.7,45,64,0,84,P,19768.3357,2,19768.33268,306.2
776,19768.3429,0.7,45,63,0,83,R,19768.3550,2,19768.35217,-277.8
777,19768.4031,0.3,45,62,0,81,R,19768.4109,1,19768.40717,-122.0
778,19768.4564,1.1,11,66,1,13,P,19768.4519,1,19768.46011,-111.2
779,19768.5896,0.3,72,56,0,55,P,19768.5889,2,19768.59413,-135.8
779,19768.5896,0.3,72,67,1,21,P,19768.6011,2,19768.60939,-593.3
780,19768.7331,0.6,75,54,0,35,P,19768.7314,1,19768.73465,-46.4
781,19768.8079,1.1,23,68,1,26,P,19768.7961,2,19768.80398,117.4
781,19768.8079,1.1,23,70,1,33,R,19768.8142,2,19768.81967,-353.0
782,19768.8591,0.3,55,59,0,72,R,19768.8628,1,19768.86344,-130.1
783,19768.9193,0.2,68,73,1,38,R,19768.9172,2,19768.92223,-87.7
783,19768.9193,0.2,68,56,0,56,R,19768.9187,2,19768.92388,-137.2
784,19768.9746,0.3,63,53,0,15,R,19768.9785,1,19768.97921,-138.2
786,19769.1608,0.7,70,54,0,36,R,19769.1648,1,19769.16840,-227.8
787,19769.2216,3.7,15,69,1,30,R,19769.2271,1,19769.23304,-343.0
790,19769.4053,0.3,57,53,0,13,P,19769.4089,1,19769.40949,-125.8
792,19769.5523,0.5,36,62,0,80,P,19769.5615,1,19769.55758,-158.4
793,19769.6165,0.2,52,53,0,14,R,19769.6196,1,19769.62035,-115.5
794,19769.6714,0.7,20,66,1,12,R,19769.6611,2,19769.66932,62.3
794,19769.6714,0.7,20,68,1,26,R,19769.6721,2,19769.67953,-243.6
795,19769.8337,0.7,37,63,0,82,P,19769.8430,2,19769.83922,-165.4
795,19769.8337,0.7,37,70,1,32,P,19769.8452,2,19769.85109,-521.2
796,19769.8889,1.1,11,66,1,11,P,19769.8828,1,19769.89118,-68.2
797,19769.9844,0.3,70,55,0,46,P,19769.9834,1,19769.98790,-105.0
798,19770.0544,1.2,31,65,0,85,P,19770.0530,2,19770.05347,27.9
798,19770.0544,1.2,31,69,1,29,P,19770.0667,2,19770.07321,-563.9
800,19770.2115,0.3,77,57,0,61,P,19770.2114,2,19770.21631,-144.1
800,19770.2115,0.3,77,53,0,13,R,19770.2161,2,19770.21669,-155.5
801,19770.3652,1.2,75,54,0,34,P,19770.3596,2,19770.36277,72.9
801,19770.3652,1.2,75,66,0,86,P,19770.3779,2,19770.37215,-208.3
802,19770.4032,1.3,75,55,0,47,R,19770.4075,1,19770.41225,-271.4
803,19770.4937,3.7,9,73,1,37,P,19770.4824,1,19770.48678,207.5
804,19770.5338,1.2,18,67,1,20,R,19770.5325,1,19770.54074,-208.2
805,19770.5831,0.3,56,53,0,11,P,19770.5867,2,19770.58719,-122.7
805,19770.5831,0.3,56,72,1,36,R,19770.5891,2,19770.59360,-314.7
807,19770.7781,0.7,79,53,0,12,R,19770.7676,3,19770.76823,295.9
807,19770.7781,0.7,79,70,1,32,R,19770.7810,3,19770.78660,-254.8
807,19770.7781,0.7,79,54,0,35,R,19770.7822,3,19770.78580,-230.9
808,19770.8216,0.9,40,61,0,78,R,19770.8315,1,19770.82885,-217.4
809,19770.9090,1.3,9,66,1,10,R,19770.9062,1,19770.91457,-166.9
810,19770.9722,0.3,60,67,1,19,P,19770.9641,3,19770.97249,-8.8
810,19770.9722,0.3,60,60,0,75,R,19770.9771,3,19770.97584,-109.1
810,19770.9722,0.3,60,69,1,29,R,19770.9800,3,19770.98613,-417.5
811,19771.1030,0.3,44,66,1,9,P,19771.0906,2,19771.09895,121.3
811,19771.1030,0.3,44,53,0,10,P,19771.1084,2,19771.10892,-177.5
812,19771.1646,1.0,15,68,1,25,R,19771.1602,1,19771.16774,-94.1
813,19771.2448,0.6,72,56,0,54,P,19771.2395,1,19771.24458,6.7
814,19771.2816,0.8,78,53,0,11,R,19771.2744,2,19771.27499,198.0
814,19771.2816,0.8,78,58,0,67,R,19771.2844,2,19771.28835,-202.5
815,19771.4471,1.4,9,66,1,9,R,19771.4451,1,19771.45340,-189.0
816,19771.5031,0.3,50,60,0,74,P,19771.5071,1,19771.50657,-104.0
817,19771.5702,0.5,75,56,0,55,R,19771.5669,1,19771.57231,-63.3
818,19771.6476,0.4,52,67,1,19,R,19771.6509,2,19771.65922,-348.5
818,19771.6476,0.4,52,61,0,77,P,19771.6528,2,19771.65057,-89.0
819,19771.7333,0.3,44,53,0,10,R,19771.7363,1,19771.73699,-110.6
820,19771.7817,0.5,26,70,1,31,P,19771.7773,3,19771.78324,-46.0
820,19771.7817,0.5,26,68,1,24,P,19771.7776,3,19771.78570,-120.0
820,19771.7817,0.5,26,69,1,28,P,19771.7891,3,19771.79570,-419.6
822,19771.9403,0.3,74,66,1,8,R,19771.9280,3,19771.93642,116.4
822,19771.9403,0.3,74,54,0,33,P,19771.9419,3,19771.94483,-135.8
822,19771.9403,0.3,74,72,1,35,P,19771.9463,3,19771.95102,-321.2
823,19772.0128,0.4,35,53,0,8,P,19772.0176,1,19772.01818,-161.2
824,19772.0661,0.7,14,67,1,18,P,19772.0598,2,19772.06847,-71.1
824,19772.0661,0.7,14,66,1,7,P,19772.0752,2,19772.08360,-524.7
825,19772.1563,0.4,76,53,0,9,R,19772.1538,2,19772.15423,62.0
825,19772.1563,0.4,76,55,0,45,P,19772.1587,2,19772.16294,-199.0
828,19772.3532,0.2,70,54,0,34,R,19772.3538,2,19772.35703,-114.9
828,19772.3532,0.2,70,66,1,7,R,19772.3552,2,19772.36363,-312.5
829,19772.4008,0.3,43,71,1,33,P,19772.3904,2,19772.39534,163.7
829,19772.4008,0.3,43,53,0,7,P,19772.4053,2,19772.40572,-147.5
830,19772.5121,0.4,69,59,0,71,R,19772.5100,2,19772.51104,31.9
830,19772.5121,0.4,69,53,0,8,R,19772.5261,2,19772.52672,-438.4
831,19772.5768,0.2,67,55,0,46,R,19772.5762,2,19772.58075,-118.4
831,19772.5768,0.2,67,68,1,24,R,19772.5896,2,19772.59746,-619.5
832,19772.6844,1.9,18,69,1,28,R,19772.6731,2,19772.67935,151.4
832,19772.6844,1.9,18,70,1,31,R,19772.6865,2,19772.69225,-235.4
833,19772.7669,0.7,61,59,0,70,P,19772.7695,1,19772.77116,-127.6
834,19772.8432,0.6,50,65,0,85,R,19772.8291,4,19772.83024,388.5
834,19772.8432,0.6,50,73,1,36,P,19772.8313,4,19772.83560,227.9
834,19772.8432,0.6,50,66,1,5,P,19772.8367,4,19772.84525,-61.6
834,19772.8432,0.6,50,53,0,7,R,19772.8540,4,19772.85448,-338.1
835,19772.9490,1.2,32,66,0,86,R,19772.9348,2,19772.92360,761.4
835,19772.9490,1.2,32,63,0,82,R,19772.9607,2,19772.95762,-258.4
836,19773.0437,0.4,35,66,1,5,R,19773.0422,2,19773.05071,-210.2
836,19773.0437,0.4,35,53,0,5,P,19773.0464,2,19773.04667,-89.1
837,19773.1251,0.5,50,64,0,83,P,19773.1238,3,19773.12024,145.6
837,19773.1251,0.5,50,66,1,4,P,19773.1340,3,19773.14249,-521.2
837,19773.1251,0.5,50,53,0,6,R,19773.1370,3,19773.13750,-371.9
838,19773.2087,0.3,62,57,0,60,P,19773.2092,1,19773.21418,-164.1
839,19773.2945,0.4,29,71,1,33,R,19773.2856,3,19773.29019,129.4
839,19773.2945,0.4,29,53,0,4,P,19773.2998,3,19773.30009,-167.5
839,19773.2945,0.4,29,66,1,4,R,19773.3020,3,19773.31062,-483.3
840,19773.3817,0.4,73,53,0,5,R,19773.3755,3,19773.37581,176.6
840,19773.3817,0.4,73,66,1,3,P,19773.3755,3,19773.38400,-69.0
840,19773.3817,0.4,73,57,0,61,R,19773.3835,3,19773.38848,-203.3
841,19773.4763,0.3,69,54,0,32,P,19773.4780,1,19773.48087,-136.9
842,19773.5655,0.5,27,66,1,2,P,19773.5613,2,19773.56981,-129.1
842,19773.5655,0.5,27,53,0,4,R,19773.5691,2,19773.56940,-116.8
843,19773.6573,1.6,19,73,1,36,R,19773.6455,3,19773.65022,212.2
843,19773.6573,1.6,19,70,1,30,P,19773.6482,3,19773.65446,85.1
843,19773.6573,1.6,19,66,1,2,R,19773.6548,3,19773.66324,-178.1
844,19773.7172,0.5,35,67,1,17,R,19773.7163,2,19773.72483,-228.8
844,19773.7172,0.5,35,53,0,3,R,19773.7180,2,19773.71827,-32.2
846,19773.8457,0.8,75,56,0,53,P,19773.8411,1,19773.84620,-15.1
847,19773.8782,0.7,75,54,0,33,R,19773.8789,2,19773.88213,-117.8
847,19773.8782,0.7,75,53,0,1,R,19773.8816,2,19773.88192,-111.4
848,19773.9651,0.7,13,68,1,23,R,19773.9609,1,19773.96877,-110.1
850,19774.0849,1.4,14,67,1,16,P,19774.0808,1,19774.08950,-138.0
851,19774.1670,0.2,65,56,0,54,R,19774.1665,1,19774.17171,-141.1
853,19774.2869,0.2,68,55,0,44,P,19774.2864,1,19774.29059,-110.7
854,19774.4050,0.4,43,63,0,81,P,19774.4121,2,19774.40830,-99.0
854,19774.4050,0.4,43,71,1,32,P,19774.4153,2,19774.42029,-458.4
855,19774.5304,0.7,21,68,1,22,P,19774.5261,2,19774.53431,-117.3
855,19774.5304,0.7,21,70,1,30,R,19774.5310,2,19774.53676,-190.5
856,19774.6103,1.2,75,58,0,66,R,19774.6008,2,19774.60486,163.2
856,19774.6103,1.2,75,58,0,65,P,19774.6216,2,19774.62583,-465.6
857,19774.6978,0.3,74,55,0,45,R,19774.6973,1,19774.70170,-116.8
859,19774.8556,0.3,48,60,0,74,R,19774.8608,1,19774.85988,-128.4
860,19774.9644,0.4,79,61,0,77,R,19774.9629,3,19774.96041,119.6
860,19774.9644,0.4,79,54,0,31,P,19774.9683,3,19774.97091,-195.3
860,19774.9644,0.4,79,72,1,34,R,19774.9790,3,19774.98362,-576.2
861,19775.0572,1.0,12,69,1,26,P,19775.0552,1,19775.06201,-144.3
862,19775.1212,1.9,10,73,1,35,P,19775.1150,1,19775.11927,57.8
863,19775.2787,0.7,18,68,1,22,R,19775.2737,2,19775.28174,-91.1
863,19775.2787,0.7,18,71,1,32,R,19775.2866,2,19775.29114,-372.8
864,19775.3601,0.4,76,54,0,32,R,19775.3579,2,19775.36113,-30.8
864,19775.3601,0.4,76,60,0,73,P,19775.3735,2,19775.37328,-395.2
866,19775.5100,0.7,23,66,0,85,P,19775.5112,1,19775.50685,94.4
867,19775.5578,1.1,14,67,1,15,R,19775.5537,1,19775.56229,-134.7
868,19775.7541,0.3,46,61,0,76,P,19775.7612,1,19775.75916,-151.7
869,19775.8176,1.4,12,68,1,21,P,19775.8130,1,19775.82136,-112.6
870,19775.8802,0.8,20,67,1,14,P,19775.8740,2,19775.88289,-80.6
870,19775.8802,0.8,20,69,1,26,R,19775.8799,2,19775.88660,-191.8
871,19776.0993,0.4,56,59,0,70,R,19776.1035,1,19776.10482,-165.6
872,19776.1570,0.3,69,57,0,59,P,19776.1570,1,19776.16180,-144.0
873,19776.2525,1.3,12,72,1,33,P,19776.2505,1,19776.25543,-88.0
874,19776.3636,3.0,80,59,0,69,P,19776.3513,3,19776.35303,316.8
874,19776.3636,3.0,80,55,0,43,P,19776.3667,3,19776.37092,-219.3
874,19776.3636,3.0,80,71,1,31,P,19776.3779,3,19776.38310,-584.7
875,19776.3977,,74,67,1,14,R,19776.3867,3,19776.39557,63.7
875,19776.3977,,74,56,0,52,P,19776.3940,3,19776.39907,-41.2
875,19776.3977,,74,54,0,30,P,19776.4124,3,19776.41500,-518.7
876,19776.5324,0.9,16,68,1,21,R,19776.5283,1,19776.53642,-120.5
877,19776.6025,1.0,16,69,1,25,P,19776.5989,1,19776.60600,-105.0
878,19776.7182,0.3,76,56,0,53,R,19776.7168,1,19776.72213,-117.7
879,19776.7778,0.6,78,55,0,44,R,19776.7708,2,19776.77515,79.4
879,19776.7778,0.6,78,54,0,31,R,19776.7910,2,19776.79406,-487.6
881,19777.0491,1.7,14,68,1,20,P,19777.0417,1,19777.05030,-36.0
882,19777.1280,0.3,48,62,0,79,R,19777.1353,1,19777.13136,-100.6
883,19777.2163,1.3,16,70,1,28,P,19777.2083,2,19777.21457,52.0
883,19777.2163,1.3,16,71,1,31,R,19777.2249,2,19777.22968,-401.2
884,19777.3320,2.9,9,73,1,34,P,19777.3337,1,19777.33800,-179.8
885,19777.3992,1.0,14,69,1,25,R,19777.3940,1,19777.40080,-47.9
886,19777.4502,2.2,14,67,1,12,P,19777.4399,1,19777.44891,38.8
887,19777.4975,0.4,42,63,0,81,R,19777.5046,1,19777.50113,-108.9
890,19777.8099,0.3,74,54,0,29,P,19777.8105,1,19777.81316,-97.7
891,19777.8700,0.6,74,58,0,65,R,19777.8652,3,19777.86929,21.1
891,19777.8700,0.6,74,58,0,64,P,19777.8792,3,19777.88351,-405.0
891,19777.8700,0.6,74,67,1,12,R,19777.8826,3,19777.89143,-642.5
892,19778.0491,1.6,26,70,1,28,R,19778.0366,2,19778.04276,190.0
892,19778.0491,1.6,26,66,0,85,R,19778.0608,2,19778.05266,-106.6
893,19778.1770,0.3,68,54,0,30,R,19778.1780,1,19778.18097,-118.9
894,19778.2179,0.5,42,68,1,19,P,19778.2126,2,19778.22120,-98.9
894,19778.2179,0.5,42,62,0,78,P,19778.2273,2,19778.22357,-169.9
895,19778.2862,3.1,11,71,1,30,P,19778.2788,1,19778.28390,68.9
896,19778.3998,0.2,68,55,0,42,P,19778.3999,1,19778.40395,-124.5
897,19778.5500,1.3,11,67,1,11,R,19778.5452,1,19778.55408,-122.2
898,19778.6848,0.3,57,60,0,73,R,19778.6892,1,19778.68844,-109.1
900,19778.7971,0.3,75,55,0,43,R,19778.7969,1,19778.80116,-121.8
901,19778.8999,0.4,73,70,1,27,P,19778.8972,2,19778.90363,-112.0
901,19778.8999,0.4,73,56,0,51,P,19778.8982,2,19778.90325,-100.5
902,19779.0505,0.4,65,61,0,76,R,19779.0371,2,19779.03458,477.3
902,19779.0505,0.4,65,57,0,58,P,19779.0542,2,19779.05927,-263.1
903,19779.1080,0.8,15,71,1,30,R,19779.1011,2,19779.10596,61.2
903,19779.1080,0.8,15,72,1,32,R,19779.1133,2,19779.11802,-300.4
904,19779.1661,0.4,74,54,0,28,P,19779.1631,1,19779.16542,20.5
905,19779.2265,0.5,76,56,0,52,R,19779.2185,2,19779.22365,85.5
905,19779.2265,0.5,76,57,0,59,R,19779.2327,2,19779.23761,-333.0
907,19779.3276,1.0,10,68,1,18,P,19779.3254,1,19779.33410,-194.8
908,19779.3652,2.1,7,67,1,9,P,19779.3628,1,19779.37212,-207.5
909,19779.5165,0.3,72,69,1,23,P,19779.5088,2,19779.51601,14.7
909,19779.5165,0.3,72,54,0,29,R,19779.5190,2,19779.52187,-161.1
910,19779.6413,0.3,65,59,0,69,R,19779.6436,1,19779.64494,-109.1
911,19779.7011,0.8,19,70,1,27,R,19779.6982,2,19779.70448,-101.2
911,19779.7011,0.8,19,67,1,9,R,19779.7000,2,19779.70896,-235.5
912,19779.8076,0.3,54,61,0,75,P,19779.8130,1,19779.81095,-100.5
913,19779.8796,0.4,66,59,0,68,P,19779.8796,2,19779.88163,-61.0
913,19779.8796,0.4,66,67,1,8,P,19779.8904,2,19779.89974,-603.8
914,19779.9491,1.6,12,68,1,18,R,19779.9429,1,19779.95139,-68.6
915,19780.1198,1.4,12,71,1,29,P,19780.1174,1,19780.12280,-89.9
916,19780.2020,6.0,8,67,1,8,R,19780.1921,1,19780.20124,22.7
917,19780.2463,1.0,20,69,1,23,R,19780.2437,2,19780.25076,-133.8
917,19780.2463,1.0,20,73,1,33,R,19780.2466,2,19780.25095,-139.3
918,19780.3019,1.6,10,72,1,31,P,19780.3010,1,19780.30617,-128.1
919,19780.3849,0.3,74,68,1,17,P,19780.3804,2,19780.38905,-124.4
919,19780.3849,0.3,74,55,0,41,P,19780.3860,2,19780.38975,-145.5
920,19780.4673,0.3,70,54,0,27,P,19780.4695,1,19780.47180,-134.9
921,19780.5716,1.4,17,66,0,84,P,19780.5747,1,19780.57136,7.2
922,19780.6359,3.3,8,67,1,7,R,19780.6277,1,19780.63680,-26.8
924,19780.7754,0.3,73,55,0,42,R,19780.7756,3,19780.77978,-131.4
924,19780.7754,0.3,73,67,1,6,P,19780.7756,3,19780.78491,-285.2
924,19780.7754,0.3,73,64,0,82,R,19780.7766,3,19780.77349,57.2
925,19780.8114,0.4,63,54,0,28,R,19780.8142,1,19780.81681,-162.3
926,19780.8839,2.4,12,69,1,22,P,19780.8748,1,19780.88217,51.9
927,19780.9204,1.4,11,71,1,29,R,19780.9150,1,19780.92009,9.3
928,19780.9674,1.5,10,68,1,17,R,19780.9651,1,19780.97354,-184.0
930,19781.0805,0.4,77,58,0,64,R,19781.0774,3,19781.08178,-38.2
930,19781.0805,0.4,77,58,0,63,P,19781.0850,3,19781.08956,-271.5
930,19781.0805,0.4,77,72,1,31,R,19781.0850,3,19781.08978,-278.2
931,19781.1403,1.2,6,67,1,5,P,19781.1333,1,19781.14250,-65.9
932,19781.3057,2.2,14,70,1,26,R,19781.2991,1,19781.30547,7.0
933,19781.3543,0.3,69,56,0,50,P,19781.3540,1,19781.35880,-135.0
934,19781.3986,0.6,38,62,0,78,R,19781.4082,1,19781.40431,-171.3
935,19781.4439,5.1,3,67,1,4,P,19781.4341,1,19781.44343,14.1
936,19781.5818,1.0,15,73,1,32,P,19781.5769,3,19781.58131,14.7
936,19781.5818,1.0,15,69,1,22,R,19781.5793,3,19781.58668,-146.3
936,19781.5818,1.0,15,67,1,4,R,19781.5940,3,19781.60324,-642.8
937,19781.6723,0.3,74,56,0,51,R,19781.6711,2,19781.67633,-120.9
937,19781.6723,0.3,74,67,1,3,P,19781.6785,2,19781.68772,-462.3
938,19781.7282,0.2,62,54,0,26,P,19781.7300,1,19781.73234,-124.0
939,19781.8134,3.5,4,67,1,3,R,19781.8027,1,19781.81204,40.8
940,19781.9023,0.3,70,71,1,28,P,19781.8945,2,19781.89991,71.7
940,19781.9023,0.3,70,57,0,57,P,19781.9016,2,19781.90667,-131.0
941,19781.9779,0.5,34,63,0,80,R,19781.9868,1,19781.98302,-153.5
942,19782.0675,1.1,77,54,0,27,R,19782.0632,2,19782.06582,50.4
942,19782.0675,1.1,77,57,0,58,R,19782.0815,2,19782.08662,-573.3
943,19782.1706,1.0,24,69,1,21,P,19782.1816,1,19782.18918,-557.1
944,19782.2304,2.2,7,72,1,30,P,19782.2317,1,19782.23677,-190.9
945,19782.3235,0.2,70,68,1,15,P,19782.3164,3,19782.32528,-53.4
945,19782.3235,0.2,70,73,1,32,R,19782.3167,3,19782.32101,74.7
945,19782.3235,0.2,70,55,0,40,P,19782.3247,3,19782.32836,-145.8
946,19782.4610,0.4,68,60,0,72,R,19782.4622,2,19782.46166,-19.9
946,19782.4610,0.4,68,62,0,77,P,19782.4724,2,19782.46850,-224.8
947,19782.6418,0.8,30,65,0,83,R,19782.6423,1,19782.64275,-28.4
948,19782.7072,0.3,73,55,0,41,R,19782.7068,1,19782.71106,-115.8
949,19782.8454,0.7,28,68,1,15,R,19782.8352,3,19782.84388,45.5
949,19782.8454,0.7,28,70,1,25,R,19782.8394,3,19782.84583,-12.8
949,19782.8454,0.7,28,69,1,21,R,19782.8560,3,19782.86332,-537.1
950,19782.9412,0.3,76,60,0,71,P,19782.9417,2,19782.94184,-19.2
950,19782.9412,0.3,76,54,0,25,P,19782.9451,2,19782.94705,-175.5
951,19783.0481,0.3,54,61,0,75,R,19783.0537,1,19783.05156,-103.7
952,19783.1258,0.3,60,66,0,84,R,19783.1160,2,19783.10989,477.1
952,19783.1258,0.3,60,59,0,68,R,19783.1299,2,19783.13151,-171.1
953,19783.2046,1.2,12,68,1,14,P,19783.1978,1,19783.20664,-61.1
954,19783.2641,0.2,65,54,0,26,R,19783.2666,1,19783.26891,-144.3
955,19783.3550,0.3,72,59,0,67,P,19783.3547,2,19783.35708,-62.3
955,19783.3550,0.3,72,63,0,79,P,19783.3677,2,19783.36369,-260.6
956,19783.4345,2.1,9,69,1,20,P,19783.4294,1,19783.43712,-78.5
957,19783.6066,0.6,23,70,1,24,P,19783.6011,3,19783.60799,-41.6
957,19783.6066,0.6,23,73,1,31,P,19783.6018,3,19783.60624,10.9
957,19783.6066,0.6,23,71,1,27,P,19783.6099,3,19783.61533,-261.8
958,19783.6922,1.8,11,68,1,14,R,19783.6833,1,19783.69217,0.9
959,19783.7621,0.3,74,56,0,49,P,19783.7610,1,19783.76579,-110.6
960,19783.7971,2.5,46,61,0,74,P,19783.8079,1,19783.80612,-270.5
962,19784.0299,3.1,11,68,1,13,P,19784.0212,1,19784.03021,-9.2
963,19784.0768,0.3,71,69,1,20,R,19784.0732,2,19784.08074,-118.1
963,19784.0768,0.3,71,56,0,50,R,19784.0752,2,19784.08025,-103.5
964,19784.1085,0.5,61,72,1,29,P,19784.0991,2,19784.10436,124.2
964,19784.1085,0.5,61,54,0,24,P,19784.1140,2,19784.11598,-224.1
965,19784.2237,2.0,79,55,0,39,P,19784.2163,2,19784.21982,116.2
965,19784.2237,2.0,79,58,0,63,R,19784.2380,2,19784.24241,-560.8
966,19784.3234,1.0,17,70,1,24,R,19784.3191,2,19784.32565,-67.5
966,19784.3234,1.0,17,73,1,31,R,19784.3220,2,19784.32630,-86.8
967,19784.3606,1.1,12,71,1,27,R,19784.3572,1,19784.36240,-54.0
968,19784.4218,0.3,69,54,0,25,R,19784.4238,1,19784.42613,-129.9
969,19784.4778,0.9,11,68,1,13,R,19784.4736,1,19784.48259,-143.6
970,19784.5909,0.2,70,55,0,40,R,19784.5911,1,19784.59505,-124.3
971,19784.7004,0.3,69,57,0,56,P,19784.6992,1,19784.70407,-109.9
972,19784.7959,2.0,9,68,1,12,P,19784.7871,1,19784.79602,-3.6
973,19784.8813,0.3,69,57,0,57,R,19784.8804,1,19784.88539,-122.5
975,19785.0551,1.1,22,70,1,23,P,19785.0486,1,19785.05543,-9.9
977,19785.2343,0.3,69,69,1,19,R,19785.2314,2,19785.23902,-141.4
977,19785.2343,0.3,69,54,0,23,P,19785.2373,2,19785.23913,-144.7
978,19785.4094,0.5,35,64,0,81,R,19785.4160,1,19785.41256,-94.7
979,19785.5336,0.3,65,54,0,24,R,19785.5354,1,19785.53750,-116.8
980,19785.6143,0.3,47,62,0,77,R,19785.6221,1,19785.61817,-116.1
981,19785.7452,0.9,17,70,1,23,R,19785.7383,2,19785.74502,5.3
981,19785.7452,0.9,17,69,1,18,P,19785.7480,2,19785.75597,-322.8
983,19785.8904,1.6,13,68,1,11,R,19785.8811,2,19785.88998,12.5
983,19785.8904,1.6,13,72,1,28,P,19785.9038,2,19785.90906,-559.5
984,19785.9892,1.9,11,71,1,26,R,19785.9854,1,19785.99081,-48.2
985,19786.0603,0.2,67,55,0,38,P,19786.0608,1,19786.06418,-116.2
986,19786.1198,0.2,65,56,0,48,P,19786.1194,1,19786.12427,-134.0
987,19786.1757,0.3,58,60,0,71,R,19786.1799,1,19786.17972,-120.4
988,19786.2661,2.0,9,73,1,30,R,19786.2627,1,19786.26698,-26.4
989,19786.3123,0.3,59,54,0,22,P,19786.3147,1,19786.31653,-126.8
990,19786.4275,0.6,79,55,0,39,R,19786.4280,3,19786.43179,-128.5
990,19786.4275,0.6,79,56,0,49,R,19786.4304,3,19786.43547,-238.9
990,19786.4275,0.6,79,70,1,22,P,19786.4355,3,19786.44266,-454.5
991,19786.5632,0.5,66,59,0,67,R,19786.5627,1,19786.56466,-43.7
992,19786.5995,0.5,68,54,0,23,R,19786.6008,1,19786.60304,-106.1
993,19786.6430,0.4,63,60,0,70,P,19786.6436,1,19786.64397,-29.2
994,19786.7752,0.3,57,59,0,66,P,19786.7771,1,19786.77948,-128.4
995,19786.8258,1.4,13,69,1,17,P,19786.8191,1,19786.82699,-35.7
996,19787.0056,0.3,48,61,0,74,R,19787.0137,1,19787.01154,-177.9
997,19787.0979,0.6,34,70,1,22,R,19787.0972,2,19787.10403,-183.6
997,19787.0979,0.6,34,64,0,80,P,19787.1069,2,19787.10269,-143.7
998,19787.2819,1.6,9,68,1,8,P,19787.2732,1,19787.28229,-11.8
999,19787.3429,0.5,79,58,0,61,P,19787.3423,3,19787.34715,-127.3
999,19787.3429,0.5,79,54,0,21,P,19787.3464,3,19787.34820,-159.0
999,19787.3429,0.5,79,58,0,62,R,19787.3467,3,19787.35129,-251.4
1000,19787.4463,0.3,74,57,0,55,P,19787.4465,3,19787.45154,-157.1
1000,19787.4463,0.3,74,65,0,82,R,19787.4485,3,19787.44835,-61.5
1000,19787.4463,0.3,74,73,1,29,P,19787.4587,3,19787.46340,-512.7
1002,19787.5602,1.0,17,71,1,25,R,19787.5520,2,19787.55753,80.1
1002,19787.5602,1.0,17,68,1,8,R,19787.5588,2,19787.56795,-232.5
1003,19787.6233,0.3,76,54,0,22,R,19787.6208,2,19787.62278,15.7
1003,19787.6233,0.3,76,57,0,56,R,19787.6289,2,19787.63398,-320.2
1004,19787.7423,0.3,65,61,0,73,P,19787.7463,3,19787.74485,-76.4
1004,19787.7423,0.3,65,68,1,7,P,19787.7505,3,19787.75974,-522.8
1004,19787.7423,0.3,65,63,0,78,P,19787.7546,3,19787.75054,-247.1
1005,19787.8574,0.3,71,55,0,37,P,19787.8582,1,19787.86147,-121.9
1006,19788.0071,2.4,8,68,1,7,R,19788.0027,1,19788.01190,-143.8
1007,19788.0979,0.9,24,66,0,83,R,19788.1006,1,19788.09613,53.0
1008,19788.2169,0.2,68,55,0,38,R,19788.2175,1,19788.22132,-132.6
1009,19788.3309,0.2,60,54,0,20,P,19788.3325,2,19788.33417,-98.0
1009,19788.3309,0.2,60,72,1,27,R,19788.3386,2,19788.34396,-391.5
1010,19788.4302,0.3,72,56,0,47,P,19788.4297,1,19788.43430,-123.0
1012,19788.5921,0.2,67,54,0,21,R,19788.5947,1,19788.59674,-139.1
1014,19788.7372,0.2,67,56,0,48,R,19788.7371,1,19788.74205,-145.4
1015,19788.7900,1.0,11,69,1,15,P,19788.7844,1,19788.79247,-74.0
1016,19788.8395,3.8,5,68,1,4,P,19788.8372,1,19788.84646,-208.6
1018,19789.0394,6.4,12,70,1,20,P,19789.0295,1,19789.03677,79.0
1020,19789.2707,0.3,66,54,0,19,P,19789.2729,3,19789.27445,-112.4
1020,19789.2707,0.3,66,68,1,2,P,19789.2737,3,19789.28305,-370.3
1020,19789.2707,0.3,66,69,1,15,R,19789.2739,3,19789.28182,-333.4
1021,19789.3239,1.3,9,72,1,26,P,19789.3247,1,19789.33030,-191.8
1022,19789.4693,0.6,32,68,1,1,R,19789.4561,2,19789.46551,113.7
1022,19789.4693,0.6,32,65,0,81,P,19789.4749,2,19789.47329,-119.8
1023,19789.5209,0.2,58,54,0,20,R,19789.5232,1,19789.52495,-121.4
1024,19789.6077,0.2,64,55,0,36,P,19789.6084,1,19789.61174,-121.0
1025,19789.6834,1.5,7,69,1,14,P,19789.6787,1,19789.68701,-108.3
1026,19789.7687,0.4,39,62,0,76,R,19789.7771,1,19789.77315,-133.6
1027,19789.8388,0.3,50,60,0,70,R,19789.8428,1,19789.84274,-118.3
1028,19789.9544,0.8,76,59,0,66,R,19789.9424,3,19789.94452,296.2
1028,19789.9544,0.8,76,73,1,28,R,19789.9507,3,19789.95518,-23.4
1028,19789.9544,0.8,76,55,0,37,R,19789.9600,3,19789.96370,-278.9
1029,19790.1468,0.6,79,69,1,14,R,19790.1372,3,19790.14521,47.5
1029,19790.1468,0.6,79,57,0,54,P,19790.1443,3,19790.14917,-71.1
1029,19790.1468,0.6,79,59,0,65,P,19790.1462,3,19790.14896,-64.9
1030,19790.2913,0.6,61,60,0,69,P,19790.2910,1,19790.29154,-7.0
1031,19790.3287,0.4,70,57,0,55,R,19790.3274,1,19790.33248,-113.4
1032,19790.3989,0.6,78,58,0,60,P,19790.3940,3,19790.39888,0.7
1032,19790.3989,0.6,78,58,0,61,R,19790.4038,3,19790.40852,-288.5
1032,19790.3989,0.6,78,54,0,19,R,19790.4058,3,19790.40742,-255.6
1033,19790.4921,0.9,27,66,0,82,P,19790.4951,2,19790.49256,-13.9
1033,19790.4921,0.9,27,71,1,23,R,19790.5005,2,19790.50629,-425.5
1036,19790.6913,0.2,66,56,0,46,P,19790.6914,1,19790.69594,-139.2
1037,19790.7734,0.7,55,63,0,78,R,19790.7671,2,19790.76310,308.8
1037,19790.7734,0.7,55,62,0,75,P,19790.7869,2,19790.78332,-297.4
1038,19790.9121,0.3,55,61,0,73,R,19790.9165,1,19790.91470,-77.8
1039,19790.9996,0.6,76,56,0,47,R,19790.9951,1,19791.00005,-13.5
1040,19791.0632,1.3,7,73,1,27,P,19791.0598,1,19791.06460,-41.9
1042,19791.2407,0.2,58,54,0,18,R,19791.2424,1,19791.24419,-104.6
1043,19791.3102,0.3,71,55,0,35,P,19791.3120,1,19791.31502,-144.4
1044,19791.3885,1.7,9,70,1,18,P,19791.3833,1,19791.39083,-69.8
1047,19791.6467,0.9,70,64,0,79,P,19791.6423,2,19791.63792,263.2
1047,19791.6467,0.9,70,55,0,36,R,19791.6555,2,19791.65897,-367.8
1048,19791.8166,0.2,52,54,0,16,P,19791.8201,1,19791.82135,-142.4
1049,19791.8826,1.7,9,71,1,22,R,19791.8828,1,19791.88853,-177.8
1050,19791.9355,1.4,11,70,1,18,R,19791.9307,1,19791.93786,-70.6
1051,19792.0314,0.3,67,54,0,17,R,19792.0337,1,19792.03526,-115.8
1052,19792.0737,0.5,43,63,0,77,P,19792.0813,1,19792.07717,-104.1
1053,19792.1836,0.7,29,65,0,81,R,19792.1880,1,19792.18754,-118.2
1054,19792.3763,2.1,9,69,1,11,R,19792.3743,1,19792.38259,-188.5
1055,19792.4717,0.9,24,70,1,17,P,19792.4705,1,19792.47799,-188.5
1056,19792.5746,0.3,60,54,0,15,P,19792.5779,1,19792.57906,-133.6
1057,19792.6801,,6,69,1,10,P,19792.6697,1,19792.67810,60.0
1058,19792.7857,0.5,75,54,0,16,R,19792.7793,2,19792.78067,150.9
1058,19792.7857,0.5,75,57,0,53,P,19792.7922,2,19792.79703,-339.6
1060,19792.9061,0.3,71,56,0,45,P,19792.9048,1,19792.90925,-94.5
1061,19792.9713,0.3,77,55,0,34,P,19792.9683,2,19792.97135,-1.6
1061,19792.9713,0.3,77,57,0,54,R,19792.9761,2,19792.98098,-290.1
1062,19793.1172,3.0,8,72,1,24,R,19793.1184,1,19793.12378,-197.2
1063,19793.2053,0.2,67,71,1,21,R,19793.2036,2,19793.20945,-124.4
1063,19793.2053,0.2,67,56,0,46,R,19793.2046,2,19793.20954,-127.0
1064,19793.2783,1.1,74,59,0,65,R,19793.2688,3,19793.27121,212.7
1064,19793.2783,1.1,74,69,1,9,P,19793.2708,3,19793.27926,-28.8
1064,19793.2783,1.1,74,54,0,14,P,19793.2900,3,19793.29116,-385.5
1065,19793.2965,4.3,73,55,0,35,R,19793.3037,1,19793.30716,-319.7
1066,19793.4007,0.6,77,58,0,59,P,19793.3945,2,19793.39935,40.3
1066,19793.4007,0.6,77,58,0,60,R,19793.4094,2,19793.41421,-405.0
1067,19793.4587,0.7,75,60,0,69,R,19793.4507,2,19793.45090,233.9
1067,19793.4587,0.7,75,59,0,64,P,19793.4629,2,19793.46564,-207.9
1068,19793.5755,5.0,7,69,1,9,R,19793.5723,1,19793.58055,-151.5
1070,19793.8739,0.4,66,62,0,75,R,19793.8733,2,19793.86949,132.2
1070,19793.8739,0.4,66,60,0,68,P,19793.8838,2,19793.88466,-322.5
1071,19793.9545,0.3,55,54,0,13,P,19793.9565,1,19793.95767,-95.1
1072,19794.1322,0.3,54,54,0,14,R,19794.1333,1,19794.13452,-69.6
1073,19794.3037,3.1,6,69,1,7,P,19794.2974,1,19794.30583,-63.8
1075,19794.4116,1.9,13,73,1,25,P,19794.4060,1,19794.41086,22.1
1076,19794.4969,0.5,40,64,0,79,R,19794.5044,1,19794.50017,-98.0
1077,19794.5761,0.3,76,54,0,12,P,19794.5774,3,19794.57861,-75.2
1077,19794.5761,0.3,76,55,0,33,P,19794.5779,3,19794.58078,-140.3
1077,19794.5761,0.3,76,72,1,23,R,19794.5862,3,19794.59181,-470.9
1078,19794.7445,0.5,66,54,0,13,R,19794.7417,1,19794.74301,44.7
1079,19794.8489,0.3,42,62,0,74,P,19794.8569,1,19794.85362,-141.4
1080,19794.9043,0.2,65,55,0,34,R,19794.9050,1,19794.90833,-120.7
1081,19795.0665,0.3,72,63,0,77,R,19795.0659,2,19795.06186,139.1
1081,19795.0665,0.3,72,56,0,44,P,19795.0698,2,19795.07428,-233.3
1082,19795.1495,0.3,51,54,0,11,P,19795.1528,1,19795.15398,-134.2
1084,19795.3019,0.3,50,54,0,12,R,19795.3047,1,19795.30589,-119.5
1085,19795.3692,1.1,77,56,0,45,R,19795.3657,2,19795.37057,-40.9
1085,19795.3692,1.1,77,70,1,14,P,19795.3730,2,19795.38061,-342.2
1086,19795.4498,0.3,52,61,0,71,P,19795.4546,1,19795.45363,-114.7
1088,19795.5755,0.2,71,57,0,53,R,19795.5747,1,19795.57954,-121.0
1089,19795.6782,0.3,44,54,0,10,P,19795.6829,1,19795.68379,-167.5
1091,19795.8185,0.3,52,70,1,14,R,19795.8037,2,19795.81138,213.4
1091,19795.8185,0.3,52,54,0,11,R,19795.8220,2,19795.82317,-140.1
1092,19795.9883,1.7,13,73,1,24,P,19795.9836,2,19795.98869,-11.6
1092,19795.9883,1.7,13,72,1,22,R,19795.9917,2,19795.99739,-272.4
1093,19796.1418,0.5,69,55,0,32,P,19796.1404,1,19796.14333,-46.0
1094,19796.2254,3.1,12,70,1,13,P,19796.2209,1,19796.22869,-98.7
1095,19796.2907,0.3,45,71,1,18,P,19796.2871,2,19796.29349,-83.6
1095,19796.2907,0.3,45,54,0,10,R,19796.2937,2,19796.29488,-125.2
1096,19796.3476,1.2,75,58,0,58,P,19796.3437,2,19796.34867,-32.0
1096,19796.3476,1.2,75,63,0,76,P,19796.3479,2,19796.34383,112.9
1097,19796.4581,0.3,70,55,0,33,R,19796.4592,1,19796.46250,-131.9
1098,19796.5410,0.3,57,59,0,64,R,19796.5422,1,19796.54484,-115.2
1099,19796.6034,0.4,34,54,0,8,P,19796.6060,1,19796.60678,-101.4
1100,19796.7218,0.3,74,54,0,9,R,19796.7200,2,19796.72101,23.6
1100,19796.7218,0.3,74,59,0,63,P,19796.7266,2,19796.72961,-234.0
1101,19796.7857,1.7,15,72,1,21,P,19796.7847,2,19796.79055,-145.3
1101,19796.7857,1.7,15,71,1,18,R,19796.7988,2,19796.80513,-582.5
1102,19796.8533,0.8,25,65,0,80,R,19796.8618,1,19796.86080,-224.7
1103,19796.9984,0.3,65,54,0,7,P,19796.9990,3,19796.99998,-47.4
1103,19796.9984,0.3,65,60,0,68,R,19797.0039,3,19797.00432,-177.6
1103,19796.9984,0.3,65,70,1,12,P,19797.0093,3,19797.01710,-560.7
1104,19797.0976,0.3,38,54,0,8,R,19797.1006,1,19797.10159,-119.6
1105,19797.1867,0.3,70,56,0,43,P,19797.1868,1,19797.19108,-131.3
1107,19797.3425,0.4,32,72,1,21,R,19797.3350,2,19797.34061,56.5
1107,19797.3425,0.4,32,54,0,6,P,19797.3467,2,19797.34766,-154.6
1108,19797.4239,0.3,70,60,0,67,P,19797.4224,2,19797.42348,12.7
1108,19797.4239,0.3,70,54,0,7,R,19797.4358,2,19797.43662,-381.3
1109,19797.4791,0.2,67,56,0,44,R,19797.4785,1,19797.48319,-122.7
1111,19797.6530,0.3,73,54,0,5,P,19797.6489,2,19797.64982,95.4
1111,19797.6530,0.3,73,55,0,31,P,19797.6562,2,19797.65905,-181.2
1112,19797.7216,0.4,32,54,0,6,R,19797.7251,1,19797.72611,-135.2
1113,19797.9566,2.6,76,55,0,32,R,19797.9666,2,19797.96972,-393.2
1113,19797.9566,2.6,76,54,0,5,R,19797.9692,2,19797.97007,-403.8
1114,19798.1221,0.3,68,54,0,3,P,19798.1167,2,19798.11760,134.9
1114,19798.1221,0.3,68,57,0,52,R,19798.1233,2,19798.12824,-184.1
1115,19798.1633,0.8,23,54,0,4,R,19798.1677,1,19798.16850,-156.0
1116,19798.2821,5.7,14,54,0,2,P,19798.2825,1,19798.28323,-33.9
1117,19798.3163,0.6,25,54,0,3,R,19798.3206,1,19798.32142,-153.4
1118,19798.4233,0.8,22,54,0,2,R,19798.4280,2,19798.42882,-165.5
1118,19798.4233,0.8,22,71,1,16,P,19798.4331,2,19798.43942,-483.1
1119,19798.5477,0.3,55,61,0,71,R,19798.5527,1,19798.55128,-107.4
1122,19798.7285,2.9,10,70,1,10,R,19798.7202,1,19798.72811,11.8
1123,19798.7879,0.6,31,65,0,79,P,19798.7937,1,19798.79120,-98.9
1124,19798.8638,0.4,52,62,0,73,P,19798.8694,1,19798.86611,-69.1
1125,19798.9452,0.5,32,73,1,22,P,19798.9490,2,19798.95426,-271.5
1125,19798.9452,0.5,32,64,0,78,R,19798.9539,2,19798.94942,-126.6
1126,19799.0218,1.9,7,70,1,9,P,19799.0168,1,19799.02471,-87.2
1128,19799.1238,0.2,64,55,0,30,P,19799.1255,1,19799.12795,-124.4
1129,19799.2502,1.9,81,58,0,57,P,19799.2419,2,19799.24691,98.8
1129,19799.2502,1.9,81,56,0,42,P,19799.2556,2,19799.25971,-285.0
1130,19799.3417,1.4,8,72,1,19,P,19799.3335,1,19799.33943,68.0
1131,19799.4251,0.3,72,71,1,15,P,19799.4148,2,19799.42120,116.8
1131,19799.4251,0.3,72,55,0,31,R,19799.4270,2,19799.43002,-147.4
1132,19799.4834,0.9,11,73,1,22,R,19799.4795,1,19799.48472,-39.7
1133,19799.5430,0.3,73,56,0,43,R,19799.5430,1,19799.54748,-134.2
1135,19799.7617,0.3,65,59,0,63,R,19799.7629,1,19799.76554,-115.1
1136,19799.8399,1.3,14,72,1,19,R,19799.8345,2,19799.84038,-14.3
1136,19799.8399,1.3,14,71,1,15,R,19799.8452,2,19799.85169,-353.6
1137,19799.9360,0.2,57,59,0,62,P,19799.9377,1,19799.94098,-149.3
1138,19800.0607,4.9,7,70,1,7,P,19800.0574,1,19800.06537,-140.0
1139,19800.1428,1.1,27,66,0,80,P,19800.1431,1,19800.14083,59.2
1140,19800.1812,1.0,24,67,0,81,P,19800.1819,1,19800.18558,-131.2
1141,19800.2875,2.9,8,70,1,7,R,19800.2815,1,19800.28938,-56.4
1142,19800.3388,1.5,14,71,1,14,P,19800.3357,2,19800.34227,-104.1
1142,19800.3388,1.5,14,73,1,21,P,19800.3367,2,19800.34220,-101.9
1143,19800.4386,0.2,65,57,0,50,P,19800.4380,1,19800.44266,-121.7
1144,19800.5065,1.2,69,60,0,67,R,19800.5024,2,19800.50316,100.1
1144,19800.5065,1.2,69,72,1,18,P,19800.5149,2,19800.52093,-432.6
1145,19800.5441,0.4,74,55,0,29,P,19800.5476,2,19800.55008,-179.3
1145,19800.5441,0.4,74,63,0,75,P,19800.5547,2,19800.55077,-199.9
1146,19800.6233,0.3,69,57,0,51,R,19800.6223,1,19800.62716,-115.6
1147,19800.6774,2.0,5,70,1,6,R,19800.6829,1,19800.69069,-398.4
1148,19800.7430,1.9,8,71,1,14,R,19800.7390,1,19800.74549,-74.6
1149,19800.8396,0.2,65,55,0,30,R,19800.8406,2,19800.84343,-114.9
1149,19800.8396,0.2,65,73,1,21,R,19800.8452,2,19800.85042,-324.5
1150,19800.9035,0.3,57,60,0,66,P,19800.9067,1,19800.90812,-138.4
1152,19800.9951,2.8,8,72,1,18,R,19800.9912,1,19800.99708,-59.4
1153,19801.2020,6.4,9,71,1,13,P,19801.1960,1,19801.20268,-20.3
1154,19801.2756,0.3,72,56,0,41,P,19801.2761,1,19801.28020,-138.0
1156,19801.4657,0.6,33,65,0,79,R,19801.4702,1,19801.46857,-86.1
1157,19801.5591,0.2,66,56,0,42,R,19801.5591,2,19801.56347,-131.0
1157,19801.5591,0.2,66,71,1,13,R,19801.5720,2,19801.57851,-582.0
1158,19801.6359,4.1,10,72,1,17,P,19801.6345,1,19801.64056,-139.7
1159,19801.7871,3.0,7,70,1,1,R,19801.7969,1,19801.80487,-532.9
1160,19801.8860,0.5,53,62,0,73,R,19801.8906,1,19801.88706,-31.9
1161,19801.9206,0.3,62,55,0,28,P,19801.9231,1,19801.92547,-145.9
1162,19801.9960,2.5,5,71,1,12,P,19801.9958,1,19802.00245,-193.4
1163,19802.0965,1.6,68,72,1,17,R,19802.0857,2,19802.09177,141.8
1163,19802.0965,1.6,68,58,0,56,P,19802.0894,2,19802.09415,70.4
1164,19802.1151,0.7,70,58,0,57,R,19802.1182,1,19802.12294,-235.0
1165,19802.2057,0.2,69,55,0,29,R,19802.2073,1,19802.21001,-129.1
1166,19802.2799,0.3,47,61,0,70,R,19802.2864,1,19802.28505,-154.3
1167,19802.3417,4.2,6,71,1,12,R,19802.3442,1,19802.35082,-273.4
1169,19802.4676,0.7,22,67,0,81,R,19802.4724,1,19802.47356,-178.7
1170,19802.6331,1.1,21,66,0,80,R,19802.6389,1,19802.63637,-98.0
1171,19802.6888,2.0,6,72,1,16,P,19802.6921,1,19802.69838,-287.3
1172,19802.7421,2.3,8,71,1,11,P,19802.7349,1,19802.74164,13.7
1173,19802.8170,0.3,44,62,0,72,P,19802.8240,1,19802.82097,-119.1
1174,19802.8889,0.4,72,57,0,49,P,19802.8875,1,19802.89212,-96.5
1175,19802.9313,0.3,71,73,1,19,P,19802.9231,3,19802.92885,73.5
1175,19802.9313,0.3,71,59,0,62,R,19802.9307,3,19802.93341,-63.4
1175,19802.9313,0.3,71,61,0,69,P,19802.9392,3,19802.93858,-218.3
1176,19803.0789,0.9,74,57,0,50,R,19803.0715,1,19803.07636,76.1
1178,19803.2490,0.3,77,56,0,40,P,19803.2485,2,19803.25262,-108.6
1178,19803.2490,0.3,77,55,0,27,P,19803.2520,2,19803.25414,-154.1
1179,19803.3367,0.4,50,64,0,77,R,19803.3406,1,19803.33609,18.3
1180,19803.4738,0.4,49,63,0,75,R,19803.4822,1,19803.47816,-130.8
1181,19803.5254,0.3,79,56,0,41,R,19803.5269,2,19803.53123,-174.7
1181,19803.5254,0.3,79,55,0,28,R,19803.5271,2,19803.52976,-130.8
1183,19803.6937,1.5,14,72,1,15,P,19803.6882,2,19803.69446,-22.8
1183,19803.6937,1.5,14,71,1,10,R,19803.7068,2,19803.71345,-592.2
1185,19803.9436,0.3,55,60,0,66,R,19803.9468,1,19803.94754,-118.2
1186,19804.0328,2.4,6,71,1,9,P,19804.0315,1,19804.03840,-168.0
1187,19804.0947,2.9,8,72,1,15,R,19804.0894,1,19804.09539,-20.8
1189,19804.3346,0.3,60,60,0,65,P,19804.3372,1,19804.33871,-123.2
1191,19804.5319,0.2,62,55,0,26,P,19804.5339,1,19804.53613,-126.7
1192,19804.6928,0.5,36,63,0,74,P,19804.7019,1,19804.69821,-162.1
1193,19804.7991,0.3,71,55,0,27,R,19804.8003,1,19804.80274,-109.1
1194,19804.8827,0.6,72,64,0,76,P,19804.8760,2,19804.87129,342.1
1194,19804.8827,0.6,72,58,0,55,P,19804.8855,2,19804.89049,-233.5
1195,19805.0013,1.5,6,72,1,14,R,19804.9983,1,19805.00446,-94.6
1196,19805.0762,0.9,19,67,0,80,P,19805.0771,2,19805.08092,-141.6
1196,19805.0762,0.9,19,71,1,7,P,19805.0864,2,19805.09321,-510.0
1197,19805.1726,0.3,69,56,0,39,P,19805.1731,1,19805.17701,-132.3
1198,19805.2877,0.2,64,57,0,48,P,19805.2876,2,19805.29214,-133.3
1198,19805.2877,0.2,64,71,1,7,R,19805.2964,2,19805.30308,-461.0
1199,19805.4536,0.9,76,56,0,40,R,19805.4465,1,19805.45080,84.0
1201,19805.6782,2.8,8,73,1,17,R,19805.6753,1,19805.68119,-89.7
1202,19805.7034,4.8,8,71,1,6,R,19805.7051,1,19805.71193,-255.7
1203,19805.7682,0.3,69,55,0,25,P,19805.7693,1,19805.77146,-97.6
1204,19805.8525,1.7,5,72,1,13,R,19805.8457,1,19805.85177,21.8
1205,19805.9602,0.4,59,61,0,69,R,19805.9639,1,19805.96269,-74.5
1206,19806.0281,0.9,74,65,0,78,R,19806.0134,2,19806.01129,503.9
1206,19806.0281,0.9,74,55,0,26,R,19806.0266,2,19806.02897,-26.0
1207,19806.2018,0.2,60,59,0,60,P,19806.2029,2,19806.20636,-136.8
1207,19806.2018,0.2,60,71,1,4,P,19806.2153,2,19806.22217,-610.7
1208,19806.3465,,11,71,1,4,R,19806.3413,1,19806.34827,-53.1
1209,19806.4717,,5,71,1,3,P,19806.4707,1,19806.47769,-179.6
1210,19806.5925,0.3,48,61,0,68,P,19806.5979,1,19806.59751,-150.3
1211,19806.7159,0.3,53,62,0,71,P,19806.7212,2,19806.71840,-75.1
1211,19806.7159,0.3,53,73,1,16,R,19806.7253,2,19806.73131,-462.0
1212,19806.8139,5.6,5,71,1,1,P,19806.8008,1,19806.80760,189.0
1213,19806.9561,0.2,60,55,0,24,P,19806.9583,1,19806.96015,-121.5
1214,19807.0494,0.2,62,56,0,38,P,19807.0498,2,19807.05342,-120.5
1214,19807.0494,0.2,62,72,1,11,P,19807.0559,2,19807.06236,-388.6
1215,19807.2038,0.2,66,55,0,25,R,19807.2063,1,19807.20847,-140.1
1216,19807.3224,0.7,79,56,0,39,R,19807.3181,2,19807.32223,4.9
1216,19807.3224,0.7,79,60,0,65,R,19807.3364,2,19807.33760,-455.8
1218,19807.6367,0.5,81,58,0,54,P,19807.6311,2,19807.63600,21.1
1218,19807.6367,0.5,81,57,0,47,P,19807.6382,2,19807.64280,-182.8
1219,19807.7115,0.3,51,73,1,15,R,19807.7124,2,19807.71856,-211.6
1219,19807.7115,0.3,51,60,0,64,P,19807.7136,2,19807.71538,-116.2
1220,19807.8225,0.3,68,57,0,48,R,19807.8210,1,19807.82591,-102.1
1222,19808.0178,3.1,6,72,1,10,R,19808.0173,1,19808.02376,-178.6
1223,19808.0976,0.2,66,55,0,23,P,19808.1003,1,19808.10224,-139.2
1225,19808.3367,0.2,60,55,0,24,R,19808.3391,1,19808.34129,-137.5
1227,19808.6323,2.2,8,72,1,9,R,19808.6182,2,19808.62459,231.1
1227,19808.6323,2.2,8,73,1,14,R,19808.6367,2,19808.64300,-320.9
1229,19808.7829,0.3,45,63,0,73,P,19808.7900,1,19808.78637,-104.0
1230,19808.8777,0.3,69,56,0,37,P,19808.8782,1,19808.88188,-125.4
1232,19809.1103,0.5,61,59,0,60,R,19809.1079,1,19809.11112,-24.6
1233,19809.1442,0.5,69,56,0,38,R,19809.1416,2,19809.14558,-41.5
1233,19809.1442,0.5,69,72,1,8,R,19809.1575,2,19809.16392,-591.1
1234,19809.1927,0.3,56,55,0,22,P,19809.1960,1,19809.19775,-151.4
1235,19809.2567,0.3,63,59,0,59,P,19809.2571,1,19809.26057,-116.1
1236,19809.4228,0.3,67,55,0,23,R,19809.4253,1,19809.42744,-139.1
1237,19809.5143,0.9,24,66,0,78,P,19809.5232,1,19809.52055,-187.3
1238,19809.5792,0.3,49,61,0,68,R,19809.5852,1,19809.58435,-154.5
1239,19809.6692,0.4,50,62,0,71,R,19809.6758,1,19809.67254,-100.1
1241,19809.9398,0.2,62,57,0,46,P,19809.9397,1,19809.94414,-130.2
1242,19809.9950,1.6,4,73,1,12,P,19809.9963,1,19810.00301,-240.2
1243,19810.0600,1.4,10,72,1,6,R,19810.0518,1,19810.05817,54.7
1244,19810.1222,0.3,70,57,0,47,R,19810.1216,1,19810.12638,-125.4
1245,19810.1990,0.4,56,61,0,67,P,19810.2012,1,19810.20095,-58.3
1246,19810.2430,0.2,62,55,0,21,P,19810.2451,1,19810.24670,-110.9
1247,19810.3266,0.3,68,58,0,53,P,19810.3259,1,19810.33076,-124.7
1248,19810.3651,0.3,60,58,0,54,R,19810.3662,1,19810.37106,-178.8
1249,19810.4639,0.3,63,55,0,22,R,19810.4651,1,19810.46695,-91.5
1250,19810.5547,0.3,41,62,0,70,P,19810.5610,1,19810.55858,-116.2
1252,19810.6622,0.3,73,56,0,36,P,19810.6589,2,19810.66245,-7.5
1252,19810.6622,0.3,73,60,0,64,R,19810.6721,2,19810.67348,-338.1
1253,19810.7640,1.8,10,73,1,11,P,19810.7563,1,19810.76312,26.5
1255,19810.9164,0.2,72,56,0,37,R,19810.9170,1,19810.92089,-134.7
1256,19811.0347,0.3,65,73,1,11,R,19811.0337,3,19811.04016,-163.8
1256,19811.0347,0.3,65,60,0,63,P,19811.0364,3,19811.03824,-106.0
1256,19811.0347,0.3,65,72,1,2,P,19811.0381,3,19811.04452,-294.5
1257,19811.1070,7.7,4,72,1,2,R,19811.1035,1,19811.10991,-87.3
1259,19811.2444,0.2,55,55,0,20,P,19811.2476,1,19811.24911,-141.2
1261,19811.4553,0.2,64,73,1,10,P,19811.4539,2,19811.46075,-163.3
1261,19811.4553,0.2,64,55,0,21,R,19811.4580,2,19811.45986,-136.6
1264,19811.6509,0.3,46,63,0,73,R,19811.6584,1,19811.65451,-108.3
1265,19811.7089,1.9,8,73,1,10,R,19811.7075,1,19811.71401,-153.3
1267,19811.9181,0.5,40,64,0,75,R,19811.9275,1,19811.92291,-144.2
1268,19811.9796,1.6,21,66,0,78,R,19811.9900,1,19811.98756,-238.5
1270,19812.1173,0.3,66,59,0,59,R,19812.1179,1,19812.12117,-116.0
1271,19812.1948,0.4,76,57,0,45,P,19812.1919,2,19812.19623,-43.0
1271,19812.1948,0.4,76,55,0,19,P,19812.2036,2,19812.20500,-305.9
1272,19812.2595,0.3,61,59,0,58,P,19812.2588,1,19812.26259,-92.6
1273,19812.3834,2.4,77,57,0,46,R,19812.3728,2,19812.37741,179.5
1273,19812.3834,2.4,77,56,0,35,P,19812.3918,2,19812.39516,-352.6
1275,19812.6438,0.2,66,56,0,36,R,19812.6443,1,19812.64821,-132.2
1277,19812.8099,0.4,37,63,0,72,P,19812.8188,1,19812.81548,-167.3
1278,19812.8669,1.7,5,73,1,8,R,19812.8674,1,19812.87420,-218.8
1279,19812.9711,0.3,63,58,0,52,P,19812.9700,1,19812.97485,-112.3
1280,19813.0137,0.3,66,58,0,53,R,19813.0134,1,19813.01848,-143.4
1281,19813.1136,0.4,58,55,0,18,P,19813.1130,1,19813.11440,-23.9
1282,19813.1452,0.4,56,61,0,67,R,19813.1509,1,19813.15021,-150.1
1283,19813.3021,0.2,62,55,0,19,R,19813.3042,1,19813.30592,-114.5
1284,19813.3819,0.5,35,64,0,74,P,19813.3909,1,19813.38617,-128.0
1285,19813.4741,0.3,43,62,0,70,R,19813.4817,1,19813.47873,-138.7
1287,19813.6252,2.5,9,73,1,6,P,19813.6201,1,19813.62727,-62.0
1288,19813.7447,0.3,49,61,0,66,P,19813.7490,1,19813.74902,-129.5
1289,19813.9582,0.9,69,60,0,63,R,19813.9539,1,19813.95529,87.4
1290,19814.0762,0.2,64,56,0,34,P,19814.0769,1,19814.08006,-115.6
1291,19814.1547,0.2,54,55,0,18,R,19814.1575,1,19814.15913,-132.8
1292,19814.3230,2.8,76,56,0,35,R,19814.3240,2,19814.32758,-137.3
1292,19814.3230,2.8,76,73,1,4,P,19814.3293,2,19814.33651,-405.1
1293,19814.3940,0.2,62,57,0,44,P,19814.3948,1,19814.39914,-154.0
1295,19814.5750,0.3,71,57,0,45,R,19814.5745,1,19814.57906,-121.8
1296,19814.6559,1.1,18,67,0,78,P,19814.6582,1,19814.66174,-175.0
1297,19814.7893,0.2,48,73,1,2,P,19814.7893,2,19814.79662,-219.5
1297,19814.7893,0.2,48,55,0,16,P,19814.7925,2,19814.79377,-134.2
1298,19814.8976,0.6,30,65,0,76,R,19814.9060,1,19814.90318,-167.3
1299,19814.9615,0.3,58,73,1,1,R,19814.9624,2,19814.96967,-245.0
1299,19814.9615,0.3,58,55,0,17,R,19814.9644,2,19814.96582,-129.4
1301,19815.0741,0.2,56,59,0,58,R,19815.0752,1,19815.07881,-141.3
1302,19815.2078,0.3,65,59,0,57,P,19815.2087,1,19815.21250,-141.0
1306,19815.5617,0.3,78,55,0,15,P,19815.5625,2,19815.56379,-62.6
1306,19815.5617,0.3,78,58,0,51,P,19815.5635,2,19815.56834,-199.0
1307,19815.6121,0.3,61,58,0,52,R,19815.6101,1,19815.61507,-88.9
1308,19815.6484,0.7,38,63,0,72,R,19815.6570,1,19815.65330,-147.0
1309,19815.7159,0.3,73,56,0,33,P,19815.7141,2,19815.71718,-38.3
1309,19815.7159,0.3,73,55,0,16,R,19815.7246,2,19815.72600,-302.9
1312,19815.9548,0.2,66,56,0,34,R,19815.9556,1,19815.95904,-127.2
1313,19816.1177,0.5,33,64,0,74,R,19816.1284,1,19816.12366,-178.8
1315,19816.2827,0.2,46,55,0,14,P,19816.2861,1,19816.28737,-140.1
1317,19816.4357,0.2,57,55,0,15,R,19816.4382,1,19816.43971,-120.1
1318,19816.5500,0.3,72,57,0,43,P,19816.5486,2,19816.55290,-86.9
1318,19816.5500,0.3,72,66,0,77,R,19816.5647,2,19816.56217,-364.8
1319,19816.6550,0.3,62,61,0,66,R,19816.6609,2,19816.66040,-161.9
1319,19816.6550,0.3,62,65,0,75,P,19816.6626,2,19816.65892,-117.5
1320,19816.7272,0.2,63,57,0,44,R,19816.7268,1,19816.73139,-125.6
1321,19816.7818,0.3,44,63,0,71,P,19816.7891,1,19816.78575,-118.3
1322,19816.9610,0.3,53,55,0,13,P,19816.9634,1,19816.96454,-106.2
1324,19817.1024,0.2,47,55,0,14,R,19817.1057,1,19817.10695,-136.3
1325,19817.1795,0.3,56,60,0,62,R,19817.1814,1,19817.18315,-109.5
1326,19817.2314,0.4,68,62,0,69,R,19817.2302,2,19817.22746,118.0
1326,19817.2314,0.4,68,61,0,65,P,19817.2417,2,19817.24188,-314.0
1327,19817.3017,0.2,60,56,0,32,P,19817.3035,1,19817.30656,-145.7
1330,19817.5322,1.8,77,60,0,61,P,19817.5208,2,19817.52300,275.7
1330,19817.5322,1.8,77,56,0,33,R,19817.5393,2,19817.54264,-313.0
1331,19817.5915,0.3,40,55,0,12,P,19817.5942,1,19817.59531,-114.3
1333,19817.7239,0.3,52,55,0,13,R,19817.7266,1,19817.72774,-115.1
1336,19817.9800,0.2,64,59,0,57,R,19817.9805,1,19817.98416,-124.6
1337,19818.0660,0.7,47,62,0,68,P,19818.0698,1,19818.06784,-55.3
1338,19818.1063,0.2,76,58,0,50,P,19818.1064,2,19818.11130,-150.0
1338,19818.1063,0.2,76,59,0,56,P,19818.1064,2,19818.11041,-123.4
1339,19818.1599,0.3,73,58,0,51,R,19818.1560,1,19818.16089,-29.6
1340,19818.2975,0.2,44,55,0,12,R,19818.3008,1,19818.30210,-137.9
1343,19818.6512,0.3,64,66,0,76,P,19818.6384,2,19818.63560,467.7
1343,19818.6512,0.3,64,57,0,42,P,19818.6536,2,19818.65758,-191.3
1344,19818.7132,0.3,40,55,0,10,P,19818.7168,1,19818.71770,-134.9
1345,19818.8318,1.0,78,55,0,11,R,19818.8291,3,19818.83004,52.7
1345,19818.8318,1.0,78,57,0,43,R,19818.8301,3,19818.83446,-79.7
1345,19818.8318,1.0,78,56,0,31,P,19818.8452,3,19818.84824,-492.9
1349,19819.0738,0.2,63,56,0,32,R,19819.0752,1,19819.07842,-138.5
1350,19819.2070,0.4,44,55,0,9,P,19819.2085,1,19819.20934,-70.0
1351,19819.2511,0.5,34,65,0,75,R,19819.2563,1,19819.25310,-60.1
1352,19819.3086,0.3,44,55,0,10,R,19819.3105,1,19819.31158,-89.4
1355,19819.5891,0.3,48,63,0,71,R,19819.5964,1,19819.59280,-111.1
1356,19819.6499,0.3,31,55,0,8,P,19819.6538,1,19819.65461,-141.3
1357,19819.7427,0.3,44,55,0,9,R,19819.7458,1,19819.74673,-120.9
1361,19820.0500,0.4,37,55,0,7,P,19820.0527,1,19820.05354,-106.3
1362,19820.1159,0.4,62,61,0,65,R,19820.1152,1,19820.11508,24.7
1363,19820.2600,0.3,41,64,0,73,R,19820.2678,1,19820.26303,-90.7
1364,19820.3450,0.5,73,56,0,30,P,19820.3396,2,19820.34226,82.2
1364,19820.3450,0.5,73,60,0,61,R,19820.3552,2,19820.35720,-365.8
1365,19820.4028,0.4,25,55,0,6,P,19820.4055,1,19820.40613,-99.9
1366,19820.4743,0.3,37,55,0,7,R,19820.4771,1,19820.47790,-108.0
1367,19820.5639,0.4,71,56,0,31,R,19820.5632,1,19820.56641,-75.3
1368,19820.5978,0.4,67,58,0,49,P,19820.5991,1,19820.60382,-180.5
1369,19820.6839,1.4,74,61,0,64,P,19820.6792,2,19820.67965,127.5
1369,19820.6839,1.4,74,60,0,60,P,19820.6826,2,19820.68513,-36.9
1370,19820.7695,0.4,26,55,0,6,R,19820.7732,1,19820.77394,-133.2
1371,19820.8329,0.2,62,59,0,56,R,19820.8335,1,19820.83729,-131.7
1372,19820.8862,0.3,66,57,0,42,R,19820.8840,1,19820.88833,-63.7
1373,19820.9549,0.4,71,59,0,55,P,19820.9524,1,19820.95641,-45.2
1374,19821.0208,0.5,31,55,0,5,R,19821.0227,1,19821.02363,-84.9
1375,19821.0669,0.7,21,66,0,76,R,19821.0728,1,19821.07013,-96.9
1376,19821.1828,0.7,21,55,0,3,P,19821.1853,1,19821.18589,-92.7
1377,19821.2225,0.5,24,55,0,4,R,19821.2263,1,19821.22698,-134.2
1378,19821.3793,0.8,23,55,0,3,R,19821.3833,1,19821.38398,-140.4
1379,19821.4893,0.7,19,55,0,2,R,19821.4939,1,19821.49466,-160.6
1380,19821.5885,7.3,25,67,0,77,R,19821.6006,1,19821.60425,-472.2
1381,19821.6523,0.4,36,64,0,72,P,19821.6621,1,19821.65766,-160.6
1382,19821.7345,0.3,55,62,0,67,P,19821.7390,1,19821.73727,-83.0
1383,19821.7844,0.2,67,56,0,29,P,19821.7859,1,19821.78864,-127.2
1386,19822.0021,0.2,62,56,0,30,R,19822.0037,1,19822.00666,-136.7
1392,19822.7150,0.2,61,57,0,40,P,19822.7161,1,19822.71992,-147.4
1394,19822.8884,0.2,69,57,0,41,R,19822.8889,1,19822.89305,-139.3
1396,19823.0415,0.2,62,58,0,48,P,19823.0413,1,19823.04595,-133.4
1397,19823.0949,0.3,71,58,0,49,R,19823.0957,2,19823.10056,-169.6
1397,19823.0949,0.3,71,66,0,75,P,19823.0979,2,19823.09497,-2.1
1398,19823.1830,0.2,57,56,0,28,P,19823.1848,1,19823.18743,-132.7
1400,19823.3952,0.3,67,56,0,29,R,19823.3962,1,19823.39920,-120.0
1401,19823.4718,0.3,67,60,0,60,R,19823.4753,2,19823.47755,-172.3
1401,19823.4718,0.3,67,63,0,70,R,19823.4768,2,19823.47324,-43.0
1402,19823.5124,0.5,53,61,0,64,R,19823.5144,1,19823.51438,-59.3
1403,19823.6346,0.2,64,59,0,55,R,19823.6345,1,19823.63832,-111.5
1404,19823.7470,0.3,60,59,0,54,P,19823.7466,1,19823.75057,-107.1
1405,19823.7904,0.3,59,60,0,59,P,19823.7913,1,19823.79391,-105.1
1406,19823.9580,1.6,18,67,0,76,P,19823.9646,1,19823.96703,-270.8
1407,19824.0586,0.3,58,61,0,63,P,19824.0618,1,19824.06247,-116.0
1409,19824.3358,0.5,35,64,0,72,R,19824.3459,1,19824.34127,-163.9
1411,19824.5386,0.6,76,56,0,27,P,19824.5361,2,19824.53864,-1.3
1411,19824.5386,0.6,76,63,0,69,P,19824.5532,2,19824.55054,-358.1
1413,19824.6734,0.2,68,57,0,39,P,19824.6738,1,19824.67767,-128.0
1414,19824.7394,0.2,56,56,0,28,R,19824.7412,1,19824.74407,-140.0
1415,19824.8441,0.2,60,57,0,40,R,19824.8445,1,19824.84868,-137.2
1419,19825.2102,0.4,36,65,0,73,P,19825.2183,1,19825.21424,-121.1
1420,19825.3450,0.3,45,62,0,66,P,19825.3516,1,19825.35010,-152.8
1421,19825.4336,0.2,68,58,0,47,P,19825.4331,1,19825.43777,-124.9
1422,19825.4908,0.3,64,58,0,48,R,19825.4897,1,19825.49455,-112.4
1424,19825.6315,1.0,18,68,0,77,R,19825.6372,1,19825.63842,-207.5
1425,19825.6990,0.4,42,64,0,71,P,19825.7070,1,19825.70275,-112.5
1426,19825.8376,0.2,56,56,0,26,P,19825.8401,1,19825.84233,-141.7
1429,19826.0365,0.2,65,56,0,27,R,19826.0386,1,19826.04130,-143.9
1431,19826.2026,1.2,17,67,0,76,R,19826.2080,1,19826.21132,-261.6
1432,19826.3825,0.2,56,59,0,54,R,19826.3833,1,19826.38733,-144.7
1433,19826.4893,0.3,64,59,0,53,P,19826.4888,1,19826.49299,-110.8
1434,19826.5411,0.3,62,60,0,59,R,19826.5420,1,19826.54430,-96.0
1435,19826.5820,0.2,58,57,0,38,P,19826.5828,1,19826.58654,-136.2
1436,19826.7513,0.2,67,57,0,39,R,19826.7512,1,19826.75527,-119.0
1437,19826.8491,0.3,71,60,0,58,P,19826.8467,2,19826.84943,-9.8
1437,19826.8491,0.3,71,61,0,63,R,19826.8582,2,19826.85845,-280.3
1440,19827.0942,0.2,64,56,0,25,P,19827.0962,1,19827.09850,-128.9
1442,19827.2880,0.2,71,56,0,26,R,19827.2883,2,19827.29093,-87.7
1442,19827.2880,0.2,71,63,0,69,R,19827.2981,2,19827.29481,-204.0
1443,19827.3856,0.3,49,61,0,62,P,19827.3894,1,19827.39047,-145.9
1444,19827.4845,0.8,23,66,0,74,P,19827.4927,1,19827.48944,-148.0
1448,19827.7714,0.3,68,65,0,73,R,19827.7664,2,19827.76266,261.9
1448,19827.7714,0.3,68,58,0,46,P,19827.7749,2,19827.77933,-237.8
1449,19827.8329,0.2,66,58,0,47,R,19827.8333,1,19827.83808,-155.3
1451,19828.1259,0.3,44,62,0,66,R,19828.1328,1,19828.13073,-144.7
1453,19828.3043,0.3,61,56,0,24,P,19828.3052,2,19828.30720,-86.8
1453,19828.3043,0.3,61,68,0,76,P,19828.3115,2,19828.31641,-363.1
1454,19828.3479,0.4,55,63,0,68,P,19828.3479,1,19828.34547,73.0
1455,19828.4425,0.3,69,57,0,37,P,19828.4429,1,19828.44659,-122.7
1456,19828.4899,0.3,65,56,0,25,R,19828.4905,1,19828.49298,-92.3
1457,19828.6083,0.2,62,57,0,38,R,19828.6089,1,19828.61288,-137.2
1459,19828.9032,0.3,51,62,0,65,P,19828.9077,1,19828.90649,-98.7
1460,19829.0805,0.2,65,59,0,53,R,19829.0803,1,19829.08440,-117.1
1461,19829.1785,0.2,58,59,0,52,P,19829.1794,1,19829.18375,-157.5
1464,19829.3933,0.5,30,65,0,72,P,19829.4023,1,19829.39835,-151.4
1465,19829.4643,0.2,61,56,0,23,P,19829.4663,1,19829.46844,-124.1
1466,19829.5527,0.2,54,60,0,58,R,19829.5552,1,19829.55758,-146.3
1467,19829.6441,0.2,57,56,0,24,R,19829.6450,1,19829.64749,-101.6
1468,19829.6817,0.5,33,64,0,70,P,19829.6919,1,19829.68772,-180.6
1470,19829.8488,0.3,62,60,0,57,P,19829.8489,1,19829.85180,-89.9
1471,19830.0667,0.2,68,58,0,45,P,19830.0662,1,19830.07071,-120.3
1472,19830.1298,0.4,68,58,0,46,R,19830.1265,1,19830.13122,-42.5
1474,19830.2536,0.2,59,57,0,36,P,19830.2544,1,19830.25785,-127.6
1475,19830.3463,1.4,14,68,0,76,R,19830.3511,1,19830.35422,-237.5
1476,19830.4171,0.2,66,57,0,37,R,19830.4177,1,19830.42155,-133.4
1477,19830.5779,0.2,55,56,0,22,P,19830.5803,1,19830.58226,-130.6
1478,19830.6599,0.2,58,61,0,61,P,19830.6626,1,19830.66377,-116.0
1479,19830.7492,0.2,68,67,0,75,R,19830.7466,2,19830.74951,-9.4
1479,19830.7492,0.2,68,56,0,23,R,19830.7522,2,19830.75448,-158.4
1481,19831.0520,0.4,40,63,0,68,R,19831.0608,1,19831.05772,-171.4
1484,19831.6458,0.3,73,56,0,21,P,19831.6470,2,19831.64867,-86.1
1484,19831.6458,0.3,73,62,0,65,R,19831.6531,2,19831.65140,-167.8
1485,19831.7247,0.2,56,59,0,52,R,19831.7256,1,19831.72964,-148.2
1486,19831.8137,0.3,75,56,0,22,R,19831.8120,3,19831.81400,-8.9
1486,19831.8137,0.3,75,59,0,51,P,19831.8186,3,19831.82293,-276.8
1486,19831.8137,0.3,75,66,0,73,P,19831.8225,3,19831.81938,-170.3
1487,19831.9173,0.6,27,65,0,72,R,19831.9268,1,19831.92296,-169.6
1488,19832.0162,0.2,66,57,0,35,P,19832.0168,1,19832.02038,-125.3
1489,19832.0783,0.3,46,63,0,67,P,19832.0847,1,19832.08232,-120.4
1490,19832.1765,0.2,59,57,0,36,R,19832.1775,1,19832.18134,-145.0
1491,19832.3075,0.2,69,58,0,44,P,19832.3076,2,19832.31197,-134.0
1491,19832.3075,0.2,69,64,0,70,R,19832.3198,2,19832.31541,-237.2
1492,19832.3704,0.3,67,58,0,45,R,19832.3694,1,19832.37403,-108.8
1493,19832.5137,0.3,60,60,0,57,R,19832.5149,1,19832.51749,-113.6
1494,19832.6630,0.2,50,56,0,20,P,19832.6660,1,19832.66771,-141.1
1495,19832.8063,1.1,66,60,0,56,P,19832.7981,1,19832.80112,155.2
1496,19832.9677,0.9,23,68,0,75,P,19832.9604,1,19832.96549,66.4
1499,19833.3776,0.3,57,61,0,61,R,19833.3806,1,19833.38144,-115.0
1500,19833.5145,0.5,37,65,0,71,P,19833.5244,1,19833.52048,-179.3
1501,19833.6296,0.6,60,64,0,69,P,19833.6167,2,19833.61280,503.6
1501,19833.6296,0.6,60,56,0,19,P,19833.6377,2,19833.63939,-293.4
1502,19833.7297,0.2,60,57,0,34,P,19833.7310,1,19833.73421,-135.2
1503,19833.7865,0.2,51,56,0,20,R,19833.7888,1,19833.79068,-125.2
1504,19833.8846,0.3,72,61,0,60,P,19833.8811,2,19833.88249,63.2
1504,19833.8846,0.3,72,57,0,35,R,19833.8887,2,19833.89229,-230.5
1507,19834.1950,0.5,29,66,0,73,R,19834.2017,1,19834.19871,-111.3
1508,19834.3190,0.2,64,59,0,51,R,19834.3188,1,19834.32312,-123.6
1509,19834.4058,0.2,58,59,0,50,P,19834.4062,1,19834.41061,-144.2
1510,19834.4992,0.2,67,58,0,43,P,19834.4988,1,19834.50316,-118.8
1511,19834.5601,0.2,69,58,0,44,R,19834.5620,2,19834.56658,-194.3
1511,19834.5601,0.2,69,56,0,18,P,19834.5623,2,19834.56373,-108.9
1513,19834.7038,0.2,59,56,0,19,R,19834.7061,1,19834.70789,-122.7
1514,19834.7588,0.3,47,63,0,67,R,19834.7649,1,19834.76217,-101.0
1516,19834.9908,1.2,18,68,0,75,R,19834.9929,1,19834.99738,-197.3
1517,19835.1113,0.3,44,62,0,64,R,19835.1169,1,19835.11546,-124.7
1518,19835.2117,0.9,19,67,0,74,R,19835.2170,1,19835.21941,-231.1
1519,19835.4013,0.8,72,57,0,33,P,19835.3960,1,19835.39938,57.5
1520,19835.5551,0.5,66,57,0,34,R,19835.5508,1,19835.55445,19.6
1522,19835.6933,0.2,61,60,0,55,P,19835.6943,1,19835.69749,-125.7
1523,19835.7560,0.3,37,63,0,66,P,19835.7632,1,19835.76127,-158.1
1524,19835.8474,0.3,50,62,0,63,P,19835.8513,1,19835.85056,-94.8
1525,19836.0173,0.4,35,65,0,71,R,19836.0247,1,19836.02067,-101.1
1526,19836.0802,0.7,24,66,0,72,P,19836.0884,1,19836.08516,-148.7
1527,19836.2086,0.3,41,64,0,69,R,19836.2161,1,19836.21181,-96.3
1528,19836.2657,0.2,44,56,0,16,P,19836.2690,1,19836.27049,-143.7
1530,19836.3963,0.2,58,56,0,17,R,19836.3987,1,19836.40020,-117.0
1532,19836.5556,0.2,51,61,0,60,R,19836.5596,1,19836.56061,-150.1
1533,19836.6399,0.2,60,58,0,42,P,19836.6401,1,19836.64435,-133.5
1534,19836.7042,0.2,64,58,0,43,R,19836.7043,1,19836.70894,-142.0
1535,19836.8602,0.2,57,59,0,50,R,19836.8606,1,19836.86493,-141.9
1536,19836.9424,0.2,64,59,0,49,P,19836.9424,1,19836.94686,-133.8
1537,19837.0184,0.6,66,57,0,32,P,19837.0127,1,19837.01595,73.6
1538,19837.0443,0.4,69,61,0,59,P,19837.0452,2,19837.04676,-73.7
1538,19837.0443,0.4,69,56,0,15,P,19837.0518,2,19837.05295,-259.2
1540,19837.1658,0.2,72,57,0,33,R,19837.1643,2,19837.16786,-61.8
1540,19837.1658,0.2,72,56,0,16,R,19837.1738,2,19837.17534,-285.9
1542,19837.4140,0.6,27,67,0,73,P,19837.4177,1,19837.41817,-125.1
1543,19837.4731,0.4,35,64,0,68,P,19837.4817,1,19837.47820,-152.9
1544,19837.5762,0.6,29,65,0,70,P,19837.5847,1,19837.58089,-140.7
1545,19837.7839,0.2,41,56,0,14,P,19837.7869,1,19837.78814,-127.0
1546,19837.8991,0.2,54,56,0,15,R,19837.9016,1,19837.90315,-121.4
1549,19838.2734,0.2,63,60,0,55,R,19838.2747,1,19838.27761,-126.3
1550,19838.4055,0.4,42,63,0,66,R,19838.4109,1,19838.40835,-85.4
1551,19838.4719,0.5,48,56,0,13,P,19838.4749,1,19838.47608,-125.3
1552,19838.5275,0.3,69,62,0,63,R,19838.5242,2,19838.52307,132.9
1552,19838.5275,0.3,69,60,0,54,P,19838.5376,2,19838.54101,-405.0
1553,19838.5798,0.2,70,57,0,31,P,19838.5808,2,19838.58393,-123.9
1553,19838.5798,0.2,70,56,0,14,R,19838.5823,2,19838.58366,-115.9
1555,19838.7296,0.2,75,57,0,32,R,19838.7292,2,19838.73257,-89.0
1555,19838.7296,0.2,75,58,0,41,P,19838.7314,2,19838.73560,-179.8
1556,19838.7960,0.2,59,58,0,42,R,19838.7966,1,19838.80116,-154.7
1558,19839.1128,0.3,38,56,0,12,P,19839.1157,1,19839.11679,-119.6
1559,19839.2199,0.5,59,56,0,13,R,19839.2156,1,19839.21690,90.0
1560,19839.3532,0.4,70,59,0,49,R,19839.3508,1,19839.35515,-58.5
1561,19839.4271,0.2,56,59,0,48,P,19839.4275,1,19839.43177,-139.9
1562,19839.5618,3.1,14,68,0,74,R,19839.5640,1,19839.56878,-209.4
1563,19839.6172,0.6,25,67,0,73,R,19839.6199,1,19839.62155,-130.5
1564,19839.6866,0.5,62,61,0,59,R,19839.6838,1,19839.68507,45.9
1565,19839.7980,0.3,39,56,0,12,R,19839.8015,1,19839.80286,-145.8
1566,19840.0462,0.3,49,64,0,68,R,19840.0520,2,19840.04807,-56.2
1566,19840.0462,0.3,49,65,0,70,R,19840.0601,2,19840.05611,-297.0
1567,19840.0993,0.2,57,57,0,30,P,19840.1003,1,19840.10338,-122.5
1568,19840.1525,0.2,48,61,0,58,P,19840.1550,1,19840.15668,-125.4
1569,19840.2468,0.3,71,57,0,31,R,19840.2454,2,19840.24862,-54.5
1569,19840.2468,0.3,71,56,0,10,P,19840.2556,2,19840.25656,-292.7
1570,19840.3376,0.2,46,56,0,11,R,19840.3403,1,19840.34158,-119.3
1575,19840.7678,0.4,63,56,0,9,P,19840.7546,2,19840.75565,364.2
1575,19840.7678,0.4,63,58,0,40,P,19840.7729,2,19840.77695,-274.3
1576,19840.8356,0.3,69,56,0,10,R,19840.8320,2,19840.83306,76.1
1576,19840.8356,0.3,69,58,0,41,R,19840.8389,2,19840.84331,-231.1
1577,19841.0734,0.2,53,60,0,54,R,19841.0750,1,19841.07803,-138.9
1579,19841.2036,0.4,29,56,0,8,P,19841.2068,1,19841.20755,-118.4
1580,19841.2769,0.3,60,56,0,9,R,19841.2764,2,19841.27732,-12.5
1580,19841.2769,0.3,60,64,0,67,P,19841.2876,2,19841.28413,-216.8
1581,19841.3279,0.2,60,60,0,53,P,19841.3284,1,19841.33176,-115.7
1582,19841.5711,0.3,73,57,0,29,P,19841.5715,2,19841.57434,-97.0
1582,19841.5711,0.3,73,65,0,69,P,19841.5835,2,19841.57986,-262.5
1583,19841.6709,0.4,33,56,0,8,R,19841.6733,1,19841.67437,-103.9
1584,19841.7117,0.2,58,57,0,30,R,19841.7129,1,19841.71605,-130.3
1585,19841.7876,0.3,56,59,0,48,R,19841.7896,1,19841.79386,-187.6
1586,19841.8634,0.3,70,59,0,47,P,19841.8611,2,19841.86539,-59.7
1586,19841.8634,0.3,70,62,0,62,R,19841.8752,2,19841.87438,-329.0
1587,19841.9949,0.9,53,63,0,65,R,19841.9988,1,19841.99645,-46.3
1589,19842.2762,0.5,25,56,0,5,P,19842.2793,1,19842.28021,-120.1
1590,19842.3222,0.4,25,56,0,6,R,19842.3259,1,19842.32688,-140.2
1592,19842.5703,0.3,61,62,0,61,P,19842.5708,2,19842.57063,-9.8
1592,19842.5703,0.3,61,56,0,5,R,19842.5815,2,19842.58236,-361.5
1593,19842.6231,0.5,30,66,0,71,R,19842.6292,1,19842.62581,-81.4
1594,19842.7590,0.5,74,61,0,58,R,19842.7537,3,19842.75494,121.7
1594,19842.7590,0.5,74,56,0,3,P,19842.7588,3,19842.75951,-15.2
1594,19842.7590,0.5,74,58,0,39,P,19842.7644,3,19842.76846,-283.7
1595,19842.8302,0.2,57,58,0,40,R,19842.8313,1,19842.83545,-157.3
1596,19842.9427,0.3,53,56,0,2,P,19842.9277,3,19842.92843,427.9
1596,19842.9427,0.3,53,63,0,64,P,19842.9478,3,19842.94620,-105.0
1596,19842.9427,0.3,53,56,0,3,R,19842.9509,3,19842.95181,-273.1
1597,19842.9922,0.2,54,57,0,28,P,19842.9941,1,19842.99682,-138.6
1598,19843.0639,0.8,15,56,0,1,P,19843.0496,2,19843.05020,410.8
1598,19843.0639,0.8,15,56,0,2,R,19843.0649,2,19843.06579,-56.7
1599,19843.1309,0.3,66,56,0,1,R,19843.1318,2,19843.13262,-51.5
1599,19843.1309,0.3,66,57,0,29,R,19843.1318,2,19843.13489,-119.7
1600,19843.2091,0.2,57,61,0,57,P,19843.2104,1,19843.21237,-98.1
1605,19843.8208,0.3,70,60,0,53,R,19843.8223,2,19843.82549,-140.6
1605,19843.8208,0.3,70,64,0,67,R,19843.8284,2,19843.82443,-108.7
1607,19843.9495,0.8,21,67,0,72,R,19843.9556,1,19843.95646,-208.6
1608,19844.0335,1.1,44,65,0,69,R,19844.0334,1,19844.02954,118.7
1609,19844.0647,0.3,59,68,0,73,R,19844.0642,2,19844.06923,-135.8
1609,19844.0647,0.3,59,60,0,52,P,19844.0664,2,19844.06984,-154.0
1610,19844.1769,0.2,64,59,0,47,R,19844.1768,1,19844.18113,-126.7
1611,19844.2430,0.2,54,59,0,46,P,19844.2434,1,19844.24781,-144.3
1612,19844.3661,0.2,63,57,0,27,P,19844.3682,1,19844.37088,-143.2
1613,19844.4209,0.5,25,66,0,70,P,19844.4290,1,19844.42557,-140.1
1614,19844.5004,0.2,57,57,0,28,R,19844.5022,1,19844.50520,-143.8
1617,19844.7054,0.2,58,58,0,38,P,19844.7063,1,19844.71020,-143.8
1618,19844.7731,0.2,66,58,0,39,R,19844.7734,1,19844.77763,-135.8
1620,19845.0254,0.3,35,64,0,66,P,19845.0339,1,19845.03080,-161.8
1621,19845.1658,0.3,54,62,0,61,R,19845.1702,1,19845.16953,-111.7
1627,19845.5178,0.3,54,65,0,68,P,19845.5212,2,19845.51761,5.6
1627,19845.5178,0.3,54,63,0,64,R,19845.5286,2,19845.52663,-264.8
1629,19845.6923,0.2,55,57,0,26,P,19845.6941,1,19845.69653,-126.9
1630,19845.7659,0.3,61,69,0,73,P,19845.7588,2,19845.76150,132.0
1630,19845.7659,0.3,61,61,0,57,R,19845.7688,2,19845.77034,-133.2
1631,19845.8262,0.4,68,57,0,27,R,19845.8242,1,19845.82699,-23.8
1633,19846.0498,0.5,28,67,0,71,P,19846.0542,1,19846.05335,-106.4
1634,19846.2094,0.2,51,61,0,56,P,19846.2119,1,19846.21394,-136.2
1637,19846.4503,0.3,53,63,0,63,P,19846.4536,1,19846.45250,-66.0
1638,19846.5130,0.2,72,59,0,46,R,19846.5127,2,19846.51704,-121.0
1638,19846.5130,0.2,72,60,0,52,R,19846.5168,2,19846.52008,-212.2
1639,19846.5814,1.2,71,59,0,45,P,19846.5747,1,19846.57909,69.1
1640,19846.6652,0.2,56,58,0,38,R,19846.6658,1,19846.66991,-141.2
1641,19846.7493,0.3,65,66,0,70,R,19846.7461,2,19846.74291,191.4
1641,19846.7493,0.3,65,60,0,51,P,19846.7517,2,19846.75532,-180.6
1643,19846.9695,0.2,61,57,0,25,P,19846.9714,1,19846.97382,-129.6
1645,19847.0954,0.2,56,57,0,26,R,19847.0977,1,19847.10032,-147.5
1649,19847.5371,0.3,42,64,0,66,R,19847.5447,1,19847.54109,-119.5
1651,19847.9361,0.4,31,65,0,68,R,19847.9451,1,19847.94124,-154.2
1654,19848.1996,0.2,59,57,0,24,P,19848.2004,1,19848.20277,-95.2
1655,19848.3207,0.2,61,57,0,25,R,19848.3225,1,19848.32521,-135.2
1656,19848.4085,0.5,48,62,0,60,R,19848.4089,1,19848.40867,-5.0
1657,19848.4404,0.3,59,58,0,36,P,19848.4409,1,19848.44451,-123.2
1658,19848.5051,0.4,69,68,0,72,R,19848.4946,3,19848.49944,169.6
1658,19848.5051,0.4,69,66,0,69,P,19848.5042,3,19848.50085,127.5
1658,19848.5051,0.4,69,58,0,37,R,19848.5083,3,19848.51235,-217.2
1660,19848.7216,0.3,64,64,0,65,P,19848.7212,2,19848.71839,96.1
1660,19848.7216,0.3,64,61,0,56,R,19848.7295,2,19848.73139,-293.4
1661,19848.7973,0.2,63,59,0,45,R,19848.7971,1,19848.80166,-130.6
1662,19848.8539,0.2,54,59,0,44,P,19848.8550,1,19848.85930,-162.0
1663,19848.9956,0.3,51,63,0,63,R,19849.0007,1,19848.99909,-104.6
1664,19849.0648,0.3,54,62,0,59,P,19849.0674,1,19849.06777,-89.2
1665,19849.1566,0.3,74,60,0,51,R,19849.1584,2,19849.16189,-158.6
1665,19849.1566,0.3,74,61,0,55,P,19849.1592,2,19849.16150,-146.8
1666,19849.3820,0.3,76,57,0,23,P,19849.3811,2,19849.38342,-42.5
1666,19849.3820,0.3,76,60,0,50,P,19849.3848,2,19849.38831,-189.2
1668,19849.4973,0.2,53,57,0,24,R,19849.4990,1,19849.50169,-131.8
1673,19849.8966,0.3,42,63,0,62,P,19849.9026,1,19849.90157,-149.1
1677,19850.2339,0.3,66,58,0,35,P,19850.2336,1,19850.23719,-98.5
1678,19850.2986,0.2,60,69,0,72,P,19850.2954,2,19850.29903,-12.9
1678,19850.2986,0.2,60,58,0,36,R,19850.3010,2,19850.30499,-191.5
1681,19850.5110,0.2,50,57,0,22,P,19850.5137,1,19850.51578,-143.2
1683,19850.6254,0.2,61,57,0,23,R,19850.6272,1,19850.62981,-132.1
1684,19850.7928,0.4,32,66,0,69,R,19850.7996,1,19850.79618,-101.2
1685,19850.8624,0.7,20,68,0,71,P,19850.8628,1,19850.86604,-109.3
1687,19851.0298,0.2,59,59,0,44,R,19851.0305,1,19851.03506,-157.7
1688,19851.0835,0.2,61,59,0,43,P,19851.0840,1,19851.08851,-150.2
1689,19851.1952,0.3,44,64,0,65,R,19851.2017,1,19851.19826,-91.8
1693,19851.5932,0.3,74,62,0,59,R,19851.5920,2,19851.59193,38.1
1693,19851.5932,0.3,74,57,0,21,P,19851.5979,2,19851.59988,-200.3
1694,19851.6341,0.3,58,61,0,55,R,19851.6362,1,19851.63819,-122.6
1695,19851.7063,0.3,52,57,0,22,R,19851.7073,1,19851.70957,-98.2
1696,19851.7481,0.2,57,60,0,50,R,19851.7476,1,19851.75102,-87.4
1697,19851.7876,0.4,37,65,0,67,R,19851.7952,1,19851.79148,-116.3
1698,19851.9696,0.3,74,60,0,49,P,19851.9651,2,19851.96888,21.6
1698,19851.9696,0.3,74,58,0,34,P,19851.9768,2,19851.98027,-320.0
1699,19852.0457,0.3,72,58,0,35,R,19852.0442,2,19852.04789,-65.7
1699,19852.0457,0.3,72,61,0,54,P,19852.0527,2,19852.05514,-283.0
1700,19852.0999,1.0,11,69,0,72,R,19852.1052,1,19852.10654,-199.1
1701,19852.2287,0.3,47,62,0,58,P,19852.2324,1,19852.23308,-131.2
1702,19852.3424,0.3,38,64,0,64,P,19852.3496,1,19852.34711,-141.2
1703,19852.4111,0.3,50,63,0,62,R,19852.4153,1,19852.41398,-86.3
1704,19852.5070,0.5,26,66,0,68,P,19852.5166,1,19852.51324,-186.9
1705,19852.6311,0.2,49,57,0,20,P,19852.6338,1,19852.63576,-139.6
1706,19852.7367,0.2,59,57,0,21,R,19852.7388,1,19852.74103,-129.8
1707,19852.8551,0.6,22,68,0,71,R,19852.8557,1,19852.86009,-149.7
1711,19853.2109,0.3,73,59,0,43,R,19853.2129,2,19853.21732,-192.4
1711,19853.2109,0.3,73,65,0,66,P,19853.2136,2,19853.21048,12.5
1712,19853.2657,0.3,62,59,0,42,P,19853.2625,1,19853.26677,-32.2
1716,19853.6193,0.3,57,57,0,19,P,19853.6216,1,19853.62343,-123.7
1717,19853.6701,0.2,64,58,0,33,P,19853.6707,1,19853.67382,-111.4
1718,19853.7284,0.3,67,57,0,20,R,19853.7219,2,19853.72420,126.0
1718,19853.7284,0.3,67,58,0,34,R,19853.7375,2,19853.74110,-380.8
1724,19854.2832,0.2,59,60,0,49,R,19854.2839,1,19854.28754,-130.2
1725,19854.4234,0.5,30,67,0,69,P,19854.4282,1,19854.42665,-97.4
1726,19854.4893,0.2,71,61,0,54,R,19854.4888,2,19854.49085,-46.6
1726,19854.4893,0.2,71,60,0,48,P,19854.4934,2,19854.49711,-234.1
1727,19854.5585,0.2,45,57,0,18,P,19854.5610,1,19854.56291,-132.2
1728,19854.6546,0.2,56,57,0,19,R,19854.6570,1,19854.65911,-135.1
1729,19854.7163,0.3,47,62,0,58,R,19854.7192,1,19854.71945,-94.4
1730,19854.7837,0.6,51,66,0,68,R,19854.7893,1,19854.78592,-66.7
1731,19854.8911,0.2,57,61,0,53,P,19854.8923,1,19854.89497,-116.0
1733,19855.1620,0.9,21,68,0,70,P,19855.1675,1,19855.17021,-246.3
1735,19855.3401,0.8,73,62,0,57,P,19855.3420,2,19855.34303,-87.9
1735,19855.3401,0.8,73,59,0,42,R,19855.3440,2,19855.34850,-251.7
1736,19855.3856,0.3,75,58,0,33,R,19855.3811,2,19855.38467,28.0
1736,19855.3856,0.3,75,59,0,41,P,19855.3896,2,19855.39416,-256.5
1737,19855.4499,0.2,51,57,0,17,P,19855.4524,1,19855.45423,-129.8
1738,19855.5431,0.3,52,57,0,18,R,19855.5437,1,19855.54578,-80.3
1740,19855.7673,0.2,50,63,0,61,R,19855.7727,1,19855.77147,-125.0
1741,19855.9137,0.3,45,64,0,63,P,19855.9192,1,19855.91713,-102.8
1745,19856.2926,0.2,42,57,0,16,P,19856.2957,1,19856.29740,-144.0
1746,19856.3801,0.2,54,57,0,17,R,19856.3823,1,19856.38424,-124.1
1747,19856.4597,0.4,33,66,0,67,P,19856.4661,1,19856.46302,-99.5
1748,19856.5603,0.4,38,67,0,69,R,19856.5632,2,19856.56241,-63.2
1748,19856.5603,0.4,38,69,0,71,R,19856.5652,2,19856.56793,-228.7
1749,19856.6232,0.3,41,63,0,60,P,19856.6289,1,19856.62864,-163.0
1751,19856.7666,0.2,54,60,0,48,R,19856.7678,1,19856.77156,-148.6
1753,19856.9088,0.2,65,58,0,31,P,19856.9094,1,19856.91244,-109.1
1754,19856.9686,0.3,73,65,0,65,P,19856.9690,3,19856.96605,76.5
1754,19856.9686,0.3,73,60,0,47,P,19856.9692,3,19856.97308,-134.3
1754,19856.9686,0.3,73,58,0,32,R,19856.9751,3,19856.97863,-300.8
1756,19857.0889,0.2,49,57,0,15,P,19857.0908,1,19857.09246,-106.6
1757,19857.1678,0.3,46,57,0,16,R,19857.1726,1,19857.17451,-201.2
1758,19857.2857,0.2,57,61,0,53,R,19857.2871,1,19857.28949,-113.7
1760,19857.4243,0.2,66,59,0,41,R,19857.4243,1,19857.42866,-130.6
1761,19857.4654,0.3,54,59,0,40,P,19857.4663,1,19857.47072,-159.4
1763,19857.6768,0.2,50,61,0,52,P,19857.6785,1,19857.68109,-128.5
1764,19857.7878,0.2,59,62,0,57,R,19857.7910,1,19857.79136,-106.6
1765,19857.8353,0.2,40,57,0,14,P,19857.8379,1,19857.83940,-123.0
1766,19857.9119,0.2,50,57,0,15,R,19857.9148,1,19857.91662,-141.4
1769,19858.3311,0.3,45,64,0,63,R,19858.3376,1,19858.33497,-116.0
1770,19858.3935,0.2,46,62,0,56,P,19858.3965,1,19858.39776,-127.6
1771,19858.4534,0.2,54,58,0,30,P,19858.4546,1,19858.45760,-125.9
1772,19858.5214,0.4,71,67,0,68,P,19858.5181,2,19858.51604,160.8
1772,19858.5214,0.4,71,58,0,31,R,19858.5198,2,19858.52305,-49.5
1773,19858.6068,0.2,40,57,0,14,R,19858.6089,1,19858.61058,-113.2
1774,19858.7096,0.4,35,66,0,67,R,19858.7158,1,19858.71247,-86.1
1777,19859.0664,0.3,43,63,0,60,R,19859.0725,1,19859.07171,-159.3
1778,19859.1947,0.3,67,57,0,12,P,19859.1875,2,19859.18903,169.9
1778,19859.1947,0.3,67,60,0,47,R,19859.1995,2,19859.20314,-253.1
1779,19859.2531,0.2,47,57,0,13,R,19859.2549,1,19859.25641,-99.2
1780,19859.3060,0.3,40,65,0,65,R,19859.3120,1,19859.30854,-76.2
1781,19859.3952,0.5,63,60,0,46,P,19859.3931,2,19859.39687,-50.0
1781,19859.3952,0.5,63,68,0,69,P,19859.4050,2,19859.40704,-354.9
1782,19859.4518,0.5,60,59,0,40,R,19859.4534,1,19859.45787,-181.9
1783,19859.4920,0.2,61,59,0,39,P,19859.4922,1,19859.49651,-135.3
1785,19859.7877,0.3,41,57,0,11,P,19859.7903,1,19859.79175,-121.4
1786,19859.8503,0.3,40,57,0,12,R,19859.8525,1,19859.85413,-114.8
1787,19859.9038,0.3,53,63,0,59,P,19859.9070,1,19859.90692,-93.6
1788,19859.9500,0.2,61,58,0,29,P,19859.9507,1,19859.95338,-101.3
1789,19860.0201,0.3,66,58,0,30,R,19860.0149,2,19860.01796,64.2
1789,19860.0201,0.3,66,61,0,52,R,19860.0317,2,19860.03421,-423.0
1793,19860.3431,0.2,50,57,0,10,P,19860.3452,2,19860.34642,-99.5
1793,19860.3431,0.2,50,66,0,66,P,19860.3535,2,19860.35048,-221.2
1794,19860.4056,0.3,67,57,0,11,R,19860.4021,2,19860.40375,55.3
1794,19860.4056,0.3,67,61,0,51,P,19860.4109,2,19860.41358,-239.3
1796,19860.6497,1.1,35,65,0,64,P,19860.6638,1,19860.66132,-348.5
1798,19860.8037,0.3,47,62,0,56,R,19860.8069,1,19860.80778,-122.4
1799,19860.8496,0.3,35,57,0,9,P,19860.8518,1,19860.85305,-103.4
1800,19860.9017,0.3,34,57,0,10,R,19860.9038,1,19860.90530,-108.0
1801,19860.9508,1.1,11,69,0,70,R,19860.9531,1,19860.95679,-179.4
1804,19861.3079,0.3,31,57,0,8,P,19861.3103,1,19861.31165,-112.5
1805,19861.3949,0.4,74,62,0,55,P,19861.3960,2,19861.39737,-74.0
1805,19861.3949,0.4,74,58,0,28,P,19861.3972,2,19861.39982,-147.5
1806,19861.4574,1.1,69,58,0,29,R,19861.4602,2,19861.46340,-179.8
1806,19861.4574,1.1,69,59,0,38,P,19861.4673,2,19861.47161,-425.9
1807,19861.5776,0.2,53,60,0,46,R,19861.5786,1,19861.58238,-143.3
1808,19861.7205,0.7,34,57,0,7,P,19861.7209,1,19861.72224,-52.1
1809,19861.7636,0.2,66,57,0,8,R,19861.7629,2,19861.76422,-18.6
1809,19861.7636,0.2,66,60,0,45,P,19861.7646,2,19861.76855,-148.4
1810,19861.8105,0.4,36,64,0,62,R,19861.8174,1,19861.81489,-131.5
1812,19862.0830,0.7,24,57,0,6,P,19862.0835,1,19862.08481,-54.4
1813,19862.1171,0.4,32,57,0,7,R,19862.1204,1,19862.12161,-135.3
1815,19862.3117,0.3,50,63,0,59,R,19862.3154,1,19862.31487,-95.0
1816,19862.4005,1.5,26,57,0,5,P,19862.3982,1,19862.39939,33.3
1817,19862.4210,1.0,26,57,0,6,R,19862.4297,1,19862.43098,-299.2
1818,19862.5447,0.7,35,67,0,67,P,19862.5432,1,19862.54104,109.7
1819,19862.7213,0.3,59,61,0,51,R,19862.7224,1,19862.72510,-113.9
1820,19862.7932,0.2,60,58,0,27,P,19862.7944,1,19862.79695,-112.4
1821,19862.8603,0.4,63,58,0,28,R,19862.8564,1,19862.85941,26.6
1822,19862.9695,0.4,31,65,0,64,R,19862.9790,1,19862.97584,-190.1
1823,19863.0870,0.4,54,61,0,50,P,19863.0896,1,19863.09255,-166.5
1824,19863.1215,0.7,42,63,0,58,P,19863.1284,1,19863.12856,-211.8
1825,19863.1814,1.1,13,57,0,1,P,19863.1765,2,19863.17775,109.3
1825,19863.1814,1.1,13,57,0,2,R,19863.1873,2,19863.18832,-207.6
1826,19863.2462,2.0,10,57,0,1,R,19863.2566,1,19863.25766,-343.7
1828,19863.3625,0.4,63,59,0,38,R,19863.3591,1,19863.36368,-35.3
1829,19863.3891,0.4,62,59,0,37,P,19863.3916,1,19863.39604,-208.2
1830,19863.4805,0.8,18,69,0,69,P,19863.4810,1,19863.48465,-124.5
1831,19863.5696,0.8,19,68,0,68,P,19863.5754,1,19863.57697,-221.1
1833,19863.7654,0.2,55,62,0,55,R,19863.7678,1,19863.76885,-103.3
1834,19863.9053,0.2,60,60,0,45,R,19863.9055,1,19863.90935,-121.3
1835,19864.0837,0.2,54,60,0,44,P,19864.0842,1,19864.08819,-134.7
1836,19864.1427,0.3,58,58,0,26,P,19864.1423,1,19864.14481,-63.2
1837,19864.1991,0.3,62,58,0,27,R,19864.2031,1,19864.20604,-208.0
1838,19864.2929,0.3,42,65,0,63,P,19864.2988,1,19864.29652,-108.5
1839,19864.3378,0.2,47,62,0,54,P,19864.3403,1,19864.34198,-125.3
1841,19864.6342,0.5,29,67,0,67,R,19864.6399,1,19864.63827,-122.1
1846,19865.2358,0.4,75,59,0,37,R,19865.2361,2,19865.24040,-137.8
1846,19865.2358,0.4,75,64,0,61,R,19865.2383,2,19865.23610,-8.9
1847,19865.3575,0.2,51,61,0,50,R,19865.3596,1,19865.36227,-142.9
1848,19865.4399,0.2,60,58,0,25,P,19865.4412,1,19865.44343,-105.8
1849,19865.4976,0.2,68,58,0,26,R,19865.5005,2,19865.50332,-171.4
1849,19865.4976,0.2,68,63,0,58,R,19865.5015,2,19865.50109,-104.5
1850,19865.7142,0.2,58,61,0,49,P,19865.7151,1,19865.71809,-116.6
1855,19866.1796,0.2,54,60,0,44,R,19866.1802,1,19866.18412,-135.5
1856,19866.2839,0.4,61,64,0,60,P,19866.2781,2,19866.27676,214.0
1856,19866.2839,0.4,61,63,0,57,P,19866.2932,2,19866.29370,-293.8
1857,19866.3534,0.4,64,60,0,43,P,19866.3518,1,19866.35587,-74.0
1858,19866.4967,0.6,23,67,0,66,P,19866.5044,1,19866.50200,-158.7
1859,19866.5790,0.3,40,65,0,63,R,19866.5854,1,19866.58262,-108.6
1860,19866.6811,0.5,66,62,0,54,R,19866.6733,2,19866.67467,192.9
1860,19866.6811,0.5,66,58,0,24,P,19866.6907,2,19866.69284,-352.1
1861,19866.7469,0.2,58,58,0,25,R,19866.7488,1,19866.75128,-131.4
1864,19867.0693,0.7,66,59,0,36,R,19867.0620,1,19867.06640,87.0
1865,19867.2282,0.2,54,62,0,53,P,19867.2300,1,19867.23170,-105.0
1869,19867.6750,0.7,25,68,0,67,P,19867.6794,1,19867.68046,-163.7
1870,19867.7308,1.0,15,69,0,68,P,19867.7368,1,19867.73987,-272.0
1871,19867.8852,0.4,63,65,0,62,P,19867.8738,2,19867.87184,400.6
1871,19867.8852,0.4,63,58,0,23,P,19867.8911,2,19867.89308,-236.3
1872,19867.9418,0.2,72,66,0,64,P,19867.9419,3,19867.93945,70.5
1872,19867.9418,0.2,72,61,0,49,R,19867.9431,3,19867.94580,-119.9
1872,19867.9418,0.2,72,58,0,24,R,19867.9475,3,19867.94997,-244.9
1874,19868.2854,0.2,54,61,0,48,P,19868.2871,1,19868.29027,-146.1
1875,19868.4025,0.2,63,60,0,43,R,19868.4028,1,19868.40677,-128.1
1876,19868.5702,0.3,64,60,0,42,P,19868.5676,2,19868.57165,-43.4
1876,19868.5702,0.3,64,67,0,66,R,19868.5808,2,19868.57892,-261.4
1877,19868.6248,0.4,49,63,0,57,R,19868.6306,1,19868.63050,-171.0
1878,19868.8419,0.7,68,59,0,35,R,19868.8374,1,19868.84174,4.8
1880,19869.0403,0.2,51,58,0,22,P,19869.0420,1,19869.04417,-116.1
1881,19869.0947,0.2,58,58,0,23,R,19869.0969,1,19869.09941,-141.3
1885,19869.3974,0.2,44,63,0,56,P,19869.4019,1,19869.40246,-151.7
1886,19869.5210,0.2,60,69,0,68,R,19869.5164,2,19869.52022,23.2
1886,19869.5210,0.2,60,62,0,53,R,19869.5239,2,19869.52536,-130.8
1887,19869.6105,0.3,55,64,0,59,P,19869.6145,2,19869.61372,-96.4
1887,19869.6105,0.3,55,68,0,67,R,19869.6167,2,19869.61866,-244.7
1891,19870.0624,0.2,48,62,0,52,P,19870.0647,1,19870.06664,-127.2
1892,19870.1352,0.6,61,65,0,62,R,19870.1316,2,19870.12910,182.8
1892,19870.1352,0.6,61,58,0,21,P,19870.1443,2,19870.14614,-328.1
1893,19870.1951,0.2,48,58,0,22,R,19870.1975,1,19870.19964,-136.2
1895,19870.3961,0.4,35,67,0,65,P,19870.4019,1,19870.39921,-93.2
1896,19870.4718,0.2,50,61,0,48,R,19870.4729,1,19870.47580,-119.9
1897,19870.5713,0.5,75,59,0,34,R,19870.5623,3,19870.56648,144.6
1897,19870.5713,0.5,75,60,0,42,R,19870.5735,3,19870.57738,-182.3
1897,19870.5713,0.5,75,59,0,33,P,19870.5842,3,19870.58831,-509.9
1900,19870.7316,0.2,62,60,0,41,P,19870.7314,1,19870.73559,-119.7
1901,19870.8056,0.2,57,61,0,47,P,19870.8059,1,19870.80920,-107.8
1904,19871.0401,2.1,12,70,0,68,P,19871.0454,1,19871.04982,-291.3
1905,19871.1950,0.2,48,58,0,20,P,19871.1973,1,19871.19902,-120.6
1906,19871.2465,0.2,57,58,0,21,R,19871.2485,1,19871.25069,-125.7
1907,19871.3837,0.3,42,65,0,61,P,19871.3892,1,19871.38747,-113.0
1909,19871.6383,0.3,37,66,0,63,P,19871.6438,1,19871.64145,-94.6
1910,19871.6997,0.3,51,63,0,56,R,19871.7031,1,19871.70327,-107.0
1912,19871.9010,0.3,50,64,0,59,R,19871.9045,1,19871.90309,-62.6
1914,19872.2035,0.6,57,58,0,19,P,19872.2012,1,19872.20284,19.9
1915,19872.2451,0.4,73,59,0,33,R,19872.2363,3,19872.24066,133.2
1915,19872.2451,0.4,73,58,0,20,R,19872.2505,3,19872.25259,-224.6
1915,19872.2451,0.4,73,59,0,32,P,19872.2561,3,19872.26025,-454.1
1916,19872.3162,0.2,46,62,0,52,R,19872.3193,1,19872.32105,-145.4
1917,19872.4511,0.3,61,63,0,55,P,19872.4541,2,19872.45498,-116.2
1917,19872.4511,0.3,61,67,0,65,R,19872.4575,2,19872.45517,-122.0
1919,19872.6353,1.1,14,70,0,68,R,19872.6399,1,19872.64149,-185.7
1920,19872.6912,0.2,61,60,0,41,R,19872.6919,1,19872.69601,-144.3
1922,19872.8433,0.2,72,60,0,40,P,19872.8437,2,19872.84777,-134.1
1922,19872.8433,0.2,72,62,0,51,P,19872.8447,2,19872.84690,-108.0
1923,19872.8888,0.3,39,64,0,58,P,19872.8933,1,19872.89281,-120.3
1924,19872.9486,0.2,58,61,0,47,R,19872.9492,1,19872.95235,-112.4
1926,19873.1541,0.3,45,58,0,18,P,19873.1560,1,19873.15761,-105.1
1927,19873.2017,0.2,54,58,0,19,R,19873.2034,1,19873.20537,-109.9
1928,19873.2703,0.2,50,61,0,46,P,19873.2715,1,19873.27494,-139.0
1932,19873.6142,0.4,48,65,0,61,R,19873.6179,1,19873.61549,-38.5
1933,19873.6934,0.7,19,69,0,67,R,19873.6926,1,19873.69628,-86.3
1934,19873.7889,0.4,37,66,0,63,R,19873.7952,1,19873.79244,-106.3
1935,19873.8681,0.4,69,59,0,32,R,19873.8601,2,19873.86433,113.1
1935,19873.8681,0.4,69,59,0,31,P,19873.8777,2,19873.88182,-411.4
1936,19874.0599,0.2,52,58,0,17,P,19874.0618,1,19874.06335,-103.6
1937,19874.1052,0.2,44,58,0,18,R,19874.1072,1,19874.10904,-115.2
1938,19874.2271,0.5,25,67,0,64,P,19874.2356,1,19874.23298,-176.1
1941,19874.7166,0.3,53,63,0,55,R,19874.7190,1,19874.71951,-87.3
1942,19874.7576,0.2,52,60,0,40,R,19874.7588,1,19874.76274,-154.1
1943,19874.8384,0.3,36,65,0,60,P,19874.8450,1,19874.84361,-156.1
1944,19874.9072,0.3,68,60,0,39,P,19874.9043,2,19874.90825,-31.3
1944,19874.9072,0.3,68,58,0,16,P,19874.9187,2,19874.92010,-386.9
1945,19874.9602,0.2,49,58,0,17,R,19874.9619,1,19874.96365,-103.4
1946,19875.0584,0.2,54,62,0,51,R,19875.0601,1,19875.06183,-102.9
1947,19875.1437,0.3,39,64,0,58,R,19875.1504,1,19875.14921,-165.2
1949,19875.2788,0.4,33,66,0,62,P,19875.2842,1,19875.28212,-99.7
1950,19875.3241,0.9,16,70,0,67,P,19875.3201,1,19875.32517,-32.0
1951,19875.3714,0.2,52,61,0,46,R,19875.3723,1,19875.37554,-124.2
1952,19875.4403,0.4,73,59,0,31,R,19875.4333,3,19875.43754,82.6
1952,19875.4403,0.4,73,59,0,30,P,19875.4492,3,19875.45308,-383.3
1952,19875.4403,0.4,73,63,0,54,P,19875.4502,3,19875.45137,-331.9
1954,19875.5677,0.2,47,62,0,50,P,19875.5703,1,19875.57259,-146.5
1955,19875.6845,0.3,66,61,0,45,P,19875.6841,2,19875.68758,-92.3
1955,19875.6845,0.3,66,68,0,65,P,19875.6895,2,19875.68969,-155.5
1956,19875.7236,0.5,45,58,0,15,P,19875.7266,1,19875.72788,-128.2
1957,19875.7655,0.3,39,58,0,16,R,19875.7676,1,19875.76921,-111.2
1962,19876.0370,1.4,18,69,0,66,P,19876.0417,1,19876.04395,-208.3
1963,19876.1109,0.3,47,64,0,57,P,19876.1145,1,19876.11419,-98.8
1964,19876.2624,0.6,25,67,0,64,R,19876.2698,1,19876.26735,-148.5
1967,19876.4849,0.4,40,58,0,14,P,19876.4854,1,19876.48669,-53.5
1968,19876.5222,0.3,47,58,0,15,R,19876.5242,1,19876.52574,-106.3
1970,19876.7733,0.2,60,60,0,39,R,19876.7734,1,19876.77762,-129.6
1971,19876.9120,0.2,57,70,0,67,R,19876.9102,2,19876.91374,-52.1
1971,19876.9120,0.2,57,60,0,38,P,19876.9131,2,19876.91707,-152.1
1972,19876.9621,0.3,70,59,0,30,R,19876.9563,2,19876.96035,52.6
1972,19876.9621,0.3,70,59,0,29,P,19876.9702,2,19876.97407,-358.9
1973,19877.0355,0.4,34,65,0,60,R,19877.0439,1,19877.04198,-194.2
1976,19877.1938,0.3,44,58,0,13,P,19877.1953,1,19877.19655,-82.5
1977,19877.2277,0.3,39,58,0,14,R,19877.2317,1,19877.23328,-167.2
1979,19877.4012,0.4,31,66,0,62,R,19877.4099,1,19877.40722,-180.6
1981,19877.5900,0.5,26,68,0,65,R,19877.5935,1,19877.59459,-137.6
1982,19877.6750,0.2,44,63,0,54,R,19877.6787,1,19877.67937,-131.1
1983,19877.7419,0.2,68,61,0,45,R,19877.7422,2,19877.74546,-106.7
1983,19877.7419,0.2,68,62,0,50,R,19877.7456,2,19877.74782,-177.6
1984,19877.7987,0.7,15,69,0,66,R,19877.7996,1,19877.80276,-121.6
1985,19877.8882,0.4,47,58,0,13,R,19877.8904,1,19877.89183,-108.7
1986,19878.0025,0.5,34,67,0,63,P,19878.0061,1,19878.00358,-32.4
1987,19878.0431,0.2,48,61,0,44,P,19878.0437,1,19878.04720,-122.9
1989,19878.2382,0.2,67,62,0,49,P,19878.2412,2,19878.24379,-167.6
1989,19878.2382,0.2,67,65,0,59,P,19878.2415,2,19878.24043,-66.7
1990,19878.3340,0.3,48,64,0,57,R,19878.3381,1,19878.33730,-98.9
1991,19878.3908,0.4,54,63,0,53,P,19878.3904,1,19878.39176,-28.9
1992,19878.4337,0.3,71,59,0,29,R,19878.4287,2,19878.43278,27.5
1992,19878.4337,0.3,71,59,0,28,P,19878.4409,2,19878.44482,-333.5
1993,19878.4908,1.1,37,58,0,12,R,19878.5000,1,19878.50141,-318.2
1996,19878.7357,0.2,53,60,0,38,R,19878.7366,1,19878.74073,-150.9
1997,19878.8657,0.3,67,66,0,61,P,19878.8635,2,19878.86168,120.5
1997,19878.8657,0.3,67,60,0,37,P,19878.8704,2,19878.87432,-258.3
1998,19879.0557,0.6,40,58,0,11,R,19879.0608,1,19879.06205,-190.5
2000,19879.2735,0.3,42,64,0,56,P,19879.2781,1,19879.27801,-135.3
2002,19879.5633,1.4,42,58,0,10,R,19879.5725,1,19879.57376,-313.7
2005,19879.8546,0.2,70,59,0,28,R,19879.8508,2,19879.85490,-8.9
2005,19879.8546,0.2,70,59,0,27,P,19879.8616,2,19879.86538,-323.1
2007,19880.0192,0.6,56,58,0,8,P,19880.0112,2,19880.01227,207.8
2007,19880.0192,0.6,56,67,0,63,R,19880.0183,2,19880.01578,102.4
2008,19880.0544,0.4,57,61,0,44,R,19880.0588,1,19880.06219,-233.5
2009,19880.3609,1.1,67,61,0,43,P,19880.3503,1,19880.35387,210.7
2011,19880.5792,0.2,51,63,0,53,R,19880.5820,1,19880.58297,-113.1
2012,19880.6475,0.2,58,60,0,37,R,19880.6479,1,19880.65213,-138.7
2014,19880.7781,0.3,58,60,0,36,P,19880.7759,1,19880.78003,-57.9
2015,19880.8566,0.2,46,62,0,48,P,19880.8579,1,19880.86061,-120.1
2016,19880.9571,0.3,36,66,0,61,R,19880.9626,1,19880.96042,-99.5
2017,19881.1180,0.4,37,70,0,66,R,19881.1082,3,19881.11270,158.9
2017,19881.1180,0.4,37,58,0,5,P,19881.1143,3,19881.11522,83.2
2017,19881.1180,0.4,37,58,0,6,R,19881.1306,3,19881.13160,-407.6
2018,19881.2255,0.2,71,59,0,27,R,19881.2229,2,19881.22673,-36.9
2018,19881.2255,0.2,71,59,0,26,P,19881.2319,2,19881.23578,-308.0
2019,19881.2721,0.3,42,63,0,52,P,19881.2747,1,19881.27627,-125.1
2020,19881.3905,0.4,32,58,0,4,P,19881.3843,2,19881.38518,159.4
2020,19881.3905,0.4,32,58,0,5,R,19881.3979,2,19881.39886,-250.7
2021,19881.4651,0.3,48,64,0,56,R,19881.4680,1,19881.46752,-72.4
2022,19881.5742,0.4,37,65,0,58,P,19881.5789,1,19881.57811,-117.1
2023,19881.6071,1.2,25,58,0,3,P,19881.6055,2,19881.60630,23.9
2023,19881.6071,1.2,25,58,0,4,R,19881.6165,2,19881.61727,-304.9
2024,19881.7066,0.5,26,67,0,62,P,19881.7139,1,19881.71130,-140.9
2025,19881.7819,0.6,24,58,0,2,P,19881.7778,2,19881.77859,99.3
2025,19881.7819,0.6,24,58,0,3,R,19881.7859,2,19881.78683,-147.7
2026,19881.8377,0.7,22,69,0,65,R,19881.8374,1,19881.84025,-76.5
2027,19881.9011,1.0,14,58,0,1,P,19881.9011,2,19881.90204,-28.2
2027,19881.9011,1.0,14,58,0,2,R,19881.9067,2,19881.90754,-193.1
2028,19881.9916,2.2,10,58,0,1,R,19881.9785,1,19881.97942,365.3
2029,19882.1905,8.4,8,71,0,66,P,19882.2046,1,19882.20497,-433.7
2030,19882.3219,0.2,60,61,0,43,R,19882.3225,1,19882.32580,-117.0
2031,19882.3788,0.2,58,66,0,60,P,19882.3818,2,19882.38034,-46.1
2031,19882.3788,0.2,58,64,0,55,P,19882.3840,2,19882.38441,-168.2
2032,19882.5090,0.3,56,60,0,36,R,19882.5078,1,19882.51187,-86.0
2033,19882.5476,0.2,71,59,0,26,R,19882.5444,2,19882.54832,-21.6
2033,19882.5476,0.2,71,59,0,25,P,19882.5522,2,19882.55605,-253.3
2034,19882.6140,1.3,61,61,0,42,P,19882.6040,1,19882.60767,189.7
2038,19882.9513,0.2,49,62,0,48,R,19882.9534,1,19882.95583,-135.9
2040,19883.4224,0.3,72,62,0,47,P,19883.4202,2,19883.42313,-22.0
2040,19883.4224,0.3,72,63,0,52,R,19883.4292,2,19883.43044,-241.0
2041,19883.5913,1.6,9,71,0,66,R,19883.6003,1,19883.59205,-22.4
2042,19883.7047,0.4,44,67,0,62,R,19883.7034,2,19883.70075,118.3
2042,19883.7047,0.4,44,65,0,58,R,19883.7173,2,19883.71605,-340.4
2043,19883.8170,0.2,69,59,0,25,R,19883.8159,2,19883.81971,-81.3
2043,19883.8170,0.2,69,59,0,24,P,19883.8225,2,19883.82623,-276.8
2044,19884.1000,0.3,52,63,0,51,P,19884.1033,1,19884.10502,-150.3
2047,19884.3155,0.2,59,60,0,35,R,19884.3159,1,19884.32001,-135.3
2049,19884.4358,0.2,58,60,0,34,P,19884.4331,1,19884.43709,-38.6
2050,19884.5337,0.2,66,61,0,42,R,19884.5330,2,19884.53639,-80.6
2050,19884.5337,0.2,66,64,0,55,R,19884.5403,2,19884.54001,-189.1
2053,19884.8052,0.2,60,61,0,41,P,19884.8052,1,19884.80867,-104.0
2054,19884.8536,0.3,41,65,0,57,P,19884.8572,1,19884.85682,-96.4
2056,19885.0383,0.2,68,59,0,24,R,19885.0371,2,19885.04094,-79.0
2056,19885.0383,0.2,68,59,0,23,P,19885.0427,2,19885.04636,-241.7
2058,19885.2367,1.0,17,70,0,65,R,19885.2341,1,19885.23930,-77.8
2059,19885.3034,0.6,29,68,0,63,R,19885.3062,1,19885.30626,-85.8
2060,19885.3533,0.4,33,67,0,61,P,19885.3589,1,19885.35639,-92.7
2061,19885.4303,0.4,43,64,0,54,P,19885.4329,1,19885.43353,-96.7
2062,19885.4746,0.2,55,62,0,47,R,19885.4753,1,19885.47805,-103.5
2065,19885.8319,0.5,39,66,0,59,P,19885.8396,1,19885.83831,-192.0
2066,19885.9266,0.2,46,62,0,46,P,19885.9285,1,19885.93146,-145.6
2068,19886.0715,0.2,50,60,0,34,R,19886.0725,1,19886.07662,-153.6
2069,19886.2041,1.6,75,59,0,23,R,19886.2083,2,19886.21203,-237.8
2069,19886.2041,1.6,75,59,0,22,P,19886.2129,2,19886.21646,-370.6
2071,19886.4245,1.5,12,71,0,65,P,19886.4268,1,19886.42951,-150.1
2073,19886.6902,0.2,59,61,0,41,R,19886.6904,1,19886.69402,-114.4
2076,19886.8737,0.2,44,63,0,50,P,19886.8762,1,19886.87810,-131.9
2077,19886.9550,0.2,65,61,0,40,P,19886.9534,2,19886.95694,-58.1
2077,19886.9550,0.2,65,65,0,57,R,19886.9651,2,19886.96401,-270.1
2080,19887.2082,0.6,21,68,0,62,P,19887.2151,1,19887.21464,-193.1
2081,19887.3273,0.2,71,67,0,61,R,19887.3252,3,19887.32255,142.5
2081,19887.3273,0.2,71,59,0,22,R,19887.3293,3,19887.33303,-171.9
2081,19887.3273,0.2,71,59,0,21,P,19887.3330,3,19887.33657,-277.9
2083,19887.5500,0.3,41,64,0,54,R,19887.5549,1,19887.55492,-147.6
2085,19887.7187,1.2,15,70,0,64,P,19887.7202,1,19887.72486,-184.6
2086,19887.7776,0.2,61,60,0,33,R,19887.7776,1,19887.78175,-124.4
2087,19887.8821,0.2,64,60,0,32,P,19887.8848,2,19887.88867,-196.8
2087,19887.8821,0.2,64,66,0,59,R,19887.8848,2,19887.88298,-26.4
2088,19887.9418,0.2,49,62,0,46,R,19887.9431,1,19887.94588,-122.2
2089,19887.9894,0.5,23,69,0,63,P,19887.9910,1,19887.99175,-70.4
2090,19888.0715,0.3,35,65,0,56,P,19888.0769,1,19888.07672,-156.5
2091,19888.3940,0.6,76,62,0,45,P,19888.3826,3,19888.38567,249.9
2091,19888.3940,0.6,76,59,0,21,R,19888.4004,3,19888.40397,-299.0
2091,19888.3940,0.6,76,59,0,20,P,19888.4033,3,19888.40671,-381.0
2093,19888.7942,0.2,50,61,0,40,R,19888.7952,1,19888.79876,-136.8
2094,19888.9486,0.3,50,67,0,60,P,19888.9414,2,19888.93910,284.7
2094,19888.9486,0.3,50,63,0,50,R,19888.9558,2,19888.95745,-265.4
2095,19889.0496,0.2,62,61,0,39,P,19889.0488,2,19889.05254,-88.1
2095,19889.0496,0.2,62,68,0,62,R,19889.0642,2,19889.06395,-430.3
2097,19889.2308,0.4,32,66,0,58,P,19889.2368,1,19889.23578,-149.4
2098,19889.2856,1.4,13,70,0,64,R,19889.2893,1,19889.29434,-262.0
2099,19889.4238,0.2,73,59,0,20,R,19889.4214,3,19889.42488,-32.5
2099,19889.4238,0.2,73,59,0,19,P,19889.4236,3,19889.42691,-93.2
2099,19889.4238,0.2,73,60,0,32,R,19889.4314,3,19889.43545,-349.2
2100,19889.5331,0.2,59,60,0,31,P,19889.5337,1,19889.53752,-132.6
2101,19889.5913,0.2,51,63,0,49,P,19889.5935,1,19889.59563,-129.8
2102,19889.7072,0.6,22,69,0,63,R,19889.7087,1,19889.71043,-96.8
2106,19890.1474,0.3,36,65,0,56,R,19890.1536,1,19890.15281,-162.2
2108,19890.3600,0.6,61,62,0,45,R,19890.3564,1,19890.35940,18.1
2109,19890.3890,0.4,63,59,0,19,R,19890.3923,2,19890.39579,-203.6
2109,19890.3890,0.4,63,59,0,18,P,19890.3938,2,19890.39719,-245.7
2110,19890.5084,0.2,47,64,0,53,R,19890.5120,1,19890.51241,-120.1
2111,19890.5697,2.7,8,71,0,64,P,19890.5762,1,19890.58006,-310.5
2113,19890.7818,0.2,49,62,0,44,P,19890.7825,1,19890.78584,-121.2
2114,19890.8485,0.3,58,61,0,39,R,19890.8472,1,19890.85070,-66.0
2115,19890.9241,0.4,26,68,0,61,P,19890.9280,1,19890.92726,-94.6
2116,19891.0338,0.2,57,60,0,31,R,19891.0337,1,19891.03777,-119.1
2117,19891.0915,0.2,50,61,0,38,P,19891.0918,1,19891.09554,-121.2
2118,19891.1299,0.3,46,60,0,30,P,19891.1311,1,19891.13515,-157.5
2119,19891.2385,0.3,55,65,0,55,P,19891.2378,1,19891.23798,15.7
2120,19891.3118,0.2,64,59,0,18,R,19891.3132,2,19891.31673,-147.8
2120,19891.3118,0.2,64,59,0,17,P,19891.3142,2,19891.31759,-173.5
2121,19891.3559,0.3,39,64,0,52,P,19891.3594,1,19891.36043,-135.9
2126,19891.6335,0.2,53,63,0,49,R,19891.6355,1,19891.63723,-111.9
2127,19891.7149,0.8,18,70,0,63,P,19891.7141,1,19891.71820,-98.8
2128,19891.8334,0.7,19,69,0,62,P,19891.8401,1,19891.84060,-215.7
2129,19891.9550,2.7,10,71,0,64,R,19891.9697,1,19891.97033,-459.5
2131,19892.1825,0.2,62,59,0,17,R,19892.1843,2,19892.18772,-156.6
2131,19892.1825,0.2,62,59,0,16,P,19892.1848,2,19892.18812,-168.3
2132,19892.2532,0.2,44,63,0,48,P,19892.2554,1,19892.25772,-135.4
2134,19892.4568,0.3,34,67,0,59,P,19892.4619,1,19892.45967,-86.2
2135,19892.5790,0.3,59,66,0,57,P,19892.5737,2,19892.57297,180.9
2135,19892.5790,0.3,59,60,0,30,R,19892.5847,2,19892.58877,-292.8
2136,19892.6779,0.3,59,60,0,29,P,19892.6777,1,19892.68160,-111.0
2137,19892.7144,0.4,49,62,0,44,R,19892.7156,1,19892.71871,-129.1
2138,19892.7533,0.7,26,68,0,61,R,19892.7571,1,19892.75668,-101.5
2139,19892.8451,0.2,48,61,0,38,R,19892.8462,1,19892.84990,-143.8
2140,19893.0033,0.2,60,59,0,16,R,19893.0054,2,19893.00880,-164.8
2140,19893.0033,0.2,60,59,0,15,P,19893.0056,2,19893.00880,-164.7
2141,19893.0828,0.2,59,61,0,37,P,19893.0823,1,19893.08601,-96.2
2142,19893.1285,0.2,54,62,0,43,P,19893.1287,1,19893.13208,-107.2
2143,19893.2778,0.3,50,70,0,63,R,19893.2737,2,19893.27856,-22.9
2143,19893.2778,0.3,50,65,0,55,R,19893.2830,2,19893.28263,-144.8
2144,19893.4076,0.3,39,64,0,52,R,19893.4119,1,19893.41259,-149.7
2145,19893.5373,0.9,18,69,0,62,R,19893.5427,1,19893.54408,-203.3
2148,19893.7744,0.2,61,59,0,14,P,19893.7766,2,19893.77965,-157.4
2148,19893.7744,0.2,61,59,0,15,R,19893.7766,2,19893.77998,-167.2
2150,19894.0839,0.2,56,60,0,29,R,19894.0845,1,19894.08848,-137.4
2151,19894.1721,0.2,49,60,0,28,P,19894.1731,1,19894.17692,-144.4
2152,19894.2434,0.5,57,64,0,51,P,19894.2371,1,19894.23848,147.4
2153,19894.3388,0.3,41,65,0,54,P,19894.3401,1,19894.34074,-58.2
2154,19894.3741,0.5,32,67,0,59,R,19894.3801,1,19894.37769,-107.7
2155,19894.4958,0.2,58,59,0,13,P,19894.4976,2,19894.50069,-146.7
2155,19894.4958,0.2,58,59,0,14,R,19894.4980,2,19894.50129,-164.5
2156,19894.5606,0.3,47,66,0,57,R,19894.5630,1,19894.56189,-38.6
2157,19894.6538,0.9,13,71,0,63,P,19894.6531,1,19894.65761,-114.2
2158,19894.7927,0.2,58,61,0,37,R,19894.7927,1,19894.79642,-111.5
2159,19894.8608,0.3,50,63,0,47,P,19894.8618,1,19894.86446,-109.6
2160,19895.0192,0.2,69,61,0,36,P,19895.0203,2,19895.02400,-143.9
2160,19895.0192,0.2,69,62,0,43,R,19895.0208,2,19895.02389,-140.6
2162,19895.1672,0.2,55,59,0,12,P,19895.1687,2,19895.17195,-142.4
2162,19895.1672,0.2,55,59,0,13,R,19895.1694,2,19895.17275,-166.3
2164,19895.4199,0.2,47,62,0,42,P,19895.4209,1,19895.42444,-136.1
2165,19895.5325,0.2,49,60,0,28,R,19895.5330,1,19895.53697,-133.9
2166,19895.6170,0.2,64,60,0,27,P,19895.6172,2,19895.62113,-123.8
2166,19895.6170,0.2,64,69,0,61,P,19895.6230,2,19895.62324,-186.9
2167,19895.7886,0.2,54,59,0,11,P,19895.7903,2,19895.79343,-144.8
2167,19895.7886,0.2,54,59,0,12,R,19895.7913,2,19895.79438,-173.1
2168,19895.8444,0.3,33,66,0,56,P,19895.8506,1,19895.85004,-169.0
2169,19895.9128,0.4,27,67,0,58,P,19895.9204,1,19895.91834,-166.0
2170,19896.0430,1.1,12,71,0,63,R,19896.0435,1,19896.04608,-92.4
2172,19896.2522,0.3,48,64,0,51,R,19896.2546,1,19896.25562,-102.5
2173,19896.3572,0.3,64,65,0,54,R,19896.3535,3,19896.35363,107.0
2173,19896.3572,0.3,64,59,0,10,P,19896.3621,3,19896.36515,-238.3
2173,19896.3572,0.3,64,59,0,11,R,19896.3630,3,19896.36619,-269.6
2175,19896.6859,0.2,49,61,0,36,R,19896.6865,1,19896.69033,-133.0
2176,19896.8269,0.2,55,63,0,47,R,19896.8276,1,19896.82989,-89.7
2177,19896.9116,2.9,65,61,0,35,P,19896.9058,1,19896.90958,60.7
2178,19897.0103,0.2,45,60,0,26,P,19897.0105,1,19897.01429,-119.6
2179,19897.0553,0.2,40,64,0,50,P,19897.0581,1,19897.05976,-133.7
2180,19897.1814,1.5,13,70,0,62,R,19897.1880,1,19897.19264,-336.8
2181,19897.2716,0.2,51,62,0,42,R,19897.2717,1,19897.27503,-103.0
2182,19897.3084,1.1,24,69,0,61,R,19897.3098,1,19897.31071,-69.4
2183,19897.3611,0.5,54,59,0,8,P,19897.3564,2,19897.35936,52.1
2183,19897.3611,0.5,54,59,0,9,R,19897.3574,2,19897.36047,19.0
2186,19897.6590,0.2,54,62,0,41,P,19897.6594,1,19897.66301,-120.2
2187,19897.7849,0.7,53,59,0,7,P,19897.7788,2,19897.78187,90.7
2187,19897.7849,0.7,53,59,0,8,R,19897.7798,2,19897.78295,58.4
2192,19898.1520,0.3,52,59,0,6,P,19898.1516,3,19898.15467,-80.1
2192,19898.1520,0.3,52,59,0,7,R,19898.1526,3,19898.15569,-110.6
2192,19898.1520,0.3,52,68,0,59,P,19898.1616,3,19898.16074,-261.9
2193,19898.2753,0.2,46,60,0,26,R,19898.2766,1,19898.28041,-153.3
2194,19898.3519,0.2,52,60,0,25,P,19898.3528,1,19898.35643,-135.8
2195,19898.4728,0.3,36,59,0,5,P,19898.4749,2,19898.47776,-148.8
2195,19898.4728,0.3,36,59,0,6,R,19898.4756,2,19898.47869,-176.5
2196,19898.5275,0.2,56,61,0,35,R,19898.5278,1,19898.53171,-126.1
2197,19898.6554,1.5,11,71,0,62,P,19898.6582,1,19898.66302,-228.5
2198,19898.7405,0.2,59,61,0,34,P,19898.7390,3,19898.74279,-68.8
2198,19898.7405,0.2,59,59,0,4,P,19898.7483,3,19898.75115,-319.3
2198,19898.7405,0.2,59,59,0,5,R,19898.7490,3,19898.75196,-343.6
2200,19898.9704,0.4,26,59,0,3,P,19898.9719,2,19898.97484,-133.2
2200,19898.9704,0.4,26,59,0,4,R,19898.9727,2,19898.97552,-153.4
2201,19899.0436,0.7,49,64,0,50,R,19899.0403,1,19899.04161,59.5
2202,19899.1450,0.5,21,59,0,2,P,19899.1460,2,19899.14884,-115.3
2202,19899.1450,0.5,21,59,0,3,R,19899.1465,2,19899.14936,-130.8
2203,19899.3360,0.7,62,69,0,60,P,19899.3401,3,19899.34003,-120.9
2203,19899.3360,0.7,62,63,0,46,R,19899.3406,3,19899.34298,-209.4
2203,19899.3360,0.7,62,59,0,1,R,19899.3450,3,19899.34796,-358.5
2204,19899.4696,0.3,56,62,0,41,R,19899.4687,1,19899.47222,-78.6
2205,19899.5713,0.2,52,60,0,25,R,19899.5715,1,19899.57546,-124.8
2206,19899.6429,0.2,43,60,0,24,P,19899.6438,1,19899.64759,-140.5
2208,19899.8311,0.6,59,64,0,49,P,19899.8225,2,19899.82438,201.3
2208,19899.8311,0.6,59,62,0,40,P,19899.8440,2,19899.84787,-502.7
2209,19899.9101,0.3,54,63,0,45,P,19899.9092,1,19899.91229,-65.7
2210,19900.0325,4.4,10,71,0,62,R,19900.0437,1,19900.04784,-459.8
2212,19900.3162,0.2,51,61,0,34,R,19900.3169,1,19900.32059,-131.7
2213,19900.3661,0.3,38,65,0,52,P,19900.3701,1,19900.37138,-158.2
2214,19900.5196,0.2,55,61,0,33,P,19900.5200,1,19900.52371,-123.2
2217,19900.8143,0.2,46,60,0,24,R,19900.8157,1,19900.81945,-154.4
2218,19900.8835,0.2,51,60,0,23,P,19900.8840,1,19900.88780,-128.9
2219,19900.9355,1.3,8,72,0,62,P,19900.9387,1,19900.93979,-128.6
2220,19900.9980,0.3,50,66,0,55,R,19900.9995,2,19900.99878,-23.4
2220,19900.9980,0.3,50,69,0,60,R,19901.0103,2,19901.01074,-381.8
2222,19901.1807,0.3,34,67,0,57,R,19901.1853,1,19901.18326,-76.7
2225,19901.6110,0.2,48,62,0,40,R,19901.6121,1,19901.61553,-135.9
2226,19901.6763,0.6,24,68,0,58,P,19901.6829,1,19901.68216,-175.6
2227,19901.7733,0.7,57,64,0,49,R,19901.7693,1,19901.77070,77.9
2229,19901.9798,0.5,59,62,0,39,P,19901.9753,1,19901.97908,21.5
2230,19902.0026,1.0,56,60,0,23,R,19902.0085,1,19902.01241,-294.2
2231,19902.0591,0.3,61,61,0,33,R,19902.0532,2,19902.05706,61.2
2231,19902.0591,0.3,61,60,0,22,P,19902.0735,2,19902.07710,-539.5
2233,19902.2450,0.4,50,61,0,32,P,19902.2485,1,19902.25237,-221.0
2234,19902.3187,0.5,40,65,0,52,R,19902.3191,1,19902.31981,-33.3
2235,19902.3480,0.4,43,63,0,44,P,19902.3506,1,19902.35357,-167.0
2238,19902.5279,0.2,41,64,0,48,P,19902.5303,1,19902.53247,-136.9
2239,19902.5983,1.2,15,71,0,61,P,19902.5923,1,19902.59707,37.0
2240,19902.6458,0.4,29,67,0,56,P,19902.6523,1,19902.65080,-150.0
2244,19902.9884,0.5,25,69,0,59,P,19902.9917,1,19902.99134,-88.1
2246,19903.1497,0.2,44,60,0,22,R,19903.1506,1,19903.15439,-140.6
2247,19903.2109,0.2,49,60,0,21,P,19903.2119,1,19903.21551,-138.3
2248,19903.2932,0.3,48,70,0,60,P,19903.2837,2,19903.28639,204.3
2248,19903.2932,0.3,48,65,0,51,P,19903.2981,2,19903.29953,-189.9
2249,19903.4416,0.6,23,68,0,58,R,19903.4490,1,19903.44831,-201.1
2252,19903.7024,0.3,58,62,0,39,R,19903.7014,1,19903.70504,-79.2
2253,19903.7333,0.5,48,61,0,32,R,19903.7373,1,19903.74116,-235.5
2255,19903.9250,0.2,55,61,0,31,P,19903.9250,1,19903.92884,-115.1
2256,19903.9748,0.7,14,71,0,61,R,19903.9719,1,19903.97657,-53.2
2257,19904.0523,0.2,46,62,0,38,P,19904.0527,1,19904.05672,-132.7
2258,19904.1218,0.3,33,66,0,54,R,19904.1272,1,19904.12695,-154.3
2259,19904.2002,0.3,46,63,0,44,R,19904.2004,1,19904.20320,-89.9
2260,19904.2413,0.2,49,60,0,21,R,19904.2417,1,19904.24541,-123.3
2261,19904.2982,0.2,39,60,0,20,P,19904.2996,1,19904.30308,-146.2
2262,19904.4388,0.3,42,64,0,48,R,19904.4412,1,19904.44301,-126.1
2263,19904.4885,0.4,29,67,0,56,R,19904.4951,1,19904.49304,-136.1
2264,19904.6420,0.5,25,69,0,59,R,19904.6443,1,19904.64454,-76.0
2265,19904.7361,0.2,52,63,0,43,P,19904.7366,1,19904.73988,-113.4
2266,19904.8058,1.5,13,70,0,60,R,19904.8088,1,19904.81270,-206.8
2268,19904.9579,1.5,9,72,0,61,P,19904.9570,1,19904.96049,-77.7
2271,19905.1409,0.6,34,68,0,57,P,19905.1411,1,19905.14038,15.6
2272,19905.1847,0.4,55,64,0,47,P,19905.1816,1,19905.18412,17.4
2273,19905.2839,0.4,45,60,0,20,R,19905.2817,1,19905.28552,-48.5
2274,19905.3290,0.4,60,66,0,53,P,19905.3220,2,19905.32236,199.2
2274,19905.3290,0.4,60,60,0,19,P,19905.3362,2,19905.33982,-324.3
2275,19905.3662,0.4,52,61,0,31,R,19905.3691,1,19905.37294,-202.2
2277,19905.5487,0.2,47,61,0,30,P,19905.5493,1,19905.55316,-133.7
2278,19905.7361,0.2,47,62,0,38,R,19905.7371,1,19905.74083,-141.8
2279,19905.9223,0.3,36,67,0,55,P,19905.9263,1,19905.92503,-81.7
2280,19906.0771,0.2,54,62,0,37,P,19906.0769,1,19906.08086,-112.8
2281,19906.1641,0.3,40,72,0,61,R,19906.1650,2,19906.16211,59.6
2281,19906.1641,0.3,40,65,0,50,P,19906.1680,2,19906.16976,-169.7
2282,19906.2707,0.2,48,60,0,19,R,19906.2710,1,19906.27473,-120.9
2283,19906.3208,0.2,38,60,0,18,P,19906.3223,1,19906.32576,-148.8
2284,19906.4547,1.3,12,71,0,60,P,19906.4561,1,19906.46043,-171.9
2285,19906.5480,0.3,57,63,0,43,R,19906.5476,1,19906.55051,-75.4
2288,19906.8806,0.4,31,68,0,57,R,19906.8850,1,19906.88432,-111.5
2289,19906.9487,0.2,47,61,0,30,R,19906.9487,1,19906.95247,-113.1
2290,19907.0033,0.8,22,70,0,59,P,19907.0044,1,19907.00678,-104.2
2291,19907.0602,0.2,64,64,0,47,R,19907.0566,2,19907.05865,46.6
2291,19907.0602,0.2,64,63,0,42,P,19907.0679,2,19907.07131,-333.1
2292,19907.1213,0.2,52,61,0,29,P,19907.1216,1,19907.12538,-122.2
2293,19907.2000,0.3,54,66,0,53,R,19907.1953,2,19907.19517,144.7
2293,19907.2000,0.3,54,60,0,18,R,19907.2095,2,19907.21310,-392.6
2294,19907.2565,0.2,41,60,0,17,P,19907.2576,1,19907.26094,-133.1
2299,19907.7233,0.3,62,62,0,37,R,19907.7190,1,19907.72296,10.1
2300,19907.7747,0.4,40,64,0,46,P,19907.7769,1,19907.77945,-142.5
2301,19907.8256,1.3,10,71,0,60,R,19907.8284,1,19907.83316,-226.7
2303,19908.0471,0.2,62,62,0,36,P,19908.0476,2,19908.05156,-133.8
2303,19908.0471,0.2,62,65,0,50,R,19908.0513,2,19908.05256,-163.6
2304,19908.0970,0.2,46,60,0,17,R,19908.0972,1,19908.10063,-108.8
2305,19908.1409,0.3,35,60,0,16,P,19908.1418,1,19908.14537,-134.0
2306,19908.2076,0.7,18,69,0,58,R,19908.2124,1,19908.21248,-146.4
2307,19908.3552,0.3,33,66,0,52,P,19908.3601,1,19908.36072,-165.6
2308,19908.4765,0.2,58,61,0,29,R,19908.4761,1,19908.47980,-98.9
2309,19908.5241,0.4,34,70,0,59,R,19908.5166,2,19908.51976,130.0
2309,19908.5241,0.4,34,68,0,56,P,19908.5361,2,19908.53565,-346.3
2310,19908.6410,0.2,43,61,0,28,P,19908.6418,1,19908.64554,-136.1
2312,19908.8380,0.2,45,63,0,42,R,19908.8396,1,19908.84276,-142.7
2313,19908.9350,0.4,41,60,0,16,R,19908.9338,1,19908.93737,-70.9
2314,19908.9760,0.2,61,60,0,15,P,19908.9756,2,19908.97908,-92.3
2314,19908.9760,0.2,61,65,0,49,P,19908.9800,2,19908.98220,-185.7
2315,19909.1331,0.4,29,67,0,54,P,19909.1392,1,19909.13817,-152.1
2317,19909.3441,0.2,51,63,0,41,P,19909.3445,1,19909.34794,-115.1
2319,19909.6164,0.4,45,64,0,46,R,19909.6155,1,19909.61773,-40.0
2320,19909.6456,0.4,46,62,0,36,R,19909.6477,1,19909.65152,-177.4
2321,19909.7200,0.3,44,60,0,15,R,19909.7197,1,19909.72333,-99.8
2322,19909.7565,0.4,32,60,0,14,P,19909.7588,1,19909.76208,-167.4
2324,19909.9575,0.3,65,61,0,28,R,19909.9512,2,19909.95497,75.8
2324,19909.9575,0.3,65,62,0,35,P,19909.9648,2,19909.96889,-341.5
2325,19910.1058,0.2,59,69,0,57,P,19910.0991,3,19910.09876,211.0
2325,19910.1058,0.2,59,72,0,60,R,19910.1089,3,19910.10993,-123.8
2325,19910.1058,0.2,59,61,0,27,P,19910.1099,3,19910.11369,-236.7
2326,19910.1987,0.4,34,66,0,52,R,19910.2034,1,19910.20363,-147.8
2327,19910.2505,0.3,34,71,0,59,P,19910.2498,2,19910.25375,-97.3
2327,19910.2505,0.3,34,68,0,56,R,19910.2576,2,19910.25686,-190.7
2328,19910.3146,0.2,48,64,0,45,P,19910.3157,1,19910.31857,-119.0
2329,19910.4556,0.4,38,60,0,14,R,19910.4551,1,19910.45854,-88.2
2330,19910.4891,0.4,37,60,0,13,P,19910.4912,1,19910.49441,-159.2
2331,19910.6511,1.0,17,70,0,58,P,19910.6580,1,19910.66005,-268.2
2332,19910.8279,0.2,46,65,0,49,R,19910.8301,1,19910.83175,-115.4
2333,19910.9225,0.4,29,67,0,54,R,19910.9292,1,19910.92772,-156.3
2334,19911.0766,0.2,53,63,0,41,R,19911.0767,1,19911.08003,-102.8
2335,19911.1395,0.4,41,60,0,13,R,19911.1396,1,19911.14303,-105.8
2336,19911.3402,0.5,45,66,0,51,P,19911.3389,1,19911.33982,11.3
2337,19911.3738,0.2,52,61,0,27,R,19911.3743,1,19911.37804,-127.0
2338,19911.5239,0.2,68,62,0,35,R,19911.5225,2,19911.52656,-79.7
2338,19911.5239,0.2,68,61,0,26,P,19911.5261,2,19911.52988,-179.3
2339,19911.5665,0.3,45,63,0,40,P,19911.5662,1,19911.56985,-100.4
2340,19911.6170,0.9,16,71,0,59,R,19911.6135,1,19911.61837,-41.0
2341,19911.7264,0.3,47,69,0,57,R,19911.7151,2,19911.71492,344.1
2341,19911.7264,0.3,47,65,0,48,P,19911.7346,2,19911.73696,-316.6
2342,19911.7791,0.8,37,60,0,12,R,19911.7734,1,19911.77681,68.6
2343,19911.8234,0.5,50,62,0,34,P,19911.8286,1,19911.83290,-284.9
2346,19912.1178,0.2,51,64,0,45,R,19912.1179,1,19912.12038,-77.5
2347,19912.2883,0.3,37,67,0,53,P,19912.2910,1,19912.29043,-63.9
2348,19912.3605,0.7,39,60,0,11,R,19912.3564,1,19912.35991,17.7
2352,19912.7449,0.2,48,61,0,26,R,19912.7454,1,19912.74904,-124.1
2353,19912.7954,0.3,42,64,0,44,P,19912.7983,1,19912.80157,-185.0
2354,19912.8911,0.3,61,60,0,10,R,19912.8889,2,19912.89234,-37.3
2354,19912.8911,0.3,61,61,0,25,P,19912.8904,2,19912.89414,-91.2
2356,19913.1484,0.3,41,66,0,51,R,19913.1521,1,19913.15249,-122.5
2357,19913.2580,0.2,44,63,0,40,R,19913.2590,1,19913.26240,-132.0
2358,19913.3470,0.3,50,62,0,34,R,19913.3440,1,19913.34816,-34.7
2359,19913.5522,0.3,56,65,0,48,R,19913.5510,3,19913.55301,-24.2
2359,19913.5522,0.3,56,69,0,56,P,19913.5559,3,19913.55549,-98.6
2359,19913.5522,0.3,56,68,0,55,R,19913.5669,3,19913.56619,-419.5
2360,19913.6400,0.2,51,62,0,33,P,19913.6394,1,19913.64367,-109.9
2361,19913.7338,0.2,51,63,0,39,P,19913.7334,1,19913.73712,-99.6
2362,19913.8091,0.5,32,60,0,8,R,19913.8020,2,19913.80528,114.5
2362,19913.8091,0.5,32,60,0,7,P,19913.8218,2,19913.82499,-476.4
2363,19913.9736,0.9,21,71,0,58,P,19913.9739,2,19913.97758,-119.2
2363,19913.9736,0.9,21,72,0,59,R,19913.9783,2,19913.98179,-245.6
2364,19914.0588,0.3,60,67,0,53,R,19914.0542,2,19914.05302,173.2
2364,19914.0588,0.3,60,61,0,25,R,19914.0642,2,19914.06803,-276.6
2366,19914.1975,0.3,56,60,0,7,R,19914.1826,3,19914.18581,350.3
2366,19914.1975,0.3,56,60,0,6,P,19914.1997,3,19914.20298,-164.3
2366,19914.1975,0.3,56,61,0,24,P,19914.2029,3,19914.20652,-270.3
2367,19914.2509,0.3,42,70,0,57,P,19914.2449,2,19914.24659,129.2
2367,19914.2509,0.3,42,66,0,50,P,19914.2585,2,19914.25980,-266.8
2368,19914.4302,0.2,45,65,0,47,P,19914.4314,1,19914.43418,-119.2
2369,19914.5170,0.5,30,60,0,6,R,19914.5125,2,19914.51574,37.7
2369,19914.5170,0.5,30,60,0,5,P,19914.5271,2,19914.53040,-401.7
2370,19914.5615,0.3,41,64,0,44,R,19914.5640,1,19914.56670,-156.0
2371,19914.6084,1.4,6,73,0,59,P,19914.6125,1,19914.62117,-382.9
2373,19914.7940,0.4,29,60,0,5,R,19914.7917,2,19914.79508,-32.3
2373,19914.7940,0.4,29,60,0,4,P,19914.8042,2,19914.80725,-397.2
2374,19915.0227,0.5,23,60,0,4,R,19915.0205,2,19915.02383,-33.8
2374,19915.0227,0.5,23,60,0,3,P,19915.0305,2,19915.03354,-324.9
2375,19915.1164,0.3,59,62,0,33,R,19915.1123,1,19915.11637,0.9
2376,19915.2231,0.3,49,64,0,43,P,19915.2251,1,19915.22855,-163.5
2377,19915.3298,0.2,52,60,0,2,R,19915.3264,4,19915.32961,5.7
2377,19915.3298,0.2,52,71,0,58,R,19915.3284,4,19915.33288,-92.4
2377,19915.3298,0.2,52,60,0,1,P,19915.3313,4,19915.33445,-139.3
2377,19915.3298,0.2,52,61,0,24,R,19915.3313,4,19915.33504,-157.2
2378,19915.3880,0.3,68,67,0,52,P,19915.3823,3,19915.38199,180.3
2378,19915.3880,0.3,68,63,0,39,R,19915.3865,3,19915.38997,-59.1
2378,19915.3880,0.3,68,62,0,32,P,19915.3970,3,19915.40123,-396.7
2379,19915.4634,0.2,46,61,0,23,P,19915.4634,1,19915.46704,-109.2
2382,19915.7263,0.7,20,70,0,57,R,19915.7278,1,19915.73036,-121.7
2383,19915.8453,0.2,44,63,0,38,P,19915.8459,1,19915.84983,-135.8
2384,19916.0367,0.3,34,66,0,50,R,19916.0410,1,19916.04190,-156.0
2386,19916.2127,0.3,44,65,0,47,R,19916.2144,1,19916.21646,-112.7
2390,19916.5462,0.2,50,61,0,23,R,19916.5464,1,19916.55013,-117.7
2391,19916.6711,0.2,40,61,0,22,P,19916.6721,1,19916.67575,-139.5
2392,19916.8225,0.2,50,68,0,54,R,19916.8130,2,19916.81256,297.9
2392,19916.8225,0.2,50,62,0,32,R,19916.8271,2,19916.83127,-262.8
2393,19916.9499,0.2,58,69,0,55,P,19916.9485,2,19916.94794,58.9
2393,19916.9499,0.2,58,64,0,43,R,19916.9539,2,19916.95679,-206.7
2394,19917.1076,0.3,67,62,0,31,P,19917.1013,3,19917.10566,58.1
2394,19917.1076,0.3,67,67,0,52,R,19917.1182,3,19917.11724,-289.1
2394,19917.1076,0.3,67,66,0,49,P,19917.1191,3,19917.12080,-395.7
2397,19917.4582,0.2,43,63,0,38,R,19917.4590,1,19917.46281,-138.2
2398,19917.5960,0.3,44,64,0,42,P,19917.5962,1,19917.59961,-108.3
2399,19917.7095,0.2,42,61,0,22,R,19917.7097,1,19917.71332,-114.4
2400,19917.7614,0.9,22,70,0,56,P,19917.7651,2,19917.76677,-161.1
2400,19917.7614,0.9,22,72,0,58,R,19917.7739,2,19917.77896,-526.6
2401,19917.8287,0.2,46,61,0,21,P,19917.8291,1,19917.83268,-119.4
2402,19917.9042,0.2,49,63,0,37,P,19917.9041,1,19917.90805,-115.5
2404,19918.3427,0.4,33,68,0,53,P,19918.3462,1,19918.34609,-101.6
2405,19918.4102,0.3,37,67,0,51,P,19918.4131,1,19918.41301,-84.3
2406,19918.4900,0.2,56,62,0,31,R,19918.4888,2,19918.49290,-87.0
2406,19918.4900,0.2,56,73,0,58,P,19918.4944,2,19918.50633,-489.4
2409,19918.7527,0.2,44,62,0,30,P,19918.7527,1,19918.75700,-129.0
2410,19918.8194,0.2,61,65,0,46,R,19918.8198,2,19918.82223,-84.8
2410,19918.8194,0.2,61,61,0,21,R,19918.8208,2,19918.82465,-157.5
2411,19918.8688,0.2,41,66,0,49,R,19918.8711,1,19918.87204,-97.1
2412,19918.9347,0.2,41,61,0,20,P,19918.9341,1,19918.93787,-95.0
2413,19918.9751,1.1,15,71,0,57,R,19918.9731,1,19918.97733,-66.8
2416,19919.2290,0.9,17,70,0,56,R,19919.2327,1,19919.23475,-172.4
2417,19919.2859,0.2,40,64,0,42,R,19919.2876,1,19919.29076,-145.7
2418,19919.4772,0.2,52,63,0,37,R,19919.4773,1,19919.48100,-114.0
2420,19919.6525,0.3,45,65,0,45,P,19919.6533,1,19919.65644,-118.1
2422,19919.9107,0.3,69,63,0,36,P,19919.9077,3,19919.91186,-34.7
2422,19919.9107,0.3,69,64,0,41,P,19919.9111,3,19919.91484,-124.1
2422,19919.9107,0.3,69,66,0,48,P,19919.9211,3,19919.92297,-367.8
2423,19919.9893,0.2,56,61,0,19,P,19919.9878,2,19919.99134,-61.1
2423,19919.9893,0.2,56,68,0,53,R,19919.9966,2,19919.99621,-207.1
2424,19920.1016,0.3,54,62,0,30,R,19920.0969,1,19920.10133,8.0
2426,19920.2730,0.6,27,69,0,54,P,19920.2769,1,19920.27638,-101.2
2427,19920.3516,0.2,51,62,0,29,P,19920.3508,1,19920.35531,-111.2
2430,19920.8878,0.2,46,61,0,19,R,19920.8882,1,19920.89191,-123.1
2431,19920.9885,0.3,35,61,0,18,P,19920.9895,1,19920.99312,-138.4
2433,19921.2149,0.4,31,71,0,56,P,19921.2161,2,19921.21885,-118.4
2433,19921.2149,0.4,31,70,0,55,P,19921.2195,2,19921.22094,-181.1
2434,19921.3702,0.3,55,65,0,45,R,19921.3679,2,19921.37044,-7.2
2434,19921.3702,0.3,55,67,0,50,P,19921.3835,2,19921.38368,-404.0
2435,19921.4408,0.3,44,63,0,36,R,19921.4407,1,19921.44462,-114.7
2436,19921.4888,0.4,32,68,0,52,P,19921.4917,2,19921.49183,-90.9
2436,19921.4888,0.4,32,72,0,57,R,19921.4968,2,19921.50251,-411.1
2437,19921.5649,0.2,47,64,0,41,R,19921.5652,1,19921.56870,-113.9
2438,19921.6474,0.3,59,66,0,48,R,19921.6416,2,19921.64304,130.6
2438,19921.6474,0.3,59,62,0,29,R,19921.6523,2,19921.65662,-276.4
2440,19921.8494,0.3,64,61,0,18,R,19921.8442,2,19921.84789,45.3
2440,19921.8494,0.3,64,63,0,35,P,19921.8572,2,19921.86131,-357.2
2441,19921.8961,0.4,42,62,0,28,P,19921.8962,1,19921.90063,-135.9
2442,19921.9395,0.2,41,61,0,17,P,19921.9397,1,19921.94324,-112.1
2444,19922.1726,0.2,57,64,0,40,P,19922.1704,2,19922.17432,-51.7
2444,19922.1726,0.2,57,65,0,44,P,19922.1785,2,19922.18171,-273.2
2445,19922.2961,2.1,9,73,0,57,P,19922.3010,1,19922.31480,-560.7
2447,19922.5431,2.3,14,71,0,56,R,19922.5486,1,19922.55228,-275.3
2448,19922.6638,0.3,51,66,0,47,P,19922.6643,2,19922.66644,-79.2
2448,19922.6638,0.3,51,70,0,55,R,19922.6707,2,19922.67240,-257.9
2449,19922.7481,0.2,42,61,0,17,R,19922.7485,1,19922.75215,-121.4
2450,19922.8374,0.2,32,61,0,16,P,19922.8381,1,19922.84173,-129.8
2453,19923.0591,0.4,30,67,0,50,R,19923.0635,1,19923.06317,-121.9
2454,19923.1130,0.5,28,68,0,52,R,19923.1174,1,19923.11735,-130.5
2455,19923.1544,0.2,42,62,0,28,R,19923.1543,1,19923.15882,-132.4
2456,19923.3511,0.3,53,73,0,57,R,19923.3362,2,19923.34476,190.2
2456,19923.3511,0.3,53,63,0,35,R,19923.3496,2,19923.35375,-79.4
2457,19923.3880,0.3,47,62,0,27,P,19923.3887,1,19923.39302,-150.6
2458,19923.5396,0.4,29,69,0,53,P,19923.5415,1,19923.54106,-43.9
2459,19923.6004,0.3,35,61,0,16,R,19923.6011,1,19923.60472,-129.6
2460,19923.6848,0.3,38,61,0,15,P,19923.6851,1,19923.68861,-114.2
2461,19923.7545,0.3,44,63,0,34,P,19923.7522,1,19923.75649,-59.7
2462,19923.7841,0.6,40,64,0,40,R,19923.7871,1,19923.79070,-198.0
2463,19923.8565,0.3,36,65,0,44,R,19923.8584,1,19923.86121,-141.3
2464,19923.9549,2.1,10,72,0,56,P,19923.9575,1,19923.96314,-247.0
2467,19924.2920,0.3,38,67,0,49,P,19924.2937,1,19924.29414,-64.2
2468,19924.3672,0.9,57,66,0,47,R,19924.3535,2,19924.35506,363.9
2468,19924.3672,0.9,57,64,0,39,P,19924.3740,2,19924.37815,-328.3
2469,19924.4794,0.3,30,61,0,14,P,19924.4805,1,19924.48390,-135.0
2470,19924.6030,0.4,56,62,0,27,R,19924.6035,2,19924.60797,-149.0
2470,19924.6030,0.4,56,70,0,54,P,19924.6082,2,19924.60942,-192.6
2471,19924.6465,0.3,44,65,0,43,P,19924.6462,1,19924.64989,-101.6
2472,19924.7328,0.8,17,71,0,55,P,19924.7349,1,19924.73722,-132.6
2473,19924.8280,0.2,41,62,0,26,P,19924.8281,1,19924.83252,-135.5
2474,19925.0727,0.4,28,69,0,53,R,19925.0764,1,19925.07593,-96.9
2475,19925.1504,0.2,37,72,0,56,R,19925.1475,2,19925.15335,-88.6
2475,19925.1504,0.2,37,61,0,14,R,19925.1514,2,19925.15490,-134.9
2476,19925.2095,0.4,51,63,0,34,R,19925.2043,2,19925.20845,31.5
2476,19925.2095,0.4,51,61,0,13,P,19925.2241,2,19925.22763,-543.6
2477,19925.3465,0.3,33,66,0,46,P,19925.3491,1,19925.35135,-145.4
2479,19925.5933,0.2,49,63,0,33,P,19925.5930,1,19925.59745,-124.4
2481,19925.8487,0.3,37,61,0,13,R,19925.8491,1,19925.85256,-115.7
2482,19925.9489,0.3,60,67,0,49,R,19925.9453,2,19925.94523,110.1
2482,19925.9489,0.3,60,64,0,39,R,19925.9531,2,19925.95687,-238.9
2483,19926.0014,0.2,45,62,0,26,R,19925.9998,1,19926.00413,-81.9
2484,19926.0396,0.9,29,73,0,56,P,19926.0337,2,19926.04801,-252.0
2484,19926.0396,0.9,29,70,0,54,R,19926.0420,2,19926.04368,-122.4
2485,19926.1751,0.5,36,68,0,51,R,19926.1763,1,19926.17622,-33.5
2486,19926.2153,0.2,46,62,0,25,P,19926.2146,1,19926.21917,-116.0
2487,19926.2905,0.2,44,65,0,43,R,19926.2915,1,19926.29466,-124.9
2489,19926.5189,0.7,43,64,0,38,P,19926.5222,1,19926.52641,-225.0
2491,19926.7373,0.6,21,69,0,52,P,19926.7424,1,19926.74224,-148.2
2494,19927.0041,0.2,64,63,0,33,R,19927.0046,2,19927.00880,-140.8
2494,19927.0041,0.2,64,66,0,46,R,19927.0063,2,19927.00824,-124.1
2495,19927.0590,0.3,41,65,0,42,P,19927.0574,2,19927.06108,-62.2
2495,19927.0590,0.3,41,73,0,56,R,19927.0691,2,19927.08103,-660.5
2496,19927.1419,0.2,42,67,0,48,P,19927.1438,2,19927.14457,-80.1
2496,19927.1419,0.2,42,61,0,10,P,19927.1462,2,19927.14962,-231.5
2498,19927.3438,0.3,49,62,0,25,R,19927.3430,1,19927.34735,-106.6
2499,19927.3783,0.4,39,63,0,32,P,19927.3799,1,19927.38426,-178.6
2501,19927.5484,0.2,44,72,0,55,P,19927.5442,2,19927.54927,-26.0
2501,19927.5484,0.2,44,62,0,24,P,19927.5486,2,19927.55301,-138.3
2502,19927.5944,0.4,27,68,0,50,P,19927.5974,1,19927.59794,-106.1
2503,19927.6312,0.4,24,61,0,10,R,19927.6326,1,19927.63609,-146.5
2504,19927.6828,0.4,25,61,0,9,P,19927.6838,1,19927.68727,-134.2
2506,19927.9327,0.9,26,70,0,53,P,19927.9314,1,19927.93253,5.2
2507,19927.9745,0.2,41,66,0,45,P,19927.9753,1,19927.97782,-99.5
2508,19928.0624,0.2,40,64,0,38,R,19928.0632,1,19928.06728,-146.4
2509,19928.1236,0.4,29,61,0,9,R,19928.1240,1,19928.12751,-117.3
2510,19928.1723,0.4,27,61,0,8,P,19928.1699,2,19928.17345,-34.3
2510,19928.1723,0.4,27,71,0,54,P,19928.1858,2,19928.18799,-470.3
2511,19928.2497,0.6,22,69,0,52,R,19928.2559,1,19928.25545,-172.3
2513,19928.5645,0.6,25,61,0,8,R,19928.5640,1,19928.56743,-87.7
2514,19928.6182,0.5,61,61,0,7,P,19928.6047,2,19928.60815,301.4
2514,19928.6182,0.5,61,64,0,37,P,19928.6147,2,19928.61917,-29.0
2515,19928.6649,0.5,37,65,0,42,R,19928.6675,1,19928.67090,-180.0
2516,19928.7527,0.3,53,63,0,32,R,19928.7505,2,19928.75485,-64.5
2516,19928.7527,0.3,53,67,0,48,R,19928.7666,2,19928.76692,-426.3
2517,19928.8300,0.2,43,62,0,23,P,19928.8296,1,19928.83410,-122.8
2519,19928.9518,0.5,25,61,0,7,R,19928.9524,1,19928.95584,-121.1
2520,19929.1123,0.2,49,63,0,31,P,19929.1125,1,19929.11697,-140.0
2521,19929.1679,0.4,24,68,0,50,R,19929.1729,1,19929.17301,-153.3
2523,19929.3315,2.2,26,61,0,5,P,19929.3198,1,19929.32318,249.4
2524,19929.4109,0.3,43,65,0,41,P,19929.4114,1,19929.41537,-134.1
2525,19929.4915,1.0,13,71,0,54,R,19929.4929,1,19929.49576,-127.7
2526,19929.5961,0.4,48,61,0,4,P,19929.6001,2,19929.60353,-222.8
2526,19929.5961,0.4,48,66,0,45,R,19929.6006,2,19929.60271,-198.0
2527,19929.6955,1.4,9,73,0,55,P,19929.6929,1,19929.70709,-347.5
2528,19929.8160,0.9,19,61,0,4,R,19929.8088,2,19929.81223,112.9
2528,19929.8160,0.9,19,61,0,3,P,19929.8291,2,19929.83244,-493.0
2529,19929.8724,0.2,56,62,0,23,R,19929.8706,2,19929.87515,-82.5
2529,19929.8724,0.2,56,69,0,51,P,19929.8801,2,19929.88015,-232.3
2530,19929.9317,0.3,36,67,0,47,P,19929.9341,1,19929.93511,-102.2
2531,19929.9924,0.8,15,61,0,3,R,19929.9915,2,19929.99478,-71.5
2531,19929.9924,0.8,15,61,0,2,P,19930.0066,2,19930.00992,-525.3
2532,19930.0578,0.2,38,62,0,22,P,19930.0581,1,19930.06245,-139.4
2533,19930.1185,0.2,49,64,0,37,R,19930.1179,3,19930.12203,-105.9
2533,19930.1185,0.2,49,61,0,2,R,19930.1226,3,19930.12589,-221.5
2533,19930.1185,0.2,49,61,0,1,P,19930.1326,3,19930.13597,-523.9
2535,19930.4428,0.2,48,63,0,31,R,19930.4424,1,19930.44669,-116.5
2536,19930.5473,0.3,48,66,0,44,P,19930.5432,2,19930.54597,39.8
2536,19930.5473,0.3,48,68,0,49,P,19930.5579,2,19930.55868,-341.2
2537,19930.6520,0.2,40,64,0,36,P,19930.6521,1,19930.65651,-135.3
2538,19930.7268,2.5,7,73,0,55,R,19930.7268,1,19930.74062,-414.2
2539,19930.7911,0.2,38,63,0,30,P,19930.7910,1,19930.79564,-136.2
2541,19930.9863,0.3,45,65,0,41,R,19930.9863,1,19930.99004,-112.0
2542,19931.0553,0.2,41,62,0,22,R,19931.0554,2,19931.05981,-135.3
2542,19931.0553,0.2,41,72,0,54,P,19931.0608,2,19931.06545,-304.3
2544,19931.1844,0.9,23,70,0,52,P,19931.1895,1,19931.19054,-184.2
2545,19931.2332,0.3,43,62,0,21,P,19931.2336,1,19931.23812,-147.4
2546,19931.3677,0.5,27,69,0,51,R,19931.3716,1,19931.37119,-104.8
2547,19931.5262,0.3,38,67,0,47,R,19931.5278,1,19931.52840,-66.1
2548,19931.5698,0.7,18,71,0,53,P,19931.5696,1,19931.57154,-52.0
2550,19931.7078,0.2,37,65,0,40,P,19931.7087,1,19931.71287,-152.1
2553,19932.1157,0.5,58,68,0,49,R,19932.1074,2,19932.10794,232.7
2553,19932.1157,0.5,58,64,0,36,R,19932.1169,2,19932.12120,-164.9
2554,19932.1884,0.2,43,62,0,21,R,19932.1873,1,19932.19171,-99.2
2555,19932.2349,1.7,7,72,0,54,R,19932.2346,1,19932.24005,-154.4
2556,19932.3565,0.2,36,62,0,20,P,19932.3567,1,19932.36113,-138.8
2557,19932.4160,0.2,46,63,0,29,P,19932.4158,1,19932.42034,-130.1
2558,19932.5842,0.9,20,70,0,52,R,19932.5872,1,19932.58849,-128.7
2559,19932.6378,0.4,50,64,0,35,P,19932.6338,1,19932.63852,-21.6
2562,19932.8613,0.8,18,71,0,53,R,19932.8628,1,19932.86522,-117.4
2563,19932.9501,0.5,22,69,0,50,P,19932.9548,1,19932.95500,-147.0
2564,19933.0515,0.3,40,66,0,43,P,19933.0530,1,19933.05593,-132.8
2565,19933.2563,0.4,51,65,0,40,R,19933.2483,2,19933.25217,123.8
2565,19933.2563,0.4,51,62,0,20,R,19933.2664,2,19933.27087,-436.8
2566,19933.4307,0.4,46,62,0,19,P,19933.4270,1,19933.43152,-24.6
2569,19933.6641,0.2,47,63,0,29,R,19933.6633,1,19933.66793,-114.8
2572,19933.9507,0.3,44,65,0,39,P,19933.9495,1,19933.95368,-89.3
2573,19933.9860,0.4,37,63,0,28,P,19933.9863,1,19933.99111,-153.1
2574,19934.0610,0.2,45,64,0,35,R,19934.0603,1,19934.06486,-115.9
2575,19934.2259,0.3,31,67,0,46,R,19934.2290,1,19934.22984,-118.1
2576,19934.2931,0.3,43,62,0,19,R,19934.2927,1,19934.29734,-127.1
2577,19934.3845,0.8,25,70,0,51,P,19934.3828,1,19934.38376,22.3
2578,19934.4392,0.5,35,62,0,18,P,19934.4448,1,19934.44932,-303.4
2579,19934.5104,1.1,14,72,0,53,P,19934.5078,1,19934.51221,-54.4
2580,19934.5605,0.2,40,64,0,34,P,19934.5603,1,19934.56526,-142.6
2581,19934.6125,0.3,39,66,0,43,R,19934.6133,1,19934.61604,-106.2
2583,19934.8808,0.7,18,74,0,54,P,19934.8809,2,19933.15666,51688.5
2583,19934.8808,0.7,18,71,0,52,P,19934.8867,2,19934.88823,-222.8
2584,19934.9767,0.4,26,68,0,48,R,19934.9805,1,19934.98119,-134.5
2587,19935.1929,0.2,40,63,0,28,R,19935.1929,1,19935.19746,-136.6
2588,19935.2665,0.2,35,62,0,18,R,19935.2666,1,19935.27115,-139.4
2589,19935.3341,0.3,34,67,0,45,P,19935.3354,1,19935.33711,-90.1
2590,19935.4126,0.3,40,62,0,17,P,19935.4099,1,19935.41456,-58.8
2591,19935.4537,0.3,46,65,0,39,R,19935.4534,1,19935.45740,-111.0
2592,19935.5034,0.2,56,63,0,27,P,19935.5034,2,19935.50800,-137.9
2592,19935.5034,0.2,56,66,0,42,P,19935.5046,2,19935.50781,-132.1
2593,19935.6763,0.8,16,72,0,53,R,19935.6721,1,19935.67726,-28.9
2594,19935.7588,0.6,23,74,0,54,R,19935.7544,2,19933.20399,76591.3
2594,19935.7588,0.6,23,70,0,51,R,19935.7615,2,19935.76266,-115.6
2595,19935.9519,0.3,49,64,0,34,R,19935.9485,2,19935.95311,-36.2
2595,19935.9519,0.3,49,69,0,49,P,19935.9668,2,19935.96702,-453.3
2597,19936.1347,0.3,41,65,0,38,P,19936.1333,1,19936.13787,-95.2
2598,19936.1861,0.3,41,62,0,17,R,19936.1877,1,19936.19233,-186.9
2599,19936.2981,0.8,35,68,0,47,P,19936.2949,1,19936.29643,50.1
2600,19936.4326,0.2,45,64,0,33,P,19936.4319,1,19936.43680,-125.8
2602,19936.6685,0.2,47,63,0,27,R,19936.6682,1,19936.67300,-134.8
2603,19936.7962,1.0,12,73,0,53,P,19936.7939,1,19936.80668,-314.2
2604,19936.8683,0.3,36,67,0,45,R,19936.8701,1,19936.87137,-92.1
2605,19936.9667,0.2,38,63,0,26,P,19936.9663,1,19936.97106,-130.8
2606,19937.0400,1.0,39,66,0,42,R,19937.0322,1,19937.03516,145.0
2607,19937.1831,0.3,35,62,0,15,P,19937.1829,1,19937.18747,-131.1
2609,19937.4096,0.5,29,69,0,49,R,19937.4124,1,19937.41237,-83.0
2610,19937.5067,0.7,18,70,0,50,P,19937.5112,1,19937.51242,-171.6
2611,19937.6006,0.3,35,65,0,38,R,19937.6018,1,19937.60584,-157.0
2612,19937.7845,0.2,59,64,0,33,R,19937.7812,2,19937.78600,-45.0
2612,19937.7845,0.2,59,68,0,47,R,19937.7920,2,19937.79294,-253.1
2613,19937.8828,0.8,52,62,0,15,R,19937.8723,2,19937.87695,175.3
2613,19937.8828,0.8,52,72,0,52,P,19937.8860,2,19937.89005,-217.3
2614,19937.9451,0.3,30,67,0,44,P,19937.9468,1,19937.94884,-112.1
2615,19937.9905,0.3,26,62,0,14,P,19937.9907,1,19937.99520,-140.8
2616,19938.0910,0.3,39,63,0,26,R,19938.0898,1,19938.09461,-108.1
2617,19938.1360,0.6,18,71,0,51,P,19938.1370,1,19938.13842,-72.5
2618,19938.2544,0.3,57,64,0,32,P,19938.2480,2,19938.25321,35.8
2618,19938.2544,0.3,57,65,0,37,P,19938.2610,2,19938.26555,-334.3
2620,19938.3764,0.2,44,63,0,25,P,19938.3755,1,19938.38035,-118.4
2622,19938.4636,1.7,6,74,0,53,P,19938.4690,1,19937.04263,42599.7
2624,19938.6357,0.3,30,62,0,14,R,19938.6360,1,19938.64044,-142.2
2625,19938.7461,0.3,33,62,0,13,P,19938.7458,1,19938.75046,-130.7
2626,19938.8671,1.0,19,70,0,50,R,19938.8706,1,19938.87172,-138.6
2627,19938.9118,0.4,20,69,0,48,P,19938.9160,1,19938.91640,-138.0
2628,19939.0662,0.5,27,68,0,46,P,19939.0720,1,19939.07377,-227.0
2629,19939.3488,0.5,38,74,0,53,R,19939.3455,2,19937.20692,64212.1
2629,19939.3488,0.5,38,62,0,13,R,19939.3469,2,19939.35143,-78.7
2630,19939.3939,0.2,49,66,0,41,R,19939.3931,2,19939.39608,-65.2
2630,19939.3939,0.2,49,71,0,51,R,19939.3999,2,19939.40167,-232.8
2631,19939.4530,0.2,60,62,0,12,P,19939.4487,3,19939.45328,-8.5
2631,19939.4530,0.2,60,67,0,44,R,19939.4517,3,19939.45316,-4.7
2631,19939.4530,0.2,60,63,0,25,R,19939.4575,3,19939.46233,-279.7
2632,19939.5586,0.2,37,64,0,32,R,19939.5586,1,19939.56362,-150.5
2633,19939.6941,0.3,45,65,0,37,R,19939.6931,1,19939.69756,-103.7
2634,19939.7299,0.4,34,63,0,24,P,19939.7310,1,19939.73590,-180.0
2637,19940.0082,0.2,55,62,0,12,R,19940.0054,2,19940.00992,-51.6
2637,19940.0082,0.2,55,64,0,31,P,19940.0093,2,19940.01455,-190.4
2638,19940.0991,0.3,28,62,0,11,P,19940.0991,1,19940.10369,-137.6
2639,19940.2328,0.3,37,66,0,40,P,19940.2341,2,19940.23775,-148.4
2639,19940.2328,0.3,37,73,0,52,P,19940.2371,2,19940.24876,-478.5
2640,19940.3319,0.2,47,65,0,36,P,19940.3320,2,19940.33679,-146.6
2640,19940.3319,0.2,47,69,0,48,R,19940.3381,2,19940.33825,-190.3
2641,19940.4988,0.4,38,67,0,43,P,19940.4988,1,19940.50124,-73.1
2642,19940.5422,0.5,31,68,0,46,R,19940.5422,1,19940.54339,-35.6
2643,19940.5751,1.9,23,70,0,49,P,19940.5757,1,19940.57680,-51.0
2644,19940.6119,0.4,28,62,0,11,R,19940.6113,1,19940.61596,-121.7
2645,19940.6970,0.4,21,62,0,10,P,19940.6973,1,19940.70170,-140.8
2646,19940.7715,0.2,37,63,0,24,R,19940.7715,1,19940.77623,-141.7
2649,19941.0336,0.2,42,63,0,23,P,19941.0327,1,19941.03777,-124.9
2650,19941.1663,0.5,27,62,0,10,R,19941.1650,1,19941.16955,-97.5
2651,19941.2818,0.3,46,64,0,31,R,19941.2810,1,19941.28603,-126.9
2655,19941.7206,0.6,57,64,0,30,P,19941.7156,2,19941.72089,-8.7
2655,19941.7206,0.6,57,65,0,36,R,19941.7283,2,19941.73267,-361.8
2656,19941.7917,0.4,44,68,0,45,P,19941.7883,2,19941.79031,41.8
2656,19941.7917,0.4,44,69,0,47,P,19941.8025,2,19941.80335,-349.3
2657,19941.9132,0.6,23,70,0,49,R,19941.9148,1,19941.91597,-83.1
2658,19941.9720,0.3,39,67,0,43,R,19941.9736,2,19941.97533,-99.8
2658,19941.9720,0.3,39,74,0,52,P,19941.9824,2,19940.97482,29894.8
2659,19942.0323,0.2,43,63,0,23,R,19942.0315,1,19942.03633,-120.9
2660,19942.1150,0.4,19,62,0,8,R,19942.1150,1,19942.11950,-134.9
2661,19942.1774,0.5,19,62,0,7,P,19942.1770,1,19942.18147,-122.0
2663,19942.2819,0.3,34,63,0,22,P,19942.2810,1,19942.28598,-122.3
2664,19942.3461,0.3,46,72,0,51,R,19942.3379,2,19942.34234,112.6
2664,19942.3461,0.3,46,65,0,35,P,19942.3467,2,19942.35168,-167.2
2666,19942.5119,0.2,50,62,0,7,R,19942.5115,2,19942.51589,-119.5
2666,19942.5119,0.2,50,66,0,39,P,19942.5122,2,19942.51603,-123.8
2667,19942.5642,0.4,23,62,0,6,P,19942.5654,2,19942.57002,-174.5
2667,19942.5642,0.4,23,71,0,50,R,19942.5676,2,19942.56941,-156.2
2669,19942.8560,0.5,19,62,0,6,R,19942.8555,2,19942.85990,-117.0
2669,19942.8560,0.5,19,74,0,52,R,19942.8601,2,19941.13573,51572.5
2670,19942.9034,0.6,16,62,0,5,P,19942.9016,1,19942.90624,-85.0
2671,19942.9496,0.3,38,64,0,30,R,19942.9482,1,19942.95331,-111.1
2672,19942.9899,0.4,29,67,0,42,P,19942.9917,1,19942.99443,-135.9
2673,19943.1503,0.9,20,62,0,5,R,19943.1470,1,19943.15156,-37.7
2674,19943.2046,1.9,40,69,0,47,R,19943.2009,1,19943.20128,99.5
2675,19943.2327,0.3,50,68,0,45,R,19943.2312,2,19943.23269,0.2
2675,19943.2327,0.3,50,63,0,22,R,19943.2378,2,19943.24270,-299.9
2676,19943.3700,0.3,46,64,0,29,P,19943.3667,1,19943.37229,-68.6
2677,19943.4768,0.2,38,63,0,21,P,19943.4756,1,19943.48058,-113.5
2678,19943.5746,0.5,31,62,0,3,R,19943.5732,2,19943.57784,-97.1
2678,19943.5746,0.5,31,70,0,48,P,19943.5757,2,19943.57713,-75.8
2679,19943.7069,0.2,46,65,0,35,R,19943.7065,2,19943.71125,-130.3
2679,19943.7069,0.2,46,62,0,2,R,19943.7080,2,19943.71248,-167.3
2680,19943.7926,5.3,5,62,0,1,R,19943.7903,1,19943.79480,-66.0
2682,19943.9397,0.3,40,66,0,39,R,19943.9402,1,19943.94374,-121.2
2686,19944.3053,0.2,35,65,0,34,P,19944.3054,1,19944.31029,-149.6
2687,19944.3945,0.4,45,63,0,21,R,19944.3904,1,19944.39538,-26.4
2688,19944.4357,0.3,55,67,0,42,R,19944.4360,4,19944.43803,-69.8
2688,19944.4357,0.3,55,72,0,50,P,19944.4375,4,19944.44069,-149.6
2688,19944.4357,0.3,55,71,0,49,P,19944.4392,4,19944.44054,-145.2
2688,19944.4357,0.3,55,68,0,44,P,19944.4441,4,19944.44619,-314.4
2689,19944.5619,0.2,46,64,0,29,R,19944.5603,1,19944.56551,-108.2
2690,19944.6191,0.2,46,63,0,20,P,19944.6167,3,19944.62162,-75.4
2690,19944.6191,0.2,46,73,0,51,R,19944.6240,3,19944.63681,-530.9
2690,19944.6191,0.2,46,69,0,46,P,19944.6272,3,19944.62805,-268.3
2691,19944.7320,0.3,33,66,0,38,P,19944.7327,1,19944.73665,-139.4
2692,19944.8894,0.7,19,70,0,48,R,19944.8945,1,19944.89567,-187.9
2693,19944.9639,0.3,34,64,0,28,P,19944.9634,1,19944.96880,-147.0
2696,19945.4245,0.3,39,74,0,51,P,19945.4221,2,19944.83287,17736.5
2696,19945.4245,0.3,39,67,0,41,P,19945.4258,2,19945.42854,-121.2
2697,19945.4892,0.3,30,63,0,20,R,19945.4895,1,19945.49440,-155.9
2698,19945.5666,1.1,10,72,0,50,R,19945.5674,1,19945.57123,-138.7
2699,19945.6299,0.3,38,65,0,34,R,19945.6287,1,19945.63338,-104.4
2700,19945.7048,0.3,37,63,0,19,P,19945.7041,1,19945.70911,-129.3
2701,19945.8560,0.4,25,68,0,44,R,19945.8594,1,19945.86102,-150.5
2702,19945.9967,0.5,22,69,0,46,R,19946.0012,1,19946.00167,-149.1
2703,19946.1208,0.2,52,64,0,28,R,19946.1172,2,19946.12270,-57.1
2703,19946.1208,0.2,52,66,0,38,R,19946.1272,2,19946.13071,-297.1
2704,19946.2088,0.3,42,65,0,33,P,19946.2075,1,19946.21270,-117.0
2706,19946.2943,2.0,5,74,0,51,R,19946.2991,1,19944.87276,42616.8
2708,19946.5100,0.4,57,64,0,27,P,19946.5049,2,19946.51049,-14.6
2708,19946.5100,0.4,57,70,0,47,P,19946.5122,2,19946.51363,-108.9
2711,19946.7382,0.3,30,63,0,18,P,19946.7380,1,19946.74310,-147.0
2712,19946.8388,0.3,36,67,0,41,R,19946.8391,1,19946.84139,-77.5
2713,19946.8958,0.3,41,66,0,37,P,19946.8955,1,19946.89971,-117.1
2714,19947.0377,0.3,32,68,0,43,P,19947.0391,1,19947.04156,-115.8
2718,19947.3880,0.4,28,69,0,45,P,19947.3894,1,19947.39068,-80.4
2719,19947.4947,0.3,50,71,0,48,P,19947.4917,2,19947.49308,48.7
2719,19947.4947,0.3,50,65,0,33,R,19947.4941,2,19947.49916,-133.6
2720,19947.6186,0.3,46,72,0,49,P,19947.6113,2,19947.61430,128.8
2720,19947.6186,0.3,46,64,0,27,R,19947.6194,2,19947.62495,-190.3
2721,19947.7198,0.3,35,63,0,17,P,19947.7185,1,19947.72363,-114.7
2722,19947.8016,0.3,42,67,0,40,P,19947.8005,2,19947.80369,-62.6
2722,19947.8016,0.3,42,70,0,47,R,19947.8098,2,19947.81106,-283.7
2723,19947.9179,1.2,7,73,0,50,R,19947.9182,1,19947.92994,-361.0
2724,19947.9927,0.3,34,64,0,26,P,19947.9917,1,19947.99739,-140.7
2725,19948.0539,0.3,34,65,0,32,P,19948.0537,1,19948.05899,-152.7
2726,19948.2561,0.3,40,66,0,37,R,19948.2561,1,19948.25991,-114.3
2727,19948.4263,0.4,34,68,0,43,R,19948.4265,1,19948.42853,-66.9
2728,19948.4663,0.3,34,63,0,17,R,19948.4648,1,19948.46993,-108.7
2729,19948.6461,0.3,28,63,0,16,P,19948.6455,1,19948.65071,-138.1
2730,19948.7330,0.6,36,72,0,49,R,19948.7280,2,19948.73162,41.4
2730,19948.7330,0.6,36,69,0,45,R,19948.7388,2,19948.73962,-198.3
2731,19948.7844,1.5,4,74,0,50,P,19948.7883,1,19948.61679,5024.7
2733,19949.0005,0.3,33,66,0,36,P,19949.0010,1,19949.00529,-143.6
2734,19949.0672,0.3,34,64,0,26,R,19949.0667,1,19949.07230,-152.9
2735,19949.1805,0.3,30,67,0,40,R,19949.1829,1,19949.18553,-150.7
2736,19949.3040,0.3,36,65,0,32,R,19949.3037,1,19949.30865,-139.4
2737,19949.3530,0.3,33,63,0,16,R,19949.3496,1,19949.35471,-51.2
2738,19949.4257,0.2,39,64,0,25,P,19949.4236,1,19949.42958,-116.2
2739,19949.5199,0.3,34,63,0,15,P,19949.5193,1,19949.52437,-134.1
2740,19949.5709,0.3,26,68,0,42,P,19949.5737,1,19949.57657,-170.0
2742,19949.8449,0.3,39,65,0,31,P,19949.8440,1,19949.84923,-129.8
2743,19950.1125,0.7,41,67,0,39,P,19950.1167,1,19950.11998,-224.3
2744,19950.1813,0.3,32,63,0,15,R,19950.1809,1,19950.18602,-141.4
2745,19950.3317,0.3,44,66,0,36,R,19950.3274,2,19950.33144,7.7
2745,19950.3317,0.3,44,63,0,14,P,19950.3396,2,19950.34465,-388.3
2746,19950.4624,0.3,47,64,0,25,R,19950.4590,1,19950.46482,-72.5
2748,19950.6561,0.7,19,70,0,46,R,19950.6609,1,19950.66240,-188.8
2749,19950.7145,1.1,14,72,0,48,P,19950.7180,1,19950.72060,-182.9
2750,19950.8014,0.3,33,64,0,24,P,19950.8013,1,19950.80708,-170.4
2751,19950.9362,1.0,30,68,0,42,R,19950.9331,1,19950.93538,24.6
2752,19951.0537,0.2,59,66,0,35,P,19951.0491,2,19951.05349,6.3
2752,19951.0537,0.2,59,65,0,31,R,19951.0569,2,19951.06194,-247.0
2753,19951.1087,0.3,31,63,0,13,P,19951.1064,1,19951.11157,-86.0
2754,19951.4107,0.6,24,69,0,44,R,19951.4143,1,19951.41530,-137.9
2755,19951.4673,0.3,36,67,0,39,R,19951.4678,1,19951.47058,-98.2
2756,19951.5791,0.3,33,65,0,30,P,19951.5781,1,19951.58348,-131.3
2757,19951.6806,0.3,39,71,0,47,R,19951.6736,2,19951.67481,173.7
2757,19951.6806,0.3,39,63,0,13,R,19951.6831,2,19951.68832,-231.5
2758,19951.8029,0.5,42,64,0,24,R,19951.7969,1,19951.80255,10.4
2761,19952.0483,0.3,36,68,0,41,P,19952.0483,1,19952.05135,-91.5
2762,19952.1259,0.3,37,64,0,23,P,19952.1240,1,19952.12996,-121.7
2763,19952.1928,0.5,23,70,0,45,P,19952.1943,1,19952.19604,-97.1
2765,19952.3484,0.4,51,66,0,35,R,19952.3413,2,19952.34540,89.9
2765,19952.3484,0.4,51,63,0,12,R,19952.3542,2,19952.35938,-329.1
2766,19952.4810,0.4,25,63,0,11,P,19952.4802,1,19952.48541,-132.1
2767,19952.7442,1.1,38,65,0,30,R,19952.7539,1,19952.75910,-446.5
2769,19952.9704,0.4,29,63,0,11,R,19952.9717,1,19952.97707,-199.9
2770,19953.0422,0.4,34,66,0,34,P,19953.0398,1,19953.04439,-65.8
2771,19953.0833,0.2,47,64,0,23,R,19953.0796,2,19953.08556,-67.7
2771,19953.0833,0.2,47,63,0,10,P,19953.0872,2,19953.09237,-271.8
2772,19953.2580,0.3,39,65,0,29,P,19953.2563,1,19953.26181,-114.2
2773,19953.3046,1.0,10,73,0,48,P,19953.3059,1,19953.31363,-270.7
2774,19953.3874,0.3,53,68,0,41,R,19953.3792,3,19953.38171,170.6
2774,19953.3874,0.3,53,64,0,22,P,19953.3921,3,19953.39825,-325.3
2774,19953.3874,0.3,53,71,0,46,P,19953.4011,3,19953.40244,-450.9
2775,19953.4470,0.5,25,70,0,45,R,19953.4485,1,19953.44990,-86.8
2776,19953.5367,0.4,20,63,0,10,R,19953.5361,1,19953.54142,-141.4
2777,19953.6424,0.5,24,63,0,9,P,19953.6409,1,19953.64604,-109.2
2778,19953.6923,0.3,30,67,0,38,R,19953.6936,1,19953.69665,-130.4
2779,19953.7554,1.0,14,72,0,47,P,19953.7573,1,19953.75992,-135.6
2780,19954.0334,0.6,36,69,0,43,R,19954.0276,2,19954.02891,134.7
2780,19954.0334,0.6,36,63,0,9,R,19954.0471,2,19954.05244,-570.9
2781,19954.1414,0.5,17,63,0,8,P,19954.1411,1,19954.14645,-151.4
2782,19954.3018,0.2,51,73,0,48,R,19954.2944,3,19954.30404,-67.0
2782,19954.3018,0.2,51,66,0,34,R,19954.2976,3,19954.30188,-2.4
2782,19954.3018,0.2,51,64,0,22,R,19954.3079,3,19954.31388,-362.3
2783,19954.3963,0.3,39,65,0,29,R,19954.3948,1,19954.40019,-116.6
2784,19954.4613,0.4,25,68,0,40,P,19954.4629,1,19954.46603,-141.9
2785,19954.5072,0.4,18,63,0,8,R,19954.5049,1,19954.51017,-89.0
2786,19954.5787,0.4,51,67,0,37,P,19954.5725,3,19954.57645,67.5
2786,19954.5787,0.4,51,71,0,46,R,19954.5769,3,19954.57834,10.7
2786,19954.5787,0.4,51,63,0,7,P,19954.5884,3,19954.59361,-446.9
2787,19954.8808,0.5,34,65,0,28,P,19954.8787,1,19954.88428,-104.4
2788,19954.9217,2.1,27,63,0,7,R,19954.9092,1,19954.91461,212.6
2789,19954.9762,0.3,42,66,0,33,P,19954.9734,2,19954.97809,-56.6
2789,19954.9762,0.3,42,63,0,6,P,19954.9822,2,19954.98752,-339.4
2792,19955.2672,1.8,20,63,0,6,R,19955.2605,1,19955.26578,42.6
2793,19955.3061,0.4,32,74,0,48,P,19955.3047,2,19955.30932,-96.6
2793,19955.3061,0.4,32,69,0,42,P,19955.3059,2,19955.30787,-53.1
2794,19955.4825,0.3,37,64,0,21,R,19955.4817,1,19955.48757,-152.1
2795,19955.5602,0.6,15,63,0,5,R,19955.5583,1,19955.56369,-104.8
2796,19955.6099,1.1,8,63,0,4,P,19955.6104,1,19955.61567,-172.9
2798,19955.7648,0.2,46,64,0,20,P,19955.7649,2,19955.77125,-193.4
2798,19955.7648,0.2,46,68,0,40,R,19955.7649,2,19955.76766,-85.9
2799,19955.8589,0.3,38,63,0,3,P,19955.8445,2,19955.84991,269.4
2799,19955.8589,0.3,38,67,0,37,R,19955.8604,2,19955.86386,-148.8
2801,19955.9822,0.3,37,65,0,28,R,19955.9797,2,19955.98529,-92.7
2801,19955.9822,0.3,37,63,0,3,R,19955.9944,2,19955.99981,-527.9
2802,19956.1943,0.6,42,66,0,33,R,19956.1965,1,19956.20097,-200.0
2803,19956.2529,0.6,21,71,0,45,P,19956.2583,1,19956.25978,-206.3
2804,19956.4047,1.9,15,73,0,47,P,19956.3999,1,19956.40655,-55.3
2805,19956.4470,0.3,38,65,0,27,P,19956.4453,1,19956.45096,-118.7
2806,19956.5944,0.6,33,64,0,20,R,19956.6006,1,19956.60667,-367.9
2807,19956.7137,0.3,36,67,0,36,P,19956.7126,1,19956.71683,-93.8
2808,19956.8206,0.8,36,68,0,39,P,19956.8171,1,19956.82075,-4.4
2809,19956.8610,0.6,44,66,0,32,P,19956.8496,2,19956.85465,190.4
2809,19956.8610,0.6,44,64,0,19,P,19956.8699,2,19956.87603,-450.7
2813,19957.3875,1.9,19,73,0,47,R,19957.3774,1,19957.38612,41.3
2814,19957.4137,0.8,21,71,0,45,R,19957.4153,1,19957.41655,-85.5
2815,19957.5101,0.3,39,65,0,27,R,19957.5088,1,19957.51447,-131.0
2816,19957.6246,0.5,27,70,0,43,P,19957.6235,1,19957.62565,-31.5
2817,19957.6666,0.3,35,64,0,19,R,19957.6650,1,19957.67122,-138.6
2818,19957.8161,0.5,31,72,0,46,R,19957.8030,2,19957.80587,306.7
2818,19957.8161,0.5,31,69,0,41,P,19957.8218,2,19957.82390,-233.8
2819,19957.9237,0.5,29,64,0,18,P,19957.9202,1,19957.92639,-80.7
2820,19957.9621,0.3,45,65,0,26,P,19957.9563,2,19957.96190,6.1
2820,19957.9621,0.3,45,67,0,36,R,19957.9687,2,19957.97233,-306.6
2821,19958.0391,0.3,32,66,0,32,R,19958.0381,1,19958.04276,-109.6
2822,19958.0893,0.3,31,68,0,39,R,19958.0903,1,19958.09338,-122.4
2826,19958.4556,2.1,8,74,0,47,P,19958.4558,1,19958.46002,-132.5
2827,19958.6724,0.2,51,66,0,31,P,19958.6692,2,19958.67415,-52.5
2827,19958.6724,0.2,51,64,0,18,R,19958.6750,2,19958.68127,-265.9
2829,19958.7968,0.4,38,67,0,35,P,19958.7944,1,19958.79877,-59.2
2830,19958.9176,0.3,33,64,0,17,P,19958.9160,1,19958.92235,-142.5
2831,19958.9831,0.3,31,65,0,26,R,19958.9822,1,19958.98778,-140.4
2832,19959.0621,0.6,35,71,0,44,P,19959.0510,2,19959.05254,286.6
2832,19959.0621,0.6,35,69,0,41,R,19959.0688,2,19959.07058,-254.1
2833,19959.1106,0.4,25,68,0,38,P,19959.1118,1,19959.11561,-150.1
2835,19959.3187,2.1,9,74,0,47,R,19959.3167,1,19959.32153,-84.9
2836,19959.4135,0.3,42,65,0,25,P,19959.4114,2,19959.41715,-109.4
2836,19959.4135,0.3,42,73,0,46,P,19959.4250,2,19959.43102,-525.1
2837,19959.6325,0.3,43,64,0,17,R,19959.6306,2,19959.63685,-130.4
2837,19959.6325,0.3,43,72,0,45,P,19959.6365,2,19959.63889,-191.5
2839,19959.8244,0.3,39,66,0,31,R,19959.8225,1,19959.82732,-87.6
2840,19960.0184,0.3,35,67,0,35,R,19960.0183,1,19960.02215,-112.3
2841,19960.1852,0.7,16,71,0,44,R,19960.1882,1,19960.18969,-134.6
2842,19960.2508,3.4,23,70,0,42,P,19960.2439,1,19960.24613,140.0
2843,19960.2683,2.2,23,69,0,40,P,19960.2761,1,19960.27866,-310.5
2844,19960.3561,0.4,30,68,0,38,R,19960.3557,1,19960.35899,-86.8
2845,19960.4010,0.4,43,73,0,46,R,19960.3911,2,19960.39890,63.0
2845,19960.4010,0.4,43,65,0,25,R,19960.3997,2,19960.40529,-128.7
2846,19960.5330,0.3,26,64,0,16,R,19960.5317,1,19960.53800,-149.8
2847,19960.6941,0.8,19,72,0,45,R,19960.6936,2,19960.69619,-62.5
2847,19960.6941,0.8,19,75,0,47,R,19960.7031,2,19959.56436,33868.6
2848,19960.7462,0.3,29,64,0,15,P,19960.7449,1,19960.75123,-150.8
2849,19960.8144,0.2,45,65,0,24,P,19960.8108,2,19960.81677,-71.2
2849,19960.8144,0.2,45,67,0,34,P,19960.8179,2,19960.82238,-239.1
2854,19961.3510,0.8,36,68,0,37,P,19961.3467,1,19961.35074,7.9
2855,19961.4264,0.5,19,70,0,42,R,19961.4297,1,19961.43154,-154.0
2856,19961.4962,0.5,26,69,0,40,R,19961.4971,1,19961.49896,-82.9
2857,19961.5501,0.5,35,74,0,46,P,19961.5359,2,19961.53996,304.1
2857,19961.5501,0.5,35,66,0,30,R,19961.5498,2,19961.55475,-139.3
2859,19961.7657,0.3,41,65,0,24,R,19961.7612,2,19961.76706,-40.7
2859,19961.7657,0.3,41,71,0,43,P,19961.7793,2,19961.78094,-456.9
2860,19962.0082,0.3,30,67,0,34,R,19962.0093,1,19962.01342,-156.5
2862,19962.1497,0.7,52,66,0,29,P,19962.1370,2,19962.14229,222.3
2862,19962.1497,0.7,52,65,0,23,P,19962.1548,2,19962.16082,-333.3
2864,19962.3600,0.4,36,64,0,13,P,19962.3562,1,19962.36289,-86.7
2865,19962.4723,1.0,13,72,0,44,P,19962.4768,1,19962.47911,-204.3
2866,19962.5610,0.3,32,68,0,37,R,19962.5610,1,19962.56463,-108.7
2867,19962.6692,0.4,29,69,0,39,P,19962.6697,1,19962.67229,-92.6
2868,19962.7884,0.4,45,67,0,33,P,19962.7830,2,19962.78773,20.2
2868,19962.7884,0.4,45,70,0,41,P,19962.8015,2,19962.80396,-466.6
2869,19962.9050,0.4,37,71,0,43,R,19962.8965,2,19962.89800,209.7
2869,19962.9050,0.4,37,64,0,13,R,19962.9087,2,19962.91518,-305.2
2871,19963.0722,0.3,45,65,0,23,R,19963.0674,2,19963.07313,-28.0
2871,19963.0722,0.3,45,64,0,12,P,19963.0808,2,19963.08733,-453.6
2872,19963.2207,0.3,37,66,0,29,R,19963.2200,1,19963.22511,-132.3
2873,19963.3376,0.9,12,73,0,45,R,19963.3359,1,19963.34281,-156.2
2874,19963.4450,0.3,28,65,0,22,P,19963.4434,1,19963.44933,-129.8
2875,19963.5193,0.3,34,72,0,44,R,19963.5173,2,19963.51983,-16.0
2875,19963.5193,0.3,34,68,0,36,P,19963.5222,2,19963.52625,-208.2
2876,19963.5933,0.4,22,64,0,12,R,19963.5923,1,19963.59892,-168.6
2877,19963.7586,3.6,26,64,0,11,P,19963.7510,1,19963.75754,31.7
2878,19963.7855,0.6,31,66,0,28,P,19963.7856,1,19963.79105,-166.5
2879,19963.8622,0.4,29,69,0,39,R,19963.8638,1,19963.86593,-111.8
2880,19963.9475,0.4,42,67,0,33,R,19963.9419,1,19963.94625,37.4
2883,19964.2238,0.4,26,64,0,11,R,19964.2217,1,19964.22839,-137.6
2884,19964.3185,0.3,29,65,0,22,R,19964.3176,1,19964.32357,-152.1
2885,19964.3686,0.5,18,64,0,10,P,19964.3669,1,19964.37354,-148.2
2886,19964.4391,0.7,16,71,0,42,P,19964.4436,1,19964.44520,-182.8
2887,19964.5462,1.4,10,74,0,45,P,19964.5459,1,19964.54967,-104.0
2888,19964.6873,0.4,52,65,0,21,P,19964.6765,2,19964.68236,148.2
2888,19964.6873,0.4,52,67,0,32,P,19964.6899,2,19964.69491,-228.3
2889,19964.8018,1.4,21,64,0,10,R,19964.7971,1,19964.80360,-54.0
2890,19964.8336,0.4,30,66,0,28,R,19964.8333,1,19964.83849,-146.5
2891,19964.9310,0.5,20,64,0,9,P,19964.9287,1,19964.93536,-130.6
2892,19964.9998,0.5,21,69,0,38,P,19965.0020,1,19965.00493,-153.9
2893,19965.2584,1.3,24,72,0,43,P,19965.2512,2,19965.25353,146.0
2893,19965.2584,1.3,24,73,0,44,P,19965.2715,2,19965.27612,-531.1
2894,19965.3055,1.7,27,70,0,40,P,19965.2966,2,19965.29932,185.4
2894,19965.3055,1.7,27,64,0,9,R,19965.3179,2,19965.32458,-572.0
2895,19965.3795,0.4,37,66,0,27,P,19965.3777,2,19965.38305,-106.4
2895,19965.3795,0.4,37,74,0,45,R,19965.3918,2,19965.39628,-503.1
2896,19965.4376,0.6,14,64,0,8,P,19965.4363,1,19965.44299,-161.7
2897,19965.5165,0.4,38,65,0,21,R,19965.5125,1,19965.51843,-57.9
2898,19965.6378,0.4,31,68,0,35,P,19965.6377,1,19965.64224,-133.2
2900,19965.8152,0.6,29,67,0,32,R,19965.8162,1,19965.82074,-166.0
2901,19965.8566,0.5,26,65,0,20,P,19965.8540,1,19965.85994,-100.2
2902,19965.8911,1.6,15,64,0,7,P,19965.8896,1,19965.89647,-161.1
2905,19966.1728,1.0,30,69,0,38,R,19966.1692,2,19966.17162,35.5
2905,19966.1728,1.0,30,75,0,45,P,19966.1748,2,19966.18108,-248.1
2906,19966.2791,0.7,21,72,0,43,R,19966.2747,2,19966.27711,59.6
2906,19966.2791,0.7,21,64,0,6,P,19966.2891,2,19966.29580,-500.8
2907,19966.3920,0.3,36,66,0,27,R,19966.3896,1,19966.39494,-88.3
2908,19966.4321,0.8,18,70,0,40,R,19966.4348,1,19966.43723,-153.7
2909,19966.5432,0.3,38,67,0,31,P,19966.5388,2,19966.54402,-24.7
2909,19966.5432,0.3,38,64,0,6,R,19966.5557,2,19966.56232,-573.2
2910,19966.6502,0.4,31,65,0,20,R,19966.6519,1,19966.65775,-226.3
2911,19966.7924,0.4,32,68,0,35,R,19966.7925,1,19966.79643,-120.9
2912,19966.8649,0.7,17,64,0,5,R,19966.8599,1,19966.86656,-49.7
2913,19966.9143,0.3,34,75,0,45,R,19966.9050,3,19966.46246,13545.9
2913,19966.9143,0.3,34,66,0,26,P,19966.9126,3,19966.91833,-120.7
2913,19966.9143,0.3,34,64,0,4,P,19966.9253,3,19966.93207,-532.9
2914,19966.9781,0.3,30,65,0,19,P,19966.9761,1,19966.98213,-120.7
2915,19967.0420,0.6,20,71,0,41,P,19967.0437,1,19967.04551,-105.2
2916,19967.1108,1.1,10,64,0,4,R,19967.1099,1,19967.11665,-175.4
2917,19967.1626,1.4,7,64,0,3,P,19967.1621,1,19967.16903,-192.7
2918,19967.2742,0.5,30,69,0,37,P,19967.2737,1,19967.27672,-75.5
2919,19967.4548,1.5,10,64,0,2,R,19967.4475,1,19967.45443,11.0
2920,19967.4803,5.7,8,64,0,1,P,19967.4739,2,19967.48060,-8.9
2920,19967.4803,5.7,8,74,0,44,P,19967.4861,2,19967.48965,-280.2
2921,19967.5328,2.3,6,64,0,1,R,19967.5354,1,19967.54214,-280.0
2923,19967.6334,0.3,35,67,0,31,R,19967.6321,1,19967.63696,-106.8
2924,19967.7001,2.0,31,68,0,34,P,19967.6941,1,19967.69883,38.0
2925,19967.7342,0.3,44,70,0,39,P,19967.7295,2,19967.73235,55.6
2925,19967.7342,0.3,44,65,0,19,R,19967.7356,2,19967.74158,-221.2
2926,19967.8898,0.3,30,66,0,26,R,19967.8892,1,19967.89455,-142.5
2927,19967.9575,1.3,11,72,0,42,P,19967.9602,1,19967.96238,-146.4
2928,19968.0453,0.4,26,65,0,18,P,19968.0430,1,19968.04895,-109.5
2929,19968.1084,2.1,23,71,0,41,R,19968.1194,1,19968.12109,-380.4
2931,19968.3287,0.3,33,74,0,44,R,19968.3230,2,19968.32721,44.8
2931,19968.3287,0.3,33,67,0,30,P,19968.3298,2,19968.33513,-192.9
2932,19968.3993,0.5,42,66,0,25,P,19968.3914,2,19968.39695,70.4
2932,19968.3993,0.5,42,69,0,37,R,19968.4136,2,19968.41617,-505.8
2935,19968.7658,0.4,27,65,0,18,R,19968.7639,1,19968.76996,-124.8
2936,19968.8225,0.6,33,68,0,34,R,19968.8186,1,19968.82284,-10.1
2937,19968.9615,1.0,14,72,0,42,R,19968.9661,1,19968.96830,-204.0
2938,19969.0569,0.4,28,65,0,17,P,19969.0544,1,19969.06045,-106.5
2940,19969.1692,1.9,6,75,0,44,P,19969.1692,1,19969.17500,-173.9
2941,19969.3333,0.3,35,66,0,25,R,19969.3318,1,19969.33738,-122.3
2942,19969.3901,0.3,27,67,0,30,R,19969.3899,1,19969.39502,-147.4
2943,19969.4829,0.5,22,69,0,36,P,19969.4844,1,19969.48777,-146.0
2944,19969.5771,0.8,16,71,0,40,P,19969.5801,1,19969.58207,-148.9
2945,19969.6926,0.4,32,68,0,33,P,19969.6914,1,19969.69612,-105.4
2946,19969.7391,0.3,31,65,0,17,R,19969.7368,1,19969.74294,-115.2
2947,19969.8140,0.3,26,66,0,24,P,19969.8132,1,19969.81898,-149.3
2948,19969.8892,2.7,3,75,0,44,R,19969.8955,1,19969.80032,2664.5
2949,19970.0124,0.4,24,65,0,16,P,19970.0105,1,19970.01667,-127.9
2950,19970.0659,0.4,34,67,0,29,P,19970.0630,1,19970.06833,-72.7
2951,19970.3587,1.2,11,74,0,43,P,19970.3572,1,19970.36033,-48.8
2953,19970.5997,0.5,37,69,0,36,R,19970.5967,2,19970.59973,-0.8
2953,19970.5997,0.5,37,72,0,41,P,19970.6035,2,19970.60592,-186.3
2954,19970.6495,0.6,27,71,0,40,R,19970.6345,2,19970.63629,396.0
2954,19970.6495,0.6,27,65,0,16,R,19970.6545,2,19970.66056,-331.5
2955,19970.7184,0.3,27,66,0,24,R,19970.7180,1,19970.72349,-152.5
2956,19970.7857,0.4,30,68,0,33,R,19970.7854,1,19970.78972,-120.6
2957,19970.8436,1.6,11,73,0,42,P,19970.8479,1,19970.85167,-241.9
2958,19970.9135,0.4,28,65,0,15,P,19970.9116,1,19970.91762,-123.6
2960,19971.0915,0.3,33,67,0,29,R,19971.0898,1,19971.09498,-104.4
2961,19971.1820,0.3,46,66,0,23,P,19971.1787,3,19971.18447,-73.9
2961,19971.1820,0.3,46,74,0,43,R,19971.1841,3,19971.18789,-176.7
2961,19971.1820,0.3,46,70,0,38,R,19971.1897,3,19971.19228,-308.1
2964,19971.5194,0.4,29,65,0,15,R,19971.5166,1,19971.52284,-103.2
2965,19971.6318,0.3,43,68,0,32,P,19971.6292,2,19971.63419,-71.6
2965,19971.6318,0.3,43,69,0,35,P,19971.6345,2,19971.63821,-192.0
2966,19971.7472,0.5,38,67,0,28,P,19971.7380,3,19971.74367,105.8
2966,19971.7472,0.5,38,65,0,14,P,19971.7571,3,19971.76335,-484.3
2966,19971.7472,0.5,38,73,0,42,R,19971.7605,3,19971.76531,-542.8
2968,19972.0500,0.3,46,66,0,23,R,19972.0471,2,19972.05293,-88.0
2968,19972.0500,0.3,46,71,0,39,P,19972.0530,2,19972.05506,-151.7
2969,19972.0944,2.9,6,75,0,43,P,19972.0918,1,19972.09726,-85.7
2972,19972.3249,0.4,23,65,0,14,R,19972.3237,1,19972.32984,-148.1
2973,19972.4092,0.5,24,70,0,37,P,19972.4089,1,19972.41205,-85.4
2974,19972.4888,0.3,26,66,0,22,P,19972.4875,1,19972.49346,-139.8
2975,19972.5498,0.5,23,65,0,13,P,19972.5476,1,19972.55389,-122.6
2976,19972.7243,0.5,41,69,0,35,R,19972.7192,2,19972.72241,56.5
2976,19972.7243,0.5,41,67,0,28,R,19972.7317,2,19972.73695,-379.2
2977,19972.8142,2.1,4,75,0,43,R,19972.8130,1,19972.81930,-152.9
2979,19973.0797,0.3,39,65,0,13,R,19973.0754,2,19973.08157,-56.2
2979,19973.0797,0.3,39,71,0,39,R,19973.0857,2,19973.08754,-235.0
2980,19973.1686,1.6,16,74,0,42,P,19973.1592,2,19973.16212,194.3
2980,19973.1686,1.6,16,72,0,40,P,19973.1819,2,19973.18435,-472.3
2981,19973.2875,0.8,23,65,0,12,P,19973.2832,1,19973.28925,-52.5
2982,19973.3257,0.9,30,66,0,22,R,19973.3201,1,19973.32578,-2.4
2983,19973.3557,0.4,31,67,0,27,P,19973.3555,1,19973.36124,-166.1
2984,19973.4766,1.1,28,70,0,37,R,19973.4734,1,19973.47623,11.2
2985,19973.5103,0.5,33,68,0,31,P,19973.5081,1,19973.51314,-85.3
2986,19973.7342,0.5,40,69,0,34,P,19973.7244,2,19973.72815,181.5
2986,19973.7342,0.5,40,66,0,21,P,19973.7400,2,19973.74602,-354.3
2987,19973.9654,0.5,26,65,0,11,P,19973.9634,2,19973.96947,-122.0
2987,19973.9654,0.5,26,74,0,42,R,19973.9753,2,19973.97884,-402.8
2988,19974.1478,1.3,13,72,0,40,R,19974.1511,1,19974.15348,-170.2
2989,19974.3169,0.3,32,67,0,27,R,19974.3154,1,19974.32098,-122.4
2990,19974.4186,0.6,30,65,0,11,R,19974.4131,2,19974.41939,-23.6
2990,19974.4186,0.6,30,73,0,41,R,19974.4333,2,19974.43758,-568.9
2991,19974.5397,0.3,50,66,0,21,R,19974.5361,2,19974.54208,-71.3
2991,19974.5397,0.3,50,68,0,31,R,19974.5405,2,19974.54535,-169.4
2992,19974.5905,0.5,15,65,0,10,P,19974.5884,1,19974.59456,-121.8
2993,19974.6531,0.6,19,70,0,36,P,19974.6558,1,19974.65901,-177.3
2995,19974.7790,0.5,23,69,0,34,R,19974.7810,1,19974.78436,-160.7
2996,19974.9246,0.6,35,67,0,26,P,19974.9153,2,19974.92110,104.8
2996,19974.9246,0.6,35,66,0,20,P,19974.9360,2,19974.94218,-527.1
2997,19975.0010,0.6,16,65,0,10,R,19974.9993,1,19975.00552,-135.6
2998,19975.1600,0.5,18,65,0,9,P,19975.1582,1,19975.16455,-136.5
2999,19975.3280,0.4,24,68,0,30,P,19975.3276,1,19975.33307,-152.0
3000,19975.4707,0.8,17,71,0,38,R,19975.4731,1,19975.47503,-129.8
3001,19975.5314,0.6,19,65,0,9,R,19975.5303,1,19975.53651,-153.1
3002,19975.6923,0.3,49,70,0,36,R,19975.6951,3,19975.69800,-170.9
3002,19975.6923,0.3,49,72,0,39,P,19975.6956,3,19975.69791,-168.1
3002,19975.6923,0.3,49,66,0,20,R,19975.6958,3,19975.70188,-287.3
3003,19975.7531,0.4,25,69,0,33,P,19975.7537,1,19975.75770,-137.9
3004,19975.8425,0.4,27,67,0,26,R,19975.8416,1,19975.84717,-140.0
3005,19975.8909,1.3,10,74,0,41,P,19975.8926,1,19975.89540,-134.9
3006,19976.0079,0.6,16,65,0,8,R,19976.0061,1,19976.01237,-133.9
3007,19976.0786,0.4,29,66,0,19,P,19976.0757,1,19976.08200,-101.9
3008,19976.1396,0.8,21,65,0,7,P,19976.1331,1,19976.13929,9.3
3009,19976.2426,4.7,3,76,0,42,P,19976.2451,1,19976.22268,597.3
3010,19976.3290,0.4,24,68,0,30,R,19976.3293,1,19976.33429,-158.6
3011,19976.4218,0.3,38,67,0,25,P,19976.4172,2,19976.42333,-45.7
3011,19976.4218,0.3,38,65,0,7,R,19976.4270,2,19976.43312,-339.3
3012,19976.5388,0.8,11,65,0,6,P,19976.5378,1,19976.54407,-157.9
3013,19976.6456,0.6,21,72,0,39,R,19976.6455,1,19976.64795,-70.4
3014,19976.6989,1.2,10,74,0,41,R,19976.6973,1,19976.70047,-47.2
3015,19976.7957,0.5,54,69,0,33,R,19976.7820,4,19976.78569,300.2
3015,19976.7957,0.5,54,65,0,6,R,19976.7925,4,19976.79878,-92.4
3015,19976.7957,0.5,54,66,0,19,R,19976.7993,4,19976.80524,-286.0
3015,19976.7957,0.5,54,71,0,37,P,19976.8086,4,19976.81104,-459.7
3016,19976.8898,0.9,9,65,0,5,P,19976.8875,1,19976.89380,-120.0
3017,19977.0345,1.5,13,73,0,40,R,19977.0388,1,19977.04276,-247.7
3018,19977.0918,0.4,34,68,0,29,P,19977.0884,2,19977.09405,-67.5
3018,19977.0918,0.4,34,65,0,5,R,19977.1030,2,19977.10938,-527.0
3019,19977.1627,0.5,24,66,0,18,P,19977.1592,1,19977.16551,-84.2
3020,19977.3112,0.3,31,67,0,25,R,19977.3098,1,19977.31557,-131.1
3021,19977.3613,0.8,8,65,0,4,R,19977.3586,1,19977.36491,-108.3
3022,19977.4242,1.8,7,65,0,3,P,19977.4219,1,19977.42818,-119.2
3023,19977.5603,1.2,10,65,0,3,R,19977.5591,1,19977.56540,-153.0
3024,19977.6139,3.0,4,65,0,2,P,19977.6067,1,19977.61283,32.1
3025,19977.7206,0.5,28,69,0,32,P,19977.7229,2,19977.72697,-191.0
3025,19977.7206,0.5,28,75,0,41,P,19977.7246,2,19977.72909,-254.6
3026,19977.7961,0.6,24,65,0,1,R,19977.7949,2,19977.80129,-155.6
3026,19977.7961,0.6,24,71,0,37,R,19977.7969,2,19977.79894,-85.2
3027,19977.8539,0.3,47,66,0,18,R,19977.8462,3,19977.85220,50.9
3027,19977.8539,0.3,47,70,0,35,R,19977.8545,3,19977.85775,-115.3
3027,19977.8539,0.3,47,67,0,24,P,19977.8618,3,19977.86797,-421.8
3028,19978.0598,0.4,30,68,0,29,R,19978.0588,1,19978.06410,-129.0
3029,19978.1414,1.2,13,72,0,38,P,19978.1443,1,19978.14679,-161.5
3030,19978.1888,0.4,25,66,0,17,P,19978.1865,1,19978.19275,-118.6
3032,19978.4321,2.2,8,75,0,41,R,19978.4319,1,19978.43741,-159.1
3033,19978.5555,1.9,9,74,0,40,P,19978.5579,1,19978.56051,-150.2
3034,19978.7188,0.3,45,73,0,39,P,19978.7119,3,19978.71475,121.5
3034,19978.7188,0.3,45,67,0,24,R,19978.7202,3,19978.72626,-223.8
3034,19978.7188,0.3,45,69,0,32,R,19978.7227,3,19978.72651,-231.0
3035,19978.7917,0.4,23,68,0,28,P,19978.7905,1,19978.79617,-134.0
3036,19978.8390,0.3,27,66,0,17,R,19978.8367,1,19978.84281,-114.3
3037,19978.9620,0.6,19,70,0,34,P,19978.9641,1,19978.96783,-174.9
3038,19979.0815,0.6,26,72,0,38,R,19979.0750,3,19979.07731,125.5
3038,19979.0815,0.6,26,76,0,41,P,19979.0774,3,19979.08552,-120.6
3038,19979.0815,0.6,26,71,0,36,P,19979.0918,3,19979.09434,-385.1
3039,19979.1590,0.5,19,66,0,16,P,19979.1575,1,19979.16377,-143.1
3040,19979.2503,0.4,28,67,0,23,P,19979.2488,1,19979.25510,-143.8
3041,19979.3486,1.6,8,74,0,40,R,19979.3503,1,19979.35321,-138.3
3042,19979.5762,1.0,15,73,0,39,R,19979.5776,1,19979.58116,-148.6
3043,19979.6324,0.4,28,69,0,31,P,19979.6316,1,19979.63607,-109.9
3044,19979.7298,0.4,25,68,0,28,R,19979.7295,1,19979.73488,-152.4
3045,19979.7723,0.4,22,66,0,16,R,19979.7710,1,19979.77711,-144.3
3046,19979.9500,0.5,20,70,0,34,R,19979.9521,1,19979.95561,-168.1
3047,19980.0717,0.3,46,71,0,36,R,19980.0571,3,19980.05945,367.1
3047,19980.0717,0.3,46,66,0,15,P,19980.0723,3,19980.07860,-206.7
3047,19980.0717,0.3,46,67,0,23,R,19980.0732,3,19980.07931,-228.1
3049,19980.4345,0.4,33,68,0,27,P,19980.4336,2,19980.43950,-149.9
3049,19980.4345,0.4,33,75,0,40,P,19980.4358,2,19980.43968,-155.3
3050,19980.5281,0.7,19,72,0,37,P,19980.5286,1,19980.53118,-92.4
3051,19980.5900,0.9,34,67,0,22,P,19980.5784,2,19980.58476,157.1
3051,19980.5900,0.9,34,69,0,31,R,19980.6028,2,19980.60693,-507.6
3052,19980.6506,0.4,24,66,0,15,R,19980.6487,1,19980.65514,-136.2
3054,19980.9316,0.5,19,66,0,14,P,19980.9309,1,19980.93726,-169.7
3055,19981.0256,0.5,24,70,0,33,P,19981.0261,1,19981.02995,-130.3
3056,19981.1452,3.1,14,75,0,40,R,19981.1345,2,19981.13954,169.7
3056,19981.1452,3.1,14,74,0,39,P,19981.1553,2,19981.15778,-377.0
3057,19981.1960,1.8,10,73,0,38,P,19981.2007,1,19981.20341,-222.1
3058,19981.3432,1.5,32,68,0,27,R,19981.3413,1,19981.34671,-105.2
3059,19981.4763,0.3,33,66,0,14,R,19981.4707,2,19981.47694,-19.3
3059,19981.4763,0.3,33,69,0,30,P,19981.4807,2,19981.48508,-263.2
3061,19981.7357,0.5,22,66,0,13,P,19981.7334,1,19981.73979,-122.8
3062,19981.8516,0.4,29,76,0,40,P,19981.8369,2,19981.84494,199.6
3062,19981.8516,0.4,29,67,0,21,P,19981.8506,2,19981.85702,-162.4
3063,19981.9351,1.7,12,74,0,39,R,19981.9348,1,19981.93743,-69.9
3064,19981.9906,0.8,27,70,0,33,R,19981.9883,1,19981.99171,-33.3
3065,19982.0166,1.3,26,68,0,26,P,19982.0183,1,19982.02412,-225.6
3067,19982.2440,0.5,35,66,0,13,R,19982.2361,2,19982.24255,43.6
3067,19982.2440,0.5,35,71,0,35,R,19982.2544,2,19982.25673,-381.7
3068,19982.4224,0.5,23,69,0,30,R,19982.4229,2,19982.42707,-140.1
3068,19982.4224,0.5,23,76,0,40,R,19982.4363,2,19982.41377,258.7
3069,19982.4811,0.6,16,66,0,12,P,19982.4797,1,19982.48623,-153.8
3070,19982.6078,0.4,28,67,0,21,R,19982.6064,1,19982.61271,-147.2
3073,19982.8467,0.9,15,72,0,36,P,19982.8486,1,19982.85128,-137.2
3074,19982.8943,0.4,23,68,0,26,R,19982.8940,1,19982.89967,-160.9
3075,19982.9471,0.6,16,66,0,12,R,19982.9456,1,19982.95199,-146.5
3076,19983.0271,0.7,21,70,0,32,P,19983.0266,1,19983.03068,-107.4
3077,19983.0680,0.4,25,67,0,20,P,19983.0652,2,19983.07192,-117.4
3077,19983.0680,0.4,25,75,0,39,P,19983.0771,2,19983.08064,-378.9
3078,19983.1737,0.5,19,66,0,11,P,19983.1699,1,19983.17659,-86.6
3079,19983.2694,0.5,26,69,0,29,P,19983.2693,1,19983.27411,-141.2
3081,19983.4666,0.7,16,71,0,34,P,19983.4695,1,19983.47237,-173.1
3082,19983.5452,0.4,28,68,0,25,P,19983.5439,1,19983.55011,-147.2
3083,19983.6045,0.7,26,66,0,11,R,19983.5989,1,19983.60529,-23.8
3084,19983.6799,2.0,9,74,0,38,P,19983.6851,1,19983.68750,-227.8
3085,19983.7382,0.8,18,72,0,36,R,19983.7390,1,19983.74158,-101.3
3086,19983.7910,0.6,28,67,0,20,R,19983.7866,2,19983.79318,-65.4
3086,19983.7910,0.6,28,66,0,10,P,19983.8042,2,19983.81089,-596.4
3087,19983.9603,0.5,19,70,0,32,R,19983.9624,1,19983.96620,-176.7
3089,19984.1890,0.5,35,69,0,29,R,19984.1826,2,19984.18703,59.2
3089,19984.1890,0.5,35,66,0,10,R,19984.1958,2,19984.20250,-404.7
3090,19984.2213,0.9,27,67,0,19,P,19984.2229,1,19984.22951,-246.1
3091,19984.3872,0.3,46,66,0,9,P,19984.3826,3,19984.38917,-59.1
3091,19984.3872,0.3,46,68,0,25,R,19984.3879,3,19984.39383,-198.9
3091,19984.3872,0.3,46,71,0,34,R,19984.3884,3,19984.39094,-112.0
3092,19984.4500,0.9,19,74,0,38,R,19984.4507,2,19984.45347,-104.1
3092,19984.4500,0.9,19,73,0,37,R,19984.4556,2,19984.45863,-258.6
3093,19984.5215,5.5,4,76,0,39,P,19984.5249,1,19984.53237,-325.8
3096,19984.7399,0.7,17,66,0,9,R,19984.7371,1,19984.74362,-111.7
3098,19984.9105,0.3,35,66,0,8,P,19984.9048,2,19984.91144,-28.2
3098,19984.9105,0.3,35,67,0,19,R,19984.9097,2,19984.91624,-172.0
3099,19984.9699,0.9,26,70,0,31,P,19984.9661,1,19984.97016,-7.9
3100,19985.0052,0.5,32,69,0,28,P,19984.9983,2,19985.00324,58.7
3100,19985.0052,0.5,32,68,0,24,P,19985.0112,2,19985.01752,-369.5
3101,19985.1043,0.8,19,72,0,35,P,19985.1045,1,19985.10725,-88.3
3102,19985.2247,0.7,12,66,0,8,R,19985.2222,1,19985.22870,-119.8
3103,19985.3255,0.5,19,67,0,18,P,19985.3230,1,19985.32984,-130.1
3104,19985.3731,0.8,12,66,0,7,P,19985.3711,1,19985.37772,-138.4
3106,19985.5635,0.6,22,71,0,33,P,19985.5645,1,19985.56738,-116.2
3107,19985.6508,0.6,18,75,0,38,P,19985.6492,2,19985.65236,-46.8
3107,19985.6508,0.6,18,66,0,7,R,19985.6511,2,19985.65774,-208.0
3108,19985.7874,2.4,12,66,0,6,P,19985.7812,1,19985.78801,-18.4
3109,19985.8245,0.5,23,68,0,24,R,19985.8232,1,19985.82929,-143.5
3110,19985.8783,0.3,36,70,0,31,R,19985.8752,2,19985.87918,-26.4
3110,19985.8783,0.3,36,69,0,28,R,19985.8823,2,19985.88689,-257.6
3111,19985.9755,0.3,38,72,0,35,R,19985.9741,3,19985.97688,-41.3
3111,19985.9755,0.3,38,67,0,18,R,19985.9753,3,19985.98194,-193.0
3111,19985.9755,0.3,38,73,0,36,P,19985.9810,3,19985.98358,-242.2
3112,19986.0259,0.8,9,66,0,6,R,19986.0242,1,19986.03077,-145.9
3113,19986.1415,0.8,18,66,0,5,P,19986.1355,2,19986.14234,-25.3
3113,19986.1415,0.8,18,74,0,37,P,19986.1477,2,19986.14995,-253.4
3115,19986.3649,0.7,28,67,0,17,P,19986.3660,1,19986.37295,-241.3
3116,19986.4259,0.5,31,68,0,23,P,19986.4202,2,19986.42643,-16.0
3116,19986.4259,0.5,31,66,0,4,P,19986.4341,2,19986.44072,-444.3
3117,19986.6045,1.2,10,66,0,4,R,19986.6021,1,19986.60886,-130.6
3118,19986.6698,0.4,28,69,0,27,P,19986.6675,2,19986.67256,-82.8
3118,19986.6698,0.4,28,66,0,3,P,19986.6765,2,19986.68315,-400.3
3119,19986.7977,1.7,16,73,0,36,R,19986.7954,2,19986.79820,-15.1
3119,19986.7977,1.7,16,66,0,3,R,19986.8071,2,19986.81395,-487.1
3120,19986.8450,0.7,20,70,0,30,P,19986.8442,1,19986.84849,-104.7
3121,19986.8967,1.3,11,74,0,37,R,19986.8992,1,19986.90166,-148.6
3122,19986.9851,0.5,25,67,0,17,R,19986.9836,2,19986.99032,-156.6
3122,19986.9851,0.5,25,66,0,1,P,19986.9934,2,19987.00020,-452.7
3123,19987.0466,2.5,4,66,0,1,R,19987.0496,1,19987.05627,-289.8
3125,19987.1397,2.3,5,76,0,38,P,19987.1411,1,19987.14840,-260.7
3126,19987.2018,0.4,27,68,0,23,R,19987.2000,1,19987.20609,-128.7
3127,19987.2922,1.0,13,72,0,34,P,19987.2964,1,19987.29926,-211.6
3128,19987.3537,0.5,17,67,0,16,P,19987.3518,1,19987.35888,-155.4
3130,19987.5235,0.4,26,69,0,27,R,19987.5222,1,19987.52677,-98.0
3131,19987.5948,0.6,16,71,0,32,P,19987.5967,1,19987.59989,-152.5
3132,19987.7254,0.6,22,70,0,30,R,19987.7268,2,19987.73078,-161.4
3132,19987.7254,0.6,22,76,0,38,R,19987.7300,2,19987.73790,-374.8
3133,19987.7710,0.4,20,68,0,22,P,19987.7705,1,19987.77690,-176.9
3135,19987.9359,0.5,19,67,0,16,R,19987.9346,1,19987.94144,-166.2
3136,19988.1457,0.8,19,72,0,34,R,19988.1450,2,19988.14787,-65.0
3136,19988.1457,0.8,19,75,0,37,P,19988.1521,2,19988.15521,-285.2
3137,19988.2778,0.3,41,73,0,35,P,19988.2729,3,19988.27550,68.9
3137,19988.2778,0.3,41,69,0,26,P,19988.2771,3,19988.28216,-130.6
3137,19988.2778,0.3,41,67,0,15,P,19988.2805,3,19988.28768,-296.1
3139,19988.4664,0.7,17,71,0,32,R,19988.4680,1,19988.47073,-129.9
3140,19988.5200,0.5,25,68,0,22,R,19988.5181,1,19988.52433,-129.7
3141,19988.6611,0.5,24,70,0,29,P,19988.6614,1,19988.66577,-140.1
3142,19988.8281,0.4,26,75,0,37,R,19988.8208,2,19988.82452,107.4
3142,19988.8281,0.4,26,67,0,15,R,19988.8284,2,19988.83534,-217.0
3143,19989.0665,0.5,35,68,0,21,P,19989.0625,2,19989.06898,-74.4
3143,19989.0665,0.5,35,73,0,35,R,19989.0693,2,19989.07198,-164.3
3144,19989.1538,0.6,15,67,0,14,P,19989.1521,1,19989.15937,-167.0
3145,19989.2775,1.6,9,74,0,36,R,19989.2798,1,19989.28229,-143.6
3146,19989.4236,0.6,18,72,0,33,P,19989.4246,1,19989.42747,-116.1
3147,19989.5178,0.5,25,70,0,29,R,19989.5168,1,19989.52112,-99.6
3148,19989.5662,0.6,20,71,0,31,P,19989.5669,1,19989.57003,-114.8
3149,19989.6668,0.7,20,67,0,14,R,19989.6650,1,19989.67206,-157.6
3150,19989.7797,0.5,27,68,0,21,R,19989.7776,1,19989.78405,-130.3
3151,19989.8281,0.5,22,69,0,25,P,19989.8269,1,19989.83210,-119.9
3153,19989.9692,0.5,20,67,0,13,P,19989.9668,1,19989.97399,-143.6
3155,19990.2520,0.8,20,72,0,33,R,19990.2520,1,19990.25473,-81.7
3156,19990.2967,0.6,18,68,0,20,P,19990.2961,1,19990.30274,-181.0
3157,19990.4165,0.5,34,71,0,31,R,19990.4136,2,19990.41661,-3.3
3157,19990.4165,0.5,34,70,0,28,P,19990.4175,2,19990.42211,-168.2
3158,19990.4964,1.0,10,73,0,34,P,19990.4998,1,19990.50225,-175.2
3159,19990.6228,0.5,25,69,0,25,R,19990.6218,1,19990.62690,-122.8
3160,19990.7270,0.6,16,67,0,12,P,19990.7244,1,19990.73157,-137.0
3161,19990.8027,2.2,4,77,0,37,P,19990.7957,1,19990.79903,110.0
3162,19990.8703,1.1,11,74,0,35,P,19990.8716,1,19990.87410,-114.1
3163,19990.9803,0.5,20,68,0,20,R,19990.9788,1,19990.98532,-150.5
3164,19991.1698,0.7,16,67,0,12,R,19991.1670,1,19991.17410,-128.8
3165,19991.2461,0.6,25,75,0,36,R,19991.2439,2,19991.24715,-31.6
3165,19991.2461,0.6,25,70,0,28,R,19991.2461,2,19991.25030,-126.1
3166,19991.3181,0.5,18,69,0,24,P,19991.3171,1,19991.32247,-130.9
3167,19991.4291,0.8,20,67,0,11,P,19991.4248,1,19991.43214,-91.1
3168,19991.4748,0.3,39,68,0,19,P,19991.4714,3,19991.47821,-102.3
3168,19991.4748,0.3,39,71,0,30,P,19991.4746,3,19991.47793,-93.8
3168,19991.4748,0.3,39,72,0,32,P,19991.4890,3,19991.49204,-516.8
3169,19991.5903,1.3,11,74,0,35,R,19991.5933,1,19991.59565,-160.4
3171,19991.8347,0.6,19,67,0,11,R,19991.8323,1,19991.83949,-143.6
3173,19992.0810,0.9,30,67,0,10,P,19992.0684,2,19992.07572,158.2
3173,19992.0810,0.9,30,69,0,24,R,19992.0820,2,19992.08732,-189.4
3174,19992.1189,0.5,37,70,0,27,P,19992.1128,2,19992.11759,39.2
3174,19992.1189,0.5,37,68,0,19,R,19992.1216,2,19992.12820,-279.0
3175,19992.2932,0.5,26,72,0,32,R,19992.2947,2,19992.29762,-132.5
3175,19992.2932,0.5,26,71,0,30,R,19992.2969,2,19992.29999,-203.5
3176,19992.4419,0.7,13,67,0,10,R,19992.4407,1,19992.44784,-178.1
3177,19992.5904,0.5,18,68,0,18,P,19992.5886,1,19992.59547,-151.9
3178,19992.6590,0.5,25,67,0,9,P,19992.6548,2,19992.66234,-100.2
3178,19992.6590,0.5,25,73,0,33,P,19992.6616,2,19992.66399,-149.6
3179,19992.7478,0.6,24,76,0,36,R,19992.7358,2,19992.74319,138.2
3179,19992.7478,0.6,24,69,0,23,P,19992.7478,2,19992.75333,-165.7
3180,19992.9147,0.6,24,70,0,27,R,19992.9141,1,19992.91843,-111.9
3181,19992.9952,0.8,15,67,0,9,R,19992.9917,1,19992.99918,-119.2
3182,19993.1302,1.8,9,74,0,34,P,19993.1338,1,19993.13628,-182.2
3183,19993.2028,0.9,21,68,0,18,R,19993.2061,1,19993.21276,-298.5
3184,19993.3196,0.5,21,77,0,36,P,19993.3137,2,19993.31724,70.8
3184,19993.3196,0.5,21,71,0,29,P,19993.3203,2,19993.32370,-122.9
3185,19993.4208,0.8,15,73,0,33,R,19993.4204,1,19993.42298,-65.5
3186,19993.4856,0.3,39,69,0,23,R,19993.4829,3,19993.48808,-74.4
3186,19993.4856,0.3,39,67,0,8,R,19993.4861,3,19993.49352,-237.6
3186,19993.4856,0.3,39,72,0,31,P,19993.4900,3,19993.49310,-224.8
3187,19993.6012,1.2,9,75,0,35,R,19993.5979,1,19993.60091,8.7
3188,19993.6525,0.5,26,68,0,17,P,19993.6477,2,19993.65454,-61.2
3188,19993.6525,0.5,26,67,0,7,P,19993.6572,2,19993.66478,-368.1
3189,19993.7483,0.6,18,70,0,26,P,19993.7476,1,19993.75231,-120.3
3190,19993.8317,2.2,8,74,0,34,R,19993.8396,1,19993.84200,-308.8
3191,19993.9263,0.9,13,67,0,7,R,19993.9236,1,19993.93091,-138.2
3192,19994.1183,0.4,31,71,0,29,R,19994.1177,2,19994.12099,-80.7
3192,19994.1183,0.4,31,69,0,22,P,19994.1191,2,19994.12476,-193.5
3193,19994.2358,0.5,24,68,0,17,R,19994.2322,1,19994.23903,-96.8
3194,19994.2743,1.2,16,72,0,31,R,19994.2737,1,19994.27671,-72.1
3196,19994.4354,1.5,9,67,0,5,P,19994.4321,1,19994.43959,-125.6
3197,19994.5206,0.6,20,70,0,26,R,19994.5210,1,19994.52561,-150.1
3198,19994.5691,1.9,5,76,0,35,P,19994.5669,1,19994.57306,-118.9
3199,19994.6447,0.7,20,68,0,16,P,19994.6484,1,19994.65548,-323.2
3200,19994.7482,1.4,14,67,0,4,P,19994.7341,2,19994.74167,195.9
3200,19994.7482,1.4,14,73,0,32,P,19994.7583,2,19994.76091,-381.0
3201,19994.8242,0.5,17,69,0,22,R,19994.8237,1,19994.82927,-151.9
3202,19994.8967,1.4,7,67,0,4,R,19994.8940,1,19994.90148,-143.2
3203,19994.9871,3.3,4,67,0,3,P,19994.9792,1,19994.98687,6.8
3204,19995.1034,0.6,23,67,0,3,R,19995.1038,2,19995.11119,-233.6
3204,19995.1034,0.6,23,71,0,28,P,19995.1038,2,19995.10745,-121.5
3205,19995.2011,0.7,17,68,0,16,R,19995.2002,1,19995.20707,-179.0
3206,19995.2528,1.2,11,75,0,34,P,19995.2512,2,19995.25374,-28.3
3206,19995.2528,1.2,11,67,0,2,R,19995.2566,2,19995.26402,-336.5
3207,19995.3239,0.5,29,70,0,25,P,19995.3213,2,19995.32636,-73.7
3207,19995.3239,0.5,29,74,0,33,P,19995.3296,2,19995.33214,-247.1
3208,19995.4299,0.4,30,72,0,30,P,19995.4275,2,19995.43080,-26.9
3208,19995.4299,0.4,30,69,0,21,P,19995.4309,2,19995.43681,-207.2
3209,19995.4932,1.9,9,73,0,32,R,19995.4980,1,19995.50061,-222.1
3210,19995.5925,0.6,19,68,0,15,P,19995.5913,1,19995.59833,-174.7
3211,19995.7602,3.6,3,77,0,35,P,19995.7600,1,19995.76321,-90.3
3212,19995.8761,0.7,20,71,0,28,R,19995.8762,2,19995.87974,-109.2
3212,19995.8761,0.7,20,75,0,34,R,19995.8833,2,19995.88612,-300.3
3213,19996.0200,1.9,12,74,0,33,R,19996.0193,1,19996.02159,-47.5
3214,19996.0706,0.7,25,70,0,25,R,19996.0671,1,19996.07192,-39.7
3215,19996.1089,0.4,35,69,0,21,R,19996.1055,2,19996.11094,-61.2
3215,19996.1089,0.4,35,68,0,15,R,19996.1101,2,19996.11693,-240.7
3216,19996.1869,0.8,14,72,0,30,R,19996.1890,1,19996.19214,-157.0
3217,19996.2407,3.2,2,77,0,35,R,19996.2412,1,19996.24473,-120.7
3219,19996.4773,0.7,15,68,0,14,P,19996.4761,1,19996.48312,-174.5
3220,19996.6838,0.6,16,69,0,20,P,19996.6836,1,19996.68955,-172.5
3221,19996.8294,0.4,30,71,0,27,P,19996.8257,2,19996.82929,3.3
3221,19996.8294,0.4,30,70,0,24,P,19996.8347,2,19996.83981,-312.1
3222,19996.9014,2.7,4,76,0,34,P,19996.9023,1,19996.90823,-204.7
3223,19996.9630,0.7,15,68,0,14,R,19996.9617,1,19996.96865,-169.4
3224,19997.3073,0.6,32,72,0,29,P,19997.3018,2,19997.30526,61.2
3224,19997.3073,0.6,32,68,0,13,P,19997.3027,2,19997.30989,-77.8
3225,19997.4593,3.5,16,76,0,34,R,19997.4583,2,19997.46489,-167.6
3225,19997.4593,3.5,16,74,0,32,P,19997.4595,2,19997.46191,-78.2
3226,19997.5021,,15,73,0,31,R,19997.5107,1,19997.51322,-333.5
3227,19997.5613,0.8,26,70,0,24,R,19997.5525,2,19997.55747,114.7
3227,19997.5613,0.8,26,71,0,27,R,19997.5728,2,19997.57636,-451.4
3229,19997.7568,0.7,18,68,0,13,R,19997.7551,1,19997.76228,-164.2
3230,19997.8778,0.6,21,69,0,19,P,19997.8772,1,19997.88304,-157.2
3231,19998.0429,1.1,19,72,0,29,R,19998.0408,1,19998.04406,-34.8
3232,19998.0742,2.1,17,68,0,12,P,19998.0713,1,19998.07869,-134.5
3233,19998.2881,0.6,20,70,0,23,P,19998.2876,1,19998.29275,-139.4
3234,19998.4892,0.3,38,71,0,26,P,19998.4856,3,19998.48932,-3.6
3234,19998.4892,0.3,38,69,0,19,R,19998.4902,3,19998.49603,-204.8
3234,19998.4892,0.3,38,68,0,12,R,19998.4907,3,19998.49785,-259.2
3235,19998.6084,3.4,3,77,0,34,R,19998.6104,1,19998.61383,-162.8
3236,19998.7709,3.8,16,73,0,30,P,19998.7583,2,19998.76091,299.4
3236,19998.7709,3.8,16,68,0,11,P,19998.7822,2,19998.78952,-558.3
3237,19998.9791,0.7,22,70,0,23,R,19998.9773,1,19998.98234,-97.2
3238,19999.1128,1.2,13,72,0,28,P,19999.1130,1,19999.11661,-114.1
3239,19999.1715,0.8,21,68,0,11,R,19999.1682,2,19999.17539,-116.8
3239,19999.1715,0.8,21,76,0,33,P,19999.1685,2,19999.17414,-79.2
3240,19999.2033,1.6,15,71,0,26,R,19999.2073,1,19999.21095,-229.4
3241,19999.4434,1.2,17,68,0,10,P,19999.4351,1,19999.44243,29.0
3242,19999.5235,1.6,10,74,0,31,P,19999.5232,1,19999.52576,-67.8
3243,19999.5956,0.8,16,69,0,18,R,19999.5937,1,19999.59957,-119.1
3244,19999.6799,0.7,18,70,0,22,P,19999.6799,1,19999.68525,-160.3
3245,19999.7901,0.9,14,68,0,10,R,19999.7876,1,19999.79496,-145.6
3246,19999.8266,1.2,12,72,0,28,R,19999.8293,1,19999.83261,-180.1
3249,20000.0336,1.1,13,68,0,9,P,20000.0300,1,20000.03744,-115.2
3250,20000.0857,0.4,32,71,0,25,P,20000.0837,2,20000.08763,-57.9
3250,20000.0857,0.4,32,69,0,17,P,20000.0862,2,20000.09248,-203.2
3251,20000.1757,1.2,11,74,0,31,R,20000.1790,1,20000.18138,-170.2
3252,20000.2458,2.2,5,75,0,32,R,20000.2495,1,20000.25211,-189.0
3253,20000.3455,0.5,25,70,0,22,R,20000.3416,2,20000.34661,-33.4
3253,20000.3455,0.5,25,68,0,9,R,20000.3491,2,20000.35656,-331.6
3255,20000.4378,5.6,4,77,0,33,P,20000.4375,1,20000.44070,-86.9
3256,20000.5691,1.1,10,68,0,8,P,20000.5671,1,20000.57458,-164.2
3257,20000.6432,0.7,25,69,0,17,R,20000.6379,1,20000.64386,-19.7
3258,20000.7801,0.7,18,71,0,25,R,20000.7798,1,20000.78362,-105.6
3259,20000.8581,0.6,24,68,0,8,R,20000.8528,2,20000.86024,-64.0
3259,20000.8581,0.6,24,72,0,27,P,20000.8613,2,20000.86496,-205.8
3260,20000.9071,3.3,1,77,0,33,R,20000.9075,1,20000.91069,-107.7
3261,20001.0142,0.7,19,70,0,21,P,20001.0120,1,20001.01738,-95.2
3262,20001.1038,0.7,13,69,0,16,P,20001.1023,1,20001.10852,-141.6
3263,20001.3055,1.5,15,68,0,7,R,20001.2986,1,20001.30601,-15.3
3264,20001.3385,1.5,16,73,0,29,R,20001.3416,1,20001.34412,-168.6
3265,20001.4704,1.7,7,68,0,6,P,20001.4678,1,20001.47529,-146.5
3266,20001.5528,1.1,17,72,0,27,R,20001.5544,1,20001.55792,-153.4
3267,20001.6276,0.8,30,71,0,24,P,20001.6204,2,20001.62432,98.4
3267,20001.6276,0.8,30,69,0,16,R,20001.6228,2,20001.62894,-40.1
3268,20001.6915,1.5,8,68,0,6,R,20001.6863,1,20001.69390,-72.0
3269,20001.7369,1.2,9,75,0,31,P,20001.7405,1,20001.74306,-184.6
3270,20001.8338,1.8,8,68,0,5,P,20001.8313,1,20001.83890,-152.8
3271,20001.8915,,4,76,0,32,R,20001.9006,1,20001.90659,-452.4
3272,20002.0241,5.1,10,68,0,5,R,20002.0164,1,20002.02394,4.9
3273,20002.0599,0.8,17,69,0,15,P,20002.0591,1,20002.06551,-168.3
3274,20002.1469,1.4,12,68,0,4,P,20002.1372,2,20002.14469,66.2
3274,20002.1469,1.4,12,74,0,30,R,20002.1594,2,20002.16201,-452.9
3275,20002.2871,0.4,30,70,0,20,P,20002.2837,3,20002.28920,-63.0
3275,20002.2871,0.4,30,68,0,4,R,20002.2886,3,20002.29613,-270.7
3275,20002.2871,0.4,30,71,0,24,R,20002.2905,3,20002.29448,-221.2
3276,20002.3291,2.2,7,75,0,31,R,20002.3311,1,20002.33344,-130.0
3277,20002.3881,4.5,4,68,0,3,P,20002.3850,1,20002.39269,-137.6
3278,20002.5015,1.2,16,73,0,28,P,20002.5005,2,20002.50347,-59.2
3278,20002.5015,1.2,16,68,0,3,R,20002.5029,2,20002.51050,-269.7
3279,20002.5484,0.5,26,72,0,26,P,20002.5466,2,20002.55044,-61.1
3279,20002.5484,0.5,26,69,0,15,R,20002.5486,2,20002.55487,-193.9
3280,20002.6634,2.0,6,68,0,2,R,20002.6594,2,20002.66705,-109.5
3280,20002.6634,2.0,6,77,0,32,P,20002.6702,2,20002.67317,-293.0
3282,20002.8883,0.7,15,70,0,20,R,20002.8884,1,20002.89367,-160.9
3283,20002.9583,0.8,12,69,0,14,P,20002.9570,1,20002.96349,-155.7
3284,20003.0960,0.6,18,71,0,23,P,20003.0952,1,20003.09946,-103.9
3285,20003.1537,1.8,10,73,0,28,R,20003.1599,1,20003.16273,-270.6
3286,20003.2147,0.7,14,72,0,26,R,20003.2166,1,20003.22011,-162.1
3288,20003.4190,1.0,17,69,0,14,R,20003.4153,1,20003.42170,-80.8
3289,20003.4586,1.5,15,74,0,29,P,20003.4536,1,20003.45647,63.8
3290,20003.4961,0.6,21,76,0,31,P,20003.4941,2,20003.49946,-100.7
3290,20003.4961,0.6,21,70,0,19,P,20003.4954,2,20003.50079,-140.5
3293,20003.7426,0.7,20,71,0,23,R,20003.7395,1,20003.74361,-30.4
3294,20003.7949,1.4,14,69,0,13,P,20003.7959,1,20003.80250,-227.8
3297,20004.0210,,6,76,0,31,R,20004.0176,1,20004.02338,-71.2
3298,20004.0719,0.5,27,70,0,19,R,20004.0713,2,20004.07660,-140.9
3298,20004.0719,0.5,27,74,0,29,R,20004.0742,2,20004.07672,-144.6
3299,20004.1701,0.9,16,72,0,25,P,20004.1694,1,20004.17314,-91.2
3300,20004.2251,0.8,16,69,0,13,R,20004.2231,1,20004.22947,-130.9
3301,20004.2761,0.9,13,73,0,27,P,20004.2756,1,20004.27856,-73.7
3302,20004.3412,2.0,7,75,0,30,R,20004.3450,1,20004.34733,-183.8
3303,20004.5082,0.7,15,71,0,22,P,20004.5088,1,20004.51316,-148.6
3304,20004.5774,0.9,11,69,0,12,P,20004.5762,1,20004.58257,-155.0
3305,20004.6472,0.8,13,70,0,18,P,20004.6465,1,20004.65219,-149.7
3306,20004.8163,0.9,18,72,0,25,R,20004.8157,1,20004.81930,-89.8
3307,20004.9139,0.9,14,73,0,27,R,20004.9143,1,20004.91696,-91.8
3308,20004.9725,0.9,13,69,0,12,R,20004.9717,1,20004.97822,-171.5
3309,20005.1266,0.8,13,71,0,22,R,20005.1270,1,20005.13112,-135.4
3310,20005.1926,0.8,14,70,0,18,R,20005.1936,1,20005.19922,-198.5
3311,20005.3004,1.0,17,77,0,31,R,20005.2869,2,20005.28993,313.8
3311,20005.3004,1.0,17,69,0,11,P,20005.2971,2,20005.30374,-100.0
3315,20005.5592,2.5,5,76,0,30,P,20005.5542,1,20005.55943,-7.0
3316,20005.6628,0.9,15,69,0,11,R,20005.6616,1,20005.66800,-155.9
3317,20005.7329,0.5,31,72,0,24,P,20005.7292,3,20005.73317,-8.2
3317,20005.7329,0.5,31,75,0,29,P,20005.7314,3,20005.73397,-32.2
3317,20005.7329,0.5,31,70,0,17,P,20005.7378,3,20005.74348,-317.1
3318,20005.8612,0.8,16,71,0,21,P,20005.8611,1,20005.86547,-128.0
3319,20005.9213,1.8,9,74,0,28,R,20005.9231,1,20005.92571,-132.1
3320,20005.9703,1.7,13,69,0,10,P,20005.9595,1,20005.96603,128.0
3321,20006.0653,3.3,5,76,0,30,R,20006.0657,1,20006.07122,-177.5
3322,20006.2599,0.9,20,70,0,17,R,20006.2561,1,20006.26160,-51.0
3323,20006.2884,1.4,18,75,0,29,R,20006.2915,2,20006.29402,-168.4
3323,20006.2884,1.4,18,69,0,10,R,20006.2922,2,20006.29884,-313.0
3324,20006.3505,1.0,12,72,0,24,R,20006.3518,1,20006.35560,-152.9
3325,20006.4540,0.7,17,71,0,21,R,20006.4529,1,20006.45708,-92.2
3326,20006.5687,1.3,13,69,0,9,P,20006.5627,1,20006.56948,-23.4
3327,20006.6028,1.7,11,73,0,26,R,20006.6040,1,20006.60697,-125.1
3328,20006.7692,0.8,12,70,0,16,P,20006.7688,1,20006.77469,-164.6
3329,20006.8659,1.1,12,69,0,9,R,20006.8643,1,20006.87077,-146.1
3330,20007.1175,1.3,17,69,0,8,P,20007.1074,2,20007.11411,101.6
3330,20007.1175,1.3,17,74,0,27,P,20007.1228,2,20007.12561,-243.0
3331,20007.2299,1.1,17,72,0,23,P,20007.2268,1,20007.23063,-21.8
3332,20007.3757,1.0,11,77,0,30,R,20007.3704,2,20007.37327,72.8
3332,20007.3757,1.0,11,69,0,8,R,20007.3772,2,20007.38383,-243.8
3333,20007.5505,1.9,8,76,0,29,P,20007.5461,1,20007.55129,-23.8
3334,20007.6303,1.1,18,75,0,28,P,20007.6267,2,20007.62946,25.3
3334,20007.6303,1.1,18,73,0,25,P,20007.6338,2,20007.63696,-199.6
3335,20007.7150,1.0,22,74,0,27,R,20007.7063,2,20007.70913,176.0
3335,20007.7150,1.0,22,71,0,20,R,20007.7173,2,20007.72158,-197.1
3336,20007.8272,0.6,22,72,0,23,R,20007.8252,2,20007.82913,-57.7
3336,20007.8272,0.6,22,69,0,7,R,20007.8313,2,20007.83805,-325.2
3337,20008.0222,2.2,9,69,0,6,P,20008.0203,1,20008.02699,-143.6
3338,20008.2171,2.0,22,69,0,6,R,20008.2268,2,20008.23344,-489.8
3338,20008.2171,2.0,22,73,0,25,R,20008.2300,2,20008.23289,-473.4
3339,20008.3835,0.7,20,71,0,19,P,20008.3818,2,20008.38625,-82.5
3339,20008.3835,0.7,20,69,0,5,P,20008.3884,2,20008.39528,-353.2
3340,20008.5637,1.3,8,69,0,5,R,20008.5632,1,20008.57003,-189.7
3341,20008.6551,0.6,21,70,0,14,P,20008.6511,2,20008.65710,-59.8
3341,20008.6551,0.6,21,72,0,22,P,20008.6616,2,20008.66560,-314.8
3342,20008.6989,2.8,5,69,0,4,P,20008.6980,1,20008.70482,-177.5
3343,20008.8494,1.3,13,69,0,4,R,20008.8411,2,20008.84784,46.9
3343,20008.8494,1.3,13,74,0,26,P,20008.8594,2,20008.86247,-391.7
3344,20008.9218,1.0,19,71,0,19,R,20008.9204,1,20008.92469,-86.7
3345,20009.0781,1.2,13,70,0,14,R,20009.0820,1,20009.08786,-292.6
3346,20009.1510,5.5,2,69,0,2,P,20009.1409,1,20009.14769,99.2
3347,20009.2246,1.0,19,73,0,24,P,20009.2173,3,20009.22051,122.6
3347,20009.2246,1.0,19,69,0,2,R,20009.2205,3,20009.22718,-77.3
3347,20009.2246,1.0,19,72,0,22,R,20009.2361,3,20009.23997,-460.9
3348,20009.3780,9.5,6,77,0,29,R,20009.3833,1,20009.38631,-249.3
3349,20009.4293,2.5,13,74,0,26,R,20009.4243,1,20009.42716,64.3
3350,20009.4584,3.2,13,75,0,27,P,20009.4558,2,20009.45853,-3.9
3350,20009.4584,3.2,13,76,0,28,P,20009.4702,2,20009.47527,-505.9
3351,20009.5041,0.9,15,70,0,13,P,20009.5024,1,20009.50838,-128.3
3352,20009.5499,0.9,11,71,0,18,P,20009.5503,1,20009.55485,-148.5
3354,20009.7883,1.4,9,73,0,24,R,20009.7917,1,20009.79484,-196.1
3355,20009.9058,0.8,16,70,0,13,R,20009.9041,1,20009.90983,-120.9
3356,20009.9784,2.0,12,75,0,27,R,20009.9841,1,20009.98663,-246.8
3357,20010.0393,1.7,16,72,0,21,P,20010.0342,1,20010.03817,33.8
3358,20010.2948,1.1,11,70,0,12,P,20010.2937,1,20010.29977,-149.0
3360,20010.5303,1.3,11,74,0,25,P,20010.5312,1,20010.53437,-122.1
3361,20010.5837,0.9,15,72,0,21,R,20010.5842,1,20010.58824,-136.1
3362,20010.6622,0.6,22,71,0,17,P,20010.6577,2,20010.66235,-4.5
3362,20010.6622,0.6,22,70,0,12,R,20010.6660,2,20010.67182,-288.5
3363,20010.7368,1.0,11,73,0,23,P,20010.7371,1,20010.74044,-109.1
3364,20010.8970,4.0,3,77,0,28,P,20010.9009,1,20010.90362,-198.4
3365,20011.0277,1.4,12,70,0,11,P,20011.0254,1,20011.03130,-108.0
3366,20011.0760,1.1,10,74,0,25,R,20011.0769,1,20011.07994,-118.1
3367,20011.1433,0.8,15,71,0,17,R,20011.1426,1,20011.14707,-112.9
3368,20011.2128,2.8,7,75,0,26,P,20011.2185,1,20011.22136,-256.7
3369,20011.2909,1.1,16,73,0,23,R,20011.2898,1,20011.29294,-61.2
3370,20011.3370,1.3,18,76,0,27,P,20011.3267,3,20011.33159,162.1
3370,20011.3370,1.3,18,77,0,28,R,20011.3267,3,20011.32942,227.2
3370,20011.3370,1.3,18,72,0,20,P,20011.3442,3,20011.34843,-342.6
3371,20011.7026,0.7,19,70,0,10,P,20011.6970,2,20011.70301,-12.3
3371,20011.7026,0.7,19,71,0,16,P,20011.7041,2,20011.70880,-185.8
3372,20011.8020,1.1,7,76,0,27,R,20011.7988,1,20011.80395,-58.6
3373,20011.8697,1.3,10,72,0,20,R,20011.8701,1,20011.87402,-129.5
3374,20012.0090,1.1,9,70,0,10,R,20012.0100,1,20012.01604,-211.0
3375,20012.1563,2.2,13,71,0,16,R,20012.1619,1,20012.16646,-304.6
3376,20012.3101,1.4,11,70,0,9,P,20012.3088,1,20012.31493,-144.7
3378,20012.5932,0.6,23,70,0,9,R,20012.5923,2,20012.59834,-154.1
3378,20012.5932,0.6,23,72,0,19,P,20012.5923,2,20012.59645,-97.3
3379,20012.6808,2.5,15,71,0,15,P,20012.6895,1,20012.69425,-403.2
3380,20012.7829,4.8,3,77,0,27,P,20012.7852,1,20012.78795,-151.4
3381,20012.8632,1.8,8,70,0,8,P,20012.8608,1,20012.86708,-116.2
3382,20012.9171,2.0,8,75,0,25,P,20012.9153,1,20012.91811,-30.3
3383,20013.1110,1.1,25,70,0,8,R,20013.1147,3,20013.12081,-294.2
3383,20013.1110,1.1,25,76,0,26,P,20013.1155,3,20013.12045,-283.3
3383,20013.1110,1.1,25,71,0,15,R,20013.1201,3,20013.12474,-412.0
3384,20013.1980,2.4,6,77,0,27,R,20013.2002,1,20013.20292,-147.5
3385,20013.3550,1.9,8,70,0,7,P,20013.3533,1,20013.35948,-134.4
3386,20013.4070,1.7,8,75,0,25,R,20013.4102,1,20013.41286,-175.7
3387,20013.5805,0.7,23,76,0,26,R,20013.5737,3,20013.57877,51.8
3387,20013.5805,0.7,23,70,0,7,R,20013.5774,3,20013.58349,-89.7
3387,20013.5805,0.7,23,73,0,21,P,20013.5862,3,20013.58983,-279.6
3388,20013.6804,1.4,10,74,0,23,P,20013.6807,1,20013.68383,-102.9
3389,20013.7796,0.8,14,72,0,18,P,20013.7781,2,20013.78230,-80.8
3389,20013.7796,0.8,14,70,0,6,P,20013.7859,2,20013.79217,-376.8
3390,20013.8719,3.5,3,78,0,27,P,20013.8784,1,20013.87689,-149.7
3391,20013.9825,2.4,6,70,0,6,R,20013.9802,1,20013.98640,-117.1
3392,20014.0175,1.1,9,71,0,14,R,20014.0173,1,20014.02197,-134.0
3393,20014.0953,1.0,13,73,0,21,R,20014.0945,1,20014.09805,-82.5
3394,20014.1787,3.6,12,74,0,23,R,20014.1873,1,20014.19035,-349.4
3395,20014.2484,1.2,11,78,0,27,R,20014.2346,2,20014.23189,495.0
3395,20014.2484,1.2,11,72,0,18,R,20014.2544,2,20014.25845,-301.3
3396,20014.3232,1.8,6,70,0,5,R,20014.3235,1,20014.32957,-191.0
3397,20014.4762,0.8,15,70,0,4,P,20014.4722,2,20014.47844,-67.2
3397,20014.4762,0.8,15,71,0,13,P,20014.4775,2,20014.48236,-184.8
3398,20014.5508,4.8,5,75,0,24,P,20014.5459,1,20014.54893,56.1
3399,20014.6024,1.4,7,77,0,26,P,20014.6006,2,20014.60351,-33.3
3399,20014.6024,1.4,7,70,0,4,R,20014.6067,2,20014.61301,-318.2
3400,20014.7304,4.7,3,70,0,3,P,20014.7258,1,20014.73206,-49.7
3401,20014.8462,1.4,18,76,0,25,P,20014.8374,2,20014.84204,124.8
3401,20014.8462,1.4,18,71,0,13,R,20014.8535,2,20014.85820,-359.8
3402,20014.9068,0.9,18,72,0,17,P,20014.9016,3,20014.90605,22.5
3402,20014.9068,0.9,18,73,0,20,P,20014.9155,3,20014.91947,-379.9
3402,20014.9068,0.9,18,70,0,2,P,20014.9199,3,20014.92600,-575.7
3403,20015.0054,2.7,9,70,0,2,R,20014.9946,2,20015.00080,137.9
3403,20015.0054,2.7,9,77,0,26,R,20015.0044,2,20015.00712,-51.5
3404,20015.1534,1.4,9,74,0,22,P,20015.1582,1,20015.16162,-246.6
3405,20015.2802,0.9,14,71,0,12,P,20015.2803,2,20015.28512,-147.4
3405,20015.2802,0.9,14,76,0,25,R,20015.2810,2,20015.28592,-171.6
3406,20015.3540,1.1,13,72,0,17,R,20015.3530,1,20015.35726,-97.7
3407,20015.4004,1.0,9,73,0,20,R,20015.4016,1,20015.40527,-145.9
3409,20015.6338,1.1,15,71,0,12,R,20015.6287,2,20015.63348,9.5
3409,20015.6338,1.1,15,74,0,22,R,20015.6450,2,20015.64825,-433.3
3410,20015.7180,6.6,2,78,0,26,P,20015.7212,1,20015.72018,-65.3
3412,20015.9620,1.2,9,72,0,16,P,20015.9634,1,20015.96777,-172.9
3413,20016.0239,1.4,11,71,0,11,P,20016.0222,1,20016.02705,-94.5
3414,20016.1100,1.2,9,75,0,23,P,20016.1108,1,20016.11395,-118.5
3415,20016.1809,1.1,11,73,0,19,P,20016.1819,1,20016.18587,-148.9
3416,20016.3446,1.1,14,71,0,11,R,20016.3430,2,20016.34786,-97.8
3416,20016.3446,1.1,14,77,0,25,P,20016.3477,2,20016.35054,-178.0
3417,20016.3884,1.1,10,72,0,16,R,20016.3896,1,20016.39390,-164.9
3418,20016.4877,2.3,6,76,0,24,P,20016.4917,1,20016.49653,-264.7
3419,20016.5698,0.9,16,75,0,23,R,20016.5710,2,20016.57410,-128.8
3419,20016.5698,0.9,16,74,0,21,P,20016.5715,2,20016.57494,-154.1
3420,20016.6450,1.2,12,73,0,19,R,20016.6453,1,20016.64905,-121.4
3421,20016.7027,1.5,8,71,0,10,P,20016.7034,1,20016.70821,-165.2
3422,20016.9202,2.4,7,76,0,24,R,20016.9209,1,20016.92561,-162.2
3423,20016.9644,1.6,12,72,0,15,P,20016.9631,1,20016.96751,-93.2
3424,20016.9984,5.4,8,71,0,10,R,20016.9966,1,20017.00139,-89.5
3425,20017.0383,1.5,9,74,0,21,R,20017.0381,1,20017.04144,-94.3
3426,20017.3286,2.6,11,71,0,9,P,20017.3235,1,20017.32862,-0.7
3427,20017.3694,1.5,16,72,0,15,R,20017.3640,1,20017.36844,28.8
3428,20017.4944,4.1,3,78,0,25,P,20017.4941,1,20017.49351,26.5
3429,20017.5936,1.4,13,71,0,9,R,20017.5891,1,20017.59409,-14.7
3430,20017.8250,1.0,11,73,0,18,R,20017.8257,2,20017.82949,-134.7
3430,20017.8250,1.0,11,78,0,25,R,20017.8328,2,20017.83122,-186.6
3431,20017.9013,2.4,13,72,0,14,P,20017.9009,1,20017.90533,-120.8
3432,20018.0532,2.4,9,75,0,22,R,20018.0525,1,20018.05573,-75.8
3433,20018.1234,1.5,6,71,0,8,R,20018.1211,1,20018.12601,-78.4
3435,20018.2740,1.2,10,72,0,14,R,20018.2766,1,20018.28094,-208.0
3436,20018.3723,1.7,12,74,0,20,R,20018.3667,2,20018.37004,67.6
3436,20018.3723,1.7,12,71,0,7,P,20018.3823,2,20018.38732,-450.4
3437,20018.5240,1.6,10,73,0,17,P,20018.5249,1,20018.52921,-156.3
3438,20018.5919,1.8,7,71,0,7,R,20018.5923,1,20018.59719,-158.6
3439,20018.7770,1.3,11,72,0,13,P,20018.7769,1,20018.78128,-128.5
3440,20018.8211,2.8,4,71,0,6,P,20018.8206,1,20018.82566,-136.8
3441,20018.9418,1.3,10,73,0,17,R,20018.9426,1,20018.94668,-146.3
3442,20019.0058,2.8,5,71,0,6,R,20019.0027,1,20019.00765,-55.4
3443,20019.0453,1.3,8,75,0,21,P,20019.0437,1,20019.04713,-55.0
3444,20019.1263,1.2,11,72,0,13,R,20019.1270,1,20019.13146,-154.7
3445,20019.2005,1.1,14,78,0,24,P,20019.1975,3,20019.19718,99.4
3445,20019.2005,1.1,14,71,0,5,P,20019.1982,3,20019.20335,-85.5
3445,20019.2005,1.1,14,74,0,19,P,20019.2051,3,20019.20854,-241.1
3446,20019.3509,1.8,6,71,0,5,R,20019.3523,1,20019.35741,-195.2
3447,20019.4681,2.3,7,75,0,21,R,20019.4685,1,20019.47157,-103.9
3448,20019.5176,2.7,4,71,0,4,P,20019.5154,2,20019.52041,-84.1
3448,20019.5176,2.7,4,78,0,24,R,20019.5266,2,20019.52534,-232.0
3449,20019.5969,0.9,20,72,0,12,P,20019.5908,3,20019.59542,44.4
3449,20019.5969,0.9,20,76,0,22,P,20019.6003,3,20019.60489,-239.4
3449,20019.5969,0.9,20,73,0,16,P,20019.6018,3,20019.60631,-282.2
3450,20019.6335,1.3,14,74,0,19,R,20019.6306,3,20019.63416,-19.9
3450,20019.6335,1.3,14,77,0,23,P,20019.6367,3,20019.63982,-189.5
3450,20019.6335,1.3,14,71,0,4,R,20019.6414,3,20019.64651,-389.9
3451,20019.7747,3.1,2,71,0,3,P,20019.7717,1,20019.77684,-64.2
3452,20019.8728,3.6,4,71,0,3,R,20019.8699,1,20019.87495,-64.5
3453,20019.9143,1.4,7,72,0,12,R,20019.9155,1,20019.92006,-172.6
3454,20019.9951,1.0,17,73,0,16,R,20019.9966,3,20020.00069,-167.6
3454,20019.9951,1.0,17,76,0,22,R,20019.9985,3,20020.00333,-246.7
3454,20019.9951,1.0,17,77,0,23,R,20020.0037,3,20020.00652,-342.4
3455,20020.0427,2.9,3,71,0,2,R,20020.0376,2,20020.04276,-1.9
3455,20020.0427,2.9,3,79,0,24,P,20020.0508,2,20020.04964,-208.0
3456,20020.1045,,2,71,0,1,P,20020.1028,1,20020.10789,-101.7
3457,20020.1306,5.7,2,71,0,1,R,20020.1448,1,20020.14996,-580.3
3458,20020.3417,1.7,8,79,0,24,R,20020.3279,2,20020.32636,459.8
3458,20020.3417,1.7,8,72,0,11,P,20020.3433,2,20020.34778,-182.1
3459,20020.4167,1.3,12,75,0,20,P,20020.4119,2,20020.41553,35.0
3459,20020.4167,1.3,12,74,0,18,P,20020.4253,2,20020.42901,-369.1
3460,20020.6208,2.1,13,73,0,15,P,20020.6160,1,20020.62045,10.5
3461,20020.8237,1.1,14,75,0,20,R,20020.8184,3,20020.82173,59.0
3461,20020.8237,1.1,14,74,0,18,R,20020.8303,3,20020.83390,-305.8
3461,20020.8237,1.1,14,78,0,23,P,20020.8311,3,20020.83144,-231.9
3462,20020.9863,1.2,10,73,0,15,R,20020.9873,1,20020.99160,-159.0
3463,20021.0416,1.8,10,72,0,10,P,20021.0337,2,20021.03840,96.1
3463,20021.0416,1.8,10,76,0,21,P,20021.0544,2,20021.05905,-523.0
3464,20021.1460,3.2,4,78,0,23,R,20021.1501,1,20021.14950,-104.9
3465,20021.1744,4.2,3,77,0,22,P,20021.1794,1,20021.18247,-241.9
3466,20021.3056,1.5,7,72,0,10,R,20021.3071,1,20021.31169,-182.5
3467,20021.4346,2.2,7,76,0,21,R,20021.4370,1,20021.44171,-213.1
3468,20021.5740,1.6,12,73,0,14,P,20021.5669,2,20021.57169,69.4
3468,20021.5740,1.6,12,74,0,17,P,20021.5818,2,20021.58538,-341.2
3469,20021.6630,1.7,7,72,0,9,P,20021.6626,1,20021.66731,-129.3
3470,20021.7139,2.0,6,79,0,23,P,20021.7085,2,20021.70742,194.3
3470,20021.7139,2.0,6,75,0,19,P,20021.7148,2,20021.71861,-141.3
3471,20021.9125,1.0,15,72,0,9,R,20021.9102,2,20021.91481,-69.3
3471,20021.9125,1.0,15,73,0,14,R,20021.9150,2,20021.91948,-209.4
3472,20021.9661,1.2,10,74,0,17,R,20021.9658,2,20021.96936,-97.6
3472,20021.9661,1.2,10,79,0,23,R,20021.9785,2,20021.97700,-326.7
3473,20022.1029,2.0,8,75,0,19,R,20022.1028,1,20022.10636,-103.7
3474,20022.2298,2.0,6,72,0,8,P,20022.2300,1,20022.23456,-142.8
3475,20022.3894,5.8,2,78,0,22,P,20022.3958,1,20022.39650,-212.9
3476,20022.4509,1.0,15,76,0,20,P,20022.4421,3,20022.44671,125.5
3476,20022.4509,1.0,15,72,0,8,R,20022.4517,3,20022.45620,-158.8
3476,20022.4509,1.0,15,73,0,13,P,20022.4553,3,20022.46008,-275.1
3477,20022.6658,1.4,11,77,0,21,P,20022.6543,2,20022.65735,253.4
3477,20022.6658,1.4,11,74,0,16,P,20022.6741,2,20022.67772,-357.4
3478,20022.7328,2.8,7,72,0,7,P,20022.7356,1,20022.74017,-221.0
3479,20022.7843,2.5,9,73,0,13,R,20022.7798,1,20022.78440,-3.0
3480,20022.9379,2.4,9,72,0,7,R,20022.9314,2,20022.93588,60.6
3480,20022.9379,2.4,9,75,0,18,P,20022.9526,2,20022.95648,-557.1
3481,20023.0362,1.6,6,74,0,16,R,20023.0371,1,20023.04062,-132.4
3482,20023.1778,2.5,4,72,0,6,P,20023.1794,1,20023.18417,-190.9
3483,20023.2836,1.6,7,73,0,12,P,20023.2808,2,20023.28568,-62.2
3483,20023.2836,1.6,7,79,0,22,P,20023.2957,2,20023.29467,-331.8
3484,20023.3257,3.3,6,75,0,18,R,20023.3220,1,20023.32555,4.4
3485,20023.5720,2.1,9,79,0,22,R,20023.5576,3,20023.55644,466.5
3485,20023.5720,2.1,9,72,0,5,P,20023.5620,3,20023.56657,162.9
3485,20023.5720,2.1,9,73,0,12,R,20023.5818,3,20023.58641,-432.1
3486,20023.7042,1.0,13,74,0,15,P,20023.7024,2,20023.70611,-57.3
3486,20023.7042,1.0,13,72,0,5,R,20023.7056,2,20023.71026,-181.7
3487,20023.7490,4.4,3,76,0,19,P,20023.7634,1,20023.76801,-569.9
3489,20023.8838,2.3,5,72,0,4,P,20023.8828,2,20023.88739,-107.6
3489,20023.8838,2.3,5,78,0,21,P,20023.8914,2,20023.89259,-263.6
3490,20024.0016,6.2,4,72,0,4,R,20024.0002,1,20024.00501,-102.3
3491,20024.0468,1.0,16,73,0,11,P,20024.0437,3,20024.04853,-51.8
3491,20024.0468,1.0,16,74,0,15,R,20024.0439,3,20024.04777,-29.1
3491,20024.0468,1.0,16,77,0,20,P,20024.0615,3,20024.06462,-534.3
3492,20024.1216,2.2,11,76,0,19,R,20024.1138,2,20024.11827,99.8
3492,20024.1216,2.2,11,75,0,17,P,20024.1252,2,20024.12923,-228.7
3493,20024.1798,,2,78,0,21,R,20024.1887,1,20024.18905,-277.3
3494,20024.2354,3.2,3,72,0,3,R,20024.2334,1,20024.23817,-83.0
3495,20024.3229,1.8,8,73,0,11,R,20024.3208,1,20024.32558,-80.2
3496,20024.3981,2.8,5,77,0,20,R,20024.3877,2,20024.39089,216.2
3496,20024.3981,2.8,5,72,0,2,R,20024.4050,2,20024.40975,-349.2
3497,20024.4751,1.6,9,75,0,17,R,20024.4756,2,20024.47943,-129.8
3497,20024.4751,1.6,9,72,0,1,P,20024.4758,2,20024.48053,-162.6
3498,20024.6648,2.6,4,74,0,14,P,20024.6667,1,20024.67062,-174.5
3499,20024.7443,2.5,5,73,0,10,P,20024.7437,1,20024.74868,-131.3
3500,20024.9921,1.4,12,74,0,14,R,20024.9871,2,20024.99089,36.1
3500,20024.9921,1.4,12,73,0,10,R,20024.9971,2,20025.00194,-295.1
3501,20025.2321,2.6,4,75,0,16,P,20025.2329,1,20025.23695,-145.3
3502,20025.3909,3.4,9,73,0,9,P,20025.3811,2,20025.38617,141.9
3502,20025.3909,3.4,9,77,0,19,P,20025.4011,2,20025.40444,-405.9
3503,20025.5678,1.4,12,75,0,16,R,20025.5642,2,20025.56809,-8.6
3503,20025.5678,1.4,12,74,0,13,P,20025.5674,2,20025.57131,-105.1
3504,20025.6092,1.4,8,78,0,20,R,20025.6042,2,20025.60492,128.2
3504,20025.6092,1.4,8,73,0,9,R,20025.6106,2,20025.61557,-190.8
3505,20025.7166,2.2,5,77,0,19,R,20025.7134,1,20025.71657,0.9
3506,20025.8675,2.1,7,74,0,13,R,20025.8662,1,20025.87006,-76.9
3507,20025.9565,2.0,5,73,0,8,P,20025.9558,1,20025.96103,-135.7
3508,20026.1637,2.9,6,73,0,8,R,20026.1614,1,20026.16648,-83.4
3509,20026.2085,1.8,7,76,0,17,P,20026.2075,1,20026.21195,-103.5
3510,20026.2750,2.0,7,75,0,15,P,20026.2754,1,20026.27971,-141.3
3511,20026.4048,1.8,5,74,0,12,P,20026.4043,1,20026.40823,-102.8
3512,20026.4674,3.5,5,73,0,7,P,20026.4680,1,20026.47329,-176.6
3513,20026.5200,4.7,4,76,0,17,R,20026.5244,1,20026.52882,-264.5
3514,20026.5881,3.1,7,75,0,15,R,20026.5876,1,20026.59162,-105.5
3515,20026.6727,1.8,11,77,0,18,P,20026.6736,3,20026.67693,-126.9
3515,20026.6727,1.8,11,78,0,19,P,20026.6765,3,20026.67861,-177.2
3515,20026.6727,1.8,11,74,0,12,R,20026.6814,3,20026.68535,-379.1
3516,20026.9170,4.1,5,73,0,6,P,20026.9175,1,20026.92298,-179.4
3517,20027.0712,2.6,4,73,0,6,R,20027.0752,1,20027.08035,-274.4
3518,20027.1784,1.9,6,74,0,11,P,20027.1775,1,20027.18145,-91.3
3519,20027.2536,2.8,5,75,0,14,P,20027.2532,1,20027.25761,-120.1
3520,20027.3098,7.1,4,73,0,5,P,20027.3047,1,20027.31013,-9.9
3521,20027.4372,1.3,8,74,0,11,R,20027.4329,2,20027.43681,11.8
3521,20027.4372,1.3,8,73,0,5,R,20027.4380,2,20027.44338,-185.2
3522,20027.5482,2.4,5,75,0,14,R,20027.5459,1,20027.55012,-57.5
3523,20027.6316,1.7,8,73,0,4,P,20027.6294,3,20027.63475,-94.4
3523,20027.6316,1.7,8,76,0,16,R,20027.6301,3,20027.63466,-91.6
3523,20027.6316,1.7,8,79,0,19,P,20027.6362,3,20027.63584,-127.3
3524,20027.7354,2.9,2,73,0,4,R,20027.7385,1,20027.74383,-252.7
3525,20027.8806,1.6,10,79,0,19,R,20027.8716,4,20027.87088,291.3
3525,20027.8806,1.6,10,77,0,17,P,20027.8789,4,20027.88223,-49.0
3525,20027.8806,1.6,10,74,0,10,P,20027.8870,4,20027.89100,-311.8
3525,20027.8806,1.6,10,73,0,3,P,20027.8914,4,20027.89686,-487.3
3526,20027.9773,4.2,3,78,0,18,P,20027.9666,2,20027.96888,252.4
3526,20027.9773,4.2,3,73,0,3,R,20027.9763,2,20027.98173,-132.9
3527,20028.1230,3.3,6,74,0,10,R,20028.1206,1,20028.12450,-45.0
3528,20028.1623,1.2,11,73,0,2,R,20028.1516,3,20028.15711,155.7
3528,20028.1623,1.2,11,77,0,17,R,20028.1621,3,20028.16525,-88.5
3528,20028.1623,1.2,11,75,0,13,P,20028.1663,3,20028.17070,-251.7
3529,20028.2288,,2,73,0,1,P,20028.2280,2,20028.23357,-143.1
3529,20028.2288,,2,78,0,18,R,20028.2283,2,20028.22992,-33.7
3530,20028.3843,2.7,5,76,0,15,P,20028.3872,1,20028.39172,-222.5
3531,20028.4420,2.7,5,75,0,13,R,20028.4395,1,20028.44366,-49.9
3532,20028.5357,2.2,5,74,0,9,P,20028.5330,1,20028.53694,-37.1
3533,20028.6719,2.2,5,76,0,15,R,20028.6699,1,20028.67434,-73.2
3534,20028.7439,2.3,6,74,0,9,R,20028.7444,1,20028.74848,-137.4
3535,20029.0134,1.5,7,75,0,12,P,20029.0144,2,20029.01905,-169.3
3535,20029.0134,1.5,7,77,0,16,P,20029.0171,2,20029.02046,-211.5
3536,20029.1174,2.1,4,74,0,8,P,20029.1152,1,20029.11930,-57.0
3537,20029.2777,4.0,6,75,0,12,R,20029.2678,2,20029.27233,160.9
3537,20029.2777,4.0,6,77,0,16,R,20029.2854,2,20029.28854,-324.9
3538,20029.3807,2.2,4,76,0,14,P,20029.3784,1,20029.38277,-62.1
3539,20029.4313,5.0,2,78,0,17,R,20029.4375,1,20029.43943,-243.6
3541,20029.6400,1.8,8,74,0,7,P,20029.6340,2,20029.63812,56.4
3541,20029.6400,1.8,8,76,0,14,R,20029.6436,2,20029.64798,-239.3
3542,20029.7991,1.7,8,75,0,11,P,20029.7981,2,20029.80272,-108.4
3542,20029.7991,1.7,8,74,0,7,R,20029.8015,2,20029.80550,-192.0
3543,20030.0332,2.7,6,75,0,11,R,20030.0317,1,20030.03620,-89.8
3544,20030.0852,1.7,6,77,0,15,P,20030.0884,2,20030.09171,-195.1
3544,20030.0852,1.7,6,74,0,6,P,20030.0894,2,20030.09343,-246.6
3545,20030.1832,5.9,1,79,0,17,P,20030.1819,1,20030.18169,45.1
3546,20030.2314,2.4,3,74,0,6,R,20030.2346,1,20030.23863,-216.7
3547,20030.3081,2.7,6,76,0,13,P,20030.3037,1,20030.30804,1.9
3548,20030.3391,2.5,6,77,0,15,R,20030.3413,2,20030.34462,-165.6
3548,20030.3391,2.5,6,78,0,16,P,20030.3416,2,20030.34469,-167.7
3549,20030.4885,5.1,4,74,0,5,P,20030.4812,1,20030.48525,97.6
3550,20030.5534,2.6,5,76,0,13,R,20030.5513,1,20030.55567,-68.1
3551,20030.6016,3.1,2,74,0,5,R,20030.6040,1,20030.60821,-198.0
3552,20030.7298,1.9,3,75,0,10,R,20030.7307,1,20030.73532,-165.4
3553,20030.8056,4.2,1,74,0,4,P,20030.8093,1,20030.81360,-239.9
3554,20030.9077,6.1,2,74,0,4,R,20030.9102,1,20030.91427,-197.0
3555,20031.0826,4.8,4,74,0,3,P,20031.0742,2,20031.07851,122.7
3555,20031.0826,4.8,4,77,0,14,P,20031.0928,2,20031.09609,-404.5
3556,20031.1644,1.8,7,74,0,3,R,20031.1526,3,20031.15685,226.4
3556,20031.1644,1.8,7,76,0,12,P,20031.1633,3,20031.16760,-95.9
3556,20031.1644,1.8,7,75,0,9,P,20031.1714,3,20031.17623,-354.6
3557,20031.2891,8.9,3,74,0,2,P,20031.2759,1,20031.27998,273.4
3558,20031.3304,3.5,6,77,0,14,R,20031.3303,2,20031.33363,-96.8
3558,20031.3304,3.5,6,74,0,2,R,20031.3318,2,20031.33596,-166.7
3559,20031.3758,6.7,5,75,0,9,R,20031.3650,1,20031.36975,181.2
3561,20031.6526,4.6,2,78,0,15,R,20031.6504,1,20031.65325,-19.5
3562,20031.7618,2.5,2,75,0,8,P,20031.7612,1,20031.76616,-130.7
3563,20031.9469,5.0,5,75,0,8,R,20031.9348,2,20031.93956,219.9
3563,20031.9469,5.0,5,76,0,11,P,20031.9573,2,20031.96152,-438.2
3564,20032.0280,3.0,4,77,0,13,P,20032.0303,1,20032.03370,-170.9
3565,20032.1722,2.1,3,76,0,11,R,20032.1692,1,20032.17354,-40.1
3566,20032.2550,6.8,4,77,0,13,R,20032.2522,1,20032.25566,-19.8
3567,20032.2748,,3,75,0,7,P,20032.2866,1,20032.29160,-503.5
3568,20032.4413,1.9,6,75,0,7,R,20032.4399,3,20032.44479,-104.7
3568,20032.4413,1.9,6,78,0,14,P,20032.4446,3,20032.44841,-213.1
3568,20032.4413,1.9,6,79,0,15,P,20032.4504,3,20032.45063,-279.7
3570,20032.6368,,3,79,0,15,R,20032.6443,1,20032.64408,-218.4
3571,20032.6839,3.2,3,76,0,10,P,20032.6855,1,20032.68986,-178.5
3572,20032.7493,3.4,2,75,0,6,P,20032.7476,1,20032.75257,-98.0
3573,20032.8820,2.0,5,76,0,10,R,20032.8794,2,20032.88387,-56.0
3573,20032.8820,2.0,5,75,0,6,R,20032.8806,2,20032.88549,-104.5
3574,20033.1021,6.0,2,77,0,12,R,20033.1074,1,20033.11082,-261.4
3575,20033.1390,8.8,2,75,0,5,P,20033.1440,1,20033.14911,-303.0
3576,20033.2575,3.9,3,75,0,5,R,20033.2566,1,20033.26168,-125.4
3577,20033.3506,3.9,3,76,0,9,P,20033.3484,1,20033.35267,-62.0
3578,20033.4742,,2,75,0,4,P,20033.4761,2,20033.48123,-210.9
3578,20033.4742,,2,79,0,14,P,20033.4814,2,20033.48163,-222.7
3579,20033.5264,2.8,4,76,0,9,R,20033.5242,1,20033.52855,-64.6
3580,20033.5685,,4,75,0,4,R,20033.5684,1,20033.57341,-147.3
3581,20033.7110,5.4,2,77,0,11,P,20033.7053,1,20033.70891,62.7
3582,20033.8967,,3,77,0,11,R,20033.8958,1,20033.89920,-74.9
3583,20033.9464,3.0,4,76,0,8,P,20033.9458,2,20033.95001,-108.2
3583,20033.9464,3.0,4,75,0,2,P,20033.9470,2,20033.95232,-177.6
3584,20034.1047,4.3,4,76,0,8,R,20034.1035,2,20034.10766,-88.7
3584,20034.1047,4.3,4,75,0,1,R,20034.1169,2,20034.12208,-521.1
3585,20034.2805,3.3,2,78,0,12,P,20034.2766,1,20034.28092,-12.6
3586,20034.4479,5.4,3,77,0,10,P,20034.4431,3,20034.44666,37.3
3586,20034.4479,5.4,3,79,0,13,P,20034.4436,3,20034.44383,122.1
3586,20034.4479,5.4,3,78,0,12,R,20034.4595,3,20034.46314,-456.8
3587,20034.6143,2.2,6,79,0,13,R,20034.6145,3,20034.61458,-8.4
3587,20034.6143,2.2,6,76,0,7,R,20034.6169,3,20034.62124,-207.9
3587,20034.6143,2.2,6,77,0,10,R,20034.6174,3,20034.62088,-197.3
3588,20035.0889,,3,78,0,11,P,20035.0913,1,20035.09571,-204.3
3589,20035.2686,4.0,4,78,0,11,R,20035.2600,2,20035.26402,137.4
3589,20035.2686,4.0,4,77,0,9,R,20035.2725,2,20035.27595,-220.2
3590,20035.3406,4.6,2,79,0,12,P,20035.3369,2,20035.33733,98.0
3590,20035.3406,4.6,2,76,0,5,P,20035.3452,2,20035.34957,-269.0
3591,20035.4493,4.5,2,76,0,5,R,20035.4478,1,20035.45200,-81.0
3592,20035.7210,8.0,2,77,0,8,P,20035.7192,1,20035.72275,-52.4
3593,20035.8432,8.5,2,78,0,10,P,20035.8384,1,20035.84298,6.7
3595,20036.0307,4.4,2,76,0,3,R,20036.0168,1,20036.02117,285.6
3596,20036.1639,3.3,2,76,0,2,P,20036.1567,2,20036.16107,84.7
3596,20036.1639,3.3,2,79,0,11,P,20036.1616,2,20036.16225,49.4
3597,20036.2041,3.3,3,76,0,2,R,20036.2036,1,20036.20774,-109.1
3598,20036.2461,7.1,2,77,0,7,P,20036.2576,1,20036.26120,-452.7
3599,20036.3793,3.8,2,77,0,7,R,20036.3828,1,20036.38648,-215.4
3601,20036.5161,,2,78,0,9,P,20036.5178,1,20036.52277,-200.1
3602,20036.6489,4.7,2,78,0,9,R,20036.6582,1,20036.66275,-415.3
3603,20036.8406,5.1,2,77,0,6,R,20036.8384,1,20036.84208,-44.3
3604,20036.9204,9.5,2,79,0,10,P,20036.9182,1,20036.91868,51.5
3606,20037.1223,,2,78,0,8,P,20037.1301,2,20037.13517,-386.0
3606,20037.1223,,2,77,0,5,P,20037.1355,2,20037.13912,-504.3
3608,20037.5522,4.3,3,77,0,4,R,20037.5505,1,20037.55416,-58.7
3609,20037.6072,7.3,1,79,0,9,P,20037.6060,1,20037.60670,15.0
3610,20037.7902,,2,78,0,7,R,20037.7866,1,20037.79134,-34.2
3611,20038.2238,8.3,2,79,0,8,P,20038.2256,1,20038.22638,-77.5
3612,20038.5728,6.3,1,78,0,5,P,20038.5630,1,20038.56851,128.6
3613,20038.8661,5.0,2,79,0,7,R,20038.8745,1,20038.87527,-274.8
